step,distFromStart,speedX,speedY,angle,trackPos,controlState,rawRacingLinePos,practicalTrackPos,targetTrackPos,previewTrackPos,steeringTrackPos,lineError,effectiveLineError,corridorHalfWidth,lineComplexity,targetSpeed,targetCurvature,headingOffset,speedDelta30m,turnDirection,sensorFront,sensorBestAngle,sensorRawSpeedCap,sensorSafetyCap,trackSensor0,trackSensor1,trackSensor2,trackSensor3,trackSensor4,trackSensor5,trackSensor6,trackSensor7,trackSensor8,trackSensor9,trackSensor10,trackSensor11,trackSensor12,trackSensor13,trackSensor14,trackSensor15,trackSensor16,trackSensor17,trackSensor18,lookaheadDistance,lineBlend,referenceThrottle,referenceBrake,referenceSection,phase,steer,accel,brake,gear,curLapTime,lastLapTime
0,2743.1,0.0,0.0,1.74846e-07,-9.53674e-07,RACE,0.22,-9.53674e-07,-9.53674e-07,-9.53674e-07,-9.53674e-07,0.0,0.0,0.10400000000000001,0.0,42.0,0.0,0.0,-9.926032279645845,0.0,160.615,0,216.0,216.0,7.07107,15.3578,24.0487,41.0276,71.6781,114.628,147.529,154.25,157.698,160.615,163.177,165.475,168.351,114.628,71.6781,41.0275,24.0487,15.3577,7.07106,14.0,0.0,0.0,0.0,,launch,6.79801248e-08,1.0,0.0,1,-0.982,0.0
1,2743.1,0.0,0.0,1.74846e-07,-9.53674e-07,RACE,0.22,-9.53674e-07,-9.53674e-07,-9.53674e-07,-9.53674e-07,0.0,0.0,0.10400000000000001,0.0,42.0,0.0,0.0,-9.926032279645845,0.0,160.615,0,216.0,216.0,7.07107,15.3578,24.0487,41.0276,71.6781,114.628,147.529,154.25,157.698,160.615,163.177,165.475,168.351,114.628,71.6781,41.0275,24.0487,15.3577,7.07106,14.0,0.0,0.0,0.0,,launch,9.925098220800001e-08,1.0,0.0,1,-0.962,0.0
2,2743.1,0.0,0.0,1.74846e-07,-9.53674e-07,RACE,0.22,-9.53674e-07,-9.53674e-07,-9.53674e-07,-9.53674e-07,0.0,0.0,0.10400000000000001,0.0,42.0,0.0,0.0,-9.926032279645845,0.0,160.615,0,216.0,216.0,7.07107,15.3578,24.0487,41.0276,71.6781,114.628,147.529,154.25,157.698,160.615,163.177,165.475,168.351,114.628,71.6781,41.0275,24.0487,15.3577,7.07106,14.0,0.0,0.0,0.0,,launch,1.1363557661568e-07,1.0,0.0,1,-0.942,0.0
3,2743.1,0.0,0.0,1.74846e-07,-9.53674e-07,RACE,0.22,-9.53674e-07,-9.53674e-07,-9.53674e-07,-9.53674e-07,0.0,0.0,0.10400000000000001,0.0,42.0,0.0,0.0,-9.926032279645845,0.0,160.615,0,216.0,216.0,7.07107,15.3578,24.0487,41.0276,71.6781,114.628,147.529,154.25,157.698,160.615,163.177,165.475,168.351,114.628,71.6781,41.0275,24.0487,15.3577,7.07106,14.0,0.0,0.0,0.0,,launch,1.202524900432128e-07,1.0,0.0,1,-0.922,0.0
4,2743.1,0.0,0.0,1.74846e-07,-9.53674e-07,RACE,0.22,-9.53674e-07,-9.53674e-07,-9.53674e-07,-9.53674e-07,0.0,0.0,0.10400000000000001,0.0,42.0,0.0,0.0,-9.926032279645845,0.0,160.615,0,216.0,216.0,7.07107,15.3578,24.0487,41.0276,71.6781,114.628,147.529,154.25,157.698,160.615,163.177,165.475,168.351,114.628,71.6781,41.0275,24.0487,15.3577,7.07106,14.0,0.0,0.0,0.0,,launch,1.232962702198779e-07,1.0,0.0,1,-0.902,0.0
5,2743.1,0.0,0.0,1.74846e-07,-9.53674e-07,RACE,0.22,-9.53674e-07,-9.53674e-07,-9.53674e-07,-9.53674e-07,0.0,0.0,0.10400000000000001,0.0,42.0,0.0,0.0,-9.926032279645845,0.0,160.615,0,216.0,216.0,7.07107,15.3578,24.0487,41.0276,71.6781,114.628,147.529,154.25,157.698,160.615,163.177,165.475,168.351,114.628,71.6781,41.0275,24.0487,15.3577,7.07106,14.0,0.0,0.0,0.0,,launch,1.2469640910114383e-07,1.0,0.0,1,-0.882,0.0
6,2743.1,0.0,0.0,1.74846e-07,-9.53674e-07,RACE,0.22,-9.53674e-07,-9.53674e-07,-9.53674e-07,-9.53674e-07,0.0,0.0,0.10400000000000001,0.0,42.0,0.0,0.0,-9.926032279645845,0.0,160.615,0,216.0,216.0,7.07107,15.3578,24.0487,41.0276,71.6781,114.628,147.529,154.25,157.698,160.615,163.177,165.475,168.351,114.628,71.6781,41.0275,24.0487,15.3577,7.07106,14.0,0.0,0.0,0.0,,launch,1.2534047298652615e-07,1.0,0.0,1,-0.862,0.0
7,2743.1,0.0,0.0,1.74846e-07,-9.53674e-07,RACE,0.22,-9.53674e-07,-9.53674e-07,-9.53674e-07,-9.53674e-07,0.0,0.0,0.10400000000000001,0.0,42.0,0.0,0.0,-9.926032279645845,0.0,160.615,0,216.0,216.0,7.07107,15.3578,24.0487,41.0276,71.6781,114.628,147.529,154.25,157.698,160.615,163.177,165.475,168.351,114.628,71.6781,41.0275,24.0487,15.3577,7.07106,14.0,0.0,0.0,0.0,,launch,1.2563674237380204e-07,1.0,0.0,1,-0.842,0.0
8,2743.1,0.0,0.0,1.74846e-07,-9.53674e-07,RACE,0.22,-9.53674e-07,-9.53674e-07,-9.53674e-07,-9.53674e-07,0.0,0.0,0.10400000000000001,0.0,42.0,0.0,0.0,-9.926032279645845,0.0,160.615,0,216.0,216.0,7.07107,15.3578,24.0487,41.0276,71.6781,114.628,147.529,154.25,157.698,160.615,163.177,165.475,168.351,114.628,71.6781,41.0275,24.0487,15.3577,7.07106,14.0,0.0,0.0,0.0,,launch,1.2577302629194892e-07,1.0,0.0,1,-0.822,0.0
9,2743.1,0.0,0.0,1.74846e-07,-9.53674e-07,RACE,0.22,-9.53674e-07,-9.53674e-07,-9.53674e-07,-9.53674e-07,0.0,0.0,0.10400000000000001,0.0,42.0,0.0,0.0,-9.926032279645845,0.0,160.615,0,216.0,216.0,7.07107,15.3578,24.0487,41.0276,71.6781,114.628,147.529,154.25,157.698,160.615,163.177,165.475,168.351,114.628,71.6781,41.0275,24.0487,15.3577,7.07106,14.0,0.0,0.0,0.0,,launch,1.258357168942965e-07,1.0,0.0,1,-0.802,0.0
10,2743.1,0.0,0.0,1.74846e-07,-9.53674e-07,RACE,0.22,-9.53674e-07,-9.53674e-07,-9.53674e-07,-9.53674e-07,0.0,0.0,0.10400000000000001,0.0,42.0,0.0,0.0,-9.926032279645845,0.0,160.615,0,216.0,216.0,7.07107,15.3578,24.0487,41.0276,71.6781,114.628,147.529,154.25,157.698,160.615,163.177,165.475,168.351,114.628,71.6781,41.0275,24.0487,15.3577,7.07106,14.0,0.0,0.0,0.0,,launch,1.258645545713764e-07,1.0,0.0,1,-0.782,0.0
11,2743.1,0.0,0.0,1.74846e-07,-9.53674e-07,RACE,0.22,-9.53674e-07,-9.53674e-07,-9.53674e-07,-9.53674e-07,0.0,0.0,0.10400000000000001,0.0,42.0,0.0,0.0,-9.926032279645845,0.0,160.615,0,216.0,216.0,7.07107,15.3578,24.0487,41.0276,71.6781,114.628,147.529,154.25,157.698,160.615,163.177,165.475,168.351,114.628,71.6781,41.0275,24.0487,15.3577,7.07106,14.0,0.0,0.0,0.0,,launch,1.2587781990283314e-07,1.0,0.0,1,-0.762,0.0
12,2743.1,0.0,0.0,1.74846e-07,-9.53674e-07,RACE,0.22,-9.53674e-07,-9.53674e-07,-9.53674e-07,-9.53674e-07,0.0,0.0,0.10400000000000001,0.0,42.0,0.0,0.0,-9.926032279645845,0.0,160.615,0,216.0,216.0,7.07107,15.3578,24.0487,41.0276,71.6781,114.628,147.529,154.25,157.698,160.615,163.177,165.475,168.351,114.628,71.6781,41.0275,24.0487,15.3577,7.07106,14.0,0.0,0.0,0.0,,launch,1.2588392195530324e-07,1.0,0.0,1,-0.742,0.0
13,2743.1,0.0,0.0,1.74846e-07,-9.53674e-07,RACE,0.22,-9.53674e-07,-9.53674e-07,-9.53674e-07,-9.53674e-07,0.0,0.0,0.10400000000000001,0.0,42.0,0.0,0.0,-9.926032279645845,0.0,160.615,0,216.0,216.0,7.07107,15.3578,24.0487,41.0276,71.6781,114.628,147.529,154.25,157.698,160.615,163.177,165.475,168.351,114.628,71.6781,41.0275,24.0487,15.3577,7.07106,14.0,0.0,0.0,0.0,,launch,1.2588672889943947e-07,1.0,0.0,1,-0.722,0.0
14,2743.1,0.0,0.0,1.74846e-07,-9.53674e-07,RACE,0.22,-9.53674e-07,-9.53674e-07,-9.53674e-07,-9.53674e-07,0.0,0.0,0.10400000000000001,0.0,42.0,0.0,0.0,-9.926032279645845,0.0,160.615,0,216.0,216.0,7.07107,15.3578,24.0487,41.0276,71.6781,114.628,147.529,154.25,157.698,160.615,163.177,165.475,168.351,114.628,71.6781,41.0275,24.0487,15.3577,7.07106,14.0,0.0,0.0,0.0,,launch,1.2588802009374216e-07,1.0,0.0,1,-0.702,0.0
15,2743.1,0.0,0.0,1.74846e-07,-9.53674e-07,RACE,0.22,-9.53674e-07,-9.53674e-07,-9.53674e-07,-9.53674e-07,0.0,0.0,0.10400000000000001,0.0,42.0,0.0,0.0,-9.926032279645845,0.0,160.615,0,216.0,216.0,7.07107,15.3578,24.0487,41.0276,71.6781,114.628,147.529,154.25,157.698,160.615,163.177,165.475,168.351,114.628,71.6781,41.0275,24.0487,15.3577,7.07106,14.0,0.0,0.0,0.0,,launch,1.258886140431214e-07,1.0,0.0,1,-0.682,0.0
16,2743.1,0.0,0.0,1.74846e-07,-9.53674e-07,RACE,0.22,-9.53674e-07,-9.53674e-07,-9.53674e-07,-9.53674e-07,0.0,0.0,0.10400000000000001,0.0,42.0,0.0,0.0,-9.926032279645845,0.0,160.615,0,216.0,216.0,7.07107,15.3578,24.0487,41.0276,71.6781,114.628,147.529,154.25,157.698,160.615,163.177,165.475,168.351,114.628,71.6781,41.0275,24.0487,15.3577,7.07106,14.0,0.0,0.0,0.0,,launch,1.2588888725983584e-07,1.0,0.0,1,-0.662,0.0
17,2743.1,0.0,0.0,1.74846e-07,-9.53674e-07,RACE,0.22,-9.53674e-07,-9.53674e-07,-9.53674e-07,-9.53674e-07,0.0,0.0,0.10400000000000001,0.0,42.0,0.0,0.0,-9.926032279645845,0.0,160.615,0,216.0,216.0,7.07107,15.3578,24.0487,41.0276,71.6781,114.628,147.529,154.25,157.698,160.615,163.177,165.475,168.351,114.628,71.6781,41.0275,24.0487,15.3577,7.07106,14.0,0.0,0.0,0.0,,launch,1.2588901293952449e-07,1.0,0.0,1,-0.642,0.0
18,2743.1,0.0,0.0,1.74846e-07,-9.53674e-07,RACE,0.22,-9.53674e-07,-9.53674e-07,-9.53674e-07,-9.53674e-07,0.0,0.0,0.10400000000000001,0.0,42.0,0.0,0.0,-9.926032279645845,0.0,160.615,0,216.0,216.0,7.07107,15.3578,24.0487,41.0276,71.6781,114.628,147.529,154.25,157.698,160.615,163.177,165.475,168.351,114.628,71.6781,41.0275,24.0487,15.3577,7.07106,14.0,0.0,0.0,0.0,,launch,1.2588907075218126e-07,1.0,0.0,1,-0.622,0.0
19,2743.1,0.0,0.0,1.74846e-07,-9.53674e-07,RACE,0.22,-9.53674e-07,-9.53674e-07,-9.53674e-07,-9.53674e-07,0.0,0.0,0.10400000000000001,0.0,42.0,0.0,0.0,-9.926032279645845,0.0,160.615,0,216.0,216.0,7.07107,15.3578,24.0487,41.0276,71.6781,114.628,147.529,154.25,157.698,160.615,163.177,165.475,168.351,114.628,71.6781,41.0275,24.0487,15.3577,7.07106,14.0,0.0,0.0,0.0,,launch,1.2588909734600338e-07,1.0,0.0,1,-0.602,0.0
20,2743.1,0.0,0.0,1.74846e-07,-9.53674e-07,RACE,0.22,-9.53674e-07,-9.53674e-07,-9.53674e-07,-9.53674e-07,0.0,0.0,0.10400000000000001,0.0,42.0,0.0,0.0,-9.926032279645845,0.0,160.615,0,216.0,216.0,7.07107,15.3578,24.0487,41.0276,71.6781,114.628,147.529,154.25,157.698,160.615,163.177,165.475,168.351,114.628,71.6781,41.0275,24.0487,15.3577,7.07106,14.0,0.0,0.0,0.0,,launch,1.2588910957916155e-07,1.0,0.0,1,-0.582,0.0
21,2743.1,0.0,0.0,1.74846e-07,-9.53674e-07,RACE,0.22,-9.53674e-07,-9.53674e-07,-9.53674e-07,-9.53674e-07,0.0,0.0,0.10400000000000001,0.0,42.0,0.0,0.0,-9.926032279645845,0.0,160.615,0,216.0,216.0,7.07107,15.3578,24.0487,41.0276,71.6781,114.628,147.529,154.25,157.698,160.615,163.177,165.475,168.351,114.628,71.6781,41.0275,24.0487,15.3577,7.07106,14.0,0.0,0.0,0.0,,launch,1.2588911520641432e-07,1.0,0.0,1,-0.562,0.0
22,2743.1,0.0,0.0,1.74846e-07,-9.53674e-07,RACE,0.22,-9.53674e-07,-9.53674e-07,-9.53674e-07,-9.53674e-07,0.0,0.0,0.10400000000000001,0.0,42.0,0.0,0.0,-9.926032279645845,0.0,160.615,0,216.0,216.0,7.07107,15.3578,24.0487,41.0276,71.6781,114.628,147.529,154.25,157.698,160.615,163.177,165.475,168.351,114.628,71.6781,41.0275,24.0487,15.3577,7.07106,14.0,0.0,0.0,0.0,,launch,1.2588911779495058e-07,1.0,0.0,1,-0.542,0.0
23,2743.1,0.0,0.0,1.74846e-07,-9.53674e-07,RACE,0.22,-9.53674e-07,-9.53674e-07,-9.53674e-07,-9.53674e-07,0.0,0.0,0.10400000000000001,0.0,42.0,0.0,0.0,-9.926032279645845,0.0,160.615,0,216.0,216.0,7.07107,15.3578,24.0487,41.0276,71.6781,114.628,147.529,154.25,157.698,160.615,163.177,165.475,168.351,114.628,71.6781,41.0275,24.0487,15.3577,7.07106,14.0,0.0,0.0,0.0,,launch,1.2588911898567726e-07,1.0,0.0,1,-0.522,0.0
24,2743.1,0.0,0.0,1.74846e-07,-9.53674e-07,RACE,0.22,-9.53674e-07,-9.53674e-07,-9.53674e-07,-9.53674e-07,0.0,0.0,0.10400000000000001,0.0,42.0,0.0,0.0,-9.926032279645845,0.0,160.615,0,216.0,216.0,7.07107,15.3578,24.0487,41.0276,71.6781,114.628,147.529,154.25,157.698,160.615,163.177,165.475,168.351,114.628,71.6781,41.0275,24.0487,15.3577,7.07106,14.0,0.0,0.0,0.0,,launch,1.2588911953341154e-07,1.0,0.0,1,-0.502,0.0
25,2743.1,0.0,0.0,1.74846e-07,-9.53674e-07,RACE,0.22,-9.53674e-07,-9.53674e-07,-9.53674e-07,-9.53674e-07,0.0,0.0,0.10400000000000001,0.0,42.0,0.0,0.0,-9.926032279645845,0.0,160.615,0,216.0,216.0,7.07107,15.3578,24.0487,41.0276,71.6781,114.628,147.529,154.25,157.698,160.615,163.177,165.475,168.351,114.628,71.6781,41.0275,24.0487,15.3577,7.07106,14.0,0.0,0.0,0.0,,launch,1.258891197853693e-07,1.0,0.0,1,-0.482,0.0
26,2743.1,0.0,0.0,1.74846e-07,-9.53674e-07,RACE,0.22,-9.53674e-07,-9.53674e-07,-9.53674e-07,-9.53674e-07,0.0,0.0,0.10400000000000001,0.0,42.0,0.0,0.0,-9.926032279645845,0.0,160.615,0,216.0,216.0,7.07107,15.3578,24.0487,41.0276,71.6781,114.628,147.529,154.25,157.698,160.615,163.177,165.475,168.351,114.628,71.6781,41.0275,24.0487,15.3577,7.07106,14.0,0.0,0.0,0.0,,launch,1.2588911990126987e-07,1.0,0.0,1,-0.462,0.0
27,2743.1,0.0,0.0,1.74846e-07,-9.53674e-07,RACE,0.22,-9.53674e-07,-9.53674e-07,-9.53674e-07,-9.53674e-07,0.0,0.0,0.10400000000000001,0.0,42.0,0.0,0.0,-9.926032279645845,0.0,160.615,0,216.0,216.0,7.07107,15.3578,24.0487,41.0276,71.6781,114.628,147.529,154.25,157.698,160.615,163.177,165.475,168.351,114.628,71.6781,41.0275,24.0487,15.3577,7.07106,14.0,0.0,0.0,0.0,,launch,1.2588911995458414e-07,1.0,0.0,1,-0.442,0.0
28,2743.1,0.0,0.0,1.74846e-07,-9.53674e-07,RACE,0.22,-9.53674e-07,-9.53674e-07,-9.53674e-07,-9.53674e-07,0.0,0.0,0.10400000000000001,0.0,42.0,0.0,0.0,-9.926032279645845,0.0,160.615,0,216.0,216.0,7.07107,15.3578,24.0487,41.0276,71.6781,114.628,147.529,154.25,157.698,160.615,163.177,165.475,168.351,114.628,71.6781,41.0275,24.0487,15.3577,7.07106,14.0,0.0,0.0,0.0,,launch,1.258891199791087e-07,1.0,0.0,1,-0.422,0.0
29,2743.1,0.0,0.0,1.74846e-07,-9.53674e-07,RACE,0.22,-9.53674e-07,-9.53674e-07,-9.53674e-07,-9.53674e-07,0.0,0.0,0.10400000000000001,0.0,42.0,0.0,0.0,-9.926032279645845,0.0,160.615,0,216.0,216.0,7.07107,15.3578,24.0487,41.0276,71.6781,114.628,147.529,154.25,157.698,160.615,163.177,165.475,168.351,114.628,71.6781,41.0275,24.0487,15.3577,7.07106,14.0,0.0,0.0,0.0,,launch,1.2588911999039e-07,1.0,0.0,1,-0.402,0.0
30,2743.1,0.0,0.0,1.74846e-07,-9.53674e-07,RACE,0.22,-9.53674e-07,-9.53674e-07,-9.53674e-07,-9.53674e-07,0.0,0.0,0.10400000000000001,0.0,42.0,0.0,0.0,-9.926032279645845,0.0,160.615,0,216.0,216.0,7.07107,15.3578,24.0487,41.0276,71.6781,114.628,147.529,154.25,157.698,160.615,163.177,165.475,168.351,114.628,71.6781,41.0275,24.0487,15.3577,7.07106,14.0,0.0,0.0,0.0,,launch,1.258891199955794e-07,1.0,0.0,1,-0.382,0.0
31,2743.1,0.0,0.0,1.74846e-07,-9.53674e-07,RACE,0.22,-9.53674e-07,-9.53674e-07,-9.53674e-07,-9.53674e-07,0.0,0.0,0.10400000000000001,0.0,42.0,0.0,0.0,-9.926032279645845,0.0,160.615,0,216.0,216.0,7.07107,15.3578,24.0487,41.0276,71.6781,114.628,147.529,154.25,157.698,160.615,163.177,165.475,168.351,114.628,71.6781,41.0275,24.0487,15.3577,7.07106,14.0,0.0,0.0,0.0,,launch,1.2588911999796652e-07,1.0,0.0,1,-0.362,0.0
32,2743.1,0.0,0.0,1.74846e-07,-9.53674e-07,RACE,0.22,-9.53674e-07,-9.53674e-07,-9.53674e-07,-9.53674e-07,0.0,0.0,0.10400000000000001,0.0,42.0,0.0,0.0,-9.926032279645845,0.0,160.615,0,216.0,216.0,7.07107,15.3578,24.0487,41.0276,71.6781,114.628,147.529,154.25,157.698,160.615,163.177,165.475,168.351,114.628,71.6781,41.0275,24.0487,15.3577,7.07106,14.0,0.0,0.0,0.0,,launch,1.258891199990646e-07,1.0,0.0,1,-0.342,0.0
33,2743.1,0.0,0.0,1.74846e-07,-9.53674e-07,RACE,0.22,-9.53674e-07,-9.53674e-07,-9.53674e-07,-9.53674e-07,0.0,0.0,0.10400000000000001,0.0,42.0,0.0,0.0,-9.926032279645845,0.0,160.615,0,216.0,216.0,7.07107,15.3578,24.0487,41.0276,71.6781,114.628,147.529,154.25,157.698,160.615,163.177,165.475,168.351,114.628,71.6781,41.0275,24.0487,15.3577,7.07106,14.0,0.0,0.0,0.0,,launch,1.2588911999956972e-07,1.0,0.0,1,-0.322,0.0
34,2743.1,0.0,0.0,1.74846e-07,-9.53674e-07,RACE,0.22,-9.53674e-07,-9.53674e-07,-9.53674e-07,-9.53674e-07,0.0,0.0,0.10400000000000001,0.0,42.0,0.0,0.0,-9.926032279645845,0.0,160.615,0,216.0,216.0,7.07107,15.3578,24.0487,41.0276,71.6781,114.628,147.529,154.25,157.698,160.615,163.177,165.475,168.351,114.628,71.6781,41.0275,24.0487,15.3577,7.07106,14.0,0.0,0.0,0.0,,launch,1.2588911999980207e-07,1.0,0.0,1,-0.302,0.0
35,2743.1,0.0,0.0,1.74846e-07,-9.53674e-07,RACE,0.22,-9.53674e-07,-9.53674e-07,-9.53674e-07,-9.53674e-07,0.0,0.0,0.10400000000000001,0.0,42.0,0.0,0.0,-9.926032279645845,0.0,160.615,0,216.0,216.0,7.07107,15.3578,24.0487,41.0276,71.6781,114.628,147.529,154.25,157.698,160.615,163.177,165.475,168.351,114.628,71.6781,41.0275,24.0487,15.3577,7.07106,14.0,0.0,0.0,0.0,,launch,1.2588911999990895e-07,1.0,0.0,1,-0.282,0.0
36,2743.1,0.0,0.0,1.74846e-07,-9.53674e-07,RACE,0.22,-9.53674e-07,-9.53674e-07,-9.53674e-07,-9.53674e-07,0.0,0.0,0.10400000000000001,0.0,42.0,0.0,0.0,-9.926032279645845,0.0,160.615,0,216.0,216.0,7.07107,15.3578,24.0487,41.0276,71.6781,114.628,147.529,154.25,157.698,160.615,163.177,165.475,168.351,114.628,71.6781,41.0275,24.0487,15.3577,7.07106,14.0,0.0,0.0,0.0,,launch,1.2588911999995813e-07,1.0,0.0,1,-0.262,0.0
37,2743.1,0.0,0.0,1.74846e-07,-9.53674e-07,RACE,0.22,-9.53674e-07,-9.53674e-07,-9.53674e-07,-9.53674e-07,0.0,0.0,0.10400000000000001,0.0,42.0,0.0,0.0,-9.926032279645845,0.0,160.615,0,216.0,216.0,7.07107,15.3578,24.0487,41.0276,71.6781,114.628,147.529,154.25,157.698,160.615,163.177,165.475,168.351,114.628,71.6781,41.0275,24.0487,15.3577,7.07106,14.0,0.0,0.0,0.0,,launch,1.2588911999998074e-07,1.0,0.0,1,-0.242,0.0
38,2743.1,0.0,0.0,1.74846e-07,-9.53674e-07,RACE,0.22,-9.53674e-07,-9.53674e-07,-9.53674e-07,-9.53674e-07,0.0,0.0,0.10400000000000001,0.0,42.0,0.0,0.0,-9.926032279645845,0.0,160.615,0,216.0,216.0,7.07107,15.3578,24.0487,41.0276,71.6781,114.628,147.529,154.25,157.698,160.615,163.177,165.475,168.351,114.628,71.6781,41.0275,24.0487,15.3577,7.07106,14.0,0.0,0.0,0.0,,launch,1.2588911999999114e-07,1.0,0.0,1,-0.222,0.0
39,2743.1,0.0,0.0,1.74846e-07,-9.53674e-07,RACE,0.22,-9.53674e-07,-9.53674e-07,-9.53674e-07,-9.53674e-07,0.0,0.0,0.10400000000000001,0.0,42.0,0.0,0.0,-9.926032279645845,0.0,160.615,0,216.0,216.0,7.07107,15.3578,24.0487,41.0276,71.6781,114.628,147.529,154.25,157.698,160.615,163.177,165.475,168.351,114.628,71.6781,41.0275,24.0487,15.3577,7.07106,14.0,0.0,0.0,0.0,,launch,1.2588911999999593e-07,1.0,0.0,1,-0.202,0.0
40,2743.1,0.0,0.0,1.74846e-07,-9.53674e-07,RACE,0.22,-9.53674e-07,-9.53674e-07,-9.53674e-07,-9.53674e-07,0.0,0.0,0.10400000000000001,0.0,42.0,0.0,0.0,-9.926032279645845,0.0,160.615,0,216.0,216.0,7.07107,15.3578,24.0487,41.0276,71.6781,114.628,147.529,154.25,157.698,160.615,163.177,165.475,168.351,114.628,71.6781,41.0275,24.0487,15.3577,7.07106,14.0,0.0,0.0,0.0,,launch,1.2588911999999813e-07,1.0,0.0,1,-0.182,0.0
41,2743.1,0.0,0.0,1.74846e-07,-9.53674e-07,RACE,0.22,-9.53674e-07,-9.53674e-07,-9.53674e-07,-9.53674e-07,0.0,0.0,0.10400000000000001,0.0,42.0,0.0,0.0,-9.926032279645845,0.0,160.615,0,216.0,216.0,7.07107,15.3578,24.0487,41.0276,71.6781,114.628,147.529,154.25,157.698,160.615,163.177,165.475,168.351,114.628,71.6781,41.0275,24.0487,15.3577,7.07106,14.0,0.0,0.0,0.0,,launch,1.2588911999999913e-07,1.0,0.0,1,-0.162,0.0
42,2743.1,0.0,0.0,1.74846e-07,-9.53674e-07,RACE,0.22,-9.53674e-07,-9.53674e-07,-9.53674e-07,-9.53674e-07,0.0,0.0,0.10400000000000001,0.0,42.0,0.0,0.0,-9.926032279645845,0.0,160.615,0,216.0,216.0,7.07107,15.3578,24.0487,41.0276,71.6781,114.628,147.529,154.25,157.698,160.615,163.177,165.475,168.351,114.628,71.6781,41.0275,24.0487,15.3577,7.07106,14.0,0.0,0.0,0.0,,launch,1.258891199999996e-07,1.0,0.0,1,-0.142,0.0
43,2743.1,0.0,0.0,1.74846e-07,-9.53674e-07,RACE,0.22,-9.53674e-07,-9.53674e-07,-9.53674e-07,-9.53674e-07,0.0,0.0,0.10400000000000001,0.0,42.0,0.0,0.0,-9.926032279645845,0.0,160.615,0,216.0,216.0,7.07107,15.3578,24.0487,41.0276,71.6781,114.628,147.529,154.25,157.698,160.615,163.177,165.475,168.351,114.628,71.6781,41.0275,24.0487,15.3577,7.07106,14.0,0.0,0.0,0.0,,launch,1.2588911999999982e-07,1.0,0.0,1,-0.122,0.0
44,2743.1,0.0,0.0,1.74846e-07,-9.53674e-07,RACE,0.22,-9.53674e-07,-9.53674e-07,-9.53674e-07,-9.53674e-07,0.0,0.0,0.10400000000000001,0.0,42.0,0.0,0.0,-9.926032279645845,0.0,160.615,0,216.0,216.0,7.07107,15.3578,24.0487,41.0276,71.6781,114.628,147.529,154.25,157.698,160.615,163.177,165.475,168.351,114.628,71.6781,41.0275,24.0487,15.3577,7.07106,14.0,0.0,0.0,0.0,,launch,1.258891199999999e-07,1.0,0.0,1,-0.102,0.0
45,2743.1,0.0,0.0,1.74846e-07,-9.53674e-07,RACE,0.22,-9.53674e-07,-9.53674e-07,-9.53674e-07,-9.53674e-07,0.0,0.0,0.10400000000000001,0.0,42.0,0.0,0.0,-9.926032279645845,0.0,160.615,0,216.0,216.0,7.07107,15.3578,24.0487,41.0276,71.6781,114.628,147.529,154.25,157.698,160.615,163.177,165.475,168.351,114.628,71.6781,41.0275,24.0487,15.3577,7.07106,14.0,0.0,0.0,0.0,,launch,1.2588911999999996e-07,1.0,0.0,1,-0.082,0.0
46,2743.1,0.0,0.0,1.74846e-07,-9.53674e-07,RACE,0.22,-9.53674e-07,-9.53674e-07,-9.53674e-07,-9.53674e-07,0.0,0.0,0.10400000000000001,0.0,42.0,0.0,0.0,-9.926032279645845,0.0,160.615,0,216.0,216.0,7.07107,15.3578,24.0487,41.0276,71.6781,114.628,147.529,154.25,157.698,160.615,163.177,165.475,168.351,114.628,71.6781,41.0275,24.0487,15.3577,7.07106,14.0,0.0,0.0,0.0,,launch,1.2588911999999998e-07,1.0,0.0,1,-0.062,0.0
47,2743.1,0.0,0.0,1.74846e-07,-9.53674e-07,RACE,0.22,-9.53674e-07,-9.53674e-07,-9.53674e-07,-9.53674e-07,0.0,0.0,0.10400000000000001,0.0,42.0,0.0,0.0,-9.926032279645845,0.0,160.615,0,216.0,216.0,7.07107,15.3578,24.0487,41.0276,71.6781,114.628,147.529,154.25,157.698,160.615,163.177,165.475,168.351,114.628,71.6781,41.0275,24.0487,15.3577,7.07106,14.0,0.0,0.0,0.0,,launch,1.2588911999999998e-07,1.0,0.0,1,-0.042,0.0
48,2743.1,0.0,0.0,1.74846e-07,-9.53674e-07,RACE,0.22,-9.53674e-07,-9.53674e-07,-9.53674e-07,-9.53674e-07,0.0,0.0,0.10400000000000001,0.0,42.0,0.0,0.0,-9.926032279645845,0.0,160.615,0,216.0,216.0,7.07107,15.3578,24.0487,41.0276,71.6781,114.628,147.529,154.25,157.698,160.615,163.177,165.475,168.351,114.628,71.6781,41.0275,24.0487,15.3577,7.07106,14.0,0.0,0.0,0.0,,launch,1.2588911999999998e-07,1.0,0.0,1,-0.022,0.0
49,2743.1,0.0,0.0,1.74846e-07,-9.53674e-07,RACE,0.22,-9.53674e-07,-9.53674e-07,-9.53674e-07,-9.53674e-07,0.0,0.0,0.10400000000000001,0.0,42.0,0.0,0.0,-9.926032279645845,0.0,160.615,0,216.0,216.0,7.07107,15.3578,24.0487,41.0276,71.6781,114.628,147.529,154.25,157.698,160.615,163.177,165.475,168.351,114.628,71.6781,41.0275,24.0487,15.3577,7.07106,14.0,0.0,0.0,0.0,,launch,1.2588911999999998e-07,1.0,0.0,1,0.018,0.0
50,2743.1,0.199321,8.1081e-09,1.74846e-07,-9.53674e-07,RACE,0.22,-9.534991607882155e-07,-9.534991607882155e-07,-9.534991607882155e-07,-9.534991607882155e-07,-1.748392117845063e-10,-1.748392117845063e-10,0.10400000000000001,0.0,42.0,0.0,0.0,-9.926032279645845,0.0,160.615,0,216.0,216.0,7.07107,15.3578,24.0487,41.0276,71.6781,114.628,147.529,154.249,157.698,160.615,163.176,165.474,168.351,114.628,71.6781,41.0275,24.0487,15.3577,7.07106,14.01594568,7.947202449110053e-10,0.0,0.0,,launch,1.2623260054416448e-07,1.0,0.0,1,0.038,0.0
51,2743.1,0.179602,4.55662e-11,1.74846e-07,-9.53674e-07,RACE,0.22,-9.527221165951238e-07,-9.527221165951238e-07,-9.527221165951238e-07,-9.527221165951238e-07,-9.51883404876157e-10,-9.51883404876157e-10,0.10400000000000001,0.0,42.0,0.0,0.0,-9.926032279645845,0.0,160.614,0,216.0,216.0,7.07107,15.3578,24.0487,41.0276,71.6781,114.628,147.528,154.248,157.696,160.614,163.175,165.473,168.349,114.628,71.6781,41.0275,24.0487,15.3577,7.07106,14.01436816,4.326723993600215e-09,0.0,0.0,,launch,1.2710748571241984e-07,1.0,0.0,1,0.058,0.0
52,2743.1,0.197278,-1.04956e-09,1.74846e-07,-9.53674e-07,RACE,0.22,-9.513234472787597e-07,-9.513234472787597e-07,-9.513234472787597e-07,-9.513234472787597e-07,-2.3505527212402515e-09,-2.3505527212402515e-09,0.10400000000000001,0.0,42.0,0.0,0.0,-9.926032279645845,0.0,160.613,0,216.0,216.0,7.07107,15.3578,24.0487,41.0276,71.6781,114.628,147.527,154.247,157.695,160.613,163.174,165.472,168.348,114.628,71.6781,41.0275,24.0487,15.3577,7.07106,14.01578224,1.0684284235982816e-08,0.0,0.0,,launch,1.2904672286048256e-07,1.0,0.0,1,0.078,0.0
53,2743.1,0.978049,1.6531e-07,1.74846e-07,-9.53674e-07,RACE,0.22,-9.41533340950369e-07,-9.41533340950369e-07,-9.41533340950369e-07,-9.41533340950369e-07,-1.2140659049631005e-08,-1.2140659049631005e-08,0.10400000000000001,0.0,42.0,0.0,0.0,-9.926032279645845,0.0,160.609,0,216.0,216.0,7.07107,15.3578,24.0487,41.0276,71.6781,114.628,147.524,154.244,157.692,160.609,163.171,165.469,168.345,114.628,71.6781,41.0275,24.0487,15.3577,7.07106,14.07824392,5.518457464334951e-08,0.0,0.0,,launch,1.4390367249645143e-07,0.9,0.0,1,0.098,0.0
54,2743.11,1.90034,-1.33584e-05,1.74846e-07,-9.53674e-07,RACE,0.22,-8.860637690657832e-07,-8.860637690657832e-07,-8.860637690657832e-07,-8.860637690657832e-07,-6.761023093421683e-08,-6.761023093421683e-08,0.10400000000000001,0.0,42.0,0.0,0.0,-9.908146345542763,0.0,160.601,0,216.0,216.0,7.07108,15.3578,24.0487,41.0276,71.6781,114.628,147.517,154.236,157.684,160.601,163.162,165.46,168.336,114.628,71.6776,41.0275,24.0487,15.3577,7.07106,14.1520272,3.073178993323929e-07,0.0,0.0,,launch,-3.565634031022193e-08,1.0,0.0,1,0.118,0.0
55,2743.12,2.792,3.55859e-06,1.74846e-07,-9.53674e-07,RACE,0.22,-7.057146209058085e-07,-7.057146209058085e-07,-7.057146209058085e-07,-7.057146209058085e-07,-2.4795937909419147e-07,-2.4795937909419147e-07,0.10400000000000001,0.0,42.0,0.0,0.0,-9.890260411440494,0.0,160.588,0,216.0,216.0,7.07107,15.3578,24.0487,41.0276,71.6781,114.628,147.506,154.223,157.671,160.588,163.149,165.447,168.322,114.628,71.6781,41.0275,24.0487,15.3577,7.07106,14.22336,1.1270832010193038e-06,0.0,0.0,,launch,3.93892689650053e-07,1.0,0.0,1,0.138,0.0
56,2743.14,3.73066,-1.54535e-05,1.74846e-07,-9.53674e-07,RACE,0.22,-2.602035940932875e-07,-2.602035940932875e-07,-2.602035940932875e-07,-2.602035940932875e-07,-6.934704059067125e-07,-6.934704059067125e-07,0.10400000000000001,0.0,42.0,0.0,0.0,-9.854488543235142,0.0,160.569,0,216.0,216.0,7.07107,15.3578,24.0487,41.0276,71.6781,114.628,147.49,154.206,157.653,160.569,163.13,165.428,168.303,114.628,71.6781,41.0275,24.0487,15.3577,7.07106,14.2984528,3.152124544579498e-06,0.0,0.0,,launch,7.412103180730307e-07,1.0,0.0,1,0.158,0.0
57,2743.17,4.62971,-6.70757e-07,1.74846e-07,-9.53674e-07,RACE,0.22,6.337145625234296e-07,6.337145625234296e-07,6.337145625234294e-07,6.337145625234294e-07,-1.5873885625234296e-06,-1.5873885625234294e-06,0.10400000000000001,0.0,42.0,0.0,0.0,-9.800830740926708,0.0,160.546,0,216.0,216.0,7.07107,15.3578,24.0487,41.0276,71.6781,114.628,147.47,154.183,157.63,160.546,163.106,165.403,168.279,114.628,71.6781,41.0275,24.0487,15.3577,7.07106,14.3703768,7.215371279142911e-06,0.0,0.0,,launch,2.1751772955714057e-06,1.0,0.0,1,0.178,0.0
58,2743.19,5.53249,-1.61025e-08,1.74846e-07,-9.53674e-07,RACE,0.22,2.1968133582767158e-06,2.1968133582767158e-06,2.1968133582767158e-06,2.1968133582767158e-06,-3.1504873582767158e-06,-3.1504873582767158e-06,0.10400000000000001,0.0,42.0,0.0,0.0,-9.765058872721356,0.0,160.517,0,216.0,216.0,7.07107,15.3578,24.0487,41.0276,71.6781,114.628,147.445,154.156,157.602,160.517,163.077,165.374,168.249,114.628,71.6781,41.0275,24.0487,15.3577,7.07106,14.4425992,1.4320335006116132e-05,0.0,0.0,,launch,4.603169928684222e-06,1.0,0.0,1,0.198,0.0
59,2743.23,6.4352,1.05844e-08,1.74846e-07,-9.53674e-07,RACE,0.22,4.7001171910364795e-06,4.7001171910364795e-06,4.7001171910364795e-06,4.7001171910364795e-06,-5.653791191036479e-06,-5.653791191036479e-06,0.10400000000000001,0.0,42.0,0.0,0.0,-9.693515136310655,0.0,160.484,0,216.0,216.0,7.07107,15.3578,24.0487,41.0276,71.6781,114.628,147.417,154.124,157.569,160.484,163.043,165.34,168.214,114.628,71.6781,41.0275,24.0487,15.3577,7.07106,14.514816,2.5698939466482195e-05,0.0,0.0,,launch,8.540224039683948e-06,1.0,0.0,1,0.218,0.0
60,2743.27,7.34836,5.67969e-09,1.74846e-07,-9.53674e-07,RACE,0.22,8.487220413467372e-06,8.487220413467372e-06,8.487220413467373e-06,8.487220413467373e-06,-9.440894413467371e-06,-9.440894413467373e-06,0.10400000000000001,0.0,42.0,0.0,0.0,-9.621971399899952,0.0,160.445,0,216.0,216.0,7.07107,15.3578,24.0487,41.0276,71.6781,114.628,147.384,154.088,157.531,160.445,163.004,165.3,168.174,114.628,71.6781,41.0275,24.0487,15.3577,7.07106,14.5878688,4.291297040219653e-05,0.0,0.0,,launch,1.4626098265059215e-05,1.0,0.0,1,0.238,0.0
61,2743.31,8.30958,-4.42908e-08,1.74846e-07,-9.53674e-07,RACE,0.22,1.452274503971476e-05,1.452274503971476e-05,1.452274503971476e-05,1.452274503971476e-05,-1.547641903971476e-05,-1.547641903971476e-05,0.10400000000000001,0.0,42.0,0.0,0.0,-9.550427663489248,0.0,160.397,0,216.0,216.0,7.07107,15.3578,24.0487,41.0276,71.6781,114.628,147.343,154.042,157.484,160.397,162.955,165.251,168.124,114.628,71.6781,41.0275,24.0487,15.3577,7.07106,14.6647664,7.034705432526397e-05,0.0,0.0,,launch,2.42512674114682e-05,1.0,0.0,1,0.26,0.0
62,2743.36,9.17853,-3.49277e-08,1.74846e-07,-9.53674e-07,RACE,0.22,2.220502632243263e-05,2.220502632243263e-05,2.2205026322432625e-05,2.2205026322432625e-05,-2.3158700322432628e-05,-2.3158700322432625e-05,0.10400000000000001,0.0,42.0,0.0,0.0,-9.460997992975464,0.0,160.348,0,216.0,216.0,7.07107,15.3578,24.0487,41.0276,71.6781,114.628,147.302,153.996,157.436,160.348,162.906,165.201,168.074,114.628,71.6781,41.0275,24.0487,15.3577,7.07106,14.7342824,0.00010526636333017658,0.0,0.0,,launch,3.739168835883595e-05,1.0,0.0,1,0.28,0.0
63,2743.42,10.0619,-1.22801e-08,1.74846e-07,-9.53674e-07,RACE,0.22,3.242916484164768e-05,3.242916484164768e-05,3.242916484164768e-05,3.242916484164768e-05,-3.338283884164768e-05,-3.338283884164768e-05,0.10400000000000001,0.0,42.0,0.0,0.0,-9.35368238835941,0.0,160.295,0,216.0,216.0,7.07107,15.3578,24.0487,41.0276,71.6781,114.628,147.256,153.945,157.384,160.295,162.851,165.146,168.018,114.628,71.6781,41.0275,24.0487,15.3577,7.07106,14.804952,0.00015173951878006295,0.0,0.0,,launch,5.5064909744686065e-05,1.0,0.0,1,0.3,0.0
64,2743.48,10.9587,8.60087e-09,1.74846e-07,-9.53674e-07,RACE,0.22,4.575665679754589e-05,4.575665679754589e-05,4.575665679754589e-05,4.575665679754589e-05,-4.671033079754589e-05,-4.671033079754589e-05,0.10400000000000001,0.0,42.0,0.0,0.0,-9.246366783743355,0.0,160.236,0,216.0,216.0,7.07107,15.3578,24.0487,41.0276,71.6781,114.628,147.206,153.889,157.326,160.236,162.792,165.085,167.957,114.628,71.6781,41.0275,24.0487,15.3577,7.07106,14.876696,0.00021231876506663607,0.0,0.0,,launch,7.839079789531361e-05,1.0,0.0,1,0.32,0.0
65,2743.54,11.865,3.40476e-08,1.74846e-07,-1.04904e-06,RACE,0.22,6.269214369699681e-05,6.269214369699681e-05,6.269214369699681e-05,6.269214369699681e-05,-6.374118369699681e-05,-6.374118369699681e-05,0.10400000000000001,0.0,42.0,0.0,0.0,-9.139051179127302,0.0,160.172,0,216.0,216.0,7.07107,15.3578,24.0487,41.0276,71.6781,114.628,147.152,153.828,157.264,160.172,162.727,165.02,167.891,114.628,71.6781,41.0275,24.0487,15.3577,7.07106,14.9492,0.00028929791727770387,0.0,0.0,,launch,0.00010858486906843316,0.9,0.0,1,0.34,0.0
66,2743.61,12.7568,1.62481e-08,1.74846e-07,-1.04904e-06,RACE,0.22,8.38259370627565e-05,8.38259370627565e-05,8.38259370627565e-05,8.38259370627565e-05,-8.48749770627565e-05,-8.48749770627565e-05,0.10400000000000001,0.0,42.0,0.0,0.0,-9.013849640408164,0.0,160.103,0,216.0,216.0,7.07107,15.3578,24.0487,41.0276,71.6781,114.628,147.093,153.763,157.196,160.103,162.657,164.949,167.819,114.628,71.6781,41.0275,24.0487,15.3577,7.07106,15.020544000000001,0.00038536019797615935,0.0,0.0,,launch,0.00014670487652502834,1.0,0.0,1,0.36,0.0
67,2743.68,13.6287,7.4832e-09,1.74846e-07,-1.04904e-06,RACE,0.22,0.0001097891828772895,0.0001097891828772895,0.0001097891828772895,0.0001097891828772895,-0.0001108382228772895,-0.0001108382228772895,0.08199999999999999,0.0,42.0,0.0,0.0,-8.888648101689842,0.0,160.03,0,216.0,216.0,7.07107,15.3578,24.0487,41.0276,71.6781,114.628,147.031,153.693,157.124,160.03,162.583,164.874,167.743,114.628,71.6781,41.0275,24.0487,15.3577,7.07106,15.090296,0.0005033744401007896,0.0,0.0,,launch,0.0001940844803347226,1.0,0.0,1,0.38,0.0
68,2743.76,14.5149,1.15494e-08,1.74846e-07,-1.04904e-06,RACE,0.22,0.0001413596704252235,0.0001413596704252235,0.0001413596704252235,0.0001413596704252235,-0.00014240871042522351,-0.00014240871042522351,0.08199999999999999,0.0,42.0,0.0,0.0,-8.745560628867622,0.0,159.951,0,216.0,216.0,7.07107,15.3578,24.0487,41.0276,71.6781,114.628,146.964,153.619,157.047,159.951,162.503,164.794,167.662,114.628,71.6781,41.0275,24.0487,15.3577,7.07106,15.161192,0.0006468760341653114,0.0,0.0,,launch,0.00025166764426486505,0.9,0.0,1,0.4,0.0
69,2743.84,15.3868,4.85029e-09,1.74846e-07,-1.04904e-06,RACE,0.22,0.00017905440611369245,0.00017905440611369245,0.00017905440611369245,0.00017905440611369245,-0.00018010344611369246,-0.00018010344611369246,0.08199999999999999,0.0,42.0,0.0,0.0,-8.602473156046218,0.0,159.868,0,216.0,216.0,7.07107,15.3578,24.0487,41.0276,71.6781,114.628,146.893,153.539,156.966,159.868,162.419,164.708,167.575,114.628,71.6781,41.0275,24.0487,15.3577,7.07106,15.230944000000001,0.0008182149991060063,0.0,0.0,,launch,0.00031580234616251403,1.0,0.0,1,0.42,0.0
70,2743.93,16.2463,1.16937e-09,1.74846e-07,-1.14441e-06,RACE,0.22,0.00022371983238420927,0.00022371983238420927,0.00022371983238420927,0.00022371983238420927,-0.00022486424238420927,-0.00022486424238420927,0.08199999999999999,0.0,42.0,0.0,0.0,-8.441499749122542,0.0,159.78,0,216.0,216.0,7.07107,15.3578,24.0487,41.0276,71.6781,114.628,146.818,153.456,156.879,159.78,162.329,164.618,167.484,114.628,71.6781,41.0275,24.0487,15.3577,7.07106,15.299704,0.0010212387838878785,0.0,0.0,,launch,0.00038889619477937184,0.9,0.0,1,0.44,0.0
71,2744.02,17.1046,5.61535e-10,1.74846e-07,-1.14441e-06,RACE,0.22,0.0002760029892921425,0.0002760029892921425,0.0002760029892921425,0.0002760029892921425,-0.0002771473992921425,-0.0002771473992921425,0.08199999999999999,0.0,42.0,0.0,0.0,-8.280526342198055,0.0,159.687,0,216.0,216.0,7.07107,15.3578,24.0487,41.0276,71.6781,114.628,146.739,153.367,156.788,159.687,162.235,164.522,167.387,114.628,71.6781,41.0275,24.0487,15.3577,7.07106,15.368368,0.0012588884669224665,0.0,0.0,,launch,0.0004720671631410346,1.0,0.0,1,0.46,0.0
72,2744.12,17.958,3.83215e-09,1.74846e-07,-1.14441e-06,RACE,0.22,0.0003368487337632935,0.0003368487337632935,0.0003368487337632935,0.0003368487337632935,-0.0003379931437632935,-0.0003379931437632935,0.08199999999999999,0.0,42.0,0.0,0.0,-8.101667001171299,0.0,159.59,0,216.0,216.0,7.07107,15.3578,24.0487,41.0276,71.6781,114.628,146.655,153.275,156.693,159.59,162.136,164.422,167.286,114.628,71.6781,41.0275,24.0487,15.3577,7.07106,15.43664,0.001535458833800571,0.0,0.0,,launch,0.0005641919305303708,0.9,0.0,1,0.48,0.0
73,2744.23,18.8989,0.00199947,-1.17461e-05,-1.14441e-06,RACE,0.22,0.0004146859105356805,0.0004146859105356805,0.0004146859105356805,0.0004146859105356805,-0.0004158303205356805,-0.0004158303205356805,0.10400000000000001,0.0,42.0,0.0,0.0,-7.904921726041459,0.0,159.473,0,216.0,216.0,7.07099,15.3573,24.0473,41.0236,71.6659,114.597,146.55,153.162,156.578,159.473,162.018,164.303,167.166,114.659,71.6898,41.0315,24.05,15.3583,7.07114,15.511912,0.0018892626490682406,0.0,0.0,,accelerate,0.0007049875074335511,1.0,0.0,1,0.502,0.0
74,2744.34,19.7509,0.00254186,-2.55744e-05,-1.23978e-06,RACE,0.22,0.000496171354512069,0.000496171354512069,0.000496171354512069,0.000496171354512069,-0.000497411134512069,-0.000497411134512069,0.10400000000000001,0.0,42.0,0.0,0.0,-7.70817645091162,0.0,159.361,0,216.0,216.0,7.0709,15.3566,24.0458,41.0191,71.6517,114.562,146.449,153.054,156.467,159.361,161.905,164.189,167.051,114.694,71.704,41.036,24.0515,15.3589,7.07124,15.580072,0.002259649425196196,0.0,0.0,,accelerate,0.0008412461994685601,0.9,0.0,1,0.522,0.0
75,2744.45,20.6076,0.00280762,-3.94026e-05,-1.23978e-06,RACE,0.22,0.0005887815961228618,0.0005887815961228618,0.0005922616047244509,0.0005922616047244509,-0.0005900213761228618,-0.0005935013847244509,0.10400000000000001,0.0,42.0,0.0,0.0,-7.511397243779122,0.0,159.244,0,216.0,216.0,7.0708,15.356,24.0442,41.0143,71.6376,114.524,146.343,152.941,156.352,159.244,161.787,164.071,166.931,114.732,71.7187,41.0407,24.0531,15.3595,7.07134,15.648608,0.002680603244096562,0.0,0.0,,accelerate,0.000979786221445454,1.0,0.0,1,0.542,0.0
76,2744.57,21.4614,0.0029834,-5.41846e-05,-1.23978e-06,RACE,0.22,0.0006934190241207155,0.0006934190241207155,0.0006986290614858423,0.0006986290614858423,-0.0006946588041207156,-0.0006998688414858424,0.10400000000000001,0.0,42.0,0.0,0.0,-7.29641196146648,0.0,159.123,0,216.0,216.0,7.07069,15.3554,24.0426,41.0096,71.6229,114.487,146.232,152.824,156.232,159.123,161.664,163.947,166.806,114.77,71.7334,41.0455,24.0547,15.3602,7.07144,15.716912,0.0031562258550462702,0.0,0.0,,accelerate,0.0011221410363636373,0.9,0.0,1,0.562,0.0
77,2744.69,22.3189,0.00310748,-6.89665e-05,-1.23978e-06,RACE,0.22,0.0008115315378574257,0.0008115315378574257,0.0008189461797808671,0.0008189461797808671,-0.0008127713178574257,-0.0008201859597808672,0.10400000000000001,0.0,42.0,0.0,0.0,-7.081426679154651,0.0,158.996,0,216.0,216.0,7.07059,15.3547,24.0409,41.0045,71.6073,114.447,146.118,152.701,156.108,158.996,161.537,163.818,166.677,114.81,71.7485,41.0506,24.0565,15.3608,7.07155,15.785512,0.003693098590206003,0.0,0.0,,accelerate,0.0012727436865890606,1.0,0.0,1,0.582,0.0
78,2744.82,23.173,0.00321787,-8.47022e-05,-1.33514e-06,RACE,0.22,0.0009434179982024898,0.0009434179982024898,0.0009536625840266614,0.0009536625840266614,-0.0009447531382024898,-0.0009549977240266614,0.10400000000000001,0.0,42.0,0.0,0.0,-6.848525956649764,0.0,158.865,0,216.0,216.0,7.07048,15.354,24.0392,40.9994,71.5917,114.407,145.999,152.574,155.978,158.865,161.404,163.684,166.542,114.85,71.7647,41.0557,24.0582,15.3615,7.07166,15.85384,0.0042925799021847465,0.0,0.0,,accelerate,0.0014335483366403673,0.9,0.0,1,0.602,0.0
79,2744.95,24.0303,0.00331018,-0.000100438,-1.33514e-06,RACE,0.22,0.0010905725881917973,0.0010905725881917973,0.0011043162956903957,0.0011043162956903957,-0.0010919077281917973,-0.0011056514356903957,0.10400000000000001,0.0,42.0,0.0,0.0,-6.615625234145691,0.0,158.729,0,216.0,216.0,7.07036,15.3533,24.0373,40.994,71.5751,114.364,145.875,152.443,155.844,158.729,161.266,163.545,166.402,114.893,71.7813,41.0611,24.06,15.3622,7.07177,15.922424,0.0049614615026134555,0.0,0.0,,accelerate,0.001606148229932815,1.0,0.0,1,0.622,0.0
80,2745.09,24.884,0.00550176,-0.000129525,-1.33514e-06,RACE,0.22,0.0012541056698892538,0.0012541056698892538,0.0012722232584003888,0.0012722232584003888,-0.0012554408098892538,-0.0012735583984003888,0.10400000000000001,0.0,42.0,0.0,0.0,-6.364809071447744,0.0,158.584,0,216.0,216.0,7.07016,15.352,24.0341,40.9844,71.5454,114.29,145.738,152.301,155.7,158.584,161.12,163.398,166.254,114.968,71.8108,41.0707,24.0633,15.3635,7.07197,15.99072,0.005704790469904124,0.0,0.0,,accelerate,0.0018251317907608997,0.9,0.0,1,0.642,0.0
81,2745.23,25.7406,0.00630371,-0.000164811,-1.43051e-06,RACE,0.22,0.0014348040798461523,0.0014348040798461523,0.0014582096077017251,0.0014582096077017251,-0.0014362345898461524,-0.0014596401177017252,0.10400000000000001,0.0,42.0,0.0,0.0,-6.11399290875061,0.0,158.432,0,216.0,216.0,7.06991,15.3504,24.03,40.9725,71.5094,114.196,145.592,152.152,155.549,158.432,160.967,163.245,166.1,115.063,71.8471,41.0827,24.0673,15.3651,7.07222,16.059248,0.0065261433183315875,0.0,0.0,,accelerate,0.0020450712461294596,0.9,0.0,1,0.662,0.0
82,2745.37,26.5695,0.00685571,-0.00020105,-1.43051e-06,RACE,0.22,0.0016337477624390395,0.0016337477624390395,0.0016634428240675854,0.0016634428240675854,-0.0016351782724390396,-0.0016648733340675855,0.10400000000000001,0.0,42.0,0.0,0.0,-5.863176746053479,0.0,158.275,0,216.0,216.0,7.06966,15.3488,24.026,40.9606,71.4729,114.103,145.443,151.998,155.394,158.275,160.81,163.087,165.941,115.157,71.8844,41.0947,24.0714,15.3667,7.07248,16.12556,0.00743042886469192,0.0,0.0,,accelerate,0.002268950927726989,1.0,0.0,1,0.682,0.0
83,2745.52,27.4098,0.00716711,-0.000237767,-1.43051e-06,RACE,0.22,0.0018520382291237042,0.0018520382291237042,0.0018520382291237042,0.0018520382291237042,-0.0018534687391237043,-0.0018534687391237043,0.10400000000000001,0.0,42.0,0.0,0.0,-5.594445143163286,0.0,158.114,0,216.0,216.0,7.0694,15.3472,24.0219,40.9484,71.4355,114.008,145.288,151.84,155.234,158.114,160.647,162.924,165.777,115.255,71.9223,41.107,24.0755,15.3684,7.07274,16.192784,0.00842265395753461,0.0,0.0,,accelerate,0.002468725108336853,0.9,0.0,1,0.702,0.0
84,2745.68,28.2603,0.00734961,-0.000275914,2.89917e-05,RACE,0.22,0.002090781324616484,0.002090781324616484,0.002090781324616484,0.002090781324616484,-0.002061789624616484,-0.002061789624616484,0.08199999999999999,0.0,42.0,0.0,0.0,-5.3077981000808485,0.0,157.947,0,216.0,216.0,7.06891,15.345,24.0168,40.9344,71.3941,113.905,145.128,151.676,155.068,157.947,160.48,162.755,165.607,115.36,71.9639,41.1211,24.0806,15.3705,7.07322,16.260824,0.00950784514196262,0.0,0.0,,accelerate,0.002660713552486119,0.8884500000000001,0.0,1,0.722,0.0
85,2745.84,29.0837,0.00985971,-0.000327889,5.95093e-05,RACE,0.22,0.0023515513391658967,0.0023515513391658967,0.0023515513391658967,0.0023515513391658967,-0.002292042039165897,-0.002292042039165897,0.08199999999999999,0.0,42.0,0.0,0.0,-5.0211510569975975,0.0,157.771,0,216.0,216.0,7.06833,15.3423,24.0102,40.9159,71.3396,113.767,144.955,151.501,154.893,157.771,160.303,162.578,165.43,115.502,72.0198,41.1398,24.0872,15.3733,7.07381,16.326696,0.010693158251722247,0.0,0.0,,accelerate,0.002895285297614415,0.9567807692307693,0.0,1,0.742,0.0
86,2746.0,29.9087,0.0108913,-0.000387494,9.00269e-05,RACE,0.22,0.0026346900010150455,0.0026346900010150455,0.0026346900010150455,0.0026346900010150455,-0.0025446631010150457,-0.0025446631010150457,0.08199999999999999,0.0,42.0,0.0,0.0,-4.73450401391516,0.0,157.589,0,216.0,216.0,7.06769,15.3391,24.0027,40.8947,71.2764,113.609,144.771,151.32,154.711,157.589,160.12,162.395,165.246,115.665,72.0838,41.1612,24.0948,15.3765,7.07445,16.392696,0.011980146590276027,0.0,0.0,,accelerate,0.003127895444287882,0.8250500000000001,0.0,1,0.762,0.0
87,2746.17,30.7175,0.011527,-0.000449483,0.000120449,RACE,0.22,0.0029417677984784336,0.0029417677984784336,0.0029417677984784336,0.0029417677984784336,-0.0028213187984784337,-0.0028213187984784337,0.08199999999999999,0.0,42.0,0.0,0.0,-4.429941530639663,0.0,157.401,0,216.0,216.0,7.06704,15.3359,23.9951,40.8731,71.2115,113.447,144.583,151.133,154.524,157.401,159.932,162.206,165.057,115.834,72.1503,41.1832,24.1025,15.3797,7.0751,16.4574,0.013375948709926927,0.0,0.0,,accelerate,0.0033814909003693086,0.8939423076923076,0.0,1,0.782,0.0
88,2746.34,31.4984,0.0120546,-0.000511471,0.000150967,RACE,0.22,0.003273029596077812,0.003273029596077812,0.003273029596077812,0.003273029596077812,-0.0031220625960778118,-0.0031220625960778118,0.08199999999999999,0.0,42.0,0.0,0.0,-4.125379047364166,0.0,157.209,0,216.0,216.0,7.06639,15.3327,23.9874,40.8513,71.1466,113.284,144.391,150.941,154.332,157.209,159.739,162.013,164.864,116.004,72.2169,41.2055,24.1103,15.3829,7.07576,16.519872,0.01488167762640356,0.0,0.0,,accelerate,0.003655583690737459,0.8639076923076923,0.0,1,0.802,0.0
89,2746.52,32.2947,0.0147193,-0.000588719,0.000181389,RACE,0.22,0.0036305038975465555,0.0036305038975465555,0.0036305038975465555,0.0036305038975465555,-0.0034491148975465554,-0.0034491148975465554,0.08199999999999999,0.0,42.0,0.0,0.0,-3.8029011238964237,0.0,157.007,0,216.0,216.0,7.06562,15.3288,23.9779,40.8243,71.0665,113.082,144.184,150.739,154.131,157.007,159.538,161.812,164.662,116.216,72.2996,41.2328,24.1199,15.3869,7.07652,16.583576,0.016506553771251792,0.0,0.0,,accelerate,0.003984768543014392,0.8332807692307693,0.0,1,0.822,0.0
90,2746.7,33.0907,0.0158708,-0.00067598,0.000211906,RACE,0.22,0.004014878024112689,0.004014878024112689,0.004014878024112689,0.004014878024112689,-0.003802972024112689,-0.003802972024112689,0.10400000000000001,0.0,42.0,0.0,0.0,-3.4804232004286826,0.0,156.798,0,216.0,216.0,7.06479,15.3244,23.9673,40.7942,70.9766,112.856,143.966,150.529,153.921,156.798,159.329,161.603,164.454,116.456,72.3934,41.2635,24.1305,15.3912,7.07735,16.647256,0.01825370131832881,0.0,0.0,,accelerate,0.004320269146664432,0.8026653846153847,0.0,1,0.842,0.0
91,2746.89,33.8787,0.016563,-0.000765626,0.000251484,RACE,0.22,0.004427317520520997,0.004427317520520997,0.004427317520520997,0.004427317520520997,-0.004175833520520997,-0.004175833520520997,0.10400000000000001,0.0,42.0,0.0,0.0,-3.14002983676788,0.0,156.585,0,216.0,216.0,7.06388,15.3198,23.9563,40.763,70.8837,112.624,143.743,150.313,153.707,156.585,159.116,161.39,164.241,116.704,72.4901,41.2954,24.1417,15.3959,7.07827,16.710296,0.02012841817532692,0.0,0.0,,accelerate,0.004657203921652158,0.7723576923076922,0.0,1,0.862,0.0
92,2747.08,34.6535,0.0195179,-0.000871007,0.000312519,RACE,0.22,0.004868382282902938,0.004868382282902938,0.0049950477833515,0.0049950477833515,-0.004555863282902938,-0.0046825287833515,0.10400000000000001,0.0,42.0,0.0,0.0,-2.7996364731070793,0.0,156.361,0,216.0,216.0,7.06271,15.3143,23.9431,40.7259,70.7744,112.351,143.504,150.087,153.482,156.361,158.893,161.168,164.019,116.997,72.6046,41.3335,24.1551,15.4015,7.07944,16.772280000000002,0.022133249313629692,0.0,0.0,,accelerate,0.0051123205724680175,0.7425576923076923,0.0,1,0.882,0.0
93,2747.28,35.4117,0.0209758,-0.000985448,0.000373554,RACE,0.22,0.005340361369361791,0.005340361369361791,0.005478937525177593,0.005478937525177593,-0.004966807369361791,-0.005105383525177593,0.10400000000000001,0.0,42.0,0.0,0.0,-2.4413276692532175,0.0,156.131,0,216.0,216.0,7.06147,15.3082,23.9287,40.6856,70.6554,112.055,143.255,149.852,153.25,156.131,158.664,160.939,163.791,117.319,72.7301,41.375,24.1697,15.4076,7.08069,16.832936,0.02427859949769406,0.0,0.0,,accelerate,0.0055315231413778,0.7133961538461537,0.0,1,0.902,0.0
94,2747.47,36.1512,0.0244001,-0.00111658,0.000434494,RACE,0.22,0.005842581672350919,0.005842581672350919,0.0059938078317304565,0.0059938078317304565,-0.0054080876723509195,-0.005559313831730457,0.10400000000000001,0.0,42.0,0.0,0.0,-2.100735574511305,0.0,155.891,0,216.0,216.0,7.06011,15.3015,23.9126,40.6401,70.5207,111.72,142.99,149.606,153.009,155.891,158.426,160.702,163.556,117.688,72.8732,41.4221,24.1862,15.4144,7.08205,16.892096000000002,0.02656140916102545,0.0,0.0,,accelerate,0.00597909308426981,0.684953846153846,0.0,1,0.922,0.0
95,2747.68,36.8714,0.0261472,-0.0012582,0.000510788,RACE,0.22,0.00637607055741406,0.00637607055741406,0.006540573467719682,0.006540573467719682,-0.0058652825574140605,-0.006029785467719682,0.10400000000000001,0.0,42.0,0.0,0.0,-1.7235153035629374,0.0,155.644,0,216.0,216.0,7.05858,15.294,23.895,40.5908,70.375,111.361,142.714,149.352,152.759,155.644,158.18,160.458,163.313,118.089,73.0285,41.4734,24.2042,15.422,7.0836,16.949712,0.02898634812676135,0.0,0.0,,accelerate,0.006412487108952411,0.6572538461538462,0.0,1,0.942,0.0
96,2747.88,37.5722,0.0272319,-0.0014022,0.000602245,RACE,0.22,0.006942497766458066,0.006942497766458066,0.007121062167243125,0.007121062167243125,-0.0063402527664580665,-0.006518817167243125,0.10400000000000001,0.0,42.0,0.0,0.0,-1.3642579026593022,0.0,155.393,0,216.0,216.0,7.05692,15.2863,23.8767,40.54,70.2265,110.995,142.432,149.093,152.505,155.393,157.93,160.209,163.066,118.502,73.1887,41.5264,24.2229,15.4299,7.08527,17.005776,0.03156100609794153,0.0,0.0,,accelerate,0.006833901184906711,0.6303,0.0,1,0.962,0.0
97,2748.09,38.2531,0.0305917,-0.00156194,0.000693798,RACE,0.22,0.007542241115759951,0.007542241115759951,0.007735550043298553,0.007735550043298553,-0.006848443115759951,-0.007041752043298553,0.10400000000000001,0.0,42.0,0.0,0.0,-0.9870376317109351,0.0,155.132,0,216.0,216.0,7.05515,15.2778,23.8567,40.484,70.0632,110.592,142.134,148.823,152.241,155.132,157.672,159.953,162.812,118.964,73.3665,41.5851,24.2436,15.4385,7.08705,17.060248,0.03428710041383523,0.0,0.0,,accelerate,0.007303736046550949,0.6041115384615383,0.0,1,0.982,0.0
98,2748.33,38.9792,0.0324565,-0.00174982,0.000809669,RACE,0.22,0.008240232842195612,0.008240232842195612,0.008450526327035773,0.008450526327035773,-0.007430563842195612,-0.0076408573270357735,0.10400000000000001,0.0,42.0,0.0,0.0,-0.5559287506275532,0.0,154.837,0,216.0,216.0,7.05301,15.2678,23.833,40.4183,69.8715,110.121,141.794,148.517,151.942,154.837,157.38,159.663,162.524,119.511,73.5772,41.6545,24.268,15.4487,7.08921,17.118336,0.03745977632627674,0.0,0.0,,accelerate,0.0077911511871516705,0.5761846153846154,0.0,1,1.004,0.0
99,2748.55,39.6182,0.0361381,-0.00193817,0.00093174,RACE,0.22,0.008911069335524251,0.008911069335524251,0.009137550497580206,0.009137550497580206,-0.007979329335524251,-0.008205810497580205,0.10400000000000001,0.0,42.0,0.0,0.0,-0.16074560963363638,0.0,154.56,0,216.0,216.0,7.05083,15.2576,23.8092,40.3525,69.6799,109.654,141.467,148.227,151.66,154.56,157.106,159.392,162.255,120.064,73.79,41.7246,24.2926,15.4591,7.09141,17.169456,0.040509019896023686,0.0,0.0,,accelerate,0.008285735999270048,0.5516076923076922,0.0,1,1.024,0.0
100,2748.77,40.2353,0.0380621,-0.00213749,0.00105371,RACE,0.22,0.009616570173227933,0.009616570173227933,0.009859942929650091,0.009859942929650091,-0.008562860173227934,-0.008806232929650092,0.10400000000000001,0.0,42.0,0.0,0.0,0.23443753135946377,0.0,154.276,0,216.0,216.0,7.04857,15.247,23.7842,40.2832,69.4787,109.164,141.128,147.929,151.371,154.276,156.826,159.114,161.98,120.655,74.016,41.7984,24.3186,15.47,7.0937,17.218824,0.0437158279844518,0.0,0.0,,accelerate,0.008763111360394545,0.5278730769230768,0.0,1,1.044,0.0
101,2749.0,40.8309,0.0419424,-0.00235445,0.00120621,RACE,0.22,0.010357472143819392,0.010357472143819392,0.01061836443546264,0.01061836443546264,-0.00915126214381939,-0.00941215443546264,0.10400000000000001,0.0,42.0,0.0,0.0,0.6475835423981131,0.0,153.983,0,216.0,216.0,7.04597,15.2351,23.7566,40.2072,69.2596,108.633,140.77,147.619,151.072,153.983,156.537,158.828,161.697,121.308,74.265,41.8801,24.3474,15.4822,7.09632,17.266472,0.047083549615737706,0.0,0.0,,accelerate,0.009260208885970348,0.5049653846153846,0.0,1,1.064,0.0
102,2749.23,41.4048,0.0439717,-0.00258285,0.0013588,RACE,0.22,0.011134594222305495,0.011134594222305495,0.011413701236267273,0.011413701236267273,-0.009775794222305494,-0.010054901236267273,0.10400000000000001,0.0,42.0,0.0,0.0,1.060729553436762,0.0,153.683,0,216.0,216.0,7.04329,15.2228,23.7278,40.1279,69.0314,108.079,140.4,147.301,150.765,153.683,156.241,158.535,161.409,122.001,74.5283,41.9661,24.3776,15.4949,7.09903,17.312384,0.050615907387411965,0.0,0.0,,accelerate,0.009744733276225647,0.4828923076923077,0.0,1,1.084,0.0
103,2749.46,41.9572,0.0479501,-0.0028289,0.00154181,RACE,0.22,0.011946965560989248,0.011946965560989248,0.012244938579531787,0.012244938579531787,-0.010405155560989249,-0.010703128579531788,0.10400000000000001,0.0,42.0,0.0,0.0,1.4738755644754118,0.0,153.374,0,216.0,216.0,7.04028,15.2092,23.6963,40.042,68.7849,107.488,140.009,146.972,150.449,153.374,155.937,158.235,161.113,122.758,74.8153,42.0599,24.4107,15.5089,7.10209,17.356576,0.05430848837452684,0.0,0.0,,accelerate,0.010251362034335326,0.4616461538461539,0.0,1,1.104,0.0
104,2749.69,42.4885,0.0500276,-0.00308687,0.00173101,RACE,0.22,0.012796065485451223,0.012796065485451223,0.013113573010352843,0.013113573010352843,-0.011065055485451223,-0.011382563010352844,0.10400000000000001,0.0,42.0,0.0,0.0,1.8870215755140611,0.0,153.058,0,216.0,216.0,7.03714,15.195,23.6635,39.9524,68.5289,106.874,139.605,146.635,150.125,153.058,155.627,157.929,160.811,123.562,75.1183,42.1586,24.4454,15.5236,7.10527,17.39908,0.058168016755118235,0.0,0.0,,accelerate,0.010742263775895976,0.44121153846153843,0.0,1,1.124,0.0
105,2749.93,42.9979,0.0540681,-0.00336296,0.00194454,RACE,0.22,0.013680741589858578,0.013680741589858578,0.014018298585790344,0.014018298585790344,-0.011736201589858579,-0.012073758585790344,0.10400000000000001,0.0,42.0,0.0,0.0,2.3181304565974425,0.0,152.733,0,216.0,216.0,7.0337,15.1797,23.6282,39.8564,68.2562,106.224,139.18,146.286,149.791,152.733,155.308,157.615,160.502,124.435,75.446,42.2651,24.4829,15.5395,7.10877,17.439832,0.06218925434356196,0.0,0.0,,accelerate,0.011257888892042676,0.42161923076923075,0.0,1,1.144,0.0
106,2750.17,43.4867,0.056173,-0.00365097,0.00217342,RACE,0.22,0.014602414879869853,0.014602414879869853,0.014960640718418206,0.014960640718418206,-0.012428994879869853,-0.012787220718418205,0.10400000000000001,0.0,42.0,0.0,0.0,2.749239337681641,0.0,152.402,0,216.0,216.0,7.03008,15.1637,23.5914,39.7566,67.9735,105.554,138.738,145.928,149.45,152.402,154.983,157.295,160.187,125.36,75.7913,42.377,24.5223,15.5562,7.11245,17.478936,0.06637866022848836,0.0,0.0,,accelerate,0.011753561238127434,0.4028192307692308,0.0,1,1.164,0.0
107,2750.41,43.9547,0.0602539,-0.00395757,0.00241747,RACE,0.22,0.015559677080769057,0.015559677080769057,0.01593913408738512,0.01593913408738512,-0.013142207080769058,-0.013521664087385121,0.10400000000000001,0.0,42.0,0.0,0.0,3.1803482187650234,0.0,152.062,0,216.0,216.0,7.02622,15.1467,23.5522,39.6507,67.675,104.847,138.273,145.559,149.099,152.062,154.65,156.967,159.865,126.36,76.1622,42.4969,24.5644,15.574,7.11638,17.516376,0.07072983318893691,0.0,0.0,,accelerate,0.012277413361490531,0.3848192307692307,0.0,1,1.184,0.0
108,2750.66,44.4022,0.0623716,-0.0042761,0.00269213,RACE,0.22,0.01655388557671199,0.01655388557671199,0.016955021056655403,0.016955021056655403,-0.01386175557671199,-0.014262891056655402,0.10400000000000001,0.0,42.0,0.0,0.0,3.631189189188546,0.0,151.715,0,216.0,216.0,7.02207,15.1287,23.5111,39.5403,67.366,104.122,137.789,145.18,148.741,151.715,154.311,156.634,159.538,127.417,76.5533,42.6228,24.6087,15.5929,7.12062,17.552176,0.07524894312614275,0.0,0.0,,accelerate,0.012774311482802298,0.3676076923076923,0.0,1,1.204,0.0
109,2750.91,44.8298,0.066482,-0.0046137,0.002985,RACE,0.22,0.017584504774807733,0.017584504774807733,0.018007839348353566,0.018007839348353566,-0.014599504774807733,-0.015022839348353566,0.10400000000000001,0.0,42.0,0.0,0.0,4.082085630184015,0.0,151.359,0,216.0,216.0,7.01766,15.1096,23.4677,39.424,67.0413,103.364,137.277,144.79,148.372,151.359,153.963,156.292,159.204,128.557,76.9716,42.7572,24.6559,15.613,7.12512,17.586384,0.07993355553751859,0.0,0.0,,accelerate,0.013295399839483834,0.3511615384615385,0.0,1,1.224,0.0
110,2751.16,45.2373,0.0686033,-0.0049637,0.00329618,RACE,0.22,0.018650753310935048,0.018650753310935048,0.019096764546076193,0.019096764546076193,-0.015354573310935048,-0.015800584546076194,0.10400000000000001,0.0,42.0,0.0,0.0,4.532982071179484,0.0,150.996,0,216.0,216.0,7.01303,15.0898,23.4227,39.3038,66.7073,102.588,136.743,144.391,147.997,150.996,153.61,155.946,158.864,129.76,77.4099,42.8976,24.7052,15.634,7.12985,17.618984,0.08478011878336385,0.0,0.0,,accelerate,0.013793420835461749,0.3354884615384617,0.0,2,1.244,0.0
111,2751.41,45.3279,0.0727047,-0.00534565,0.00363188,RACE,0.22,0.019749689824296143,0.019749689824296143,0.0202183296663434,0.0202183296663434,-0.016117809824296142,-0.0165864496663434,0.10400000000000001,0.0,42.0,0.0,0.0,4.983878512174952,0.0,150.622,0,216.0,216.0,7.00803,15.0683,23.3739,39.1737,66.3465,101.755,136.163,143.975,147.607,150.622,153.245,155.589,158.515,131.096,77.894,43.0514,24.759,15.6568,7.13499,17.626232,0.08977526309982672,0.0,0.0,,accelerate,0.01435057855013476,0.33200384615384615,0.0,2,1.264,0.0
112,2751.66,45.3144,0.0739949,-0.00576622,0.00399494,RACE,0.22,0.020875797168715682,0.020875797168715682,0.02136713645546027,0.02136713645546027,-0.016880857168715683,-0.01737219645546027,0.10400000000000001,0.0,42.0,0.0,0.0,5.434774953170422,0.0,150.234,0,216.0,216.0,7.00256,15.0447,23.3203,39.0312,65.954,100.852,135.524,143.538,147.202,150.234,152.87,155.222,158.157,161.134,78.4331,43.222,24.8185,15.682,7.14061,17.625152,0.09489391065845604,0.0,0.0,,accelerate,0.014882997524292365,0.332523076923077,0.0,2,1.284,0.0
113,2751.91,45.3226,0.0775102,-0.00621015,0.00437946,RACE,0.22,0.022026332025023607,0.022026332025023607,0.022540542196295504,0.022540542196295504,-0.01764687202502361,-0.018161082196295503,0.10400000000000001,0.0,42.0,0.0,0.0,5.88567139416589,0.0,149.838,0,216.0,216.0,6.99679,15.0199,23.2641,38.8821,65.5443,99.9158,134.832,143.088,146.786,149.838,152.486,154.848,157.794,160.776,79.0101,43.4034,24.8814,15.7086,7.14656,17.625808,0.10012359188071474,0.0,0.0,,accelerate,0.015434081063189657,0.3322076923076923,0.0,2,1.304,0.0
114,2752.16,45.5103,0.0801609,-0.00663358,0.00479136,RACE,0.22,0.02320434119572743,0.02320434119572743,0.023741912843458182,0.023741912843458182,-0.01841298119572743,-0.01895055284345818,0.10400000000000001,0.0,42.0,0.0,0.0,6.336567835161358,0.0,149.447,0,216.0,216.0,6.99097,14.9956,23.2096,38.739,65.155,99.0339,134.13,142.646,146.377,149.447,152.108,154.479,157.434,160.422,79.5715,43.5796,24.9429,15.7348,7.15255,17.640824000000002,0.10547815580887575,0.0,0.0,,accelerate,0.015955799426648865,0.3249884615384615,0.0,2,1.324,0.0
115,2752.42,45.7226,0.0850444,-0.00706321,0.00523071,RACE,0.22,0.024412977377963184,0.024412977377963184,0.02497403790720314,0.02497403790720314,-0.019182267377963184,-0.01974332790720314,0.10400000000000001,0.0,42.0,0.0,0.0,6.8055001337970396,0.0,149.053,0,216.0,216.0,6.98492,14.9707,23.154,38.5937,64.763,98.152,133.374,142.197,145.963,149.053,151.726,154.106,157.071,160.065,80.1506,43.7606,25.0061,15.7618,7.1588,17.657808,0.110971932822346,0.0,0.0,,accelerate,0.016497554625096174,0.316823076923077,0.0,2,1.344,0.0
116,2752.67,45.9299,0.0873353,-0.00750095,0.00569458,RACE,0.22,0.025652126547753312,0.025652126547753312,0.026237100343283533,0.026237100343283533,-0.01995754654775331,-0.02054252034328353,0.10400000000000001,0.0,42.0,0.0,0.0,7.256396574792508,0.0,148.654,0,216.0,216.0,6.97865,14.9452,23.0973,38.4464,64.367,97.268,132.544,141.74,145.544,148.654,151.34,153.73,156.705,159.706,80.7502,43.947,25.071,15.7896,7.16528,17.674392,0.11660440463256512,0.0,0.0,,accelerate,0.016999252456894046,0.30884999999999985,0.0,2,1.364,0.0
117,2752.93,46.132,0.0915094,-0.00795538,0.00618887,RACE,0.22,0.026921662700521064,0.026921662700521064,0.02753056672244224,0.02753056672244224,-0.020732792700521065,-0.02134169672244224,0.10400000000000001,0.0,42.0,0.0,0.0,7.725328873427369,0.0,148.247,0,216.0,216.0,6.97206,14.9185,23.0383,38.2937,63.9598,96.3631,131.58,141.271,145.115,148.247,150.947,153.347,156.334,159.342,81.3826,44.143,25.1392,15.8188,7.17211,17.69056,0.12237499849393976,0.0,0.0,,accelerate,0.01750883406466226,0.3010769230769232,0.0,2,1.384,0.0
118,2753.19,46.329,0.0964114,-0.00843603,0.00671377,RACE,0.22,0.02821996797981507,0.02821996797981507,0.028852950954048162,0.028852950954048162,-0.02150619797981507,-0.02213918095404816,0.10400000000000001,0.0,42.0,0.0,0.0,8.194261172063051,0.0,147.829,0,216.0,216.0,6.96508,14.8904,22.9761,38.1334,63.5342,95.4239,130.33,140.784,144.674,147.829,150.545,152.956,155.954,158.973,82.0625,44.3519,25.2117,15.8498,7.17936,17.70632,0.1282763605453873,0.0,0.0,,accelerate,0.018022661265837146,0.2935,0.0,2,1.404,0.0
119,2753.44,46.5208,0.0986595,-0.0089286,0.0072691,RACE,0.22,0.02954878583627798,0.02954878583627798,0.0302062443032146,0.0302062443032146,-0.022279685836277978,-0.0229371443032146,0.10400000000000001,0.0,42.0,0.0,0.0,8.645466800468226,0.0,147.405,0,216.0,216.0,6.95782,14.8614,22.9124,37.9699,63.1026,94.4785,128.628,140.288,144.225,147.405,150.138,152.56,155.571,158.6,82.7706,44.5683,25.2866,15.8819,7.18692,17.721664,0.13431641552820325,0.0,0.0,,accelerate,0.018483794712363288,0.2861230769230769,0.0,2,1.424,0.0
120,2753.7,46.7079,0.099784,-0.00942308,0.00785189,RACE,0.22,0.030905812388560022,0.030905812388560022,0.03158762799422891,0.03158762799422891,-0.023053922388560022,-0.023735737994228907,0.10400000000000001,0.0,42.0,0.0,0.0,9.116849974911734,0.0,146.979,0,216.0,216.0,6.95036,14.8319,22.848,37.8058,62.6724,93.5439,126.926,139.785,143.773,146.979,149.728,152.162,155.185,158.225,83.4958,44.7888,25.363,15.9146,7.19471,17.736632,0.14048469129982968,0.0,0.0,,accelerate,0.01889812326180034,0.278926923076923,0.0,2,1.444,0.0
121,2753.96,46.8903,0.103377,-0.00993616,0.00846834,RACE,0.22,0.03229132515586793,0.03229132515586793,0.032545504659333334,0.032545504659333334,-0.023822985155867935,-0.024077164659333336,0.10400000000000001,0.0,42.0,0.0,0.0,9.588233149356068,0.0,146.544,0,216.0,216.0,6.94255,14.8013,22.7813,37.6364,62.2314,92.5912,125.206,139.266,143.31,146.544,149.31,151.757,154.793,157.845,84.2619,45.0202,25.4429,15.9488,7.20287,17.751224,0.14678244930573808,0.0,0.0,,accelerate,0.019090961131211857,0.27191153846153837,0.0,2,1.464,0.0
122,2754.22,47.0683,0.105085,-0.0104616,0.00911522,RACE,0.22,0.032726754659333335,0.032726754659333335,0.032726754659333335,0.032726754659333335,-0.023611534659333334,-0.023611534659333334,0.10400000000000001,0.0,42.0,0.0,0.0,10.059616323799576,0.0,146.102,0,216.0,216.0,6.93445,14.7698,22.7128,37.4637,61.7846,91.632,123.485,138.735,142.839,146.102,148.887,151.347,154.397,157.46,85.0615,45.2603,25.5256,15.9843,7.21136,17.765464,0.15320858321875142,0.0,0.0,,accelerate,0.01872596417764237,0.0,0.0016261904761904927,2,1.484,0.0
123,2754.48,47.0805,0.105072,-0.0110224,0.00979261,RACE,0.22,0.03290835188155556,0.03290835188155556,0.03290835188155556,0.03290835188155556,-0.02311574188155556,-0.02311574188155556,0.10400000000000001,0.0,42.0,0.0,0.0,10.53099949824391,0.0,145.646,0,216.0,216.0,6.9259,14.7365,22.6405,37.2813,61.3149,90.6308,121.701,138.178,142.35,145.646,148.452,150.927,153.991,157.067,85.9303,45.5183,25.614,16.022,7.22034,17.76644,0.15974933488678225,0.0,0.0,,accelerate,0.0180770926771157,0.0,0.0019166666666666828,2,1.504,0.0
124,2754.75,47.0574,0.100704,-0.0116075,0.0104945,RACE,0.22,0.03308994910377778,0.03308994910377778,0.03308994910377778,0.03308994910377778,-0.022595449103777778,-0.022595449103777778,0.10400000000000001,0.0,42.0,0.0,0.0,11.020512794781812,0.0,145.18,0,216.0,216.0,6.91704,14.702,22.5655,37.0929,60.8321,89.6083,119.892,137.601,141.848,145.18,148.008,150.499,153.579,156.669,86.8527,45.7899,25.7066,16.0614,7.22968,17.764592,0.16639013828509788,0.0,0.0,,accelerate,0.017202322866084762,0.0,0.001366666666666696,2,1.524,0.0
125,2755.01,47.0369,0.0954431,-0.0121716,0.0112268,RACE,0.22,0.033271546326,0.033271546326,0.033271546326,0.033271546326,-0.022044746325999995,-0.022044746325999995,0.10400000000000001,0.0,42.0,0.0,0.0,11.491895969226144,0.0,144.72,0,216.0,216.0,6.90811,14.668,22.4924,36.9107,60.3698,88.6378,118.189,137.028,141.353,144.72,147.57,150.076,153.172,156.275,87.766,46.0572,25.7978,16.1005,7.2391,17.762952,0.173128638587904,0.0,0.0,,accelerate,0.016198959957157293,0.0,0.0008785714285714956,2,1.544,0.0
126,2755.27,47.017,0.0900659,-0.0127061,0.0119806,RACE,0.22,0.033452935214888894,0.033452935214888894,0.033452935214888894,0.033452935214888894,-0.021472335214888894,-0.021472335214888894,0.10400000000000001,0.0,42.0,0.0,0.0,11.963279143669652,0.0,144.269,0,216.0,216.0,6.89925,14.6349,22.422,36.7374,59.9339,87.7307,116.61,136.466,140.867,144.269,147.139,149.66,152.771,155.886,88.6519,46.3156,25.8863,16.1386,7.24847,17.76136,0.17995458726943747,0.0,0.0,,accelerate,0.01513424818018938,0.0,0.0004047619047619765,2,1.564,0.0
127,2755.53,46.9996,0.0847139,-0.0132087,0.0127496,RACE,0.22,0.03363432410377778,0.03363432410377778,0.03363432410377778,0.03363432410377778,-0.02088472410377778,-0.02088472410377778,0.10400000000000001,0.0,42.0,0.0,0.0,12.434662318113986,0.0,143.828,0,216.0,216.0,6.89051,14.6031,22.3549,36.5734,59.5259,86.8889,115.156,135.915,140.393,143.828,146.718,149.252,152.377,155.504,89.5061,46.5636,25.9714,16.1755,7.25771,17.759968,0.18687331266650878,0.0,0.0,,accelerate,0.01404563463208163,0.22,0.0,2,1.584,0.0
128,2755.79,47.1154,0.0803463,-0.0136502,0.0135429,RACE,0.22,0.03381571299266667,0.03381571299266667,0.03381571299266667,0.03381571299266667,-0.02027281299266667,-0.02027281299266667,0.10400000000000001,0.0,42.0,0.0,0.0,12.906045492557496,0.0,143.407,0,216.0,216.0,6.88201,14.5734,22.2934,36.4258,59.1638,86.1499,113.89,135.396,139.942,143.407,146.314,148.86,151.997,155.134,90.2797,46.7891,26.0497,16.2099,7.2667,17.769232,0.1938824680485926,0.0,0.0,,accelerate,0.012952376307351684,0.0,0.002747619047619073,2,1.604,0.0
129,2756.05,47.1193,0.0757795,-0.0140565,0.0143547,RACE,0.22,0.03399765743711111,0.03399765743711111,0.03399765743711111,0.03399765743711111,-0.019642957437111114,-0.019642957437111114,0.10400000000000001,0.0,42.0,0.0,0.0,13.377428667001828,0.0,142.997,0,216.0,216.0,6.87363,14.545,22.2352,36.288,58.8294,85.4734,112.74,134.893,139.506,142.997,145.92,148.477,151.624,154.77,91.0097,47.0019,26.124,16.2429,7.27556,17.769544,0.2010015769127682,0.0,0.0,,accelerate,0.011877350690701623,0.0,0.002840476190476253,2,1.624,0.0
130,2756.31,47.0933,0.0698574,-0.0144561,0.0151786,RACE,0.22,0.03417925465933334,0.03417925465933334,0.03417925465933334,0.03417925465933334,-0.019000654659333337,-0.019000654659333337,0.10400000000000001,0.0,42.0,0.0,0.0,13.848811841445336,0.0,142.59,0,216.0,216.0,6.86522,14.5167,22.1777,36.1524,58.5025,84.8159,111.627,134.391,139.071,142.59,145.528,148.095,151.253,154.408,91.7404,47.2136,26.1981,16.2759,7.28446,17.767464,0.20819310971874075,0.0,0.0,,accelerate,0.010786770161753112,0.0,0.002221428571428554,2,1.644,0.0
131,2756.58,47.0698,0.064013,-0.0148271,0.0160141,RACE,0.22,0.034360990770444445,0.034360990770444445,0.034360990770444445,0.034360990770444445,-0.018346890770444445,-0.018346890770444445,0.10400000000000001,0.0,42.0,0.0006448976652399336,0.0009644464142366713,14.340521273749223,0.0,142.192,0,216.0,216.0,6.85692,14.4895,22.1229,36.0245,58.1969,84.2068,110.602,133.902,138.647,142.192,145.145,147.721,150.889,154.052,92.4347,47.4152,26.269,16.3077,7.29324,17.765584,0.21547380959176232,0.0,0.0,,accelerate,0.009768893430310815,0.0,0.0016619047619047798,2,1.664,0.0
132,2756.84,47.0469,0.0583508,-0.0151666,0.0168685,RACE,0.22,0.034542379659333336,0.034542379659333336,0.034542379659333336,0.034542379659333336,-0.017673879659333334,-0.017673879659333334,0.10400000000000001,0.0,42.0,0.0015596461265732183,0.002332455512444784,14.815019534386442,0.0,141.805,0,216.0,216.0,6.84871,14.4633,22.0708,35.9047,57.9147,83.6477,109.67,133.43,138.237,141.805,144.771,147.356,150.532,153.703,93.0874,47.6052,26.3365,16.3383,7.30193,17.763752,0.22282170681237803,0.0,0.0,,accelerate,0.00882676760680363,0.0,0.0011166666666666864,2,1.684,0.0
133,2757.1,47.0264,0.0528204,-0.0154746,0.0177229,RACE,0.22,0.03472383799266667,0.03472383799266667,0.03472383799266667,0.03472383799266667,-0.017000937992666672,-0.017000937992666672,0.10400000000000001,0.0,42.0,0.002474394587904903,0.003700464610650504,15.289517795022832,0.0,141.429,0,216.0,216.0,6.84071,14.4385,22.0219,35.7938,57.6558,83.1407,108.829,132.977,137.841,141.429,144.407,147.0,150.183,153.36,93.6924,47.7821,26.3999,16.3675,7.31038,17.762112000000002,0.23025114401194724,0.0,0.0,,accelerate,0.007940795485267505,0.0,0.0006285714285714862,2,1.704,0.0
134,2757.36,47.0065,0.0473645,-0.0157502,0.0185926,RACE,0.22,0.034905226881555555,0.034905226881555555,0.034905226881555555,0.034905226881555555,-0.016312626881555554,-0.016312626881555554,0.10400000000000001,0.0,42.0,0.003389143049238188,0.005068473708858616,15.76401605566005,0.0,141.065,0,216.0,216.0,6.83283,14.4147,21.976,35.6911,57.4197,82.682,108.072,132.544,137.458,141.065,144.052,146.652,149.842,153.024,94.2501,47.9463,26.4596,16.3953,7.31871,17.76052,0.23775408719208893,0.0,0.0,,accelerate,0.007093681130181745,0.0,0.000154761904761967,2,1.724,0.0
135,2757.62,46.989,0.0419535,-0.0159934,0.0194776,RACE,0.22,0.035086615770444446,0.035086615770444446,0.035086615770444446,0.035086615770444446,-0.015609015770444445,-0.015609015770444445,0.10400000000000001,0.0,42.0,0.004303891510569873,0.006436482807064336,16.238514316296442,0.0,140.712,0,216.0,216.0,6.82506,14.392,21.9328,35.5965,57.2057,82.2702,107.4,132.13,137.09,140.712,143.708,146.313,149.509,152.695,94.7586,48.0976,26.5155,16.4217,7.32691,17.75912,0.24533101797005033,0.0,0.0,,accelerate,0.006276834728753981,0.22,0.0,2,1.744,0.0
136,2757.88,47.1029,0.0370267,-0.0161918,0.0203625,RACE,0.22,0.03526807410377778,0.03526807410377778,0.03526807410377778,0.03526807410377778,-0.014905574103777783,-0.014905574103777783,0.10400000000000001,0.0,42.0,0.0052186399719031575,0.007804491905272448,16.71301257693366,0.0,140.377,0,216.0,216.0,6.81759,14.3712,21.8941,35.5138,57.0226,81.9244,106.839,131.749,136.743,140.377,143.378,145.987,149.186,152.375,95.1906,48.2289,26.5654,16.446,7.33477,17.768232,0.25298253127805487,0.0,0.0,,accelerate,0.005491171675053461,0.0,0.0024499999999999574,2,1.764,0.0
137,2758.14,47.109,0.0319923,-0.0163568,0.0212475,RACE,0.22,0.03544981021488889,0.03544981021488889,0.03544981021488889,0.03544981021488889,-0.01420231021488889,-0.01420231021488889,0.10400000000000001,0.0,42.0,0.006133388433234842,0.009172501003478169,17.18751083757005,0.0,140.053,0,216.0,216.0,6.81034,14.3516,21.8586,35.4396,56.8623,81.6249,106.36,131.39,136.411,140.053,143.059,145.67,148.871,152.062,95.5669,48.346,26.6109,16.4686,7.34239,17.768720000000002,0.2607152619995441,0.0,0.0,,accelerate,0.004752825802352079,0.0,0.0025952380952381374,2,1.784,0.0
138,2758.41,47.0836,0.0294034,-0.0165194,0.0221324,RACE,0.22,0.03563133799266667,0.03563133799266667,0.03563133799266667,0.03563133799266667,-0.01349893799266667,-0.01349893799266667,0.10400000000000001,0.0,42.0,0.007083319527695468,0.010593125836231457,17.680259031308253,0.0,139.73,0,216.0,216.0,6.80312,14.3322,21.8234,35.3664,56.7041,81.3316,105.89,131.033,136.08,139.73,142.74,145.353,148.557,151.75,95.9413,48.462,26.6561,16.4911,7.34998,17.766688,0.26850621224125926,0.0,0.0,,accelerate,0.0040983953173525075,0.0,0.0019904761904761194,2,1.804,0.0
139,2758.67,47.0601,0.0250279,-0.0166643,0.0230174,RACE,0.22,0.03581314354822222,0.03581314354822222,0.03581314354822222,0.03581314354822222,-0.012795743548222223,-0.012795743548222223,0.10400000000000001,0.0,42.0,0.007998067989028752,0.01196113493443957,18.154757291945472,0.0,139.414,0,216.0,216.0,6.79601,14.3136,21.7899,35.2978,56.5584,81.0629,105.465,130.688,135.758,139.414,142.427,145.042,148.247,151.441,96.286,48.5702,26.699,16.5127,7.35745,17.764808,0.27637392417354045,0.0,0.0,,accelerate,0.0034592132894363243,0.0,0.0014309523809523448,2,1.824,0.0
140,2758.93,47.0396,0.0200551,-0.0167792,0.0239023,RACE,0.22,0.035994532437111114,0.035994532437111114,0.035994532437111114,0.035994532437111114,-0.012092232437111113,-0.012092232437111113,0.08199999999999999,0.0,42.0,0.008912816450360437,0.01332914403264529,18.629255552581863,0.0,139.109,0,216.0,216.0,6.7891,14.2961,21.7593,35.2368,56.4321,80.8356,105.109,130.366,135.45,139.109,142.123,144.74,147.945,151.139,96.5779,48.665,26.7378,16.5328,7.36469,17.763168,0.2842859193334349,0.0,0.0,,accelerate,0.002834838311331642,0.0,0.0009428571428571448,2,1.844,0.0
141,2759.19,47.0197,0.0179455,-0.0168799,0.0247994,RACE,0.22,0.036175921326,0.036175921326,0.036175921326,0.036175921326,-0.011376521325999998,-0.011376521325999998,0.08199999999999999,0.0,42.0,0.009827564911693723,0.014697153130853404,19.103753813219083,0.0,138.81,0,216.0,216.0,6.7822,14.279,21.7298,35.1791,56.3149,80.6272,104.784,130.055,135.148,138.81,141.825,144.441,147.646,150.84,96.8461,48.7542,26.775,16.5524,7.37191,17.761576,0.2922578091298079,0.0,0.0,,accelerate,0.0022767386619583986,0.0,0.00046904761904762555,2,1.864,0.0
142,2759.45,47.0022,0.0138826,-0.0169609,0.025715,RACE,0.22040084442214233,0.03635737965933334,0.03635737965933334,0.03635737965933334,0.03635737965933334,-0.010642379659333342,-0.010642379659333342,0.08199999999999999,0.0,42.0,0.010052144846966529,0.01570338641913376,19.579214818530986,0.0,138.518,0,216.0,216.0,6.7753,14.2624,21.7018,35.1258,56.2099,80.4439,104.505,129.758,134.856,138.518,141.532,144.148,147.352,150.545,97.0811,48.835,26.8101,16.5713,7.37911,17.760176,0.3002903316100742,0.0,0.0,,accelerate,0.0016321967071274788,0.0,5.238095238099946e-05,2,1.884,0.0
143,2759.71,46.9852,0.0121802,-0.0170291,0.0266304,RACE,0.22203694410436497,0.036538421326,0.036538421326,0.036538421326,0.036538421326,-0.009908021326,-0.009908021326,0.08199999999999999,0.0,42.0,0.008149878916207077,0.015594759558454612,20.057642649272363,0.0,138.231,0,216.0,216.0,6.76849,14.2463,21.675,35.0757,56.1128,80.278,104.253,129.471,134.57,138.231,141.244,143.858,147.061,150.254,97.2932,48.9102,26.8434,16.5896,7.38622,17.758816,0.30835946393844804,0.0,0.0,,accelerate,0.000724471635483123,0.22,0.0,2,1.904,0.0
144,2759.97,47.0977,0.00846004,-0.0170739,0.0275459,RACE,0.22367304378658476,0.036720018548222225,0.036720018548222225,0.036720018548222225,0.036720018548222225,-0.009174118548222223,-0.009174118548222223,0.10400000000000001,0.0,42.0,0.006247612985450951,0.015486132697775656,20.536070480012906,0.0,137.952,0,216.0,216.0,6.76183,14.2312,21.6504,35.0315,56.0315,80.1434,104.057,129.202,134.295,137.952,140.963,143.575,146.776,149.967,97.4626,48.9746,26.8736,16.6067,7.39315,17.767816,0.3165062537918733,0.0,0.0,,accelerate,-0.0003549629453724841,0.0,0.0023261904761905533,2,1.924,0.0
145,2760.24,47.1038,0.00386982,-0.0170887,0.0284461,RACE,0.2253720703796606,0.03690175465933333,0.03690175465933333,0.03690175465933333,0.03690175465933333,-0.008455654659333334,-0.008455654659333334,0.10400000000000001,0.0,42.0,0.004272182980433312,0.015373327880916644,21.032899381166967,0.0,137.685,0,216.0,216.0,6.75547,14.2174,21.629,34.9954,55.9701,80.0497,103.927,128.956,134.034,137.685,140.691,143.3,146.498,149.686,97.5753,49.0244,26.8991,16.622,7.39974,17.768304,0.32470995665384483,0.0,0.0,,accelerate,-0.0015208867324167591,0.0,0.0024714285714285637,2,1.944,0.0
146,2760.5,47.0807,-0.00432251,-0.0170577,0.029331,RACE,0.22700817006188326,0.03708335188155556,0.03708335188155556,0.03708335188155556,0.03708335188155556,-0.007752351881555559,-0.007752351881555559,0.10400000000000001,0.0,42.0,0.0023699170496738597,0.0152647010202375,21.511327211908345,0.0,137.435,0,216.0,216.0,6.74952,14.2057,21.6122,34.9712,55.9391,80.0176,103.902,128.744,133.796,137.435,140.434,143.038,146.231,149.415,97.602,49.0521,26.918,16.6347,7.40587,17.766456,0.33295567710255697,0.0,0.0,,accelerate,-0.002767975114504603,0.0,0.0019214285714285765,2,1.964,0.0
147,2760.76,47.0578,-0.0107547,-0.0169805,0.030216,RACE,0.2286442697441059,0.03726487965933334,0.03726487965933334,0.03726487965933334,0.03726487965933334,-0.007048879659333339,-0.007048879659333339,0.10400000000000001,0.0,42.0,0.0004676511189144073,0.015156074159558353,21.989755042649726,0.0,137.202,0,216.0,216.0,6.74387,14.1957,21.5997,34.9586,55.9374,80.0464,103.978,128.567,133.579,137.202,140.192,142.79,145.975,149.154,97.5432,49.0584,26.9305,16.645,7.41164,17.764624,0.34124413152866606,0.0,0.0,,accelerate,-0.004013970201023509,0.0,0.0013761904761904833,2,1.984,0.0
148,2761.05,47.0353,-0.0169191,-0.016856,0.0311681,RACE,0.23046915015889097,0.03746446299266667,0.03746446299266667,0.03746446299266667,0.03746446299266667,-0.006296362992666667,-0.006296362992666667,0.10400000000000001,0.0,42.0,-0.0016541070346229366,0.015034913430339423,22.52338608462998,0.0,136.961,0,216.0,216.0,6.73806,14.1867,21.5901,34.9552,55.9625,80.1315,104.153,128.401,133.359,136.961,139.939,142.527,145.704,148.875,97.4041,49.0461,26.9382,16.654,7.41754,17.762824000000002,0.3504071375373606,0.0,0.0,,accelerate,-0.00530117287713505,0.0,0.0008404761904761772,2,2.006,0.0
149,2761.33,47.0134,-0.0226343,-0.0166953,0.0321079,RACE,0.23223110366281996,0.03766397688155556,0.03766397688155556,0.03766397688155556,0.03766397688155556,-0.005556076881555558,-0.005556076881555558,0.10400000000000001,0.0,42.0,-0.003702701113898761,0.014917930657300547,23.03861605619672,0.0,136.734,0,216.0,216.0,6.73257,14.1792,21.5842,34.9616,56.0118,80.2668,104.413,128.258,133.155,136.734,139.697,142.275,145.442,148.604,97.1982,49.0163,26.9406,16.661,7.42307,17.761072,0.3596164189386145,0.0,0.0,,accelerate,-0.00658363927747518,0.0,0.0003190476190475522,2,2.028,0.0
150,2761.62,46.9941,-0.0314361,-0.0164788,0.0330265,RACE,0.23405598407760503,0.03786356021488889,0.03786356021488889,0.03786356021488889,0.03786356021488889,-0.004837060214888889,-0.004837060214888889,0.10400000000000001,0.0,42.0,-0.005824459267436103,0.014796769928081616,23.572247098176973,0.0,136.526,0,216.0,216.0,6.72759,14.1742,21.5841,34.9826,56.0987,80.479,104.802,128.153,132.977,136.526,139.472,142.039,145.193,148.346,96.8902,48.9599,26.9347,16.6647,7.42801,17.759528,0.3688752614470618,0.0,0.0,,accelerate,-0.007912134262799742,0.22,0.0,2,2.05,0.0
151,2761.91,47.118,-0.0385892,-0.0162304,0.0339297,RACE,0.23588086449239007,0.038063143548222225,0.038063143548222225,0.038063143548222225,0.038063143548222225,-0.004133443548222225,-0.004133443548222225,0.10400000000000001,0.0,42.0,-0.007946217420973447,0.014675609198862684,24.105878140157227,0.0,136.33,0,216.0,216.0,6.72292,14.1706,21.5873,35.0122,56.2077,80.7378,105.271,128.065,132.811,136.33,139.257,141.811,144.952,148.093,96.5257,48.888,26.9239,16.6666,7.43259,17.76944,0.378177341925007,0.0,0.0,,accelerate,-0.009231100509687274,0.0,0.00280952380952386,2,2.072,0.0
152,2762.2,47.1192,-0.0448277,-0.0159462,0.0348024,RACE,0.2377057449071751,0.038263143548222224,0.038263143548222224,0.038263143548222224,0.038263143548222224,-0.003460743548222227,-0.003460743548222227,0.08199999999999999,0.0,42.0,-0.010067975574510788,0.014554448469643754,24.63950918213748,0.0,136.145,0,216.0,216.0,6.7187,14.1689,21.5945,35.0521,56.3426,81.0492,105.832,127.996,132.661,136.145,139.052,141.592,144.718,147.848,96.098,48.7988,26.9076,16.6662,7.43668,17.769536,0.38753907757295963,0.0,0.0,,accelerate,-0.01050852812569737,0.0,0.0028380952380952216,2,2.094,0.0
153,2762.48,47.0905,-0.0533416,-0.0155919,0.0356508,RACE,0.23875989128616815,0.03846307410377778,0.03846307410377778,0.03846307410377778,0.03846307410377778,-0.0028122741037777746,-0.0028122741037777746,0.08199999999999999,0.0,42.0,-0.010958445646428354,0.013889121692589518,24.94682712828229,0.0,135.985,0,216.0,216.0,6.7151,14.1703,21.6089,35.1107,56.526,81.4611,106.565,127.968,132.54,135.985,138.869,141.392,144.502,147.617,95.549,48.6773,26.8811,16.6618,7.44006,17.76724,0.3969346774337456,0.0,0.0,,accelerate,-0.011633084781041178,0.0,0.0021547619047618738,2,2.116,0.0
154,2762.77,47.0647,-0.0597742,-0.0151876,0.0364655,RACE,0.2386148670346211,0.038662796326000004,0.038662796326000004,0.038662796326000004,0.038662796326000004,-0.002197296326000006,-0.002197296326000006,0.08199999999999999,0.0,42.0,-0.009857017982939665,0.01224185960862927,24.90181625689912,0.0,135.842,0,216.0,216.0,6.71206,14.1742,21.6289,35.1838,56.7466,81.9518,107.435,127.964,132.439,135.842,138.7,141.205,144.297,147.397,94.917,48.532,26.8469,16.6543,7.44281,17.765176,0.4063544003851519,0.0,0.0,,accelerate,-0.012377460134133888,0.0,0.0015404761904762375,2,2.138,0.0
155,2763.06,47.0395,-0.0622984,-0.0147651,0.0372528,RACE,0.23846984278307404,0.03886231021488889,0.03886231021488889,0.03886231021488889,0.03886231021488889,-0.001609510214888886,-0.001609510214888886,0.08199999999999999,0.0,42.0,-0.008755590319450975,0.010594597524669023,24.856805385515955,0.0,135.704,0,216.0,216.0,6.70932,14.1792,21.6512,35.2628,56.9824,82.4766,108.366,127.963,132.343,135.704,138.536,141.023,144.096,147.18,94.2608,48.3785,26.8097,16.6454,7.44522,17.76316,0.4157950126160419,0.0,0.0,,accelerate,-0.012850703953986492,0.0,0.0009404761904761134,2,2.16,0.0
156,2763.35,47.017,-0.0666566,-0.0143197,0.0380096,RACE,0.23832481853152698,0.039061893548222225,0.039061893548222225,0.039061893548222225,0.039061893548222225,-0.0010522935482222273,-0.0010522935482222273,0.10400000000000001,0.0,42.0,-0.007654162655962285,0.008947335440708776,24.81179451413279,0.0,135.573,0,216.0,216.0,6.70695,14.1856,21.6765,35.3492,57.2383,83.0437,109.376,127.967,132.254,135.573,138.378,140.846,143.9,146.968,93.5733,48.2149,26.7689,16.635,7.44724,17.76136,0.42526650003703426,0.0,0.0,,accelerate,-0.013204869471016331,0.0,0.0004047619047619765,2,2.182,0.0
157,2763.63,46.9978,-0.0683519,-0.013861,0.0387389,RACE,0.23818479511624005,0.039261407437111116,0.039261407437111116,0.039261407437111116,0.039261407437111116,-0.0005225074371111166,-0.0005225074371111166,0.10400000000000001,0.0,42.0,-0.006590715256730932,0.007356875497573406,24.768335741762797,0.0,135.445,0,216.0,216.0,6.70485,14.1929,21.7039,35.4409,57.5078,83.642,110.444,127.97,132.168,135.445,138.223,140.672,143.707,146.759,92.8721,48.0452,26.7256,16.6235,7.44896,17.759824000000002,0.4347591477427676,0.0,0.0,,accelerate,-0.013435527767860564,0.22,0.0,2,2.204,0.0
158,2763.92,47.12,-0.0700549,-0.0134295,0.0394438,RACE,0.238039770864693,0.039461129659333335,0.039461129659333335,0.039461129659333335,0.039461129659333335,-1.7329659333334413e-05,-1.7329659333334413e-05,0.10400000000000001,0.0,42.0,-0.0054892875932422425,0.00570961341361316,24.72332487037963,0.0,135.305,0,216.0,216.0,6.70275,14.1995,21.7292,35.5268,57.7628,84.2121,111.467,127.95,132.068,135.305,138.059,140.49,143.506,146.543,92.2246,47.8878,26.6856,16.613,7.45071,17.7696,0.4442830684428846,0.0,0.0,,accelerate,-0.013601288396620696,0.0,0.0028571428571427964,2,2.226,0.0
159,2764.21,47.1211,-0.0741926,-0.0129784,0.0401152,RACE,0.23789474661314594,0.03966119910377778,0.03966119910377778,0.03966119910377778,0.03966119910377778,0.0004540008962222175,0.0004540008962222175,0.10400000000000001,0.0,42.0,-0.004387859929753553,0.004062351329652911,24.67831399899646,0.0,135.17,0,216.0,216.0,6.70101,14.2074,21.7574,35.6199,58.0365,84.8238,112.568,127.934,131.972,135.17,137.899,140.312,143.31,146.33,91.5525,47.7213,26.6423,16.6009,7.45206,17.769688,0.45384183282281754,0.0,0.0,,accelerate,-0.013752434014877708,0.0,0.002883333333333296,2,2.248,0.0
160,2764.5,47.0924,-0.0749285,-0.0124887,0.0407559,RACE,0.2377497223615989,0.03986112965933333,0.03986112965933333,0.03986112965933333,0.03986112965933333,0.0008947703406666646,0.0008947703406666646,0.10400000000000001,0.0,42.0,-0.0032864322662648614,0.002415089245692663,24.633303127613296,0.0,135.047,0,216.0,216.0,6.69973,14.2173,21.79,35.7246,58.3418,85.5053,113.798,127.931,131.889,135.047,137.749,140.144,143.121,146.125,90.8279,47.5386,26.5933,16.5866,7.45291,17.767392,0.4634091012228314,0.0,0.0,,accelerate,-0.013800078566973958,0.0,0.002199999999999948,2,2.27,0.0
161,2764.78,47.0666,-0.0750427,-0.0119937,0.0413692,RACE,0.23760969894631195,0.04006085188155555,0.04006085188155555,0.04006085188155555,0.04006085188155555,0.0013083481184444495,0.0013083481184444495,0.10400000000000001,0.0,42.0,-0.00222298486703351,0.0008246293025572955,24.589844355243304,0.0,134.924,0,216.0,216.0,6.69868,14.2279,21.8239,35.8327,58.6564,86.2102,115.075,127.924,131.806,134.924,137.6,139.976,142.934,145.921,90.1036,47.3538,26.5432,16.5715,7.45352,17.765328,0.47297837392002196,0.0,0.0,,accelerate,-0.013772237066787377,0.0,0.001585714285714312,2,2.292,0.0
162,2765.07,47.0414,-0.0750429,-0.0114978,0.0419551,RACE,0.2374646746947649,0.04026057410377778,0.04026057410377778,0.04026057410377778,0.04026057410377778,0.0016945258962222237,0.0016945258962222237,0.10400000000000001,0.0,42.0,-0.0011215572035448203,-0.0008226327814029512,24.54483348386014,0.0,134.799,0,216.0,216.0,6.69784,14.2389,21.8588,35.943,58.9777,86.9324,116.391,127.911,131.72,134.799,137.451,139.808,142.746,145.717,89.3885,47.1688,26.4924,16.556,7.45393,17.763312,0.4825564803106262,0.0,0.0,,accelerate,-0.01368640689879095,0.0,0.0009857142857143569,2,2.314,0.0
163,2765.36,47.019,-0.0750375,-0.0110009,0.0425105,RACE,0.23731965044321784,0.04046008799266667,0.04046008799266667,0.04046008799266667,0.04046008799266667,0.00205041200733333,0.00205041200733333,0.10400000000000001,0.0,42.0,-2.01295400561307e-05,-0.002469894865363198,24.499822612476972,0.0,134.674,0,216.0,216.0,6.69721,14.2505,21.8945,36.0552,59.3047,87.6706,117.742,127.891,131.632,134.674,137.3,139.639,142.558,145.512,88.6814,46.9841,26.4411,16.5401,7.45412,17.76152,0.49213028885534993,0.0,0.0,,accelerate,-0.013554137121675046,0.0,0.0004523809523809131,2,2.336,0.0
164,2765.65,46.9998,-0.0750447,-0.0105045,0.0430384,RACE,0.23717472618410482,0.040659671326000006,0.040659671326000006,0.040659671326000006,0.040659671326000006,0.0023787286739999913,0.0023787286739999913,0.10400000000000001,0.0,42.0,0.0,-0.0025,24.45728920256888,0.0,134.546,0,216.0,216.0,6.69677,14.2625,21.9311,36.1695,59.6379,88.4256,118.738,127.866,131.54,134.546,137.148,139.469,142.37,145.308,87.9846,46.7995,26.3892,16.5237,7.4541,17.759984,0.5017099970369121,0.0,0.0,,accelerate,-0.013482470462839015,0.22,0.0,2,2.358,0.0
165,2765.93,47.1217,-0.0728332,-0.0100592,0.0435418,RACE,0.2370348011105165,0.04085939354822222,0.04085939354822222,0.04085939354822222,0.04085939354822222,0.00268240645177778,0.00268240645177778,0.10400000000000001,0.0,42.0,0.0,-0.0025,24.416266992239773,0.0,134.401,0,216.0,216.0,6.69616,14.2728,21.9633,36.2715,59.9382,89.1115,119.269,127.81,131.427,134.401,136.981,139.285,142.169,145.092,87.3717,46.6369,26.3438,16.5096,7.45431,17.769736,0.5112958123730508,0.0,0.0,,accelerate,-0.013399759262633587,0.0,0.002897619047618977,2,2.38,0.0
166,2766.22,47.1229,-0.0722208,-0.00962621,0.0440179,RACE,0.23688987871287134,0.04105946299266667,0.04105946299266667,0.04105946299266667,0.04105946299266667,0.0029584370073333296,0.0029584370073333296,0.10400000000000001,0.0,42.0,0.0,-0.0025,24.37377970297031,0.0,134.249,0,216.0,216.0,6.69567,14.2831,21.995,36.3717,60.2338,89.7897,119.641,127.744,131.307,134.249,136.809,139.097,141.964,144.873,86.7835,46.4796,26.2995,16.4957,7.45442,17.769832,0.5208945900272592,0.0,0.0,,accelerate,-0.013332967414702357,0.0,0.002926190476190508,2,2.402,0.0
167,2766.51,47.0942,-0.0710874,-0.00916988,0.0444725,RACE,0.23674495631522596,0.04125932410377778,0.04125932410377778,0.04125932410377778,0.04125932410377778,0.00321317589622222,0.00321317589622222,0.10400000000000001,0.0,42.0,0.0,-0.0025,24.33129241370078,0.0,134.104,0,216.0,216.0,6.69548,14.2947,22.0297,36.48,60.5523,90.5219,119.955,127.684,131.193,134.104,136.642,138.915,141.764,144.658,86.1695,46.3129,26.2518,16.4803,7.4542,17.767536,0.5304765309487014,0.0,0.0,,accelerate,-0.013244618243895528,0.0,0.00224285714285716,2,2.424,0.0
168,2766.8,47.0684,-0.070395,-0.00871021,0.0449058,RACE,0.2366000339175808,0.041459046326,0.041459046326,0.041459046326,0.041459046326,0.0034467536740000054,0.0034467536740000054,0.10400000000000001,0.0,42.0,0.0,-0.0025,24.288805124431317,0.0,133.959,0,216.0,216.0,6.69547,14.3068,22.0654,36.5909,60.8784,91.2755,120.211,127.622,131.079,133.959,136.476,138.733,141.565,144.444,85.5568,46.145,26.2033,16.4645,7.45381,17.765472,0.5400418460631039,0.0,0.0,,accelerate,-0.01314217002880131,0.0,0.001628571428571355,2,2.446,0.0
169,2767.09,47.0432,-0.0700287,-0.00824958,0.0453086,RACE,0.23645511151993565,0.04165876854822222,0.04165876854822222,0.04165876854822222,0.04165876854822222,0.003649831451777774,0.003649831451777774,0.10400000000000001,0.0,42.0,0.0,-0.0025,24.246317835161854,0.0,133.813,0,216.0,216.0,6.69568,14.3193,22.102,36.7039,61.2111,92.0463,120.42,127.556,130.963,133.813,136.309,138.55,141.366,144.23,84.9502,45.977,26.1542,16.4482,7.45318,17.763456,0.5495940642194788,0.0,0.0,,accelerate,-0.013023093778261068,0.0,0.0010285714285714,2,2.468,0.0
170,2767.37,47.0207,-0.0698528,-0.00778848,0.0456839,RACE,0.23631518644634733,0.041858282437111115,0.041858282437111115,0.041858282437111115,0.041858282437111115,0.0038256175628888847,0.0038256175628888847,0.10400000000000001,0.0,42.0,0.0,-0.0025,24.205295624832747,0.0,133.666,0,216.0,216.0,6.69609,14.3324,22.1395,36.819,61.5498,92.8336,120.594,127.487,130.845,133.666,136.142,138.367,141.166,144.016,84.3497,45.8091,26.1046,16.4315,7.45237,17.761656,0.5591201151853188,0.0,0.0,,accelerate,-0.012885553600039987,0.0,0.0004928571428570939,2,2.49,0.0
171,2767.66,47.0015,-0.0697794,-0.00732738,0.0460347,RACE,0.23617026404870217,0.042057865770444444,0.042057865770444444,0.042057865770444444,0.042057865770444444,0.003976834229555554,0.003976834229555554,0.10400000000000001,0.0,42.0,0.0,-0.0025,24.162808335563284,0.0,133.518,0,216.0,216.0,6.69666,14.3459,22.1777,36.9356,61.8942,93.6384,120.738,127.413,130.725,133.518,135.973,138.183,140.966,143.801,83.7562,45.6412,26.0546,16.4145,7.45138,17.76012,0.5686301528147045,0.0,0.0,,accelerate,-0.012728489021690402,0.0,3.5714285714287086e-05,2,2.512,0.0
172,2767.95,46.9828,-0.0697506,-0.00686676,0.0463582,RACE,0.236025341651057,0.042257240770444446,0.042257240770444446,0.042257240770444446,0.042257240770444446,0.004100959229555556,0.004100959229555556,0.10400000000000001,0.0,42.0,0.0,-0.0025,24.12032104629382,0.0,133.369,0,216.0,216.0,6.69744,14.3598,22.2167,37.0543,62.2442,94.4606,120.857,127.337,130.604,133.369,135.804,137.999,140.765,143.587,83.1698,45.4738,26.0042,16.3971,7.4502,17.758624,0.5781078415506649,0.0,0.0,,accelerate,-0.012549366646597162,0.22,0.0,2,2.534,0.0
173,2768.23,47.105,-0.0707098,-0.00643522,0.0466602,RACE,0.23588541657746848,0.042456824103777775,0.042456824103777775,0.042456824103777775,0.042456824103777775,0.004203375896222224,0.004203375896222224,0.10400000000000001,0.0,42.0,0.0,-0.0025,24.07929883596465,0.0,133.209,0,216.0,216.0,6.69816,14.3729,22.2533,37.166,62.5759,95.243,120.935,127.245,130.47,133.209,135.626,137.807,140.558,143.365,82.6281,45.3181,25.9572,16.3808,7.4491,17.7684,0.5875698650857989,0.0,0.0,,accelerate,-0.012373186151697007,0.0,0.0024999999999999255,2,2.556,0.0
174,2768.52,47.1089,-0.0680263,-0.00602419,0.0469287,RACE,0.23574043619334328,0.04265682410377778,0.04265682410377778,0.04265682410377778,0.04265682410377778,0.004271875896222216,0.004271875896222216,0.10400000000000001,0.0,42.0,0.0,-0.0025,24.038080949991617,0.0,133.042,0,216.0,216.0,6.699,14.3856,22.2888,37.274,62.8967,96.0036,120.982,127.141,130.328,133.042,135.442,137.609,140.345,143.14,82.1175,45.17,25.9121,16.3651,7.44791,17.768712,0.5970228430676181,0.0,0.0,,accelerate,-0.012126015237828719,0.0,0.002592857142857106,2,2.578,0.0
175,2768.81,47.0808,-0.0662115,-0.00560171,0.047185,RACE,0.23559541194179623,0.042856754659333335,0.042856754659333335,0.042856754659333335,0.042856754659333335,0.004328245340666663,0.004328245340666663,0.10400000000000001,0.0,42.0,0.0,-0.0025,23.99782338183641,0.0,132.878,0,216.0,216.0,6.69999,14.3991,22.3259,37.3865,63.2314,96.8007,121.024,127.04,130.188,132.878,135.259,137.413,140.134,142.916,81.5979,45.018,25.8655,16.3486,7.44655,17.766464,0.6064405829500368,0.0,0.0,,accelerate,-0.011853473804520386,0.0,0.001923809523809608,2,2.6,0.0
176,2769.1,47.055,-0.0652596,-0.00517732,0.0474199,RACE,0.23545038769024917,0.043056476881555554,0.043056476881555554,0.043056476881555554,0.043056476881555554,0.004363423118444447,0.004363423118444447,0.10400000000000001,0.0,42.0,0.0,-0.0025,23.95756581368121,0.0,132.713,0,216.0,216.0,6.70115,14.413,22.3638,37.5012,63.5729,97.6176,121.055,126.936,130.047,132.713,135.077,137.217,139.924,142.692,81.081,44.8655,25.8183,16.3318,7.44502,17.764400000000002,0.6158134721192936,0.0,0.0,,accelerate,-0.011574744635578334,0.0,0.0013095238095238027,2,2.622,0.0
177,2769.39,47.0325,-0.0647868,-0.00475246,0.0476213,RACE,0.23530536343870212,0.043255990770444445,0.043255990770444445,0.043255990770444445,0.043255990770444445,0.004365309229555553,0.004365309229555553,0.10400000000000001,0.0,42.0,0.0,-0.0025,23.917308245526005,0.0,132.548,0,216.0,216.0,6.70255,14.4274,22.4028,37.6181,63.9209,98.4533,121.075,126.831,129.906,132.548,134.895,137.021,139.713,142.469,80.5678,44.7125,25.7704,16.3145,7.44326,17.7626,0.6251384924224965,0.0,0.0,,accelerate,-0.011284432440388938,0.0,0.0007738095238094967,2,2.644,0.0
178,2769.67,47.0106,-0.0613003,-0.00434763,0.0478074,RACE,0.2351653400234152,0.04345557410377778,0.04345557410377778,0.04345557410377778,0.04345557410377778,0.004351825896222218,0.004351825896222218,0.10400000000000001,0.0,42.0,0.0,-0.0025,23.878438869376122,0.0,132.376,0,216.0,216.0,6.70394,14.4413,22.4402,37.7306,64.2566,99.2639,121.073,126.715,129.756,132.376,134.706,136.82,139.498,142.241,80.0845,44.5675,25.7248,16.2979,7.44154,17.760848,0.6344255406791809,0.0,0.0,,accelerate,-0.010933246684787568,0.0,0.0002523809523808717,2,2.666,0.0
179,2769.96,46.9914,-0.0600136,-0.00395567,0.0479752,RACE,0.23502031577186813,0.043655087992666666,0.043655087992666666,0.043655087992666666,0.043655087992666666,0.004320112007333336,0.004320112007333336,0.10400000000000001,0.0,42.0,0.0,-0.0025,23.83818130122092,0.0,132.199,0,216.0,216.0,6.70536,14.455,22.4768,37.8404,64.5861,100.063,121.055,126.592,129.601,132.199,134.514,136.616,139.28,142.011,79.6213,44.4276,25.6805,16.2817,7.43979,17.759312,0.6436650303341338,0.0,0.0,,accelerate,-0.010589876191857509,0.22,0.0,2,2.688,0.0
180,2770.25,47.1141,-0.0603043,-0.00359041,0.0481154,RACE,0.23487529152032108,0.043854671326,0.043854671326,0.043854671326,0.043854671326,0.004260728674,0.004260728674,0.10400000000000001,0.0,42.0,0.0,-0.0025,23.797923733065716,0.0,132.014,0,216.0,216.0,6.7068,14.4681,22.5114,37.9441,64.8973,100.822,121.015,126.457,129.436,132.014,134.314,136.404,139.056,141.776,79.1934,44.2973,25.6391,16.2664,7.43805,17.769128000000002,0.652860268131056,0.0,0.0,,accelerate,-0.010270001221255806,0.0,0.0027166666666666793,2,2.71,0.0
181,2770.54,47.1153,-0.057282,-0.00324518,0.0482497,RACE,0.23473026726877402,0.044054740770444446,0.044054740770444446,0.044054740770444446,0.044054740770444446,0.004194959229555553,0.004194959229555553,0.10400000000000001,0.0,42.0,0.0,-0.0025,23.757666164910514,0.0,131.822,0,216.0,216.0,6.70815,14.4804,22.5442,38.0426,65.1942,101.549,120.957,126.313,129.263,131.822,134.108,136.187,138.826,141.535,78.7939,44.175,25.6,16.2521,7.43642,17.769224,0.6620271127187313,0.0,0.0,,accelerate,-0.009908982166267675,0.0,0.0027452380952380415,2,2.732,0.0
182,2770.82,47.0867,-0.0554411,-0.00289232,0.0483503,RACE,0.2345902438534871,0.04425460188155556,0.04425460188155556,0.04425460188155556,0.04425460188155556,0.004095698118444437,0.004095698118444437,0.10400000000000001,0.0,42.0,0.0,-0.0025,23.71879678876063,0.0,131.633,0,216.0,216.0,6.7098,14.4935,22.5787,38.1454,65.5031,102.308,120.898,126.17,129.092,131.633,133.904,135.972,138.599,141.297,78.3866,44.0491,25.5594,16.2368,7.43449,17.766936,0.6711304995917257,0.0,0.0,,accelerate,-0.009531445287281122,0.0,0.0020642857142857247,2,2.754,0.0
183,2771.11,47.0609,-0.0545049,-0.00253851,0.0484448,RACE,0.23444521960194004,0.044454324103777774,0.044454324103777774,0.044454324103777774,0.044454324103777774,0.003990475896222229,0.003990475896222229,0.10400000000000001,0.0,42.0,0.0,-0.0025,23.678539220605426,0.0,131.442,0,216.0,216.0,6.7115,14.5069,22.6137,38.2494,65.8164,103.082,120.835,126.025,128.921,131.442,133.7,135.757,138.371,141.058,77.9814,43.9233,25.5185,16.2214,7.43251,17.764872,0.6801705960112719,0.0,0.0,,accelerate,-0.009159265631487236,0.0,0.0014499999999999197,2,2.776,0.0
184,2771.4,47.0384,-0.0507891,-0.00220424,0.0485119,RACE,0.2343001962804388,0.044654046326,0.044654046326,0.044654046326,0.044654046326,0.003857853673999996,0.003857853673999996,0.10400000000000001,0.0,42.0,0.0,-0.0025,23.638672464543735,0.0,131.246,0,216.0,216.0,6.71326,14.5198,22.6472,38.3489,66.1171,103.826,120.757,125.873,128.742,131.246,133.491,135.537,138.14,140.816,77.6014,43.8043,25.4796,16.2066,7.43049,17.763072,0.6891506146017279,0.0,0.0,,accelerate,-0.008731748095582727,0.0,0.0009142857142857828,2,2.798,0.0
185,2771.69,47.0165,-0.0493755,-0.00188238,0.048576,RACE,0.2341551768798501,0.04485362965933334,0.04485362965933334,0.04485362965933334,0.04485362965933334,0.003722370340666664,0.003722370340666664,0.10400000000000001,0.0,42.0,0.0,-0.0025,23.600453304789923,0.0,131.046,0,216.0,216.0,6.71495,14.5323,22.6797,38.4452,66.4085,104.552,120.668,125.715,128.559,131.046,133.278,135.314,137.905,140.572,77.2396,43.6905,25.4422,16.1923,7.42855,17.76132,0.6980612445726766,0.0,0.0,,accelerate,-0.008324247939904966,0.0,0.00039285714285715767,2,2.82,0.0
186,2771.97,46.9973,-0.0455146,-0.00158292,0.0486094,RACE,0.23401515814824733,0.04505314354822223,0.04505314354822223,0.04505314354822223,0.04505314354822223,0.0035562564517777687,0.0035562564517777687,0.10400000000000001,0.0,42.0,0.0,-0.0025,23.563552047096618,0.0,130.84,0,216.0,216.0,6.71672,14.5444,22.7106,38.5364,66.6842,105.24,120.566,125.547,128.369,130.84,133.059,135.086,137.666,140.324,76.9035,43.5839,25.4069,16.1787,7.42655,17.759784,0.7069025603582302,0.0,0.0,,accelerate,-0.007873699591482188,0.22,0.0,2,2.842,0.0
187,2772.26,47.1208,-0.0446782,-0.00131542,0.0486429,RACE,0.2338701387476584,0.04525286577044445,0.04525286577044445,0.04525286577044445,0.04525286577044445,0.0033900342295555552,0.0033900342295555552,0.10400000000000001,0.0,42.0,0.0,-0.0025,23.52533288734275,0.0,130.624,0,216.0,216.0,6.71828,14.5551,22.7382,38.6181,66.9322,105.862,120.443,125.368,128.168,130.624,132.832,134.85,137.42,140.069,76.6056,43.4893,25.3756,16.1666,7.4248,17.769664,0.7156836731311633,0.0,0.0,,accelerate,-0.007467066725054889,0.0,0.00287619047619054,2,2.864,0.0
188,2772.55,47.122,-0.0411527,-0.00106937,0.0486612,RACE,0.23372511934706972,0.04545293521488889,0.04545293521488889,0.04545293521488889,0.04545293521488889,0.0032082647851111104,0.0032082647851111104,0.10400000000000001,0.0,42.0,0.0,-0.0025,23.487113727588937,0.0,130.402,0,216.0,216.0,6.7198,14.5652,22.7639,38.694,67.1629,106.442,120.308,125.179,127.96,130.402,132.599,134.608,137.17,139.81,76.3332,43.4021,25.3465,16.1553,7.4231,17.76976,0.7244072578927263,0.0,0.0,,accelerate,-0.007035180393540058,0.0,0.002904761904761902,2,2.886,0.0
189,2772.84,47.0933,-0.0392715,-0.000821416,0.0486611,RACE,0.23358009994648102,0.045652865770444445,0.045652865770444445,0.045652865770444445,0.045652865770444445,0.0030082342295555536,0.0030082342295555536,0.10400000000000001,0.0,42.0,0.0,-0.0025,23.44889456783513,0.0,130.18,0,216.0,216.0,6.72146,14.5757,22.7904,38.7718,67.3987,107.037,120.172,124.991,127.752,130.18,132.367,134.367,136.919,139.552,76.0593,43.3137,25.3167,16.1436,7.42125,17.767464,0.7330488619572372,0.0,0.0,,accelerate,-0.006612379991393727,0.0,0.002221428571428554,2,2.908,0.0
190,2773.12,47.0675,-0.0383521,-0.000572507,0.048661,RACE,0.23344008121487825,0.045852587992666664,0.045852587992666664,0.045852587992666664,0.045852587992666664,0.0028084120073333385,0.0028084120073333385,0.10400000000000001,0.0,42.0,0.0,-0.0025,23.411993310141824,0.0,129.958,0,216.0,216.0,6.72314,14.5862,22.817,38.85,67.6362,107.638,120.034,124.802,127.544,129.958,132.134,134.126,136.669,139.293,75.7863,43.2256,25.287,16.1319,7.4194,17.7654,0.7416025442443419,0.0,0.0,,accelerate,-0.006210895925316624,0.0,0.001607142857142918,2,2.93,0.0
191,2773.41,47.0423,-0.0346484,-0.000343625,0.0486427,RACE,0.23329506181428955,0.04605231021488889,0.04605231021488889,0.04605231021488889,0.04605231021488889,0.0025903897851111066,0.0025903897851111066,0.10400000000000001,0.0,42.0,0.0,-0.0025,23.373774150388012,0.0,129.73,0,216.0,216.0,6.7248,14.5962,22.8419,38.9228,67.8578,108.2,119.885,124.605,127.329,129.73,131.897,133.881,136.414,139.031,75.5362,43.1441,25.2593,16.1209,7.41757,17.763384,0.7500742169616799,0.0,0.0,,accelerate,-0.005766299535515764,0.0,0.0010071428571427937,2,2.952,0.0
192,2773.7,47.0199,-0.0332453,-0.000128094,0.0486091,RACE,0.23315004241370085,0.04625182410377778,0.04625182410377778,0.04625182410377778,0.04625182410377778,0.0023572758962222204,0.0023572758962222204,0.10400000000000001,0.0,42.0,0.0,-0.0025,23.335554990634204,0.0,129.5,0,216.0,216.0,6.72649,14.6058,22.8659,38.9925,68.069,108.736,119.728,124.404,127.111,129.5,131.657,133.633,136.158,138.767,75.3,43.0669,25.2329,16.1103,7.41574,17.761592,0.7584520447985953,0.0,0.0,,accelerate,-0.005341257739319346,0.0,0.00047380952380951915,2,2.974,0.0
193,2773.99,47.0007,-0.0293863,6.55015e-05,0.0485763,RACE,0.23300502301311216,0.04645140743711112,0.04645140743711112,0.04645140743711112,0.04645140743711112,0.0021248925628888846,0.0021248925628888846,0.10400000000000001,0.0,42.0,0.0,-0.0025,23.297335830880392,0.0,129.263,0,216.0,216.0,6.72802,14.6145,22.8876,39.0555,68.2599,109.224,119.56,124.195,126.885,129.263,131.411,133.38,135.897,138.499,75.0894,42.9977,25.2091,16.1007,7.41407,17.760056,0.7667446548113922,0.0,0.0,,accelerate,-0.004888790892266407,0.0,1.6666666666712428e-05,2,2.996,0.0
194,2774.27,46.982,-0.0279288,0.000245746,0.0485427,RACE,0.23286500428150916,0.04665078243711111,0.04665078243711111,0.04665078243711111,0.04665078243711111,0.0018919175628888882,0.0018919175628888882,0.10400000000000001,0.0,42.0,0.0,-0.0025,23.260434573187027,0.0,129.022,0,216.0,216.0,6.72947,14.6227,22.9078,39.1143,68.4389,109.574,119.385,123.981,126.656,129.022,131.162,133.124,135.633,138.229,74.8941,42.9331,25.1869,16.0918,7.41249,17.75856,0.7749374776452866,0.0,0.0,,accelerate,-0.004472495563854829,0.22,0.0,2,3.018,0.0
195,2774.56,47.1064,-0.0244286,0.000393089,0.0484999,RACE,0.23271998110051845,0.04685050465933333,0.04685050465933333,0.04685050465933333,0.04685050465933333,0.0016493953406666664,0.0016493953406666664,0.10400000000000001,0.0,42.0,0.0,-0.0025,23.223650777722014,0.0,128.773,0,216.0,216.0,6.73077,14.6296,22.9247,39.163,68.587,109.744,119.193,123.756,126.417,128.773,130.904,132.86,135.362,137.952,74.7346,42.8802,25.1685,16.0843,7.4111,17.768512,0.7830501198417167,0.0,0.0,,accelerate,-0.004041048180705293,0.0,0.0025333333333333505,2,3.04,0.0
196,2774.85,47.1075,-0.0231298,0.000527557,0.0484326,RACE,0.2325749568489714,0.04705057410377778,0.04705057410377778,0.04705057410377778,0.04705057410377778,0.0013820258962222165,0.0013820258962222165,0.10400000000000001,0.0,42.0,0.0,-0.0025,23.187273457099842,0.0,128.52,0,216.0,216.0,6.73215,14.6364,22.9409,39.209,68.7248,109.838,118.996,123.526,126.173,128.52,130.644,132.593,135.088,137.672,74.5867,42.8305,25.151,16.077,7.40963,17.7686,0.79107894755371,0.0,0.0,,accelerate,-0.003637113126846073,0.0,0.00255952380952385,2,3.062,0.0
197,2775.14,47.0789,-0.022264,0.000669654,0.0483655,RACE,0.2324299325974243,0.04725022688155556,0.04725022688155556,0.04725022688155556,0.04725022688155556,0.0011152731184444417,0.0011152731184444417,0.10400000000000001,0.0,42.0,0.0,-0.0025,23.15089613647767,0.0,128.268,0,216.0,216.0,6.73358,14.6435,22.9579,39.2573,68.8707,109.903,118.8,123.298,125.932,128.268,130.385,132.328,134.816,137.394,74.4323,42.7786,25.1327,16.0693,7.40811,17.766312,0.798990221544544,0.0,0.0,,accelerate,-0.003251292678106284,0.0,0.0018785714285713645,2,3.084,0.0
198,2775.42,47.0532,-0.0185591,0.000792201,0.0482983,RACE,0.23228990918213738,0.047449949103777776,0.047449949103777776,0.047449949103777776,0.047449949103777776,0.0008483508962222261,0.0008483508962222261,0.10400000000000001,0.0,42.0,0.0,-0.0025,23.11577320622175,0.0,128.012,0,216.0,216.0,6.73488,14.6497,22.9728,39.2995,68.9976,109.915,118.596,123.063,125.685,128.012,130.121,132.059,134.54,137.112,74.2981,42.7335,25.1166,16.0626,7.40672,17.764256,0.8068003334812675,0.0,0.0,,accelerate,-0.002828935959171916,0.0,0.0012666666666665907,2,3.106,0.0
199,2775.71,47.0307,-0.0171371,0.000901874,0.048231,RACE,0.23214488493059032,0.047649671326,0.047649671326,0.047649671326,0.047649671326,0.0005813286740000007,0.0005813286740000007,0.10400000000000001,0.0,42.0,0.0,-0.0025,23.07939588559958,0.0,127.752,0,216.0,216.0,6.7361,14.6554,22.9863,39.3378,69.1122,109.892,118.386,122.824,125.434,127.752,129.855,131.787,134.262,136.829,74.1783,42.6927,25.102,16.0564,7.40544,17.762456,0.8145033812716641,0.0,0.0,,accelerate,-0.002436395135379321,0.0,0.0007309523809524538,2,3.128,0.0
200,2776.0,47.0088,-0.0132655,0.000989612,0.0481639,RACE,0.23199986067904327,0.04784925465933334,0.04784925465933334,0.04784925465933334,0.04784925465933334,0.00031464534066666383,0.00031464534066666383,0.10400000000000001,0.0,42.0,0.0,-0.0025,23.04301856497741,0.0,127.487,0,216.0,216.0,6.73717,14.6602,22.9975,39.3689,69.205,109.829,118.166,122.578,125.177,127.487,129.583,131.51,133.98,136.541,74.0818,42.6597,25.0901,16.0513,7.40431,17.760704,0.822090991144746,0.0,0.0,,accelerate,-0.0020210724201870727,0.0,0.0002095238095238287,2,3.15,0.0
201,2776.29,46.9896,-0.0117985,0.00106448,0.0480967,RACE,0.2318548364274962,0.04804862965933334,0.04804862965933334,0.04804862965933334,0.04804862965933334,4.807034066665883e-05,4.807034066665883e-05,0.10400000000000001,0.0,42.0,0.0,-0.0025,23.006641244355237,0.0,127.219,0,216.0,216.0,6.73815,14.6645,23.0072,39.3957,69.2851,109.742,117.94,122.328,124.916,127.219,129.309,131.231,133.695,136.251,73.9994,42.6313,25.0798,16.0468,7.40329,17.759168,0.8295576892953648,0.0,0.0,,accelerate,-0.0016442497316178227,0.22,0.0,2,3.172,0.0
202,2776.57,47.1148,-0.011354,0.00113171,0.0480294,RACE,0.23171481301220928,0.04824835188155555,0.04824835188155555,0.04824835188155555,0.04824835188155555,-0.00021895188155555273,-0.00021895188155555273,0.10400000000000001,0.0,42.0,0.0,-0.0025,22.971518314099317,0.0,126.948,0,216.0,216.0,6.73908,14.6684,23.0162,39.4203,69.3577,109.639,117.71,122.075,124.653,126.948,129.032,130.95,133.408,135.959,73.9241,42.6055,25.0703,16.0427,7.40232,17.769184,0.8369210360770589,0.0,0.0,,accelerate,-0.0013067176415765128,0.0,0.002733333333333392,2,3.194,0.0
203,2776.86,47.116,-0.00791563,0.00117892,0.0479623,RACE,0.23156978876066223,0.04844821299266667,0.04844821299266667,0.04844821299266667,0.04844821299266667,-0.00048591299266666915,-0.00048591299266666915,0.10400000000000001,0.0,42.0,0.0,-0.0025,22.935140993477145,0.0,126.672,0,216.0,216.0,6.73987,14.6714,23.023,39.4385,69.4103,109.51,117.471,121.815,124.384,126.672,128.751,130.664,133.117,135.664,73.8703,42.5865,25.0631,16.0395,7.40149,17.769280000000002,0.8441697908292648,0.0,0.0,,accelerate,-0.0009400399985572663,0.0,0.0027619047619047536,2,3.216,0.0
204,2777.15,47.0873,-0.00646245,0.00121754,0.0478951,RACE,0.23142476450911517,0.04864814354822222,0.04864814354822222,0.04864814354822222,0.04864814354822222,-0.0007530435482222195,-0.0007530435482222195,0.10400000000000001,0.0,42.0,0.0,-0.0025,22.898763672854976,0.0,126.394,0,216.0,216.0,6.74061,14.6741,23.0288,39.4539,69.4542,109.368,117.229,121.552,124.112,126.394,128.467,130.376,132.824,135.366,73.8255,42.5704,25.0569,16.0366,7.40073,17.766984,0.8512981071984126,0.0,0.0,,accelerate,-0.0005993436443731617,0.0,0.0020785714285714058,2,3.238,0.0
205,2777.44,47.0615,-0.00581533,0.00125521,0.0478278,RACE,0.2312797402575681,0.04884800465933333,0.04884800465933333,0.04884800465933333,0.04884800465933333,-0.0010202046593333347,-0.0010202046593333347,0.10400000000000001,0.0,42.0,0.0,-0.0025,22.86308780732563,0.0,126.116,0,216.0,216.0,6.74134,14.6768,23.0345,39.4687,69.4972,109.221,116.986,121.289,123.84,126.116,128.184,130.088,132.532,135.069,73.7817,42.5549,25.051,16.0339,7.39998,17.76492,0.8582978931574075,0.0,0.0,,accelerate,-0.0002855101233659252,0.0,0.0014642857142857697,2,3.26,0.0
206,2777.73,47.039,-0.0022539,0.00127238,0.0477607,RACE,0.23113471600602103,0.04904758799266667,0.04904758799266667,0.04904758799266667,0.04904758799266667,-0.0012868879926666646,-0.0012868879926666646,0.10400000000000001,0.0,42.0,0.0,-0.0025,22.82845659809332,0.0,125.832,0,216.0,216.0,6.74193,14.6785,23.038,39.4771,69.5195,109.052,116.735,121.02,123.563,125.832,127.896,129.796,132.235,134.768,73.7597,42.5463,25.0474,16.0321,7.39938,17.76312,0.8651590489702299,0.0,0.0,,accelerate,4.891880701145821e-05,0.0,0.0009285714285714638,2,3.282,0.0
207,2778.01,47.0171,-0.000919805,0.00127619,0.0476934,RACE,0.2309946925907341,0.04924710188155556,0.04924710188155556,0.04924710188155556,0.04924710188155556,-0.0015537018815555623,-0.0015537018815555623,0.10400000000000001,0.0,42.0,0.0,-0.0025,22.795019568489685,0.0,125.546,0,216.0,216.0,6.74243,14.6797,23.04,39.4811,69.5283,108.87,116.479,120.746,123.282,125.546,127.605,129.501,131.936,134.466,73.7505,42.5422,25.0453,16.0308,7.39888,17.761368,0.8718859472957707,0.0,0.0,,accelerate,0.0003443452059121861,0.0,0.0004071428571428387,2,3.304,0.0
208,2778.3,46.9979,-0.000356527,0.0012781,0.0476262,RACE,0.23084966833918705,0.04944668521488889,0.04944668521488889,0.04944668521488889,0.04944668521488889,-0.001820485214888888,-0.001820485214888888,0.10400000000000001,0.0,55.0,0.0,-0.0025,22.76038835925738,0.0,125.259,0,216.0,216.0,6.74292,14.6808,23.0419,39.4847,69.5356,108.684,116.221,120.472,123.001,125.259,127.313,129.206,131.637,134.163,73.7438,42.5387,25.0434,16.0297,7.39838,17.759832,0.8784801457713396,0.0,0.0,,accelerate,0.0006063344989240973,0.22,0.0,2,3.326,0.0
209,2778.59,47.1236,0.00314469,0.0012595,0.0475591,RACE,0.23070464408764,0.04964640743711111,0.04964640743711111,0.04964640743711111,0.04964640743711111,-0.0020873074371111078,-0.0020873074371111078,0.10400000000000001,0.0,55.0,0.0,-0.0025,22.72575715002507,0.0,124.967,0,216.0,216.0,6.74327,14.6811,23.0415,39.4814,69.5212,108.478,115.955,120.192,122.714,124.967,127.017,128.907,131.334,133.856,73.7583,42.5423,25.044,16.0295,7.39805,17.769888,0.8849405975904427,0.0,0.0,,accelerate,0.0008957477406380686,0.44,0.0,2,3.348,0.0
210,2778.88,47.425,0.00446506,0.00122946,0.0474918,RACE,0.23055961983609294,0.04984717132600001,0.04984717132600001,0.04984717132600001,0.04984717132600001,-0.0023553713260000067,-0.0023553713260000067,0.10400000000000001,0.0,55.0,0.0,-0.0025,22.691125940792766,0.0,124.67,0,216.0,216.0,6.74354,14.6808,23.0398,39.4743,69.4957,108.261,115.684,119.907,122.422,124.67,126.717,128.603,131.027,133.545,73.7847,42.5501,25.046,16.0299,7.3978,17.794,0.891292114302512,0.0,0.0,,accelerate,0.001149029590303007,0.66,0.0,2,3.37,0.0
211,2779.17,47.9062,0.00498993,0.00119751,0.0474246,RACE,0.23041459558454588,0.05004939354822222,0.05004939354822222,0.05004939354822222,0.05004939354822222,-0.002624793548222225,-0.002624793548222225,0.10400000000000001,0.0,55.0,0.0,-0.0025,22.656494731560457,0.0,124.371,0,216.0,216.0,6.7438,14.6805,23.038,39.4667,69.4683,108.04,115.41,119.619,122.128,124.371,126.414,128.297,130.717,133.232,73.8131,42.5583,25.0481,16.0304,7.39756,17.832496,0.8975419860805898,0.0,0.0,,accelerate,0.0013649483113611822,0.7328384615384615,0.0,2,3.392,0.0
212,2779.46,48.4823,0.0051912,0.00116461,0.0473574,RACE,0.23026957133299883,0.050254046326,0.050254046326,0.050254046326,0.050254046326,-0.0028966463260000005,-0.0028966463260000005,0.10400000000000001,0.0,55.0,0.0,-0.0025,22.62186352232815,0.0,124.068,0,216.0,216.0,6.74406,14.6801,23.036,39.459,69.4404,107.815,115.132,119.327,121.83,124.068,126.107,127.987,130.404,132.915,73.8426,42.5667,25.0503,16.0309,7.39732,17.878584,0.9037126592430079,0.0,0.0,,accelerate,0.001553838398436585,0.7106807692307692,0.0,2,3.414,0.0
213,2779.76,49.0677,0.00823145,0.00111359,0.0472902,RACE,0.23011954624519143,0.05046119910377778,0.05046119910377778,0.05046119910377778,0.05046119910377778,-0.0031709991037777857,-0.0031709991037777857,0.10400000000000001,0.0,55.0,0.0,-0.0025,22.586038133467117,0.0,123.758,0,216.0,216.0,6.74419,14.679,23.0321,39.4452,69.3938,107.573,114.844,119.027,121.524,123.758,125.793,127.67,130.083,132.591,73.8908,42.5815,25.0547,16.0322,7.39722,17.925416,0.9097971841188175,0.0,0.0,,accelerate,0.001773358518557048,0.6881653846153846,0.0,2,3.436,0.0
214,2780.06,49.6363,0.00953336,0.00105112,0.047223,RACE,0.22996952115738425,0.050670782437111116,0.050670782437111116,0.050670782437111116,0.050670782437111116,-0.0034477824371111146,-0.0034477824371111146,0.10400000000000001,0.0,55.0,0.0,-0.0025,22.55021274460614,0.0,123.441,0,216.0,216.0,6.74424,14.6773,23.0269,39.4276,69.3353,107.319,114.548,118.719,121.211,123.441,125.472,127.347,129.757,132.262,73.9516,42.6004,25.0604,16.0341,7.39721,17.970904,0.9157841628718965,0.0,0.0,,accelerate,0.001969926614584041,0.6662961538461539,0.0,2,3.458,0.0
215,2780.37,50.1894,0.0101807,0.000986274,0.0471741,RACE,0.22981451525287674,0.05088272688155556,0.05088272688155556,0.05088272688155556,0.05088272688155556,-0.0037086268815555642,-0.0037086268815555642,0.10400000000000001,0.0,55.0,0.0,-0.0025,22.474508295424304,0.0,123.12,0,216.0,216.0,6.74415,14.6753,23.021,39.4086,69.2736,107.06,114.249,118.408,120.894,123.12,125.148,127.02,129.426,131.928,74.0153,42.6207,25.0669,16.0363,7.39735,18.015152,0.9216621041052813,0.0,0.0,,accelerate,0.0021331961215998625,0.6450230769230769,0.0,2,3.48,0.0
216,2780.68,50.7281,0.0105312,0.000920471,0.0471405,RACE,0.22965959820711812,0.051096824103777784,0.051096824103777784,0.051096824103777784,0.051096824103777784,-0.003956324103777782,-0.003956324103777782,0.10400000000000001,0.0,55.0,0.0,-0.0025,22.227097270538064,0.0,122.795,0,216.0,216.0,6.74394,14.673,23.0147,39.3887,69.21,106.797,113.945,118.093,120.574,122.795,124.82,126.689,129.092,131.591,74.0816,42.642,25.0738,16.0389,7.3976,18.058248,0.9274157626049029,0.0,0.0,,accelerate,0.002268016012044848,0.6243038461538463,0.0,2,3.502,0.0
217,2780.99,51.2543,0.0107349,0.000853237,0.0471068,RACE,0.22950468116135953,0.05131335188155555,0.05131335188155555,0.05131335188155555,0.05131335188155555,-0.004206551881555554,-0.004206551881555554,0.10400000000000001,0.0,55.0,0.0,-0.0025,21.979686245651827,0.0,122.467,0,216.0,216.0,6.74373,14.6707,23.0082,39.3685,69.1451,106.531,113.639,117.775,120.25,122.467,124.488,126.354,128.754,131.25,74.1496,42.6638,25.0809,16.0415,7.39786,18.100344,0.9330427362961475,0.0,0.0,,accelerate,0.002386353970915119,0.6040653846153846,0.0,2,3.524,0.0
218,2781.3,51.7683,0.0108641,0.000785049,0.0470732,RACE,0.22934976411560068,0.05153203243711112,0.05153203243711112,0.05153203243711112,0.05153203243711112,-0.004458832437111114,-0.004458832437111114,0.10400000000000001,0.0,55.0,0.0,-0.0025,21.732275220765224,0.0,122.135,0,216.0,216.0,6.74351,14.6683,23.0016,39.3479,69.0793,106.262,113.329,117.453,119.923,122.135,124.153,126.016,128.413,130.906,74.2188,42.686,25.0881,16.0441,7.39812,18.141464,0.9385256285366943,0.0,0.0,,accelerate,0.002495082645842951,0.5842961538461537,0.0,2,3.546,0.0
219,2781.62,52.2691,0.0109559,0.000715907,0.0470395,RACE,0.22918984974578546,0.05175293521488889,0.05175293521488889,0.05175293521488889,0.05175293521488889,-0.004713435214888893,-0.004713435214888893,0.10400000000000001,0.0,55.0,0.0,-0.0025,21.476883195076393,0.0,121.8,0,216.0,216.0,6.74328,14.6658,22.9949,39.327,69.0127,105.99,113.017,117.128,119.592,121.8,123.815,125.675,128.068,130.558,74.289,42.7084,25.0954,16.0468,7.39839,18.181528,0.943855972037153,0.0,0.0,,accelerate,0.0025977362140529097,0.5650346153846153,0.0,2,3.568,0.0
220,2781.94,52.7564,0.0140943,0.000626739,0.0470059,RACE,0.22902993537597002,0.051975921326,0.051975921326,0.051975921326,0.051975921326,-0.004970021325999996,-0.004970021325999996,0.10400000000000001,0.0,55.0,0.0,-0.0025,21.221491169387196,0.0,121.457,0,216.0,216.0,6.74291,14.6626,22.986,39.2997,68.9268,105.701,112.694,116.795,119.254,121.457,123.469,125.326,127.717,130.204,74.3805,42.7379,25.1051,16.0505,7.39881,18.220512,0.9490199990920479,0.0,0.0,,accelerate,0.002745646784406978,0.5462923076923077,0.0,2,3.59,0.0
221,2782.27,53.2298,0.0154023,0.000523742,0.0469784,RACE,0.22886502368209796,0.052200921325999995,0.052200921325999995,0.052200921325999995,0.052200921325999995,-0.005222521325999999,-0.005222521325999999,0.10400000000000001,0.0,55.0,0.0,-0.0025,20.958118142895405,0.0,121.109,0,216.0,216.0,6.74241,14.6586,22.9755,39.2677,68.8265,105.4,112.363,116.455,118.908,121.109,123.117,124.972,127.359,129.844,74.4873,42.7724,25.1165,16.0548,7.39938,18.258384,0.9540056860533279,0.0,0.0,,accelerate,0.0028719916880555604,0.5280846153846155,0.0,2,3.612,0.0
222,2782.59,53.6893,0.0160461,0.000418361,0.0469783,RACE,0.2287051093122825,0.052427935214888886,0.052427935214888886,0.052427935214888886,0.052427935214888886,-0.005449635214888886,-0.005449635214888886,0.10400000000000001,0.0,55.0,0.0,-0.0025,20.702726117206208,0.0,120.756,0,216.0,216.0,6.7417,14.6541,22.9641,39.2339,68.7222,105.094,112.029,116.11,118.56,120.756,122.761,124.614,126.999,129.481,74.5988,42.809,25.129,16.0597,7.40016,18.295144,0.958802425377313,0.0,0.0,,accelerate,0.002963250680421539,0.5104115384615384,0.0,2,3.634,0.0
223,2782.92,54.1348,0.016396,0.000312026,0.0469782,RACE,0.22854019761841046,0.05265675465933334,0.05265675465933334,0.05265675465933334,0.05265675465933334,-0.00567855465933334,-0.00567855465933334,0.10400000000000001,0.0,55.0,0.0,-0.0025,20.43935309071442,0.0,120.401,0,216.0,216.0,6.74099,14.6496,22.9526,39.1998,68.6172,104.786,111.692,115.764,118.208,120.401,122.403,124.253,126.635,129.114,74.7118,42.846,25.1415,16.0647,7.40094,18.330784,0.9633952419691301,0.0,0.0,,accelerate,0.0030334179869944836,0.49327692307692317,0.0,2,3.656,0.0
224,2783.25,54.5667,0.0165954,0.000205215,0.0469781,RACE,0.2283752859245384,0.05288751854822222,0.05288751854822222,0.05288751854822222,0.05288751854822222,-0.005909418548222217,-0.005909418548222217,0.10400000000000001,0.0,55.0,0.0,-0.0025,20.175980064222628,0.0,120.043,0,216.0,216.0,6.74027,14.645,22.9411,39.1657,68.5116,104.477,111.352,115.414,117.854,120.043,122.042,123.889,126.268,128.745,74.8256,42.8832,25.1541,16.0697,7.40173,18.365336,0.9677761758245798,0.0,0.0,,accelerate,0.0031256199585921636,0.4766653846153847,0.0,2,3.678,0.0
225,2783.59,54.9855,0.0167134,9.79265e-05,0.0469781,RACE,0.2282052759658805,0.053119949103777785,0.053119949103777785,0.053119949103777785,0.053119949103777785,-0.006141849103777783,-0.006141849103777783,0.10400000000000001,0.0,55.0,0.0,-0.0025,19.66725740090292,0.0,119.682,0,216.0,216.0,6.73954,14.6405,22.9294,39.1313,68.4064,104.165,111.01,115.063,117.497,119.682,121.678,123.523,125.899,128.373,74.9402,42.9208,25.1669,16.0747,7.40253,18.39884,0.9719291587482114,0.0,0.0,,accelerate,0.003227210163357393,0.4605576923076923,0.0,2,3.7,0.0
226,2783.93,55.3912,0.016788,-1.03156e-05,0.0469963,RACE,0.22803524753303236,0.053354254659333335,0.053354254659333335,0.053354254659333335,0.053354254659333335,-0.006357954659333337,-0.006357954659333337,0.10400000000000001,0.0,55.0,0.0,-0.0025,19.115091486871002,0.0,119.319,0,216.0,216.0,6.73869,14.6356,22.9174,39.0962,68.2992,103.851,110.666,114.708,117.138,119.319,121.311,123.153,125.527,127.998,75.0575,42.9592,25.1801,16.08,7.40346,18.431296,0.9758469577880741,0.0,0.0,,accelerate,0.00332440662476508,0.44495384615384626,0.0,2,3.722,0.0
227,2784.27,55.7834,0.0168399,-0.000119034,0.0470298,RACE,0.227865219100184,0.053590296326,0.053590296326,0.053590296326,0.053590296326,-0.006560496326000004,-0.006560496326000004,0.10400000000000001,0.0,55.0,0.0,-0.0025,18.562925572838342,0.0,118.953,0,216.0,216.0,6.73772,14.6304,22.9049,39.0602,68.1908,103.535,110.319,114.351,116.776,118.953,120.942,122.781,125.152,127.621,75.1768,42.9987,25.1938,16.0856,7.4045,18.462672,0.9795159020650239,0.0,0.0,,accelerate,0.0034128904551705263,0.4298692307692308,0.0,2,3.744,0.0
228,2784.61,56.1625,0.0168795,-0.00022823,0.0470633,RACE,0.22769519066733562,0.05382800465933333,0.05382800465933333,0.05382800465933333,0.05382800465933333,-0.006764704659333327,-0.006764704659333327,0.10400000000000001,0.0,55.0,0.0,-0.0025,18.010759658805682,0.0,118.585,0,216.0,216.0,6.73674,14.6253,22.8923,39.024,68.0823,103.216,109.971,113.992,116.412,118.585,120.571,122.407,124.774,127.24,75.297,43.0385,25.2076,16.0912,7.40555,18.493000000000002,0.9829236559472955,0.0,0.0,,accelerate,0.0034978541476435193,0.4152884615384615,0.0,2,3.766,0.0
229,2784.95,56.5286,0.016912,-0.00033838,0.0470967,RACE,0.2275251622344875,0.05406724077044444,0.05406724077044444,0.05406724077044444,0.05406724077044444,-0.006970540770444442,-0.006970540770444442,0.10400000000000001,0.0,55.0,0.0,-0.0025,17.458593744773765,0.0,118.214,0,216.0,216.0,6.73577,14.6201,22.8797,38.9879,67.9736,102.897,109.62,113.631,116.045,118.214,120.197,122.03,124.394,126.858,75.4186,43.0784,25.2214,16.0969,7.4066,18.522288,0.9860570903191579,0.0,0.0,,accelerate,0.0035816148523305615,0.40120769230769243,0.0,2,3.788,0.0
230,2785.3,56.882,0.020074,-0.000469033,0.0471486,RACE,0.22735013296537876,0.054307796326,0.054307796326,0.054307796326,0.054307796326,-0.007159196326000004,-0.007159196326000004,0.10400000000000001,0.0,55.0,0.0,-0.0025,16.89018765679862,0.0,117.836,0,216.0,216.0,6.73452,14.6138,22.8644,38.9445,67.8433,102.561,109.259,113.261,115.671,117.836,119.816,121.647,124.008,126.469,75.5642,43.1266,25.2382,16.1038,7.40793,18.55056,0.988902745840256,0.0,0.0,,accelerate,0.0037072832572464993,0.3876153846153847,0.0,2,3.81,0.0
231,2785.65,57.2236,0.0213564,-0.000614468,0.0472157,RACE,0.22717510369627028,0.05455008799266667,0.05455008799266667,0.05455008799266667,0.05455008799266667,-0.007334387992666669,-0.007334387992666669,0.10400000000000001,0.0,55.0,0.0,-0.0025,16.321781568824214,0.0,117.453,0,216.0,216.0,6.73307,14.6066,22.8472,38.8958,67.6987,102.214,108.891,112.885,115.291,117.453,119.43,121.258,123.617,126.076,75.7276,43.1807,25.2571,16.1116,7.40948,18.577888,0.9914541835252593,0.0,0.0,,accelerate,0.003806304317426985,0.3744769230769232,0.0,2,3.832,0.0
232,2786.0,57.5526,0.021974,-0.000762765,0.0472827,RACE,0.22700007442716177,0.05479369910377778,0.05479369910377778,0.05479369910377778,0.05479369910377778,-0.007510999103777782,-0.007510999103777782,0.10400000000000001,0.0,55.0,0.0,-0.0025,15.753375480849812,0.0,117.067,0,216.0,216.0,6.7316,14.5993,22.8297,38.8464,67.5519,101.864,108.521,112.507,114.908,117.067,119.041,120.867,123.223,125.68,75.8949,43.2359,25.2764,16.1196,7.41106,18.604208,0.9936954080511933,0.0,0.0,,accelerate,0.0038656730249682046,0.361823076923077,0.0,2,3.854,0.0
233,2786.35,57.87,0.0223039,-0.000912015,0.0473711,RACE,0.22682504612657223,0.05503869910377778,0.05503869910377778,0.05503869910377778,0.05503869910377778,-0.007667599103777782,-0.007667599103777782,0.10400000000000001,0.0,55.0,0.0,-0.0025,15.184953170993111,0.0,116.678,0,216.0,216.0,6.72997,14.5916,22.8116,38.7958,67.4033,101.512,108.149,112.126,114.523,116.678,118.65,120.474,122.827,125.282,76.0654,43.2927,25.2965,16.128,7.4128,18.6296,0.9956159040959033,0.0,0.0,,accelerate,0.003892692132791598,0.3496153846153847,0.0,2,3.876,0.0
234,2786.71,58.1762,0.0224868,-0.00106222,0.0474717,RACE,0.22664502204308273,0.05528501854822222,0.05528501854822222,0.05528501854822222,0.05528501854822222,-0.007813318548222224,-0.007813318548222224,0.10400000000000001,0.0,55.0,0.0,-0.0025,14.600206047631897,0.0,116.288,0,216.0,216.0,6.72825,14.5837,22.7931,38.7447,67.2536,101.158,107.774,111.743,114.136,116.288,118.257,120.078,122.429,124.881,76.2387,43.3503,25.3169,16.1366,7.41463,18.654096,0.9972037530966248,0.0,0.0,,accelerate,0.003897494105345939,0.33783846153846153,0.0,2,3.898,0.0
235,2787.06,58.471,0.0225907,-0.00121338,0.0475723,RACE,0.22646999862857914,0.055532587992666665,0.055532587992666665,0.055532587992666665,0.055532587992666665,-0.007960287992666668,-0.007960287992666668,0.10400000000000001,0.0,55.0,0.0,-0.0025,14.031701899919954,0.0,115.896,0,216.0,216.0,6.72652,14.5758,22.7747,38.6935,67.1036,100.803,107.398,111.359,113.747,115.896,117.861,119.681,122.029,124.479,76.4137,43.4082,25.3373,16.1453,7.41646,18.67768,0.9984472058480113,0.0,0.0,,accelerate,0.0038913766614893054,0.3265000000000001,0.0,2,3.92,0.0
236,2787.42,58.7549,0.0226506,-0.00136501,0.0476974,RACE,0.22628997454508964,0.05578126854822222,0.05578126854822222,0.05578126854822222,0.05578126854822222,-0.008083868548222219,-0.008083868548222219,0.10400000000000001,0.0,55.0,0.0,-0.0025,13.446954776558739,0.0,115.502,0,216.0,216.0,6.72462,14.5675,22.7555,38.6412,66.9526,100.447,107.02,110.972,113.357,115.502,117.464,119.282,121.627,124.074,76.5919,43.4676,25.3586,16.1543,7.41847,18.700392,0.9993345051833472,0.0,0.0,,accelerate,0.0038696892503900437,0.3155807692307693,0.0,2,3.942,0.0
237,2787.78,59.0282,0.0226852,-0.00151712,0.0478316,RACE,0.22610995046160015,0.05603133799266667,0.05603133799266667,0.05603133799266667,0.05603133799266667,-0.00819973799266667,-0.00819973799266667,0.10400000000000001,0.0,55.0,0.0,-0.0025,12.862207653197524,0.0,115.106,0,216.0,216.0,6.72266,14.559,22.7362,38.5884,66.8002,100.089,106.641,110.584,112.964,115.106,117.065,118.88,121.222,123.667,76.772,43.5277,25.3801,16.1636,7.42055,18.722256,0.9998550729132593,0.0,0.0,,accelerate,0.0038375394895513084,0.30506923076923087,0.0,2,3.964,0.0
238,2788.14,59.2905,0.0227058,-0.00166971,0.0479658,RACE,0.22592992637811088,0.056282449103777776,0.056282449103777776,0.056282449103777776,0.056282449103777776,-0.008316649103777773,-0.008316649103777773,0.10400000000000001,0.0,55.0,0.0,-0.0025,12.277460529837048,0.0,114.708,0,216.0,216.0,6.72068,14.5506,22.7167,38.5356,66.6484,99.7303,106.26,110.195,112.571,114.708,116.665,118.477,120.817,123.259,76.9535,43.5883,25.4018,16.1729,7.42264,18.74324,1.0,0.0,0.0,,accelerate,0.00380133457952807,0.2949807692307692,0.0,2,3.986,0.0
239,2788.51,59.5427,0.0227174,-0.00182325,0.0481244,RACE,0.22574490162563546,0.05653453243711111,0.05653453243711111,0.05653453243711111,0.05653453243711111,-0.008410132437111112,-0.008410132437111112,0.10400000000000001,0.0,55.0,0.0,-0.0025,11.676470430826562,0.0,114.309,0,216.0,216.0,6.71854,14.5417,22.6967,38.4818,66.4947,99.3704,105.878,109.804,112.175,114.309,116.263,118.072,120.409,122.849,77.1387,43.6501,25.4241,16.1826,7.42491,18.763416,1.0,0.0,0.0,,accelerate,0.0037530945408937857,0.2852807692307691,0.0,2,4.008,0.0
240,2788.87,59.7847,0.0227233,-0.00197727,0.0482922,RACE,0.22556487754214619,0.056787865770444444,0.056787865770444444,0.056787865770444444,0.056787865770444444,-0.008495665770444444,-0.008495665770444444,0.10400000000000001,0.0,55.0,0.0,-0.0025,11.091723307466086,0.0,113.908,0,216.0,216.0,6.71632,14.5327,22.6764,38.4276,66.3406,99.0093,105.494,109.411,111.778,113.908,115.859,117.666,120.0,122.437,77.326,43.7128,25.4468,16.1924,7.42724,18.782776,1.0,0.0,0.0,,accelerate,0.0036959374599573706,0.27597307692307693,0.0,2,4.03,0.0
241,2789.24,60.0174,0.022725,-0.00213176,0.0484599,RACE,0.225379852789671,0.057042171326,0.057042171326,0.057042171326,0.057042171326,-0.008582271326,-0.008582271326,0.10400000000000001,0.0,55.0,0.0,-0.0025,10.490733208456339,0.0,113.506,0,216.0,216.0,6.71411,14.5236,22.6561,38.3733,66.1868,98.6473,105.109,109.017,111.379,113.506,115.453,117.258,119.589,122.023,77.5146,43.7759,25.4696,16.2023,7.42959,18.801392,1.0,0.0,0.0,,accelerate,0.003635171606277121,0.0,0.0004142857142857638,2,4.052,0.0
242,2789.6,60.0132,0.0229109,-0.0022834,0.0486582,RACE,0.22519982338183647,0.05729696299266667,0.05729696299266667,0.05729696299266667,0.05729696299266667,-0.008638762992666672,-0.008638762992666672,0.10400000000000001,0.0,55.0,0.0,-0.0025,9.9055429001507,0.0,113.103,0,216.0,216.0,6.71169,14.5143,22.6354,38.3186,66.034,98.2866,104.724,108.623,110.98,113.103,115.048,116.85,119.177,121.609,77.7031,43.8393,25.4928,16.2126,7.43212,18.801056,1.0,0.0,0.0,,accelerate,0.003575966375402693,0.0,0.00031428571428565854,2,4.074,0.0
243,2789.97,59.953,0.0232031,-0.00243313,0.0488596,RACE,0.2250147924402075,0.05755147688155556,0.05755147688155556,0.05755147688155556,0.05755147688155556,-0.008691876881555559,-0.008691876881555559,0.10400000000000001,0.0,55.0,0.0,-0.0025,9.304037631711365,0.0,112.701,0,216.0,216.0,6.70927,14.5049,22.6149,38.2649,65.8835,97.9283,104.341,108.23,110.583,112.701,114.643,116.442,118.767,121.196,77.8905,43.9021,25.5158,16.2228,7.43467,18.79624,1.0,0.0,0.0,,accelerate,0.003521527059641421,0.22,0.0,2,4.096,0.0
244,2790.34,60.0773,0.0232329,-0.00258667,0.0490609,RACE,0.2248297614985783,0.05780612965933333,0.05780612965933333,0.05780612965933333,0.05780612965933333,-0.008745229659333331,-0.008745229659333331,0.10400000000000001,0.0,55.0,0.0,-0.0025,8.702532363271292,0.0,112.299,0,216.0,216.0,6.70683,14.4955,22.594,38.2099,65.7301,97.5679,103.957,107.836,110.184,112.299,114.237,116.034,118.356,120.782,78.0831,43.9667,25.5394,16.2332,7.43724,18.806184000000002,1.0,0.0,0.0,,accelerate,0.0034538731883666574,0.0,0.001840476190476215,2,4.118,0.0
245,2790.7,60.0573,0.0199447,-0.0027178,0.0492928,RACE,0.2246497313932097,0.058061129659333334,0.058061129659333334,0.058061129659333334,0.058061129659333334,-0.008768329659333336,-0.008768329659333336,0.10400000000000001,0.0,55.0,0.0,-0.0025,8.117283993979328,0.0,111.901,0,216.0,216.0,6.70432,14.4865,22.5747,38.1606,65.5954,97.2208,103.58,107.448,109.79,111.901,113.836,115.629,117.948,120.371,78.2533,44.0246,25.561,16.2431,7.43987,18.804584,1.0,0.0,0.0,,accelerate,0.003322241147256101,0.0,0.0013642857142856645,2,4.14,0.0
246,2791.07,59.9929,0.0190141,-0.0028289,0.0495276,RACE,0.22446470045158048,0.058315782437111115,0.058315782437111115,0.058315782437111115,0.058315782437111115,-0.008788182437111117,-0.008788182437111117,0.10400000000000001,0.0,55.0,0.0,-0.0025,7.515778725539254,0.0,111.508,0,216.0,216.0,6.70192,14.4782,22.5574,38.1176,65.4791,96.8874,103.21,107.067,109.403,111.508,113.439,115.229,117.544,119.964,78.3999,44.0753,25.5803,16.252,7.44237,18.799432,1.0,0.0,0.0,,accelerate,0.003213109671259648,0.22,0.0,2,4.162,0.0
247,2791.44,60.1163,0.0184684,-0.00294143,0.0497619,RACE,0.2242796695099515,0.05857057410377778,0.05857057410377778,0.05857057410377778,0.05857057410377778,-0.00880867410377778,-0.00880867410377778,0.10400000000000001,0.0,55.0,0.0,-0.0025,6.91427345709992,0.0,111.115,0,216.0,216.0,6.69952,14.47,22.5402,38.0741,65.3619,96.5536,102.841,106.685,109.014,111.115,113.042,114.829,117.14,119.557,78.5491,44.1263,25.5997,16.261,7.44487,18.809304,1.0,0.0,0.0,,accelerate,0.003111656479335816,0.0,0.0027690476190476787,2,4.184,0.0
248,2791.81,60.0934,0.0181229,-0.00305349,0.0499968,RACE,0.22409463856832254,0.058825712992666666,0.058825712992666666,0.058825712992666666,0.058825712992666666,-0.008828912992666665,-0.008828912992666665,0.10400000000000001,0.0,55.0,0.0,-0.0025,6.312768188660586,0.0,110.722,0,216.0,216.0,6.69712,14.4617,22.5228,38.0308,65.2454,96.2195,102.471,106.302,108.626,110.722,112.645,114.428,116.735,119.149,78.6984,44.1777,25.6192,16.27,7.44737,18.807472,1.0,0.0,0.0,,accelerate,0.0030248480986608444,0.0,0.0022238095238095853,2,4.206,0.0
249,2792.17,60.0257,0.0182025,-0.00315982,0.0502408,RACE,0.22391460846295372,0.059080712992666665,0.059080712992666665,0.059080712992666665,0.059080712992666665,-0.008839912992666663,-0.008839912992666663,0.10400000000000001,0.0,55.0,0.0,-0.0025,5.727519819367881,0.0,110.33,0,216.0,216.0,6.69469,14.4536,22.506,37.9888,65.1338,95.8895,102.104,105.922,108.239,110.33,112.249,114.029,116.332,118.742,78.8426,44.2273,25.6382,16.2788,7.4499,18.802056,1.0,0.0,0.0,,accelerate,0.0029531459573228593,0.0,0.0006119047619047738,2,4.228,0.0
250,2792.54,59.9614,0.0183054,-0.00326568,0.0505094,RACE,0.22372966743602618,0.059335365770444445,0.059335365770444445,0.059335365770444445,0.059335365770444445,-0.008825965770444442,-0.008825965770444442,0.10400000000000001,0.0,55.0,0.0,-0.0025,5.125205318615386,0.0,109.939,0,216.0,216.0,6.6921,14.4451,22.4886,37.9463,65.0212,95.5598,101.737,105.542,107.853,109.939,111.854,113.63,115.929,118.336,78.9875,44.2776,25.6577,16.288,7.4526,18.796912,1.0,0.0,0.0,,accelerate,0.0028782017294448807,0.22,0.0,2,4.25,0.0
251,2792.91,60.0848,0.0181167,-0.00337679,0.0507778,RACE,0.2235447602609133,0.05959001854822222,0.05959001854822222,0.05959001854822222,0.05959001854822222,-0.008812218548222221,-0.008812218548222221,0.10400000000000001,0.0,55.0,0.0,-0.0025,4.522586151530702,0.0,109.547,0,216.0,216.0,6.68946,14.4364,22.4707,37.902,64.9043,95.2266,101.369,105.161,107.466,109.547,111.457,113.231,115.526,117.929,79.1396,44.3303,25.6779,16.2975,7.45534,18.806784,1.0,0.0,0.0,,accelerate,0.0027849694011439488,0.0,0.0020190476190476503,2,4.272,0.0
252,2793.27,60.0646,0.0179286,-0.00348884,0.0510463,RACE,0.2233648505770196,0.059845018548222224,0.059845018548222224,0.059845018548222224,0.059845018548222224,-0.008798718548222222,-0.008798718548222222,0.10400000000000001,0.0,55.0,0.0,-0.0025,3.9362539889614405,0.0,109.154,0,216.0,216.0,6.68683,14.4277,22.4527,37.8578,64.7874,94.8933,101.0,104.78,107.078,109.154,111.06,112.83,115.121,117.521,79.2934,44.3831,25.6982,16.3071,7.45808,18.805168000000002,1.0,0.0,0.0,,accelerate,0.0026903304607026864,0.0,0.001538095238095206,2,4.294,0.0
253,2793.64,59.9976,0.0180889,-0.0035947,0.0513147,RACE,0.22317994340190675,0.060099671326,0.060099671326,0.060099671326,0.060099671326,-0.008784971326,-0.008784971326,0.10400000000000001,0.0,55.0,0.0,-0.0025,3.333634821876757,0.0,108.763,0,216.0,216.0,6.68423,14.4192,22.4353,37.8153,64.6754,94.5637,100.634,104.4,106.692,108.763,110.665,112.432,114.718,117.114,79.4408,44.4341,25.7178,16.3163,7.46079,18.799808,1.0,0.0,0.0,,accelerate,0.0026060949425657856,0.22,0.0,2,4.316,0.0
254,2794.01,60.1205,0.0179857,-0.0037058,0.0516168,RACE,0.22299503622679365,0.060354532437111114,0.060354532437111114,0.060354532437111114,0.060354532437111114,-0.008737732437111116,-0.008737732437111116,0.10400000000000001,0.0,55.0,0.0,-0.0025,2.7310156547913325,0.0,108.371,0,216.0,216.0,6.68137,14.4101,22.4167,37.7701,64.5573,94.2305,100.266,104.019,106.305,108.371,110.269,112.032,114.315,116.707,79.597,44.4884,25.7389,16.3263,7.46377,18.80964,1.0,0.0,0.0,,accelerate,0.002495966686235503,0.0,0.002869047619047615,2,4.338,0.0
255,2794.37,60.0975,0.0146041,-0.00379545,0.0519188,RACE,0.22281512654290017,0.060609671326,0.060609671326,0.060609671326,0.060609671326,-0.008690871326,-0.008690871326,0.10400000000000001,0.0,55.0,0.0,-0.0025,2.144683492222812,0.0,107.983,0,216.0,216.0,6.67865,14.4018,22.4003,37.7315,64.4583,93.9099,99.9046,103.644,105.922,107.983,109.876,111.635,113.914,116.302,79.7272,44.5345,25.7573,16.3353,7.46658,18.8078,1.0,0.0,0.0,,accelerate,0.0023295575801902577,0.0,0.0023214285714284904,2,4.36,0.0
256,2794.74,60.0298,0.013707,-0.00386173,0.0522208,RACE,0.22263021936778732,0.060864671326,0.060864671326,0.060864671326,0.060864671326,-0.008643871326000002,-0.008643871326000002,0.10400000000000001,0.0,55.0,0.0,-0.0025,1.5420643251381279,0.0,107.6,0,216.0,216.0,6.67608,14.3944,22.3863,37.6997,64.3799,93.6027,99.5519,103.275,105.546,107.6,109.489,111.244,113.518,115.902,79.8302,44.5721,25.7729,16.3432,7.46922,18.802384,1.0,0.0,0.0,,accelerate,0.002194101612310011,0.0,0.0007095238095238478,2,4.382,0.0
257,2795.11,59.9655,0.0134682,-0.00392324,0.0525228,RACE,0.22244531219267422,0.061119115770444446,0.061119115770444446,0.061119115770444446,0.061119115770444446,-0.008596315770444445,-0.008596315770444445,0.10400000000000001,0.0,55.0,0.0,-0.0025,0.9394451580527035,0.0,107.22,0,216.0,216.0,6.67354,14.3873,22.3728,37.6693,64.3058,93.298,99.2015,102.909,105.172,107.22,109.103,110.854,113.123,115.503,79.9275,44.6082,25.788,16.3508,7.47183,18.797240000000002,1.0,0.0,0.0,,accelerate,0.002086390000279244,0.22,0.0,2,4.404,0.0
258,2795.48,60.0885,0.01304,-0.00399238,0.052825,RACE,0.22226033532914094,0.061373976881555554,0.061373976881555554,0.061373976881555554,0.061373976881555554,-0.008548976881555558,-0.008548976881555558,0.10400000000000001,0.0,55.0,-1.2719634733753987e-05,-0.002518998762376253,0.33588433235186294,0.0,106.837,0,216.0,216.0,6.67096,14.3799,22.3586,37.6369,64.2251,92.9892,98.8485,102.54,104.795,106.837,108.716,110.463,112.727,115.103,80.0343,44.6468,25.8039,16.3588,7.4745,18.80708,1.0,0.0,0.0,,accelerate,0.001969114631463126,0.0,0.002107142857142937,2,4.426,0.0
259,2795.84,60.0683,0.0126804,-0.00406248,0.053127,RACE,0.22208031124565147,0.06162897688155556,0.06162897688155556,0.06162897688155556,0.06162897688155556,-0.008501976881555559,-0.008501976881555559,0.10400000000000001,0.0,55.0,-3.36000200695899e-05,-0.002550186881188142,-0.2519936446351665,0.0,106.454,0,216.0,216.0,6.66837,14.3724,22.3442,37.6041,64.1439,92.6791,98.4949,102.171,104.418,106.454,108.328,110.071,112.33,114.702,80.1425,44.686,25.82,16.3669,7.47717,18.805464,1.0,0.0,0.0,,accelerate,0.0018511672785576022,0.0,0.0016261904761904927,2,4.448,0.0
260,2796.21,60.0013,0.0128567,-0.00412447,0.053429,RACE,0.2218952864931763,0.06188376854822222,0.06188376854822222,0.06188376854822222,0.06188376854822222,-0.008454768548222226,-0.008454768548222226,0.10400000000000001,0.0,55.0,-5.506041610918511e-05,-0.0025822413366336735,-0.8562015654269994,0.0,106.074,0,216.0,216.0,6.66583,14.3653,22.3306,37.5736,64.0697,92.3732,98.1445,101.804,104.044,106.074,107.942,109.681,111.935,114.302,80.2416,44.7223,25.8351,16.3746,7.47978,18.800104,1.0,0.0,0.0,,accelerate,0.0017477617940203952,0.0,3.0952380952393435e-05,2,4.47,0.0
261,2796.58,59.9396,0.0130447,-0.0041855,0.0537585,RACE,0.2217102617407011,0.062138282437111114,0.062138282437111114,0.062138282437111114,0.062138282437111114,-0.008379782437111113,-0.008379782437111113,0.10400000000000001,0.0,55.0,-7.652081214878032e-05,-0.0026142957920792047,-1.4604094862188322,0.0,105.693,0,216.0,216.0,6.66311,14.3578,22.3166,37.5425,63.9947,92.0673,97.7944,101.438,103.67,105.693,107.557,109.291,111.541,113.903,80.3407,44.7594,25.8508,16.3827,7.48258,18.795168,1.0,0.0,0.0,,accelerate,0.001638608222163258,0.22,0.0,2,4.492,0.0
262,2796.94,60.0634,0.012813,-0.00425464,0.0540941,RACE,0.22153023765721164,0.06239272688155555,0.06239272688155555,0.06239272688155555,0.06239272688155555,-0.008298626881555554,-0.008298626881555554,0.10400000000000001,0.0,55.0,-9.740119748461625e-05,-0.0026454839108910936,-2.048287463205862,0.0,105.311,0,216.0,216.0,6.66029,14.3498,22.3016,37.5089,63.9128,91.7567,97.4418,101.069,103.294,105.311,107.17,108.9,111.145,113.503,80.4509,44.7996,25.8675,16.3912,7.48548,18.805072,1.0,0.0,0.0,,accelerate,0.0014982542003593182,0.0,0.0015095238095238443,2,4.514,0.0
263,2797.31,60.0432,0.00929428,-0.00430233,0.0544297,RACE,0.22134521290473647,0.06264772688155555,0.06264772688155555,0.06264772688155555,0.06264772688155555,-0.008218026881555554,-0.008218026881555554,0.10400000000000001,0.0,55.0,-0.00011886159352421145,-0.0026775383663366252,-2.6524953839976946,0.0,104.933,0,216.0,216.0,6.65761,14.3428,22.2888,37.4815,63.8491,91.4567,97.0957,100.706,102.922,104.933,106.787,108.512,110.752,113.106,80.535,44.8319,25.8817,16.3987,7.48823,18.803456,1.0,0.0,0.0,,accelerate,0.0012986152732425425,0.0,0.0010285714285714,2,4.536,0.0
264,2797.68,59.9789,0.00842891,-0.00432474,0.0547653,RACE,0.2211601881522613,0.06290237965933333,0.06290237965933333,0.06290237965933333,0.06290237965933333,-0.00813707965933333,-0.00813707965933333,0.10400000000000001,0.0,55.0,-0.00014032198956380668,-0.0027095928217821565,-3.2567033047895277,0.0,104.561,0,216.0,216.0,6.6551,14.3368,22.2786,37.4616,63.8072,91.1697,96.7582,100.35,102.557,104.561,106.409,108.13,110.364,112.713,80.5882,44.8546,25.8927,16.405,7.49078,18.798312,1.0,0.0,0.0,,accelerate,0.0011322772299909444,0.22,0.0,2,4.558,0.0
265,2798.04,60.1018,0.00779384,-0.00435192,0.055101,RACE,0.2209801640687718,0.0631570324371111,0.0631570324371111,0.0631570324371111,0.0631570324371111,-0.008056032437111102,-0.008056032437111102,0.10400000000000001,0.0,55.0,-0.00016120237489964257,-0.0027407809405940453,-3.8445812817765566,0.0,104.188,0,216.0,216.0,6.65255,14.3306,22.2678,37.4402,63.7608,90.8791,96.419,99.993,102.191,104.188,106.03,107.746,109.975,112.318,80.6472,44.8794,25.9044,16.4116,7.49337,18.808144,1.0,0.0,0.0,,accelerate,0.0009748134202501718,0.0,0.002423809523809458,2,4.58,0.0
266,2798.41,60.0814,0.00732467,-0.00438005,0.0554366,RACE,0.22077857635056045,0.063412171326,0.063412171326,0.063412171326,0.063412171326,-0.007975571325999992,-0.007975571325999992,0.10400000000000001,0.0,55.0,-0.0001772088677036227,-0.0027923876902491472,-4.449652650944515,0.0,103.815,0,216.0,216.0,6.65001,14.3243,22.257,37.4186,63.714,90.5873,96.0792,99.635,101.824,103.815,105.651,107.362,109.586,111.924,80.7081,44.9043,25.9162,16.4182,7.49597,18.806512,1.0,0.0,0.0,,accelerate,0.0008306268056845177,0.0,0.001938095238095289,2,4.602,0.0
267,2798.78,60.0144,0.00755401,-0.00439865,0.0557722,RACE,0.22055517778892783,0.0636670324371111,0.0636670324371111,0.0636670324371111,0.0636670324371111,-0.007894832437111095,-0.007894832437111095,0.10400000000000001,0.0,55.0,-0.00018603342030440123,-0.0028697417628366167,-5.055861046997997,0.0,103.444,0,216.0,216.0,6.64752,14.3185,22.2473,37.4,63.6758,90.3001,95.7429,99.2801,101.46,103.444,105.274,106.98,109.198,111.531,80.7561,44.9255,25.9267,16.4243,7.49849,18.801152000000002,1.0,0.0,0.0,,accelerate,0.000710758455538716,0.0,0.00034285714285718963,2,4.624,0.0
268,2799.14,59.9527,0.00780627,-0.00441486,0.0561078,RACE,0.22033781702625868,0.06392147688155554,0.06392147688155554,0.06392147688155554,0.06392147688155554,-0.007813676881555542,-0.007813676881555542,0.10400000000000001,0.0,55.0,-0.0001946194714835213,-0.0029450051848134754,-5.645685432346244,0.0,103.073,0,216.0,216.0,6.64505,14.3127,22.2377,37.3819,63.6393,90.0134,95.4076,98.9262,101.097,103.073,104.898,106.599,108.812,111.139,80.8018,44.9459,25.9369,16.4303,7.501,18.796216,1.0,0.0,0.0,,accelerate,0.0006034614822517603,0.22,0.0,2,4.646,0.0
269,2799.51,60.076,0.00752154,-0.00444109,0.0564434,RACE,0.22011441846462607,0.06417612965933332,0.06417612965933332,0.06417612965933332,0.06417612965933332,-0.007732729659333325,-0.007732729659333325,0.10400000000000001,0.0,55.0,-0.00020344402408429982,-0.0030223592574009452,-6.251893828399727,0.0,102.701,0,216.0,216.0,6.64252,14.3065,22.2271,37.3609,63.5939,89.7211,95.0688,98.5695,100.732,102.701,104.52,106.216,108.423,110.746,80.8598,44.9704,25.9484,16.4368,7.50358,18.80608,1.0,0.0,0.0,,accelerate,0.00047490427438944157,0.0,0.0018095238095238216,2,4.668,0.0
270,2799.88,60.0558,0.00392482,-0.00444681,0.056779,RACE,0.21989101990299373,0.06443112965933333,0.06443112965933333,0.06443112965933333,0.06443112965933333,-0.007652129659333325,-0.007652129659333325,0.10400000000000001,0.0,55.0,-0.00021226857668506753,-0.0030997133299883197,-6.858102224452465,0.0,102.333,0,216.0,216.0,6.64012,14.3012,22.2186,37.3458,63.5664,89.4373,94.7361,98.2178,100.371,102.333,104.145,105.837,108.037,110.355,80.8926,44.9868,25.9575,16.4423,7.50601,18.804464,1.0,0.0,0.0,,accelerate,0.00010702971790094412,0.0,0.0013285714285713774,2,4.69,0.0
271,2800.24,59.9914,0.00312582,-0.00442535,0.0571146,RACE,0.21967365914032455,0.06468578243711111,0.06468578243711111,0.06468578243711111,0.06468578243711111,-0.007571182437111107,-0.007571182437111107,0.10400000000000001,0.0,55.0,-0.0002208546278641876,-0.003174976751965179,-7.447926609800713,0.0,101.97,0,216.0,216.0,6.6379,14.297,22.2129,37.339,63.5621,89.1663,94.4123,97.8734,100.017,101.97,103.776,105.463,107.657,109.969,80.8918,44.9928,25.963,16.4465,7.50823,18.799312,1.0,0.0,0.0,,accelerate,-0.00029784709362171374,0.22,0.0,2,4.712,0.0
272,2800.61,60.114,0.00245904,-0.00441057,0.0574502,RACE,0.21945026057869194,0.06494064354822222,0.06494064354822222,0.06494064354822222,0.06494064354822222,-0.007490443548222224,-0.007490443548222224,0.10400000000000001,0.0,55.0,-0.00022967918046496613,-0.0032523308245526483,-8.054135005854196,0.0,101.606,0,216.0,216.0,6.63563,14.2925,22.2065,37.33,63.5521,88.8907,94.086,97.5272,99.6604,101.606,103.406,105.087,107.275,109.581,80.8992,45.0014,25.9694,16.451,7.5105,18.80912,1.0,0.0,0.0,,accelerate,-0.0007494413743089122,0.0,0.002714285714285648,2,4.734,0.0
273,2800.98,60.0911,-0.00132493,-0.00437481,0.0577859,RACE,0.2192268620170596,0.0651957824371111,0.0651957824371111,0.0651957824371111,0.0651957824371111,-0.007409882437111104,-0.007409882437111104,0.10400000000000001,0.0,55.0,-0.0002385037330657338,-0.003329684897140023,-8.660343401906932,0.0,101.246,0,216.0,216.0,6.6335,14.2889,22.2022,37.3272,63.56,88.6231,93.7656,97.1857,99.3087,101.246,103.04,104.715,106.897,109.197,80.8807,45.0023,25.9732,16.4544,7.51261,18.807288,1.0,0.0,0.0,,accelerate,-0.001252874397385215,0.0,0.0021690476190475544,2,4.756,0.0
274,2801.35,60.0234,-0.00211443,-0.004309,0.058094,RACE,0.21898735737222363,0.06545057410377778,0.06545057410377778,0.06545057410377778,0.06545057410377778,-0.007356574103777776,-0.007356574103777776,0.10400000000000001,0.0,55.0,-0.0002356800842922077,-0.003397491169387217,-9.267319842119454,0.0,100.894,0,216.0,216.0,6.63176,14.2869,22.2017,37.3342,63.5955,88.369,93.455,96.8526,98.9645,100.894,102.68,104.349,106.524,108.817,80.8231,44.9904,25.9725,16.456,7.5143,18.801872,1.0,0.0,0.0,,accelerate,-0.0016909257564529081,0.0,0.000557142857142912,2,4.778,0.0
275,2801.71,59.9591,-0.00548093,-0.00421459,0.0583961,RACE,0.218717381455713,0.06570522688155556,0.06570522688155556,0.06570522688155556,0.06570522688155556,-0.007309126881555557,-0.007309126881555557,0.10400000000000001,0.0,55.0,-0.00020621393497456612,-0.0034415639550441713,-9.859653264651039,0.0,100.547,0,216.0,216.0,6.63026,14.2862,22.2043,37.3501,63.6565,88.1266,93.1533,96.5269,98.6272,100.547,102.326,103.989,106.156,108.443,80.73,44.9672,25.9681,16.4562,7.51573,18.796728,1.0,0.0,0.0,,accelerate,-0.002115450326338532,0.22,0.0,2,4.8,0.0
276,2802.08,60.0809,-0.00724528,-0.00411779,0.0586981,RACE,0.21843990620818837,0.06595987965933332,0.06595987965933332,0.06595987965933332,0.06595987965933332,-0.00726177965933332,-0.00726177965933332,0.10400000000000001,0.0,55.0,-0.00017592928150923193,-0.0034868609847471233,-10.468440393363663,0.0,100.201,0,216.0,216.0,6.62877,14.2856,22.207,37.3664,63.7188,87.8827,92.8514,96.2015,98.2901,100.201,101.972,103.628,105.788,108.068,80.6342,44.9435,25.9635,16.4562,7.51714,18.806472,1.0,0.0,0.0,,accelerate,-0.002532125024011957,0.0,0.0019261904761904702,2,4.822,0.0
277,2802.45,60.0607,-0.0116085,-0.00399906,0.0589849,RACE,0.21816243096066373,0.06621487965933333,0.06621487965933333,0.06621487965933333,0.06621487965933333,-0.0072299796593333285,-0.0072299796593333285,0.10400000000000001,0.0,55.0,-0.00014564462804389776,-0.0035321580144500753,-11.077227522076285,0.0,99.8587,0,216.0,216.0,6.62753,14.2861,22.2125,37.3901,63.8017,87.6467,92.5555,95.881,97.9575,99.8587,101.622,103.272,105.424,107.697,80.5107,44.9105,25.9557,16.4549,7.51828,18.804856,1.0,0.0,0.0,,accelerate,-0.002959749743024727,0.0,0.001445238095238026,2,4.844,0.0
278,2802.81,59.9963,-0.0124878,-0.00384552,0.0592533,RACE,0.2178924550441531,0.06646953243711111,0.06646953243711111,0.06646953243711111,0.06646953243711111,-0.007216232437111107,-0.007216232437111107,0.10400000000000001,0.0,55.0,-0.00011617847872625619,-0.00357623080010703,-11.66956094460787,0.0,99.5241,0,216.0,216.0,6.62665,14.2883,22.2219,37.4248,63.9166,87.4237,92.27,95.5694,97.6331,99.5241,101.279,102.922,105.066,107.331,80.344,44.8639,25.9431,16.4516,7.51902,18.799704,1.0,0.0,0.0,,accelerate,-0.003458386996462767,0.22,0.0,2,4.866,0.0
279,2803.18,60.1178,-0.0133916,-0.0037039,0.0595218,RACE,0.21761497979662847,0.06672439354822221,0.06672439354822221,0.06672439354822221,0.06672439354822221,-0.007202593548222211,-0.007202593548222211,0.10400000000000001,0.0,55.0,-8.589382526092202e-05,-0.003621527829809982,-12.278348073320494,0.0,99.1867,0,216.0,216.0,6.62569,14.29,22.2301,37.456,64.0208,87.193,91.9799,95.2544,97.3056,99.1867,100.933,102.57,104.706,106.964,80.1948,44.8219,25.9321,16.4489,7.51985,18.809424,1.0,0.0,0.0,,accelerate,-0.004067780521579204,0.0,0.002804761904761966,2,4.888,0.0
280,2803.55,60.0949,-0.0174199,-0.00354273,0.0597658,RACE,0.21733750454910347,0.0669795324371111,0.0669795324371111,0.0669795324371111,0.0669795324371111,-0.007213732437111105,-0.007213732437111105,0.10400000000000001,0.0,55.0,-5.560917179555058e-05,-0.0036668248595129894,-12.887135202033864,0.0,98.8529,0,216.0,216.0,6.62503,14.2929,22.2408,37.4938,64.1446,86.9679,91.6947,94.9433,96.9818,98.8529,100.591,102.22,104.348,106.598,80.038,44.7718,25.9181,16.445,7.52037,18.807592,1.0,0.0,0.0,,accelerate,-0.0047368614593073025,0.0,0.0022595238095238727,2,4.91,0.0
281,2803.91,60.0272,-0.0212823,-0.0033229,0.0600008,RACE,0.21706752863259318,0.0672345324371111,0.0672345324371111,0.0672345324371111,0.0672345324371111,-0.007233732437111097,-0.007233732437111097,0.10400000000000001,0.0,55.0,-2.6143022477946245e-05,-0.0037108976451698883,-13.479468624564703,0.0,98.5313,0,216.0,216.0,6.62482,14.2984,22.2579,37.5499,64.321,86.7646,91.4262,94.6469,96.6713,98.5313,100.26,101.882,104.001,106.243,79.8146,44.6991,25.8966,16.438,7.52037,18.802176,1.0,0.0,0.0,,accelerate,-0.005383846230343709,0.0,0.0006476190476190609,2,4.932,0.0
282,2804.28,59.9628,-0.0222616,-0.00307686,0.0602021,RACE,0.21679005211573837,0.06748897688155554,0.06748897688155554,0.06748897688155554,0.06748897688155554,-0.0072868768815555415,-0.0072868768815555415,0.10400000000000001,0.0,55.0,0.0,-0.00375,-14.088698611808056,0.0,98.2153,0,216.0,216.0,6.62502,14.3054,22.2785,37.6152,64.5239,86.5692,91.1649,94.3567,96.3668,98.2153,99.935,101.549,103.658,105.891,79.5605,44.6156,25.871,16.4292,7.51993,18.797024,1.0,0.0,0.0,,accelerate,-0.005955298509974862,0.22,0.0,2,4.954,0.0
283,2804.65,60.0835,-0.0268233,-0.00282747,0.0603912,RACE,0.21651256758655296,0.06774383799266666,0.06774383799266666,0.06774383799266666,0.06774383799266666,-0.007352637992666659,-0.007352637992666659,0.10400000000000001,0.0,55.0,0.0,-0.00375,-14.700724034119364,0.0,97.8995,0,216.0,216.0,6.62533,14.3128,22.2998,37.6823,64.732,86.3717,90.9033,94.0667,96.0625,97.8995,99.6099,101.215,103.316,105.54,79.3097,44.5308,25.8449,16.4201,7.51939,18.80668,1.0,0.0,0.0,,accelerate,-0.00659506302946338,0.0,0.001988095238095257,2,4.976,0.0
284,2805.02,60.0633,-0.0323383,-0.00254423,0.0605559,RACE,0.21623508305736752,0.06799883799266666,0.06799883799266666,0.06799883799266666,0.06799883799266666,-0.007442937992666661,-0.007442937992666661,0.10400000000000001,0.0,55.0,0.0,-0.00375,-15.312749456430673,0.0,97.5899,0,216.0,216.0,6.62604,14.322,22.3253,37.7608,64.9735,86.1838,90.65,93.7838,95.7647,97.5899,99.2905,100.888,102.978,105.194,79.0084,44.4327,25.814,16.4091,7.51841,18.805064,1.0,0.0,0.0,,accelerate,-0.0072303224725096624,0.0,0.0015071428571428128,2,4.998,0.0
285,2805.38,59.9963,-0.0333227,-0.00221473,0.0606901,RACE,0.2159650981100518,0.06825349077044444,0.06825349077044444,0.06825349077044444,0.06825349077044444,-0.0075633907704444475,-0.0075633907704444475,0.10400000000000001,0.0,55.0,0.0,-0.00375,-15.908233651112331,0.0,97.2897,0,216.0,216.0,6.62726,14.3335,22.3562,37.8548,65.2609,86.0099,90.4085,93.5116,95.477,97.2897,98.9799,100.568,102.649,104.854,78.6297,44.3171,25.7769,16.3953,7.51688,18.799704,1.0,0.0,0.0,,accelerate,-0.007728886814982781,0.22,0.0,2,5.02,0.0
286,2805.75,60.1159,-0.0378111,-0.00188286,0.0607968,RACE,0.21568761358086636,0.0685082824371111,0.0685082824371111,0.0685082824371111,0.0685082824371111,-0.007711482437111103,-0.007711482437111103,0.10400000000000001,0.0,55.0,0.0,-0.00375,-16.520259073423638,0.0,96.9895,0,216.0,216.0,6.6287,14.3456,22.3883,37.9514,65.5555,85.8335,90.1666,93.2392,95.1891,96.9895,98.6694,100.249,102.319,104.515,78.2496,44.1997,25.7388,16.3811,7.51513,18.809272,1.0,0.0,0.0,,accelerate,-0.007830430498500088,0.0,0.0027595238095238913,2,5.042,0.0
287,2806.12,60.0929,-0.0400483,-0.00153858,0.0608761,RACE,0.21541012905168094,0.06876349077044443,0.06876349077044443,0.06876349077044443,0.06876349077044443,-0.007887390770444425,-0.007887390770444425,0.10400000000000001,0.0,55.0,0.0,-0.00375,-17.132284495734947,0.0,96.6908,0,216.0,216.0,6.63041,14.3587,22.4224,38.0531,65.8652,85.6573,89.926,92.9684,94.9028,96.6908,98.3604,99.9313,101.991,104.177,77.8532,44.0776,25.6987,16.3658,7.5131,18.807432,1.0,0.0,0.0,,accelerate,-0.0075163792813248646,0.0,0.002211904761904767,2,5.064,0.0
288,2806.48,60.0252,-0.0396958,-0.0011614,0.060928,RACE,0.21514014410436522,0.0690182824371111,0.0690182824371111,0.0690182824371111,0.0690182824371111,-0.008090282437111095,-0.008090282437111095,0.10400000000000001,0.0,55.0,0.0,-0.00375,-17.727768690416607,0.0,96.3985,0,216.0,216.0,6.63254,14.3736,22.4607,38.1668,66.211,85.4895,89.6934,92.705,94.6235,96.3985,98.0575,99.6194,101.668,103.845,77.4077,43.943,25.6541,16.3486,7.51062,18.802016000000002,1.0,0.0,0.0,,accelerate,-0.006946195720752947,0.0,0.0005999999999999552,2,5.086,0.0
289,2806.85,59.9609,-0.0358024,-0.000798527,0.0609614,RACE,0.21486265957517978,0.06927293521488888,0.06927293521488888,0.06927293521488888,0.06927293521488888,-0.00831153521488888,-0.00831153521488888,0.10400000000000001,0.0,55.0,0.0,-0.00375,-18.339794112727915,0.0,96.1033,0,216.0,216.0,6.63471,14.3882,22.4981,38.2774,66.5483,85.3131,89.4558,92.4374,94.3406,96.1033,97.7519,99.3049,101.343,103.51,76.9922,43.8137,25.611,16.3319,7.50813,18.796872,1.0,0.0,0.0,,accelerate,-0.006185380118456545,0.22,0.0,2,5.108,0.0
290,2807.22,60.0808,-0.0322456,-0.000503365,0.0609613,RACE,0.21458517504599434,0.06952758799266666,0.06952758799266666,0.06952758799266666,0.06952758799266666,-0.008566287992666656,-0.008566287992666656,0.10400000000000001,0.0,55.0,0.0,-0.00375,-18.95183020571994,0.0,95.7945,0,216.0,216.0,6.63666,14.4005,22.5293,38.3691,66.8272,85.1108,89.1992,92.154,94.0433,95.7945,97.4336,98.9785,101.008,103.165,76.6772,43.7079,25.5753,16.3179,7.50591,18.806464,1.0,0.0,0.0,,accelerate,-0.005348501634285447,0.0,0.001923809523809608,2,5.13,0.0
291,2807.58,60.0606,-0.0284328,-0.000257317,0.0609612,RACE,0.21431519009867867,0.06978258799266666,0.06978258799266666,0.06978258799266666,0.06978258799266666,-0.008821387992666664,-0.008821387992666664,0.10400000000000001,0.0,55.0,0.0,-0.00375,-19.550806623181238,0.0,95.4751,0,216.0,216.0,6.6383,14.4108,22.5553,38.4458,67.0615,84.8889,88.9281,91.8583,93.7345,95.4751,97.1054,98.6427,100.663,102.812,76.4428,43.6201,25.5457,16.3062,7.50406,18.804848,1.0,0.0,0.0,,accelerate,-0.004501148389115469,0.0,0.0014428571428571637,2,5.152,0.0
292,2807.95,59.9962,-0.0259695,-6.50087e-06,0.0609337,RACE,0.21403770556949328,0.07003737965933333,0.07003737965933333,0.07003737965933333,0.07003737965933333,-0.009103679659333334,-0.009103679659333334,0.10400000000000001,0.0,55.0,0.0,-0.00375,-20.166421274460507,0.0,95.1569,0,216.0,216.0,6.64016,14.4217,22.5826,38.5256,67.3045,84.6672,88.6581,91.5636,93.4268,95.1569,96.7784,98.3081,100.319,102.46,76.2116,43.5297,25.5148,16.2939,7.50198,18.799696,1.0,0.0,0.0,,accelerate,-0.0036564112399297523,0.22,0.0,2,5.174,0.0
293,2808.32,60.1171,-0.022271,0.000199493,0.0609,RACE,0.21376022104030754,0.07029203243711112,0.07029203243711112,0.07029203243711112,0.07029203243711112,-0.009392032437111113,-0.009392032437111113,0.10400000000000001,0.0,55.0,0.0,-0.00375,-20.78203592574053,0.0,94.8297,0,216.0,216.0,6.64177,14.4308,22.6054,38.5917,67.5053,84.4286,88.3753,91.2582,93.1094,94.8297,96.4427,97.9654,99.9681,102.1,76.0818,43.4554,25.4893,16.2836,7.5002,18.809368,1.0,0.0,0.0,,accelerate,-0.002799249793837431,0.0,0.0027880952380952536,2,5.196,0.0
294,2808.69,60.0941,-0.0180744,0.000361141,0.0608672,RACE,0.21348273651112215,0.07054737965933333,0.07054737965933333,0.07054737965933333,0.07054737965933333,-0.009680179659333328,-0.009680179659333328,0.10400000000000001,0.0,55.0,0.0,-0.00375,-21.3976505770198,0.0,94.4931,0,216.0,216.0,6.64307,14.4381,22.6234,38.644,67.6649,84.1737,88.0803,90.9421,92.782,94.4931,96.0984,97.6145,99.6092,101.734,76.126,43.397,25.4691,16.2755,7.49875,18.807527999999998,1.0,0.0,0.0,,accelerate,-0.002019704652135192,0.0,0.0022404761904761287,2,5.218,0.0
295,2809.05,60.0264,-0.0123031,0.000501808,0.0608274,RACE,0.21321275156380648,0.070802171326,0.070802171326,0.070802171326,0.070802171326,-0.009974771326000005,-0.009974771326000005,0.10400000000000001,0.0,55.0,0.0,-0.00375,-21.996626994481097,0.0,94.1527,0,216.0,216.0,6.64429,14.4446,22.6393,38.6901,67.8049,83.9113,87.7798,90.6213,92.4505,94.1527,95.7506,97.2602,99.2473,101.365,105.076,43.3459,25.4514,16.2682,7.49742,18.802112,1.0,0.0,0.0,,accelerate,-0.0013711356838176096,0.0,0.0006285714285714861,2,5.24,0.0
296,2809.42,59.9621,-0.00650821,0.000602897,0.0607603,RACE,0.2129352670346211,0.07105682410377777,0.07105682410377777,0.07105682410377777,0.07105682410377777,-0.010296524103777766,-0.010296524103777766,0.10400000000000001,0.0,55.0,0.0,-0.00375,-22.612241645760367,0.0,93.8054,0,216.0,216.0,6.64544,14.4499,22.6517,38.7249,67.9082,83.6362,87.4695,90.2924,92.1115,93.8054,95.3962,96.8997,98.8797,100.991,104.69,43.3077,25.4377,16.2624,7.49619,18.796968,1.0,0.0,0.0,,accelerate,-0.00078614750284336,0.22,0.0,2,5.262,0.0
297,2809.79,60.084,-0.00490321,0.000666793,0.0606931,RACE,0.21265778250543568,0.07131147688155555,0.07131147688155555,0.07131147688155555,0.07131147688155555,-0.01061837688155555,-0.01061837688155555,0.10400000000000001,0.0,55.0,0.0,-0.00375,-23.227856297039637,0.0,93.4508,0,216.0,216.0,6.64634,14.4536,22.6601,38.748,67.9757,83.3485,87.1497,89.9552,91.7648,93.4508,95.035,96.5328,98.506,100.61,104.298,43.2827,25.4285,16.2584,7.49524,18.80672,1.0,0.0,0.0,,accelerate,-0.0003328416443558703,0.0,0.002000000000000076,2,5.284,0.0
298,2810.15,60.0638,-0.00125536,0.000700649,0.0606258,RACE,0.21238779755812,0.07156647688155555,0.07156647688155555,0.07156647688155555,0.07156647688155555,-0.010940676881555554,-0.010940676881555554,0.10400000000000001,0.0,55.0,0.0,-0.00375,-23.826832714500938,0.0,93.0901,0,216.0,216.0,6.64704,14.4561,22.6654,38.7615,68.0143,83.051,86.822,89.6108,91.4115,93.0901,94.668,96.1604,98.1271,100.225,103.901,43.2679,25.4228,16.2558,7.49451,18.805104,1.0,0.0,0.0,,accelerate,9.436145507263279e-05,0.0,0.0015190476190476314,2,5.306,0.0
299,2810.52,59.9969,0.000707944,0.000731166,0.0605586,RACE,0.21211032084559808,0.07182112965933334,0.07182112965933334,0.07182112965933334,0.07182112965933334,-0.011262529659333338,-0.011262529659333338,0.10400000000000001,0.0,55.0,0.0,-0.00375,-24.23314021942736,0.0,92.7291,0,216.0,216.0,6.64771,14.4584,22.6703,38.7738,68.0487,82.752,86.4934,89.2661,91.0579,92.7291,94.3007,95.7877,97.748,99.8403,103.505,43.2546,25.4176,16.2533,7.49381,18.799751999999998,1.0,0.0,0.0,,accelerate,0.00048022819667627506,0.22,0.0,2,5.328,0.0
300,2810.89,60.1187,0.00121351,0.000747379,0.0604914,RACE,0.2118328455980734,0.07207599077044444,0.07207599077044444,0.07207599077044444,0.07207599077044444,-0.011584590770444436,-0.011584590770444436,0.10400000000000001,0.0,55.0,0.0,-0.00375,-24.60021942734806,0.0,92.3653,0,216.0,216.0,6.6483,14.4601,22.6737,38.7819,68.0695,82.4485,86.1613,88.9181,90.7013,92.3653,93.9308,95.4125,97.3666,99.453,103.106,43.246,25.414,16.2515,7.49321,18.809496,1.0,0.0,0.0,,accelerate,0.0008025773194231385,0.0,0.0028261904761904028,2,5.35,0.0
301,2811.25,60.0958,0.00451851,0.000738796,0.0604394,RACE,0.2115628696815627,0.07233112965933332,0.07233112965933332,0.07233112965933332,0.07233112965933332,-0.01189172965933332,-0.01189172965933332,0.10400000000000001,0.0,55.0,0.0,-0.00375,-24.957377575595455,0.0,91.9963,0,216.0,216.0,6.64861,14.4606,22.674,38.7813,68.0653,82.1364,85.8225,88.5642,90.3391,91.9963,93.556,95.0327,96.9807,99.0613,102.703,43.2469,25.4138,16.2511,7.4929,18.807664,1.0,0.0,0.0,,accelerate,0.0011405185501314166,0.0,0.0022809523809523093,2,5.372,0.0
302,2811.62,60.0281,0.00622774,0.000724967,0.0604057,RACE,0.21128539443403804,0.07258612965933332,0.07258612965933332,0.07258612965933332,0.07258612965933332,-0.012180429659333324,-0.012180429659333324,0.10400000000000001,0.0,55.0,0.0,-0.00375,-25.324456783516155,0.0,91.6265,0,216.0,216.0,6.64876,14.4605,22.6734,38.7783,68.0537,81.8226,85.4822,88.2093,89.9761,91.6265,93.1804,94.652,96.5942,98.6692,102.299,43.2504,25.4146,16.2513,7.49277,18.802248,1.0,0.0,0.0,,accelerate,0.001449643753465173,0.0,0.000669047619047667,2,5.394,0.0
303,2811.99,59.9638,0.00712717,0.000709709,0.0603722,RACE,0.21100791918651335,0.07284057410377777,0.07284057410377777,0.07284057410377777,0.07284057410377777,-0.012468374103777768,-0.012468374103777768,0.10400000000000001,0.0,55.0,0.0,-0.00375,-25.69153599143685,0.0,91.2569,0,216.0,216.0,6.64889,14.4604,22.6725,38.7748,68.0411,81.5084,85.1422,87.8546,89.6133,91.2569,92.805,94.2717,96.2079,98.2773,101.896,43.2544,25.4157,16.2515,7.49265,18.797104,1.0,0.0,0.0,,accelerate,0.001729756863364313,0.22,0.0,2,5.416,0.0
304,2812.35,60.0864,0.010449,0.000661548,0.0603385,RACE,0.21073794327000267,0.07309543521488888,0.07309543521488888,0.07309543521488888,0.07309543521488888,-0.012756935214888881,-0.012756935214888881,0.10400000000000001,0.0,55.0,0.0,-0.00375,-26.04869413968425,0.0,90.8812,0,216.0,216.0,6.64881,14.4589,22.6682,38.7609,67.9962,81.1846,84.7942,87.4929,89.2439,90.8812,92.4239,93.8858,95.8164,97.8805,101.488,43.27,25.4206,16.2532,7.49277,18.806912,1.0,0.0,0.0,,accelerate,0.0020150226857091457,0.0,0.0020571428571428,2,5.438,0.0
305,2812.72,60.0663,0.0114209,0.000594791,0.0603048,RACE,0.210460468022478,0.07335043521488889,0.07335043521488889,0.07335043521488889,0.07335043521488889,-0.013045635214888891,-0.013045635214888891,0.10400000000000001,0.0,55.0,0.0,-0.00375,-26.415773347604947,0.0,90.5017,0,216.0,216.0,6.6486,14.4566,22.6619,38.7411,67.9332,80.8549,84.4415,87.1269,88.8706,90.5017,92.0391,93.4965,95.4216,97.4807,101.077,43.2919,25.4277,16.2558,7.49303,18.805304,1.0,0.0,0.0,,accelerate,0.002262598100616707,0.0,0.001578571428571387,2,5.46,0.0
306,2813.09,59.9993,0.0122025,0.000533279,0.0602712,RACE,0.21018299277495298,0.07360508799266666,0.07360508799266666,0.07360508799266666,0.07360508799266666,-0.01333388799266666,-0.01333388799266666,0.10400000000000001,0.0,55.0,0.0,-0.00375,-26.782852555526098,0.0,90.1237,0,216.0,216.0,6.64843,14.4545,22.6561,38.723,67.8754,80.5271,84.0905,86.7626,88.4989,90.1237,91.6557,93.1085,95.0281,97.0819,100.667,43.3121,25.4343,16.2582,7.49326,18.799944,1.0,0.0,0.0,,accelerate,0.0024948398227541127,0.22,0.0,2,5.482,0.0
307,2813.46,60.1218,0.0123406,0.000464614,0.0602375,RACE,0.2099054233149355,0.07385987965933333,0.07385987965933333,0.07385987965933333,0.07385987965933333,-0.013622379659333328,-0.013622379659333328,0.10400000000000001,0.0,55.0,0.0,-0.00375,-26.932680715838796,0.0,89.7444,0,216.0,216.0,6.64821,14.4522,22.6495,38.7025,67.8107,80.1972,83.7379,86.3968,88.1257,89.7444,91.2712,92.7193,94.6334,96.6821,100.256,43.335,25.4417,16.2609,7.49353,18.809744000000002,1.0,0.0,0.0,,accelerate,0.0026909801554345445,0.0,0.0029000000000000085,2,5.504,0.0
308,2813.82,60.0989,0.0155502,0.000372585,0.0602313,RACE,0.20963531794614465,0.07411508799266665,0.07411508799266665,0.07411508799266665,0.07411508799266665,-0.013883787992666652,-0.013883787992666652,0.10400000000000001,0.0,55.0,0.0,-0.00375,-26.991325974243228,0.0,89.3601,0,216.0,216.0,6.64764,14.4484,22.6399,38.6737,67.7214,79.8599,83.3792,86.0254,87.7474,89.3601,90.8818,92.3256,94.2345,96.2781,99.8415,43.3672,25.4526,16.2652,7.49418,18.807912,1.0,0.0,0.0,,accelerate,0.0029174559938285874,0.0,0.002354761904761915,2,5.526,0.0
309,2814.19,60.0311,0.0169965,0.000270542,0.0602312,RACE,0.20935770965044312,0.07437001854822221,0.07437001854822221,0.07437001854822221,0.07437001854822221,-0.014138818548222215,-0.014138818548222215,0.10400000000000001,0.0,55.0,0.0,-0.00375,-27.051600267603302,0.0,88.9746,0,216.0,216.0,6.64697,14.4441,22.629,38.6415,67.6222,79.5203,83.0186,85.6526,87.3676,88.9746,90.4913,91.9308,93.8345,95.8733,99.4259,43.4031,25.4648,16.27,7.49494,18.802488,1.0,0.0,0.0,,accelerate,0.0031226044493591633,0.0,0.000740476190476241,2,5.548,0.0
310,2814.56,59.9668,0.0176929,0.000166114,0.0602311,RACE,0.2090801013547416,0.074624671326,0.074624671326,0.074624671326,0.074624671326,-0.014393571325999992,-0.014393571325999992,0.10400000000000001,0.0,55.0,0.0,-0.00375,-27.111874560963376,0.0,88.5891,0,216.0,216.0,6.64627,14.4397,22.6178,38.6086,67.521,79.1805,82.658,85.2797,86.9879,88.5891,90.1009,91.5361,93.4346,95.4685,99.0105,43.44,25.4773,16.275,7.49572,18.797344,1.0,0.0,0.0,,accelerate,0.0033030473007547353,0.22,0.0,2,5.57,0.0
311,2814.92,60.0902,0.0177905,5.50111e-05,0.0602342,RACE,0.20880999598595074,0.07487932410377778,0.07487932410377778,0.07487932410377778,0.07487932410377778,-0.014645124103777774,-0.014645124103777774,0.10400000000000001,0.0,55.0,0.0,-0.00375,-27.170519819367808,0.0,88.2025,0,216.0,216.0,6.64551,14.435,22.6059,38.5735,67.4134,78.8389,82.2959,84.9056,86.607,88.2025,89.7093,91.1402,93.0336,95.0627,98.5942,43.4794,25.4907,16.2802,7.49658,18.807216,1.0,0.0,0.0,,accelerate,0.003441610522614242,0.0,0.0021476190476191178,2,5.592,0.0
312,2815.29,60.07,0.0177546,-5.70456e-05,0.0602676,RACE,0.2085323876902492,0.07513432410377778,0.07513432410377778,0.07513432410377778,0.07513432410377778,-0.014866724103777783,-0.014866724103777783,0.10417168384934337,0.012263132095954298,55.0,0.0,-0.00375,-27.23079411272788,0.0,87.8151,0,216.0,216.0,6.64453,14.4298,22.5933,38.5371,67.3031,78.4964,81.9331,84.5307,86.2253,87.8151,89.317,90.7435,92.6319,94.6562,98.1772,43.5203,25.5048,16.286,7.49765,18.8056,1.0,0.0,0.0,,accelerate,0.0035572198902023206,0.0,0.0016666666666666735,2,5.614,0.0
313,2815.66,60.003,0.0212683,-0.000185792,0.0603011,RACE,0.20825477939454767,0.0753891852148889,0.0753891852148889,0.0753891852148889,0.0753891852148889,-0.015088085214888892,-0.015088085214888892,0.10436004968340895,0.025717834529209727,55.0,0.0,-0.00375,-27.291068406087955,0.0,87.4252,0,216.0,216.0,6.64344,14.4239,22.5788,38.4954,67.1776,78.1499,81.5671,84.153,85.8411,87.4252,88.9223,90.3448,92.2281,94.2477,97.7586,43.5674,25.5211,16.2926,7.49885,18.800240000000002,1.0,0.0,0.0,,accelerate,0.00370750054035495,0.0,7.142857142857406e-05,2,5.636,0.0
314,2816.02,59.9413,0.0225513,-0.000331227,0.0603376,RACE,0.20798467402575682,0.07564362965933334,0.07564362965933334,0.07564362965933334,0.07564362965933334,-0.015306029659333344,-0.015306029659333344,0.10454363152222124,0.03883082301580152,55.0,0.0,-0.00375,-27.349713664492388,0.0,87.033,0,216.0,216.0,6.64222,14.4172,22.5625,38.4484,67.0354,77.7995,81.1978,83.7726,85.4543,87.033,88.5255,89.9438,91.8223,93.8373,97.3382,43.6206,25.5395,16.3001,7.50021,18.795304,1.0,0.0,0.0,,accelerate,0.0038235216352602644,0.22,0.0,2,5.658,0.0
315,2816.39,60.0656,0.022909,-0.000483815,0.0604047,RACE,0.20770713854696288,0.07589814354822222,0.07589814354822222,0.07589814354822222,0.07589814354822222,-0.01549344354822222,-0.01549344354822222,0.1047487975268214,0.0534855376300993,55.0,0.0,-0.00375,-27.42082442467217,0.0,86.6393,0,216.0,216.0,6.64073,14.4098,22.5447,38.3979,66.8854,77.4467,80.8268,83.3905,85.0659,86.6393,88.1271,89.5415,91.4151,93.4256,96.9167,43.678,25.5595,16.3084,7.50182,18.805248,1.0,0.0,0.0,,accelerate,0.0038733144112223948,0.0,0.0015619047619048437,2,5.68,0.0
316,2816.76,60.0455,0.0230331,-0.000637356,0.0604717,RACE,0.20742966329943785,0.07615314354822222,0.07615314354822222,0.07615314354822222,0.07615314354822222,-0.01568144354822222,-0.01568144354822222,0.10494128260301334,0.06723447164380927,55.0,0.0,-0.00375,-27.50089868209799,0.0,86.245,0,216.0,216.0,6.63924,14.4024,22.5269,38.3476,66.7272,77.0939,80.4554,83.0079,84.677,86.245,87.7283,89.1386,91.0075,93.0134,96.4947,43.7355,25.5796,16.3167,7.50345,18.80364,1.0,0.0,0.0,,accelerate,0.0039015402534744305,0.0,0.0010833333333332615,2,5.702,0.0
317,2817.12,59.9811,0.0232566,-0.00078756,0.0605449,RACE,0.20715968738292753,0.07640779632599999,0.07640779632599999,0.07640779632599999,0.07640779632599999,-0.015862896325999992,-0.015862896325999992,0.10512462733305306,0.08033052378950342,55.0,0.0,-0.00375,-27.578808770404052,0.0,85.8519,0,216.0,216.0,6.63773,14.395,22.5092,38.298,66.56,76.7422,80.0853,82.6266,84.2893,85.8519,87.3305,88.7367,90.6007,92.602,96.0737,43.7925,25.5996,16.3249,7.5051,18.798488,1.0,0.0,0.0,,accelerate,0.003924952688549758,0.22,0.0,2,5.724,0.0
318,2817.49,60.105,0.02325,-0.000941102,0.0606456,RACE,0.20688221213540284,0.07666258799266666,0.07666258799266666,0.07666258799266666,0.07666258799266666,-0.01601698799266666,-0.01601698799266666,0.10532975821042781,0.09498272931627134,55.0,0.0,-0.00375,-27.658883027829773,0.0,85.458,0,216.0,216.0,6.636,14.3871,22.4907,38.2463,66.379,76.3897,79.7143,82.2444,83.9008,85.458,86.932,88.3342,90.1933,92.1899,95.6521,43.8517,25.6205,16.3338,7.50696,18.8084,1.0,0.0,0.0,,accelerate,0.003910507924391593,0.0,0.0024999999999999255,2,5.746,0.0
319,2817.86,60.0846,0.023213,-0.00109417,0.0607462,RACE,0.2066047368878778,0.07691772688155556,0.07691772688155556,0.07691772688155556,0.07691772688155556,-0.016171526881555556,-0.016171526881555556,0.10552221843931985,0.10872988852284497,55.0,0.0,-0.00375,-27.738957285255594,0.0,85.0639,0,216.0,216.0,6.63427,14.3792,22.4722,38.195,66.1896,76.0371,79.3432,81.8621,83.5121,85.0639,86.5331,87.9312,89.7854,91.7774,95.2302,43.9111,25.6415,16.3426,7.50883,18.806767999999998,1.0,0.0,0.0,,accelerate,0.003892203302305308,0.0,0.0020142857142857566,2,5.768,0.0
320,2818.23,60.0176,0.0233515,-0.00124437,0.0608529,RACE,0.20632726164035314,0.07717258799266667,0.07717258799266667,0.07717258799266667,0.07717258799266667,-0.01631968799266667,-0.01631968799266667,0.10571059227893988,0.12218516278141893,66.0,0.0,-0.00375,-27.819031542681316,0.0,84.6708,0,216.0,216.0,6.63253,14.3713,22.4538,38.1444,65.9953,75.6858,78.9733,81.481,83.1245,84.6708,86.1352,87.5292,89.3785,91.3657,94.8092,43.9697,25.6623,16.3514,7.51071,18.801408000000002,1.0,0.0,0.0,,accelerate,0.003878328031345925,0.22,0.0,2,5.79,0.0
321,2818.59,60.1408,0.0233004,-0.00139791,0.0609871,RACE,0.20605728572384246,0.07742737965933331,0.07742737965933331,0.07742737965933331,0.07742737965933331,-0.016440279659333312,-0.016440279659333312,0.10590884353925717,0.13634596708979696,66.0,0.0,-0.00375,-27.896941630987477,0.0,84.2769,0,216.0,216.0,6.63056,14.3629,22.4345,38.0918,65.7913,75.3335,78.6027,81.099,82.7361,84.2769,85.7368,87.1266,88.9708,90.9534,94.3878,44.0309,25.6842,16.3608,7.51282,18.811264,1.0,0.0,0.0,,accelerate,0.0034391631180044455,0.44,0.0,2,5.812,0.0
322,2818.96,60.4981,0.0196451,-0.00153429,0.0611213,RACE,0.2057798104763178,0.077683421326,0.077683421326,0.077683421326,0.077683421326,-0.01656212132599999,-0.01656212132599999,0.10613229098435592,0.1523064988825656,66.0,0.0,-0.00375,-27.9770158884132,0.0,83.8847,0,216.0,216.0,6.62871,14.3551,22.417,38.0445,65.5922,74.9844,78.2344,80.7191,82.3496,83.8847,85.3395,86.7251,88.5642,90.5417,93.967,44.0862,25.7042,16.3694,7.5148,18.839848,1.0,0.0,0.0,,accelerate,0.0025690107585376455,0.66,0.0,2,5.834,0.0
323,2819.33,61.0863,0.0176918,-0.00166065,0.0612555,RACE,0.20550233139320953,0.07794147688155555,0.07794147688155555,0.07794147688155555,0.07794147688155555,-0.01668597688155555,-0.01668597688155555,0.10637591493717072,0.16970820979790732,66.0,0.0,-0.00375,-28.059137079779237,0.0,83.4914,0,216.0,216.0,6.62693,14.3478,22.4006,38.0005,65.3931,74.6359,77.8661,80.3386,81.9621,83.4914,84.9411,86.3222,88.156,90.1285,93.5444,44.1376,25.7228,16.3775,7.5167,18.886904,1.0,0.0,0.0,,accelerate,0.0014886664731077297,0.6489884615384616,0.0,2,5.856,0.0
324,2819.71,61.7613,0.0104604,-0.001746,0.0613896,RACE,0.2052173472821541,0.07820217132599999,0.07820217132599999,0.07820217132599999,0.07820217132599999,-0.01681257132599999,-0.01681257132599999,0.10663231894231315,0.18802278159379518,66.0,0.0,-0.00375,-28.146462719518343,0.0,83.1012,0,216.0,216.0,6.62542,14.3423,22.3885,37.9691,65.2117,74.2944,77.503,79.9623,81.5784,83.1012,84.5454,85.9218,87.7497,89.7166,93.1228,44.1743,25.7364,16.3837,7.51829,18.940904,1.0,0.0,0.0,,accelerate,0.00019979379556129694,0.6230269230769232,0.0,2,5.878,0.0
325,2820.09,62.4159,0.00487894,-0.001777,0.0615238,RACE,0.20493236317109867,0.07846585188155554,0.07846585188155554,0.07846585188155554,0.07846585188155554,-0.016942051881555543,-0.016942051881555543,0.10688694035430933,0.2062100253078091,66.0,0.0,-0.00375,-28.233788359257453,0.0,82.7163,0,216.0,216.0,6.62427,14.3389,22.382,37.9541,65.0527,73.963,77.1477,79.5927,81.2005,82.7163,84.1545,85.5255,87.347,89.3078,92.7039,44.1914,25.7435,16.3872,7.51948,18.993272,1.0,0.0,0.0,,accelerate,-0.0011280444519430847,0.59785,0.0,2,5.9,0.0
326,2820.47,63.039,-0.000233108,-0.00176508,0.061658,RACE,0.2046473790600436,0.078732171326,0.078732171326,0.078732171326,0.078732171326,-0.017074171325999997,-0.017074171325999997,0.10713880761461371,0.22420054390097882,66.0,0.0,-0.00375,-28.321113998996456,0.0,82.3348,0,216.0,216.0,6.6234,14.3374,22.3801,37.9524,64.9064,73.6389,76.7981,79.2274,80.8264,82.3348,83.7665,85.1319,86.9465,88.9008,92.2861,44.1925,25.7453,16.3887,7.52034,19.043120000000002,1.0,0.0,0.0,,accelerate,-0.0024492513076784556,0.5738846153846153,0.0,2,5.922,0.0
327,2820.86,63.6341,-0.00526709,-0.00171167,0.0617923,RACE,0.20435489536711812,0.07900126854822222,0.07900126854822222,0.07900126854822222,0.07900126854822222,-0.017208968548222216,-0.017208968548222216,0.10739341505463153,0.24238678961653728,66.0,0.0,-0.00375,-28.41073768188664,0.0,81.9565,0,216.0,216.0,6.62281,14.3375,22.3825,37.9633,64.7702,73.3213,76.4534,78.8664,80.456,81.9565,83.3813,84.7406,86.548,88.4953,91.8694,44.1786,25.742,16.3882,7.52089,19.090728,1.0,0.0,0.0,,accelerate,-0.0038007189929549975,0.550996153846154,0.0,2,5.944,0.0
328,2821.25,64.2035,-0.0131893,-0.0015958,0.0619112,RACE,0.20406241167419298,0.07927251854822222,0.07927251854822222,0.07927251854822222,0.07927251854822222,-0.017361318548222218,-0.017361318548222218,0.10760270134649155,0.2573358104636816,66.0,0.0,-0.00375,-28.500361364776722,0.0,81.5852,0,216.0,216.0,6.62273,14.3405,22.3917,37.9938,64.6524,73.0155,76.1184,78.5138,80.0933,81.5852,83.0025,84.3553,86.1549,88.0945,91.4569,44.1414,25.7308,16.3845,7.52086,19.13628,1.0,0.0,0.0,,accelerate,-0.00556723782335989,0.5290961538461536,0.0,2,5.966,0.0
329,2821.64,64.7518,-0.0222712,-0.00139791,0.0620118,RACE,0.20376992798126786,0.07954633799266667,0.07954633799266667,0.07954633799266667,0.07954633799266667,-0.017534537992666667,-0.017534537992666667,0.10778705932633958,0.2705042375956841,66.0,0.0,-0.00375,-28.589985047666804,0.0,81.224,0,216.0,216.0,6.62333,14.3472,22.41,38.0501,64.56,72.7258,75.797,78.173,79.7415,81.224,82.6333,83.9789,85.7698,87.7011,91.0508,44.0736,25.7091,16.3766,7.52008,19.180144,1.0,0.0,0.0,,accelerate,-0.007707622110081325,0.5080076923076922,0.0,2,5.988,0.0
330,2822.04,65.2794,-0.0318541,-0.00111181,0.0620789,RACE,0.2034699447064727,0.07982237965933332,0.07982237965933332,0.07982237965933332,0.07982237965933332,-0.017743479659333324,-0.017743479659333324,0.10797353127267048,0.2838236623336046,66.0,0.0,-0.00375,-28.681906773707965,0.0,80.874,0,216.0,216.0,6.62474,14.358,22.4384,38.1352,64.4919,72.4534,75.4902,77.8451,79.4017,80.874,82.2745,83.6123,85.3939,87.316,90.6521,43.9728,25.6759,16.364,7.5184,19.222352,1.0,0.0,0.0,,accelerate,-0.010003063139736706,0.48771538461538483,0.0,2,6.01,0.0
331,2822.44,65.7861,-0.0417088,-0.000736062,0.0621062,RACE,0.2031699614316775,0.08010057410377776,0.08010057410377776,0.08010057410377776,0.08010057410377776,-0.017994374103777758,-0.017994374103777758,0.10815843196811681,0.29703085486548525,66.0,0.0,-0.00375,-28.77785245024252,0.0,80.5354,0,216.0,216.0,6.62704,14.3732,22.4772,38.2503,64.4448,72.1979,75.1979,77.5303,79.0741,80.5354,81.9263,83.2558,85.0272,86.9395,90.2611,43.8385,25.631,16.3465,7.51576,19.262888,1.0,0.0,0.0,,accelerate,-0.012316986453709572,0.46822692307692293,0.0,2,6.032,0.0
332,2822.85,66.271,-0.0517378,-0.000270669,0.0620909,RACE,0.20286247857501266,0.08038085188155554,0.08038085188155554,0.08038085188155554,0.08038085188155554,-0.018289951881555543,-0.018289951881555543,0.10834536393263099,0.3103831380450696,66.0,0.0,-0.00375,-28.878106673356715,0.0,80.208,0,216.0,216.0,6.63023,14.3929,22.5268,38.3955,64.4154,71.9588,74.9198,77.2283,78.7584,80.208,81.5888,82.9094,84.6698,86.5716,89.8777,43.6713,25.5744,16.3242,7.51215,19.30168,1.0,0.0,0.0,,accelerate,-0.014612612385591653,0.44957692307692304,0.0,2,6.054,0.0
333,2823.25,66.7351,-0.0648744,0.000306304,0.0620206,RACE,0.20256249530021747,0.08066314354822222,0.08066314354822222,0.08066314354822222,0.08066314354822222,-0.018642543548222222,-0.018642543548222222,0.08653891804491304,0.32420843177950376,66.0,0.0,-0.00375,-28.975915671516958,0.0,79.8952,0,216.0,216.0,6.63455,14.4181,22.5897,38.5793,64.4092,71.74,74.6599,76.9428,78.4582,79.8952,81.2651,82.576,84.3247,86.2149,89.5048,43.4637,25.5035,16.2958,7.50732,19.338808,1.0,0.0,0.0,,accelerate,-0.016839978046312376,0.431726923076923,0.0,2,6.076,0.0
334,2823.66,67.1785,-0.0759826,0.000990566,0.0618832,RACE,0.2022550124435526,0.08094744910377778,0.08094744910377778,0.08094744910377778,0.08094744910377778,-0.019064249103777783,-0.019064249103777783,0.08673802884654855,0.3384306318963261,66.0,0.0,-0.00375,-29.076169894631153,0.0,79.5962,0,216.0,216.0,6.64007,14.449,22.6661,38.8018,64.4214,71.5403,74.4168,76.6727,78.1725,79.5962,80.9545,82.2551,83.9912,85.8692,89.1419,43.2177,25.4184,16.2614,7.50122,19.37428,1.0,0.0,0.0,,accelerate,-0.01894853483108684,0.414673076923077,0.0,2,6.098,0.0
335,2824.07,67.602,-0.0864415,0.00176924,0.0616755,RACE,0.2019475295868874,0.08123342132599999,0.08123342132599999,0.08123342132599999,0.08123342132599999,-0.01955792132599999,-0.01955792132599999,0.08679432839164694,0.34245202797478197,66.0,0.0,-0.00375,-29.17642411774546,0.0,79.3086,0,216.0,216.0,6.64672,14.485,22.7549,39.06,64.4441,71.3553,74.1873,76.4151,77.8988,79.3086,80.6546,81.9445,83.6674,85.5324,88.7874,42.9394,25.3212,16.2216,7.49393,19.408160000000002,1.0,0.0,0.0,,accelerate,-0.019260511202590952,0.3983846153846152,0.0,2,6.12,0.0
336,2824.49,68.0054,-0.0905439,0.00259465,0.0613855,RACE,0.20163254714835283,0.08152133799266666,0.08152133799266666,0.08152133799266666,0.08152133799266666,-0.020135837992666654,-0.020135837992666654,0.10882822468017109,0.3448731914407911,66.0,0.0,-0.00375,-29.2791235658136,0.0,79.0247,0,216.0,216.0,6.6543,14.5245,22.8515,39.3406,64.4608,71.1748,73.9623,76.1619,77.6291,79.0247,80.3584,81.6374,83.3469,85.1987,88.4359,42.6449,25.2171,16.1787,7.48573,19.440432,1.0,0.0,0.0,,accelerate,-0.018310895787146515,0.382869230769231,0.0,2,6.142,0.0
337,2824.9,68.3906,-0.0893942,0.00341051,0.0610284,RACE,0.20132506429168762,0.081810921326,0.081810921326,0.081810921326,0.081810921326,-0.020782521326000003,-0.020782521326000003,0.10886087635124747,0.3472054536605327,66.0,0.0,-0.00375,-29.379377788927904,0.0,78.7358,0,216.0,216.0,6.66229,14.5649,22.9494,39.6246,64.4534,70.9861,73.7307,75.9028,77.354,78.7358,80.0573,81.3255,83.0216,84.8605,88.0802,42.3551,25.1135,16.1353,7.47714,19.471248000000003,1.0,0.0,0.0,,accelerate,-0.016678674175195196,0.36805384615384595,0.0,2,6.164,0.0
338,2825.32,68.7578,-0.086314,0.00419157,0.0606071,RACE,0.20101008596467754,0.08210182410377777,0.08210182410377777,0.08210182410377777,0.08210182410377777,-0.02149472410377777,-0.02149472410377777,0.108892929784584,0.3494949846131418,66.0,0.0,-0.00375,-29.484871889215952,0.0,78.4379,0,216.0,216.0,6.67053,14.6049,23.0458,39.9035,64.4169,70.7842,73.488,75.6338,77.0695,78.4379,79.7476,81.0052,82.6885,84.5146,87.7174,42.0781,25.0132,16.0928,7.46839,19.500624000000002,1.0,0.0,0.0,,accelerate,-0.014673076380979658,0.35393076923076916,0.0,2,6.186,0.0
339,2825.74,69.1078,-0.0792972,0.00490969,0.0601249,RACE,0.20069511406208215,0.08239446299266666,0.08239446299266666,0.08239446299266666,0.08239446299266666,-0.022269562992666657,-0.022269562992666657,0.10892937038970157,0.3520978849786827,66.0,0.0,-0.00375,-29.594732740165817,0.0,78.1271,0,216.0,216.0,6.67879,14.6434,23.1374,40.1673,64.3463,70.5642,73.2297,75.3504,76.7715,78.1271,79.4255,80.6731,82.344,84.1579,87.3442,41.8226,24.9193,16.0525,7.45968,19.528624,1.0,0.0,0.0,,accelerate,-0.012408744272527479,0.34046923076923086,0.0,2,6.208,0.0
340,2826.17,69.4408,-0.0677166,0.0055229,0.0595962,RACE,0.2003726428284721,0.08268862965933332,0.08268862965933332,0.08268862965933332,0.08268862965933332,-0.02309242965933332,-0.02309242965933332,0.10897538297048688,0.35538449789191934,66.0,0.0,-0.00375,-29.707209325662287,0.0,77.7973,0,216.0,216.0,6.68669,14.6782,23.2191,40.4004,64.2326,70.3184,72.9487,75.0463,76.4537,77.7973,79.0852,80.3234,81.9828,83.7852,86.9557,41.6019,24.8369,16.0164,7.45143,19.555264,1.0,0.0,0.0,,accelerate,-0.009917897343196327,0.32766153846153867,0.0,2,6.23,0.0
341,2826.59,69.7583,-0.0575445,0.00603169,0.0590315,RACE,0.20005767092587634,0.08298397688155555,0.08298397688155555,0.08298397688155555,0.08298397688155555,-0.02395247688155555,-0.02395247688155555,0.109019891156861,0.35856365406149965,66.0,0.0,-0.00375,-29.81707017661227,0.0,77.4489,0,216.0,216.0,6.69415,14.7091,23.2903,40.6007,64.0793,70.0474,72.6455,74.7217,76.1164,77.4489,78.727,79.9564,81.6049,83.3966,86.5519,41.4158,24.766,15.9846,7.44372,19.580664,1.0,0.0,0.0,,accelerate,-0.007394151396676773,0.3154499999999998,0.0,2,6.252,0.0
342,2827.02,70.0599,-0.0445257,0.00642556,0.0584363,RACE,0.1997351996922666,0.08328064354822222,0.08328064354822222,0.08328064354822222,0.08328064354822222,-0.024844343548222222,-0.024844343548222222,0.11706413594018777,0.36172399572769853,66.0,0.0,-0.00375,-29.929546762108618,0.0,77.081,0,216.0,216.0,6.70105,14.7356,23.3497,40.764,63.8867,69.7505,72.3192,74.3758,75.7587,77.081,78.3499,79.5712,81.2096,82.9914,86.132,41.2664,24.7076,15.9578,7.43665,19.604792,1.0,0.0,0.0,,accelerate,-0.005517364494890712,0.30385000000000006,0.0,2,6.274,0.0
343,2827.45,70.347,-0.0366838,0.00673455,0.0578289,RACE,0.19941272845865687,0.08357869910377777,0.08357869910377777,0.08357869910377777,0.08357869910377777,-0.025749799103777768,-0.025749799103777768,0.11710756874510667,0.3648263389361899,66.0,0.0,-0.00375,-30.042023347604967,0.0,76.6979,0,216.0,216.0,6.70748,14.7586,23.3999,40.899,63.6649,69.434,71.9753,74.0135,75.3853,76.6979,77.9583,79.1719,80.8009,82.5733,85.6995,41.1444,24.6587,15.9346,7.43011,19.62776,1.0,0.0,0.0,,accelerate,-0.004061750009611012,0.29280769230769255,0.0,2,6.296,0.0
344,2827.88,70.6202,-0.0273019,0.0069682,0.057191,RACE,0.19909025722504678,0.083877796326,0.083877796326,0.083877796326,0.083877796326,-0.026686796325999997,-0.026686796325999997,0.1171502231707236,0.3678730836231137,66.0,0.0,-0.00375,-30.154499933101434,0.0,76.3019,0,216.0,216.0,6.71361,14.7789,23.4424,41.0095,63.4185,69.1007,71.6162,73.637,74.9984,76.3019,77.554,78.7604,80.3804,82.144,85.256,41.0455,24.6176,15.9144,7.42392,19.649616,1.0,0.0,0.0,,accelerate,-0.0027896710111663635,0.2823000000000001,0.0,2,6.318,0.0
345,2828.31,70.8792,-0.0206054,0.00713795,0.0565531,RACE,0.19876778186987798,0.08417807410377777,0.08417807410377777,0.08417807410377777,0.08417807410377777,-0.027624974103777768,-0.027624974103777768,0.1171920824174861,0.37086302982043573,66.0,0.0,-0.00375,-30.270110620505076,0.0,75.8945,0,216.0,216.0,6.71931,14.7963,23.4777,41.0976,63.1512,68.7527,71.244,73.2483,74.5998,75.8945,77.1389,78.3382,79.9496,81.7047,84.8028,40.9672,24.5837,15.8972,7.4182,19.670336,1.0,0.0,0.0,,accelerate,-0.0016761585103123166,0.27233846153846164,0.0,2,6.34,0.0
346,2828.75,71.1251,-0.014802,0.00725859,0.0559152,RACE,0.19843780026760333,0.08447953243711111,0.08447953243711111,0.08447953243711111,0.08447953243711111,-0.02856433243711111,-0.02856433243711111,0.1172338442612547,0.3738460186610498,66.0,0.0,-0.00375,-30.39359615320286,0.0,75.4781,0,216.0,216.0,6.72468,14.8117,23.5074,41.1683,62.8677,68.3934,70.8615,72.8499,74.1918,75.4781,76.715,77.9076,79.5107,81.2576,84.3419,40.9045,24.5554,15.8821,7.41283,19.690008,1.0,0.0,0.0,,accelerate,-0.0007340307130189243,0.0,0.0029785714285715074,2,6.362,0.0
347,2829.18,71.0856,-0.00805068,0.00736016,0.0552773,RACE,0.19811531824719872,0.08478126854822222,0.08478126854822222,0.08478126854822222,0.08478126854822222,-0.029503968548222223,-0.029503968548222223,0.11725898795251434,0.3756419966081667,66.0,0.0,-0.00375,-30.514275196521087,0.0,75.0581,0,216.0,216.0,6.72991,14.8261,23.5349,41.2324,62.5768,68.0292,70.4748,72.4476,73.7801,75.0581,76.2876,77.4735,79.0684,80.8071,83.8779,40.8481,24.5293,15.8679,7.40762,19.686848,1.0,0.0,0.0,,accelerate,0.00017114659736756053,0.0,0.002038095238095225,2,6.384,0.0
348,2829.62,70.9699,0.000334475,0.00745266,0.0546393,RACE,0.19778533664492406,0.08508272688155555,0.08508272688155555,0.08508272688155555,0.08508272688155555,-0.030443426881555546,-0.030443426881555546,0.11728050271489938,0.377178765349956,66.0,0.0,-0.00375,-30.637760729218872,0.0,74.6372,0,216.0,216.0,6.73509,14.8402,23.5615,41.2934,62.2821,67.6636,70.0869,72.0443,73.3675,74.6372,75.8594,77.0389,78.6255,80.3563,83.4134,40.7942,24.5042,15.8542,7.40246,19.677592,1.0,0.0,0.0,,accelerate,0.0010963798190264799,0.22,0.0,2,6.406,0.0
349,2830.05,71.0735,0.00638578,0.00747603,0.0540014,RACE,0.1974628546245191,0.08538418521488889,0.08538418521488889,0.08538418521488889,0.08538418521488889,-0.03138278521488889,-0.03138278521488889,0.11731367701562916,0.37954835825922506,66.0,0.0,-0.00375,-30.75843977253723,0.0,74.2065,0,216.0,216.0,6.73979,14.8513,23.58,41.3295,61.9692,67.285,69.6872,71.6301,72.9446,74.2065,75.4217,76.5949,78.1738,79.8969,82.9407,40.7624,24.4868,15.8436,7.39782,19.68588,1.0,0.0,0.0,,accelerate,0.0019294195597553162,0.0,0.001749999999999897,2,6.428,0.0
350,2830.48,71.0233,0.0110145,0.00744026,0.0533635,RACE,0.1971403726041145,0.08568564354822221,0.08568564354822221,0.08568564354822221,0.08568564354822221,-0.03232214354822221,-0.03232214354822221,0.11733823826189597,0.38130273299256934,66.0,0.0,-0.00375,-30.87911881585546,0.0,73.7671,0,216.0,216.0,6.74409,14.8597,23.5918,41.3445,61.6412,66.8952,69.2775,71.2066,72.5126,73.7671,74.9756,76.1428,77.7142,79.43,82.461,40.7489,24.476,15.8356,7.3936,19.681864,1.0,0.0,0.0,,accelerate,0.002694326400794935,0.0,0.00055476190476205,2,6.45,0.0
351,2830.92,70.9108,0.0171207,0.00737875,0.0527317,RACE,0.19681039100183984,0.08598689354822221,0.08598689354822221,0.08598689354822221,0.08598689354822221,-0.03325519354822221,-0.03325519354822221,0.11735994717553676,0.3828533696811972,66.0,0.0,-0.00375,-31.002604348553245,0.0,73.3246,0,216.0,216.0,6.74818,14.8669,23.6005,41.3502,61.3068,66.5014,68.8642,70.7798,72.0775,73.3246,74.5266,75.6879,77.2522,78.9608,81.979,40.7435,24.4681,15.8288,7.38961,19.672864,1.0,0.0,0.0,,accelerate,0.003452104215077412,0.22,0.0,2,6.472,0.0
352,2831.35,71.0166,0.0185362,0.00727528,0.0521274,RACE,0.19648784252073873,0.08628786577044444,0.08628786577044444,0.08628786577044444,0.08628786577044444,-0.03416046577044444,-0.03416046577044444,0.11739324467990642,0.38523176285045835,66.0,0.0,-0.00375,-31.127951565426734,0.0,72.8763,0,216.0,216.0,6.75177,14.8718,23.6036,41.3395,60.9618,66.0999,68.444,70.3465,71.6363,72.8763,74.0719,75.2276,76.7847,78.4864,81.4922,40.7525,24.4655,15.8244,7.38612,19.681328,1.0,0.0,0.0,,accelerate,0.004059611139711174,0.0,0.00039523809523802,2,6.494,0.0
353,2831.79,70.9711,0.0216552,0.00713604,0.051523,RACE,0.1961577247792348,0.08658925465933333,0.08658925465933333,0.08658925465933333,0.08658925465933333,-0.03506625465933333,-0.03506625465933333,0.11743015403210787,0.38786814515056206,66.0,0.0,-0.00375,-31.26099946481129,0.0,72.4228,0,216.0,216.0,6.75512,14.8751,23.6026,41.3158,60.6082,65.6919,68.0179,69.9077,71.1897,72.4228,73.6122,74.7622,76.3125,78.0073,81.001,40.7729,24.467,15.8216,7.3829,19.677688,1.0,0.0,0.0,,accelerate,0.0045783328970567146,0.22,0.0,2,6.516,0.0
354,2832.22,71.079,0.0258491,0.00695341,0.0509431,RACE,0.1958351097136743,0.08689057410377778,0.08689057410377778,0.08689057410377778,0.08689057410377778,-0.03594747410377778,-0.03594747410377778,0.11747780535489115,0.39127181106365333,66.0,0.0,-0.00375,-31.391023548300677,0.0,71.9633,0,216.0,216.0,6.758,14.8762,23.5961,41.276,60.2445,65.2765,67.5849,69.4624,70.7369,71.9633,73.1467,74.2913,75.8349,77.5231,80.505,40.8076,24.4737,15.821,7.38015,19.68632,1.0,0.0,0.0,,accelerate,0.005009917302223339,0.0,0.0018809523809522268,2,6.538,0.0
355,2832.65,71.0277,0.0267992,0.00674599,0.0503723,RACE,0.19551249464811346,0.08719217132599999,0.08719217132599999,0.08719217132599999,0.08719217132599999,-0.03681987132599999,-0.03681987132599999,0.11751573030260071,0.39398073590005056,66.0,0.0,-0.00375,-31.5210476317902,0.0,71.5002,0,216.0,216.0,6.76064,14.8759,23.5864,41.2268,59.8751,64.8565,67.148,69.0134,70.2804,71.5002,72.6777,73.817,75.3539,77.0356,80.0061,40.8508,24.4836,15.8218,7.37765,19.682216,1.0,0.0,0.0,,accelerate,0.005360642134645424,0.0,0.0006595238095237104,2,6.56,0.0
356,2833.09,70.9152,0.0280052,0.00654906,0.0498351,RACE,0.19518237690660953,0.08749342132599999,0.08749342132599999,0.08749342132599999,0.08749342132599999,-0.03765832132599999,-0.03765832132599999,0.11755086326700703,0.3964902333576448,66.0,0.0,-0.00375,-31.654095531174754,0.0,71.0391,0,216.0,216.0,6.76312,14.8757,23.5772,41.1803,59.508,64.4391,66.7133,68.5665,69.826,71.0391,72.2108,73.3447,74.8748,76.55,79.509,40.8919,24.493,15.8225,7.37531,19.673216,1.0,0.0,0.0,,accelerate,0.005680712058498921,0.22,0.0,2,6.582,0.0
357,2833.52,71.0224,0.0313404,0.00631588,0.0493132,RACE,0.19485976184104903,0.08779453243711109,0.08779453243711109,0.08779453243711109,0.08779453243711109,-0.03848133243711109,-0.03848133243711109,0.11759846366046127,0.39989026146151896,66.0,0.0,-0.00375,-31.78411961466414,0.0,70.5734,0,216.0,216.0,6.76523,14.8735,23.5634,41.1202,59.1331,64.0158,66.2732,68.1146,69.3668,70.5734,71.7391,72.8678,74.3915,76.0601,79.0083,40.9455,24.5069,15.8251,7.37334,19.681792,1.0,0.0,0.0,,accelerate,0.005962999603372711,0.0,0.0005333333333334437,2,6.604,0.0
358,2833.95,70.9742,0.0319238,0.00605839,0.0488095,RACE,0.19453714677548853,0.08809585188155554,0.08809585188155554,0.08809585188155554,0.08809585188155554,-0.03928635188155554,-0.03928635188155554,0.11763657021810027,0.4026121584357335,66.0,0.0,-0.00375,-31.914143698153527,0.0,70.1043,0,216.0,216.0,6.76706,14.8701,23.5465,41.0514,58.7531,63.5884,65.8294,67.6591,68.9041,70.1043,71.2642,72.3877,73.9049,75.5672,78.5047,41.0074,24.5239,15.8292,7.37168,19.677936,1.0,0.0,0.0,,accelerate,0.006193930603366031,0.22,0.0,2,6.626,0.0
359,2834.39,71.0822,0.0321253,0.00579708,0.0483395,RACE,0.19420711108881097,0.08839731021488888,0.08839731021488888,0.08839731021488888,0.08839731021488888,-0.04005781021488888,-0.04005781021488888,0.11768517416575716,0.40608386898265464,66.0,-1.2792052182630098e-05,-0.003769161465127934,-32.05367014550922,0.0,69.6346,0,216.0,216.0,6.76861,14.8659,23.5283,40.9798,58.372,63.1605,65.3851,67.2031,68.4409,69.6346,70.7889,71.9071,73.4178,75.0737,78.0008,41.0722,24.5422,15.8338,7.37028,19.686576000000002,1.0,0.0,0.0,,accelerate,0.006336913661649234,0.0,0.0019571428571428635,2,6.648,0.0
360,2834.82,71.031,0.0320512,0.00553482,0.0478847,RACE,0.19388462906840603,0.0886989074371111,0.0886989074371111,0.0886989074371111,0.0886989074371111,-0.0408142074371111,-0.0408142074371111,0.11775385783828858,0.4109898455920412,66.0,-3.353331326309144e-05,-0.003800230205720026,-32.194198661983634,0.0,69.1648,0,216.0,216.0,6.77004,14.8615,23.5096,40.9075,57.9906,62.7324,64.9406,66.7468,67.9775,69.1648,70.3131,71.4261,72.9302,74.5797,77.4966,41.1384,24.5611,15.8388,7.36899,19.68248,1.0,0.0,0.0,,accelerate,0.0065928984113010295,0.0,0.0007380952380953787,2,6.67,0.0
361,2835.26,70.9185,0.0360177,0.00526064,0.0474573,RACE,0.19355464746613138,0.08900001854822222,0.08900001854822222,0.08900001854822222,0.08900001854822222,-0.04154271854822222,-0.04154271854822222,0.11782925909308163,0.41637564950583045,66.0,-5.475692925238898e-05,-0.003832021475163079,-32.33799528349226,0.0,68.6941,0,216.0,216.0,6.77121,14.8561,23.489,40.8303,57.6073,62.3033,64.4952,66.2898,67.5132,68.6941,69.8367,70.9444,72.4421,74.0851,76.9921,41.2096,24.5819,15.8448,7.36798,19.673479999999998,1.0,0.0,0.0,,accelerate,0.007011790934551317,0.22,0.0,2,6.692,0.0
362,2835.69,71.0262,0.0368934,0.00495642,0.0470543,RACE,0.19323216544572674,0.08930112965933333,0.08930112965933333,0.08930112965933333,0.08930112965933333,-0.04224682965933333,-0.04224682965933333,0.11791956602361371,0.422826144543836,66.0,-7.54981903328284e-05,-0.003863090215755138,-32.47852379996653,0.0,68.2197,0,216.0,216.0,6.77199,14.849,23.4645,40.7422,57.2183,61.8696,64.0456,65.8289,67.0452,68.2197,69.3566,70.4592,71.9505,73.5872,76.4846,41.2917,24.6068,15.8524,7.36737,19.682096,1.0,0.0,0.0,,accelerate,0.007391901827757504,0.0,0.0006238095238095926,2,6.714,0.0
363,2836.12,70.978,0.0368741,0.00464552,0.0466849,RACE,0.19290968342532214,0.08960258799266667,0.08960258799266667,0.08960258799266667,0.08960258799266667,-0.04291768799266667,-0.04291768799266667,0.1179979601396774,0.4284257242626709,66.0,-9.623945141326781e-05,-0.003894158956347197,-32.61905231644079,0.0,67.7442,0,216.0,216.0,6.77249,14.8412,23.4384,40.6507,56.8277,61.4347,63.5949,65.3668,66.576,67.7442,68.8754,69.9728,71.4577,73.088,75.9759,41.3779,24.6333,15.8609,7.36704,19.67824,1.0,0.0,0.0,,accelerate,0.00774799241677793,0.22,0.0,2,6.736,0.0
364,2836.56,71.0864,0.0401175,0.00431031,0.046343,RACE,0.19257970182304748,0.08990383799266667,0.08990383799266667,0.08990383799266667,0.08990383799266667,-0.04356083799266667,-0.04356083799266667,0.11809022014791008,0.4350157248507197,66.0,-0.00011746306740256534,-0.00392595022579025,-32.76284893794942,0.0,67.2658,0,216.0,216.0,6.77263,14.8318,23.4091,40.55,56.4327,60.9964,63.1409,64.9015,66.1038,67.2658,68.3913,69.4836,70.9621,72.5861,75.4645,41.4734,24.6633,15.871,7.36708,19.686912,1.0,0.0,0.0,,accelerate,0.008108152265278322,0.0,0.0020571428571428,2,6.758,0.0
365,2836.99,71.0352,0.0409227,0.00395506,0.0460317,RACE,0.19225721980264288,0.0902056435482222,0.0902056435482222,0.0902056435482222,0.0902056435482222,-0.044173943548222204,-0.044173943548222204,0.11816838458759946,0.4405988991142467,66.0,-0.00013820432848300475,-0.00395701896638231,-32.90337745442369,0.0,66.7845,0,216.0,216.0,6.77241,14.8212,23.3769,40.4421,56.0338,60.5549,62.6839,64.4334,65.6287,66.7845,67.9044,68.9916,70.4639,72.0816,74.9505,41.5773,24.6963,15.8824,7.36748,19.682816000000003,1.0,0.0,0.0,,accelerate,0.008432115236692099,0.0,0.000838095238095315,2,6.78,0.0
366,2837.43,70.9226,0.0416478,0.00360316,0.0457539,RACE,0.19189999264091012,0.09050675465933332,0.09050675465933332,0.09050675465933332,0.09050675465933332,-0.04475285465933332,-0.04475285465933332,0.11824376929257821,0.4459835208984435,66.0,-0.000552154731560055,-0.004621371868204732,-33.05625592908502,0.0,66.3046,0,216.0,216.0,6.77198,14.8102,23.3443,40.3343,55.6364,60.1149,62.2285,63.9666,65.1551,66.3046,67.4189,68.501,69.9668,71.5782,74.4375,41.6817,24.7299,15.8942,7.36809,19.673808,1.0,0.0,0.0,,accelerate,0.00852429033425414,0.22,0.0,2,6.802,0.0
367,2837.86,71.0309,0.0449042,0.00321978,0.0455096,RACE,0.191540400735909,0.09080779632599999,0.09080779632599999,0.09080779632599999,0.09080779632599999,-0.04529819632599999,-0.04529819632599999,0.11610416106617341,0.29315436186952953,66.0,-0.0011078105268439828,-0.005514022813179508,-33.209154407091496,0.0,65.8208,0,216.0,216.0,6.7711,14.7973,23.3074,40.2151,55.2333,59.6704,61.7687,63.496,64.6775,65.8208,66.9295,68.0066,69.4661,71.0713,73.9212,41.7989,24.7681,15.908,7.36918,17.182472,1.0,0.0,0.0,,accelerate,0.008426072698418606,0.0,0.0007357142857143474,2,6.824,0.0
368,2838.29,70.9827,0.0424465,0.00283879,0.045299,RACE,0.19118080883090827,0.09110925465933332,0.09110925465933332,0.09110925465933332,0.09110925465933332,-0.045810254659333326,-0.045810254659333326,0.11614226622744832,0.2958761591034507,66.0,-0.0016634663221273228,-0.0064066737581533395,-33.36205288509781,0.0,65.3372,0,216.0,216.0,6.77,14.784,23.2702,40.0963,54.8308,59.2264,61.3094,63.0255,64.2001,65.3372,66.4404,67.5124,68.9655,70.5643,73.4046,41.917,24.8068,15.9222,7.37048,17.178615999999998,1.0,0.0,0.0,,accelerate,0.007967759575177018,0.22,0.0,2,6.846,0.0
369,2838.73,71.0915,0.0417429,0.00247353,0.0451188,RACE,0.19081285432346545,0.09141071299266666,0.09141071299266666,0.09141071299266666,0.09141071299266666,-0.04629191299266666,-0.04629191299266666,0.1161909097693369,0.29935069780977774,66.0,-0.002232044345208237,-0.00732008402742935,-33.51850714166249,0.0,64.856,0,216.0,216.0,6.76879,14.771,23.234,39.9819,54.4316,58.7852,60.8528,62.5576,63.7252,64.856,65.9534,67.0202,68.4668,70.0591,72.8897,42.0321,24.8447,15.9363,7.37189,17.18732,1.0,0.0,0.0,,accelerate,0.007322696049881772,0.0,0.002178571428571342,2,6.868,0.0
370,2839.16,71.0403,0.0382934,0.00213593,0.0449661,RACE,0.19045326241846472,0.09171231021488886,0.09171231021488886,0.09171231021488886,0.09171231021488886,-0.04674621021488886,-0.04674621021488886,0.11622882423975743,0.3020588742683881,66.0,-0.0027877001404915773,-0.008212734972403182,-33.6714056196688,0.0,64.3782,0,216.0,216.0,6.76758,14.7588,23.2005,39.8764,54.0375,58.3485,60.4001,62.0935,63.2539,64.3782,65.4697,66.5311,67.9711,69.5568,72.3773,42.1395,24.8801,15.9494,7.3733,17.183224,1.0,0.0,0.0,,accelerate,0.006590850795782682,0.0,0.0009595238095238571,2,6.89,0.0
371,2839.6,70.9277,0.0378272,0.00182741,0.0448379,RACE,0.1900853079110219,0.09201362965933334,0.09201362965933334,0.09201362965933334,0.09201362965933334,-0.04717572965933334,-0.04717572965933334,0.11627213248419097,0.3051523202993543,66.0,-0.0033562781635724914,-0.009126145241679191,-33.82785987623348,0.0,63.905,0,216.0,216.0,6.76639,14.7474,23.1696,39.78,53.6495,57.9171,59.9526,61.6342,62.7873,63.905,64.9904,66.0464,67.4796,69.0584,71.8686,42.2386,24.9128,15.9617,7.37466,17.174216,1.0,0.0,0.0,,accelerate,0.0059166759605084225,0.22,0.0,2,6.912,0.0
372,2840.03,71.0357,0.0342033,0.00153893,0.0447371,RACE,0.1897257160060208,0.09231474077044445,0.09231474077044445,0.09231474077044445,0.09231474077044445,-0.04757764077044445,-0.04757764077044445,0.1163624532509298,0.31160380363784246,66.0,-0.003911933958856419,-0.010018796186653967,-33.98075835423995,0.0,63.4345,0,216.0,216.0,6.76515,14.7366,23.1403,39.6897,53.2652,57.4892,59.5083,61.178,62.3236,63.4345,64.5139,65.5644,66.9906,68.5625,71.3619,42.3325,24.944,15.9735,7.37607,17.182856,1.0,0.0,0.0,,accelerate,0.005310691807677778,0.0,0.0008500000000001337,2,6.934,0.0
373,2840.46,70.9875,0.0297281,0.00129383,0.0446515,RACE,0.18851256944072742,0.09261619910377776,0.09261619910377776,0.09261619910377776,0.09261619910377776,-0.047964699103777764,-0.047964699103777764,0.11644084676713387,0.31720334050956256,66.0,-0.00466074637409711,-0.012627368477389187,-34.145328940326515,0.0,62.9694,0,216.0,216.0,6.76409,14.7274,23.1156,39.613,52.8884,57.0677,59.0701,60.7276,61.8655,62.9694,64.0425,65.0872,66.5062,68.0709,70.8593,42.4127,24.9705,15.9835,7.37726,17.179000000000002,1.0,0.0,0.0,,accelerate,0.004491493116868223,0.22,0.0,2,6.956,0.0
374,2840.9,71.0953,0.0251895,0.00109595,0.0445843,RACE,0.1870902520738556,0.09291758799266665,0.09291758799266665,0.09291758799266665,0.09291758799266665,-0.04833328799266665,-0.04833328799266665,0.11653306096006338,0.3237900685759553,66.0,-0.005467923253947267,-0.015660389617341054,-34.316201297832535,0.0,62.5105,0,216.0,216.0,6.76323,14.7199,23.0956,39.5515,52.5198,56.6537,58.6388,60.2836,61.4137,62.5105,63.5771,64.6159,66.0275,67.5847,70.3616,42.4775,24.992,15.9916,7.37824,17.187624,1.0,0.0,0.0,,accelerate,0.0034861371505102794,0.0,0.002269047619047491,2,6.978,0.0
375,2841.33,71.0441,0.0204821,0.000947173,0.044517,RACE,0.18570026010168608,0.09321925465933333,0.09321925465933333,0.09321925465933333,0.09321925465933333,-0.048702254659333324,-0.048702254659333324,0.1166112261345419,0.3293732953244216,66.0,-0.006256755204709521,-0.018624478458656155,-34.483190192667884,0.0,62.0574,0,216.0,216.0,6.76269,14.7146,23.081,39.506,52.1593,56.2466,58.214,59.846,60.9679,62.0574,63.1173,64.15,65.5539,67.1035,69.8684,42.5512,25.0078,15.9974,7.37886,17.183528,1.0,0.0,0.0,,accelerate,0.0024443696487393297,0.0,0.001050000000000006,2,7.0,0.0
376,2841.77,70.9315,0.0169158,0.000867065,0.0444498,RACE,0.18427794273481424,0.09352050465933333,0.09352050465933333,0.09352050465933333,0.09352050465933333,-0.04907070465933333,-0.04907070465933333,0.11668661975328569,0.3347585538061208,66.0,-0.007063932084559678,-0.02165749959860802,-34.654062550173904,0.0,61.6137,0,216.0,216.0,6.76262,14.7122,23.0738,39.4826,51.8106,55.8503,57.7996,59.4182,60.5318,61.6137,62.6667,63.6931,65.0889,66.6305,69.3829,42.6721,25.0156,16.0001,7.37898,17.17452,1.0,0.0,0.0,,accelerate,0.0013189385335635006,0.22,0.0,2,7.022,0.0
377,2842.2,71.0376,0.0122598,0.000820812,0.0443826,RACE,0.18288795076264475,0.09382161577044444,0.09382161577044444,0.09382161577044444,0.09382161577044444,-0.04943901577044444,-0.04943901577044444,0.11677680450702915,0.3412003219306533,66.0,-0.007852764035321933,-0.024621588439923126,-34.82105144500925,0.0,61.1743,0,216.0,216.0,6.76279,14.7112,23.0704,39.4706,51.4673,55.459,57.39,58.9951,60.1001,61.1743,62.2203,63.2403,64.628,66.1614,68.9011,42.8886,25.0194,16.0012,7.37885,17.183008,1.0,0.0,0.0,,accelerate,0.00011718388764862158,0.0,0.0008952380952380389,2,7.044,0.0
378,2842.63,70.9894,0.00713301,0.000818904,0.0443153,RACE,0.18149795879047376,0.09412321299266667,0.09412321299266667,0.09412321299266667,0.09412321299266667,-0.04980791299266667,-0.04980791299266667,0.09485520804545285,0.34680057467520364,66.0,-0.008641595986085021,-0.02758567728124136,-34.98804033984478,0.0,60.74,0,216.0,216.0,6.76325,14.7122,23.0719,39.4727,51.1303,55.0736,56.986,58.5773,59.6736,60.74,61.7787,62.7922,64.1716,65.6966,68.4232,43.2935,25.018,16.0003,7.37838,17.179152000000002,1.0,0.0,0.0,,accelerate,-0.0010843907741029256,0.22,0.0,2,7.066,0.0
379,2843.07,71.0953,0.00240705,0.000866111,0.0442481,RACE,0.18007564142360194,0.09442453243711112,0.09442453243711112,0.09442453243711112,0.09442453243711112,-0.05017643243711112,-0.05017643243711112,0.09494729777217306,0.35337841229807654,66.0,-0.009448772865935179,-0.030618698421193226,-35.1589126973508,0.0,60.3116,0,216.0,216.0,6.76405,14.7152,23.0786,39.4908,50.8005,54.6949,56.5884,58.1657,59.2533,60.3116,61.3431,62.3498,63.7207,65.237,67.9502,73.3901,25.0108,15.9971,7.37756,17.187624,1.0,0.0,0.0,,accelerate,-0.0023673597860880587,0.0,0.002269047619047491,2,7.088,0.0
380,0.400269,71.0442,-0.00259014,0.000959907,0.0432007,RACE,0.17639759200884006,0.09472126854822223,0.09472126854822223,0.09472126854822223,0.09472126854822223,-0.05152056854822223,-0.05152056854822223,0.0950242804404108,0.35887717431505733,66.0,-0.008256939927426956,-0.03262595440540804,-35.338936158471185,0.0,59.9048,0,216.0,216.0,6.7721,14.7354,23.1141,39.5645,50.4975,54.3408,56.2143,57.7768,58.855,59.9048,60.9285,61.928,63.2899,64.797,67.4957,72.9027,24.9748,15.9767,7.36947,17.183536,1.0,0.0,0.0,,accelerate,-0.0024348243209855146,0.0,0.0010523809523810374,2,7.11,0.0
381,0.834045,70.9316,-0.00232741,0.00111284,0.0431,RACE,0.1724936221066658,0.09502265743711112,0.09502265743711112,0.09502265743711112,0.09502265743711112,-0.05192265743711112,-0.05192265743711112,0.11709849627502593,0.36417830535899504,66.0,-0.0069188166022620175,-0.03462643587701908,-35.52418158861192,0.0,59.4892,0,216.0,216.0,6.77385,14.7435,23.1333,39.616,50.1827,53.9764,55.8306,57.3787,58.4478,59.4892,60.5053,61.4978,62.8508,64.3489,67.0334,72.4078,24.9545,15.9681,7.36764,17.174528000000002,1.0,0.0,0.0,,accelerate,-0.0021073756097552605,0.22,0.0,2,7.132,0.0
382,1.2677,71.036,-0.00278524,0.00124918,0.0429993,RACE,0.168590741200559,0.09532404632599999,0.09532404632599999,0.09532404632599999,0.09532404632599999,-0.05232474632599999,-0.05232474632599999,0.11718926009750073,0.3706614355357663,66.0,-0.005581066540999058,-0.036626359322694924,-35.70937534531509,0.0,59.0716,0,216.0,216.0,6.77549,14.7509,23.1507,39.6326,49.864,53.6094,55.4444,56.9784,58.0384,59.0716,60.0801,61.0657,62.4098,63.8989,66.5693,71.911,24.9362,15.9603,7.36592,17.18288,1.0,0.0,0.0,,accelerate,-0.0016723198490138003,0.0,0.0008571428571428896,2,7.154,0.0
383,1.70178,70.9878,-0.00385427,0.00137731,0.0428802,RACE,0.1646840353082648,0.09562543521488888,0.09562543521488888,0.09562543521488888,0.09562543521488888,-0.05274523521488888,-0.05274523521488888,0.11725511381958792,0.3753652728277079,66.0,-0.004242005428840717,-0.03862824277682082,-35.894750599629496,0.0,58.6525,0,216.0,216.0,6.7772,14.7583,23.1676,39.6161,49.5427,53.2405,55.0566,56.5765,57.6275,58.6525,59.6534,60.6321,61.9674,63.4476,66.1038,71.4127,24.9184,15.9525,7.36414,17.179024,1.0,0.0,0.0,,accelerate,-0.0011029786969122414,0.22,0.0,2,7.176,0.0
384,2.13577,71.0928,-0.000909825,0.00148317,0.042746,RACE,0.16077813941304558,0.09592682410377777,0.09592682410377777,0.09592682410377777,0.09592682410377777,-0.05318082410377777,-0.05318082410377777,0.11733191503156094,0.38085107368292437,66.0,-0.0029032219509896326,-0.04062971117033378,-36.080087419155646,0.0,58.2308,0,216.0,216.0,6.77887,14.7649,23.1825,39.5688,49.2172,52.8685,54.666,56.1718,57.2139,58.2308,59.2243,60.1961,61.5227,62.994,65.6361,70.9119,24.9029,15.9456,7.36242,17.187424,1.0,0.0,0.0,,accelerate,-0.0004372814897975586,0.0,0.0022095238095237355,2,7.198,0.0
385,2.57019,71.0417,0.00259656,0.0015425,0.0426117,RACE,0.1568683735318015,0.09622821299266666,0.09622821299266666,0.09622821299266666,0.09622821299266666,-0.05361651299266666,-0.05361651299266666,0.11739726140822355,0.38551867201596834,66.0,-0.0015631119981149855,-0.04263316263121974,-36.265607871559034,0.0,57.8032,0,216.0,216.0,6.78022,14.7695,23.1922,39.489,48.8835,52.4895,54.2688,55.761,56.7943,57.8032,58.7894,59.7544,61.0724,62.5349,65.1632,70.4054,24.8928,15.9408,7.36103,17.183336,1.0,0.0,0.0,,accelerate,0.0002450746346587047,0.0,0.000992857142857282,2,7.22,0.0
386,3.00397,70.9291,0.00525936,0.00160894,0.0424774,RACE,0.15296436762975724,0.09652960188155556,0.09652960188155556,0.09652960188155556,0.09652960188155556,-0.05405220188155556,-0.05405220188155556,0.11745796604767911,0.38985471769136437,66.0,-0.00022497633364750372,-0.04463366254996912,-36.45085500991257,0.0,57.377,0,216.0,216.0,6.78163,14.7745,23.2028,39.3941,48.5504,52.1117,53.8729,55.3514,56.3761,57.377,58.3558,59.3141,60.6234,62.0771,64.6915,69.9004,24.8819,15.9357,7.3596,17.174328000000003,1.0,0.0,0.0,,accelerate,-0.0007651147714752147,0.22,0.0,2,7.242,0.0
387,3.43762,71.0342,0.00236245,0.0016733,0.0423431,RACE,0.14906141448860866,0.09683099077044445,0.09683099077044445,0.09683099077044445,0.09683099077044445,-0.05448789077044445,-0.05448789077044445,0.11753472054578792,0.3953371818419949,66.0,0.0,-0.04497,-36.637453449900875,0.0,56.9505,0,216.0,216.0,6.78302,14.7793,23.2131,39.284,48.2163,51.7335,53.4766,54.9416,55.9576,56.9505,57.922,58.8735,60.1742,61.6191,64.2196,69.3952,24.8712,15.9307,7.35818,17.182736,1.0,0.0,0.0,,accelerate,-0.0030621496373091374,0.0,0.0008142857142856775,2,7.264,0.0
388,3.8717,70.986,-0.0056154,0.00179578,0.0421875,RACE,0.1451545675192564,0.09713237965933331,0.09713237965933331,0.09713237965933331,0.09713237965933331,-0.05494487965933331,-0.05494487965933331,0.11760022690366484,0.4000162074046315,66.0,0.0,-0.04497,-36.824521628912215,0.0,56.5302,0,216.0,216.0,6.78495,14.787,23.2304,39.1736,47.8893,51.3621,53.087,54.5382,55.5454,56.5302,57.4942,58.4388,59.7307,61.1666,63.7527,68.8957,24.8533,15.9227,7.35618,17.17888,1.0,0.0,0.0,,accelerate,-0.005914743061174077,0.22,0.0,2,7.286,0.0
389,4.30569,71.0909,-0.0175654,0.002032,0.0420074,RACE,0.14124853057622933,0.09743376854822221,0.09743376854822221,0.09743376854822221,0.09743376854822221,-0.05542636854822221,-0.05542636854822221,0.11767702073367078,0.40550148097648453,66.0,0.0,-0.04497,-37.011551022132664,0.0,56.1226,0,216.0,216.0,6.78784,14.8,23.2609,39.0745,47.5774,51.0048,52.7111,54.1481,55.1462,56.1226,57.0789,58.0163,59.2991,60.7256,63.2968,68.4083,24.8217,15.9091,7.35318,17.187272,1.0,0.0,0.0,,accelerate,-0.009184735616943333,0.0,0.0021642857142858303,2,7.308,0.0
390,4.74011,71.0397,-0.0310942,0.002406,0.0417877,RACE,0.13733862350742632,0.0977351574371111,0.0977351574371111,0.0977351574371111,0.0977351574371111,-0.0559474574371111,-0.0559474574371111,0.11773011255851965,0.4092937541799746,66.0,0.0,-0.04497,-37.198765725242936,0.0,55.7297,0,216.0,216.0,6.79194,14.8196,23.3076,38.99,47.283,50.6638,52.3508,53.7733,54.7619,55.7297,56.678,57.608,58.8812,60.2979,62.8535,67.9349,24.7733,15.8886,7.34889,17.183176,1.0,0.0,0.0,,accelerate,-0.012353873234023902,0.0,0.0009452380952380069,2,7.33,0.0
391,5.17386,70.927,-0.0421314,0.00297531,0.04151,RACE,0.13343474663459975,0.098036546326,0.098036546326,0.098036546326,0.098036546326,-0.056526546325999995,-0.056526546325999995,0.11777728638718427,0.41266331337030454,66.0,0.0,-0.04497,-37.385691689687675,0.0,55.3586,0,216.0,216.0,6.7978,14.8486,23.3778,38.9299,47.0139,50.3468,52.0138,53.421,54.3999,55.3586,56.2985,57.2207,58.4839,59.8903,62.4293,67.4825,24.7013,15.8583,7.34277,17.17416,1.0,0.0,0.0,,turn,-0.015261083471697285,0.22,0.0,2,7.352,0.0
392,5.60748,71.0279,-0.0556504,0.00365983,0.0411652,RACE,0.1295320397997985,0.09833724077044444,0.09833724077044444,0.09833724077044444,0.09833724077044444,-0.05717204077044444,-0.05717204077044444,0.11783966766576749,0.4171191189833925,66.0,0.0,-0.04497,-37.57256163021223,0.0,54.9996,0,216.0,216.0,6.80494,14.8839,23.4628,38.8769,46.7581,50.0428,51.6896,53.0813,54.0501,54.9996,55.9309,56.8452,58.0981,59.494,62.0159,67.0419,24.615,15.8219,7.33535,17.182232,1.0,0.0,0.0,,turn,-0.018218827441170926,0.0,0.0006642857142857732,2,7.374,0.0
393,6.0415,70.9796,-0.0705268,0.0044785,0.0407349,RACE,0.12562573284799636,0.09863862965933333,0.09863862965933333,0.09863862965933333,0.09863862965933333,-0.05790372965933333,-0.05790372965933333,0.11824625792442017,0.44616128031572627,66.0,0.0,-0.04497,-37.75960395202964,0.0,54.6541,0,216.0,216.0,6.81361,14.9265,23.5658,38.8335,46.5173,49.7533,51.3795,52.7555,53.7141,54.6541,55.5767,56.4827,57.7251,59.11,61.6143,66.6145,24.5121,15.7783,7.32637,17.178368,1.0,0.0,0.0,,turn,-0.01929824551467216,0.22,0.0,2,7.396,0.0
394,6.47543,71.0788,-0.0778694,0.00539859,0.0402191,RACE,0.12172043452713682,0.09894001854822222,0.09894001854822222,0.09894001854822222,0.09894001854822222,-0.05872091854822222,-0.05872091854822222,0.11870929016944813,0.47923501210343766,66.0,0.0,-0.04497,-37.960086984075396,-0.10452713682157942,54.3187,0,216.0,216.0,6.82361,14.9751,23.6833,38.7932,46.2869,49.4743,51.0799,52.44,53.3883,54.3187,55.2324,56.1301,57.3618,58.7356,61.2218,66.1972,24.3966,15.7291,7.31607,17.186304,1.0,0.0,0.0,,turn,-0.019218721439283822,0.0,0.0018761904761905022,2,7.418,0.0
395,6.90973,71.0276,-0.0811206,0.00634887,0.0396149,RACE,0.11781187567110823,0.09924210188155554,0.09924210188155554,0.09924210188155554,0.09924210188155554,-0.059627201881555535,-0.059627201881555535,0.11914054079001371,0.5100386278581225,66.0,0.0,-0.04497,-38.16545146246344,-0.24567110822229424,53.9852,0,216.0,216.0,6.83448,15.0267,23.8076,38.744,46.0571,49.1967,50.7819,52.1262,53.0643,53.9852,54.89,55.7794,57.0004,58.3631,60.8313,65.7821,24.2767,15.6774,7.30496,17.182208000000003,1.0,0.0,0.0,,turn,-0.018450399624770304,0.0,0.0006571428571430175,2,7.44,0.0
396,7.34338,70.915,-0.0746683,0.00736565,0.0389313,RACE,0.1139091666038349,0.09954279632599998,0.09954279632599998,0.09954279632599998,0.09954279632599998,-0.06061149632599998,-0.06061149632599998,0.1195580011130709,0.5398572223622063,66.0,0.0,-0.04497,-38.37050857978551,-0.3866038349041272,53.6582,0,216.0,216.0,6.8464,15.0829,23.9427,38.6925,45.833,48.9255,50.4904,51.819,52.7468,53.6582,54.5541,55.4353,56.6455,57.997,60.4469,65.3739,24.1488,15.6219,7.29284,17.1732,1.0,0.0,0.0,,turn,-0.017116753069369363,0.22,0.0,2,7.462,0.0
397,7.77695,71.0128,-0.0705772,0.00829156,0.0381653,RACE,0.11000717751056224,0.09984418521488887,0.09984418521488887,-0.09984609256288889,-0.09984609256288889,-0.06167888521488887,0.13801139256288888,0.12002036746479426,0.5728833903424474,66.0,0.0,-0.04497,-38.5755278680533,-0.5275105622359441,53.3208,0,216.0,216.0,6.8583,15.1366,24.0706,38.6151,45.5949,48.6421,50.1874,51.5008,52.4187,53.3208,54.2081,55.0812,56.281,57.6216,60.0537,64.9559,24.03,15.5695,7.28082,17.181024,1.0,0.0,0.0,,accelerate,-0.07711675306936935,0.0,0.0003047619047618712,2,7.484,0.0
398,8.21088,70.9614,-0.252335,0.0104507,0.0371643,RACE,0.10610194853428664,0.10610194853428664,0.10610194853428664,-0.12371928479463715,-0.12371928479463715,-0.06893764853428665,0.16088358479463716,0.12045119859280182,0.6036570423429871,93.1707436612561,0.0,-0.04497,-38.78071738706532,-0.6685342866428337,53.1087,0,216.0,216.0,6.88056,15.2507,24.3536,38.7096,45.5019,48.4952,50.017,51.312,52.2178,53.1087,53.9854,54.8485,56.0353,57.3623,59.7719,64.6634,23.7748,15.4601,7.2584,17.176912,1.0,0.0,0.0,,accelerate,-0.12863376162524348,0.22,0.0,2,7.506,0.0
399,8.6445,71.0322,-0.45529,0.0148581,0.0356415,RACE,0.10219950945726355,0.10219950945726355,0.10219950945726355,-0.13026487579876245,-0.13026487579876245,-0.06655800945726356,0.16590637579876244,0.12090784274519203,0.6362744817994306,92.90980414560455,0.0,-0.04497,-38.985760318492034,-0.809457263568411,53.1217,0,216.0,216.0,6.92266,15.4801,24.9374,39.104,45.6672,48.5923,50.084,51.3553,52.2455,53.1217,53.9845,54.8346,56.0042,57.313,59.6919,64.6034,23.281,15.2488,7.21667,17.182576,1.0,0.0,0.0,,accelerate,-0.15626399622673975,0.44,0.0,2,7.528,0.0
400,9.0795,71.4002,-0.584079,0.021029,0.0334564,RACE,0.09828465082872928,0.09828465082872928,0.09828465082872928,-0.13736822934910398,-0.13736822934910398,-0.06482825082872928,0.17082462934910397,0.12142943895284024,0.6735313537743028,92.61174916980558,0.0,-0.04497,-39.19145580110497,-0.9508287292817676,53.3013,0,216.0,216.0,6.98287,15.8131,25.8023,39.6975,46.0178,48.8673,50.3251,51.5695,52.4419,53.3013,54.1482,54.9831,56.1327,57.4203,59.7629,64.7304,22.6205,14.9612,7.15869,17.212016,1.0,0.0,0.0,,accelerate,-0.17061929130040265,0.66,0.0,2,7.55,0.0
401,9.51761,72.0366,-0.603556,0.0286104,0.0305786,RACE,0.09434171932139492,0.09434171932139492,0.09434171932139492,-0.14500287899000905,-0.14500287899000905,-0.06376311932139492,0.17558147899000906,0.1220115906948504,0.7151136210607432,92.27909103151406,0.0,-0.04497,-38.95185183788878,-1.0,53.6027,0,216.0,216.0,7.05969,16.2444,26.9515,40.4183,46.4988,49.2698,50.692,51.908,52.7614,53.6027,54.4324,55.251,56.3789,57.6432,59.9481,65.0138,21.8521,14.6188,7.08744,17.262928000000002,1.0,0.0,0.0,,accelerate,-0.17605050294065733,0.88,0.0,2,7.572,0.0
402,9.96033,72.9127,-0.476535,0.0374704,0.0270233,JOIN_RACELINE,0.09035725370990282,0.09035725370990282,0.09035725370990282,-0.15313913506168622,-0.15313913506168622,-0.06333395370990282,0.18016243506168622,0.1226496886494486,0.7606920463891852,91.91446362888652,0.0,-0.04497,-38.47156344372583,-1.0,54.004,0,216.0,216.0,7.15297,16.7802,28.4292,41.2326,47.0831,49.7752,51.161,52.3477,53.1814,54.004,54.8158,55.6173,56.7224,57.962,60.2512,32.7952,21.0104,14.2341,7.00466,17.333016,1.0,0.0,0.0,,accelerate,-0.1739340609266516,0.9,0.0,2,7.594,0.0
403,10.4088,73.9338,-0.203089,0.0475171,0.0228485,JOIN_RACELINE,0.08632103828528714,0.08632103828528714,0.08632103828528714,-0.16166858951020402,-0.16166858951020402,-0.06347253828528715,0.184517089510204,0.12332046873943005,0.8086049099592892,91.53116072032569,0.0,-0.04497,-37.98503711527837,-1.0,54.488,0,216.0,216.0,7.26267,17.4311,30.299,42.1164,47.7499,50.3642,51.7136,52.8707,53.6845,54.488,55.2815,56.0653,57.1469,58.361,60.6742,30.2897,20.1239,13.8181,6.91211,17.414704,1.0,0.0,0.0,,accelerate,-0.16504880475702682,0.9,0.0,2,7.616,0.0
404,10.8636,75.0148,0.159117,0.0583518,0.0180695,JOIN_RACELINE,0.082227853066398,0.082227853066398,0.082227853066398,-0.170543605377601,-0.170543605377601,-0.064158353066398,0.18861310537760098,0.12399744915731185,0.8569606540937038,91.14431476725036,0.0,-0.04497,-37.49164363482726,-1.0,55.012,0,216.0,216.0,7.38665,18.1925,32.115,43.0174,48.451,50.9909,52.3049,53.4332,54.2274,55.012,55.7874,56.5538,57.6118,58.8068,61.1885,28.3512,19.2377,13.3902,6.8131,17.501184,1.0,0.0,0.0,,accelerate,-0.15320379420473068,0.9,0.0,2,7.638,0.0
405,11.3249,76.1195,0.561901,0.0696101,0.0126739,JOIN_RACELINE,0.07807616805876044,0.07807616805876044,0.07807616805876044,-0.17956061069457568,-0.17956061069457568,-0.06540226805876044,0.19223451069457567,0.1246858480491776,0.9061320035126851,104.75094397189852,0.0,-0.04497,-36.991198576489325,-1.0,55.5404,0,216.0,216.0,7.52292,19.0592,33.6754,43.8955,49.1477,51.6175,52.898,53.9987,54.774,55.5404,56.2983,57.0477,58.0842,59.3032,61.7661,26.5641,18.3827,12.9649,6.71022,17.58956,1.0,0.0,0.0,,accelerate,-0.137064279151868,0.9,0.0,2,7.66,0.0
406,11.7928,77.2262,0.985728,0.081057,0.00663452,JOIN_RACELINE,0.07386508326562449,0.07386508326562449,0.07386508326562449,-0.1886812789912163,-0.1886812789912163,-0.06723056326562449,0.19531579899121632,0.1253811794379872,0.9557985312848015,104.3536117497216,0.0,-0.04497,-36.483593454450904,-1.0,56.0521,0,216.0,216.0,7.6704,20.0322,35.0481,44.73,49.8177,52.2223,53.4711,54.5456,55.3029,56.0521,56.7932,57.5267,58.578,59.8387,62.3888,24.9372,17.5722,12.5498,6.60488,17.678096,1.0,0.0,0.0,,accelerate,-0.11753731211127408,0.9,0.0,2,7.682,0.0
407,12.2673,78.3227,1.42209,0.0925406,-6.71387e-05,JOIN_RACELINE,0.06959459868699015,0.06959459868699015,0.06959459868699015,-0.19788321090765346,-0.19788321090765346,-0.06966173738699015,0.19781607220765346,0.126,1.0,104.0,0.0,-0.04497,-35.96882826871201,-1.0,56.5346,0,216.0,216.0,7.82846,21.1162,36.2697,45.5105,50.4488,52.7926,54.0117,55.0615,55.8019,56.5346,57.2629,58.0101,59.0972,60.4018,33.0351,23.4651,16.8106,12.1484,6.49793,17.765816,1.0,0.0,0.0,,accelerate,-0.09580144170232793,0.9,0.0,2,7.704,0.0
408,12.7482,79.4037,1.87135,0.103952,-0.00744629,JOIN_RACELINE,0.06526637115278365,0.06526637115278365,0.06526637115278365,-0.2071536455455429,-0.2071536455455429,-0.07271266115278364,0.19970735554554292,0.126,1.0,124.0,0.0,-0.04497,-35.43323312424843,-1.0,56.9885,0,216.0,216.0,7.99666,22.3183,37.3627,46.2316,51.0337,53.3208,54.5121,55.5386,56.263,56.9885,57.7365,58.5088,59.6332,60.9838,28.8088,22.1352,16.0979,11.7623,6.38987,17.852296,1.0,0.0,0.0,,accelerate,-0.07252573646697724,0.9,0.0,2,7.726,0.0
409,13.2355,80.478,2.32863,0.115165,-0.0155121,JOIN_RACELINE,0.060880528616464626,0.060880528616464626,0.060880528616464626,-0.21693336417120404,-0.21693336417120404,-0.07639262861646462,0.20142126417120404,0.126,1.0,110.91216745531361,0.0,-0.04497,-34.8892195066463,-1.0,57.4411,0,216.0,216.0,8.1742,23.6428,38.3375,46.8867,51.564,53.7985,54.9637,55.9684,56.693,57.4411,58.2137,59.0119,60.1748,61.5726,26.7633,20.9362,15.434,11.3929,6.28121,17.93824,1.0,0.0,0.0,,accelerate,-0.04792739871286156,0.9,0.0,2,7.748,0.0
410,13.7292,81.554,2.78588,0.125991,-0.0242493,JOIN_RACELINE,0.056437084208131566,0.056437084208131566,0.056437084208131566,-0.22590269326965262,-0.22590269326965262,-0.08068638420813157,0.20165339326965262,0.126,1.0,110.10552521286968,0.0,-0.04497,-34.33806103545776,-1.0,57.879,0,216.0,216.0,8.35919,25.0825,39.1925,47.4632,52.0265,54.2123,55.3531,56.3602,57.1073,57.879,58.6763,59.5006,60.702,29.6307,25.0764,19.8627,14.8211,11.0429,6.17286,18.02432,1.0,0.0,0.0,,accelerate,-0.02278363454024829,0.9,0.0,2,7.77,0.0
411,14.2294,82.636,3.22415,0.136212,-0.0336609,JOIN_RACELINE,0.05193513789853424,0.05193513789853424,0.05193513789853424,-0.23451353269704026,-0.23451353269704026,-0.08559603789853423,0.20085263269704026,0.126,1.0,109.28917176470588,0.0,-0.04497,-33.77964607234554,-1.0,58.2799,0,216.0,216.0,8.54918,26.6125,39.9215,47.9475,52.4069,54.5477,55.6808,56.7164,57.4853,58.2799,59.1013,59.9508,61.1899,27.0707,23.6187,18.9093,14.2608,10.7146,6.06558,18.11088,1.0,0.0,0.0,,accelerate,0.002176665551887138,0.9,0.0,2,7.792,0.0
412,14.736,83.7256,3.62733,0.145627,-0.0437286,RACE,0.04737558971692288,0.04737558971692288,0.04737558971692288,-0.13520847244198897,-0.13520847244198897,-0.09110418971692288,0.09147987244198896,0.126,1.0,108.46306815469613,0.0,-0.04497,-33.21408625564692,-1.0,58.6202,0,216.0,216.0,8.74127,27.9339,40.5185,48.328,52.6927,54.7957,55.9526,57.015,57.8042,58.6202,59.4641,60.3373,27.7711,25.4149,22.3661,18.0694,13.7533,10.4094,5.96007,18.198048,1.0,0.0,0.0,,accelerate,0.056077487812884436,0.9,0.0,2,7.814,0.0
413,15.2491,84.827,4.0379,0.153425,-0.0543884,RACE,0.042757539634047256,0.042757539634047256,0.042757539634047256,-0.14242282105297366,-0.14242282105297366,-0.09714593963404726,0.08803442105297365,0.126,1.0,106.28454031779303,0.0,-0.04497,-32.641269947024604,-1.0,58.8153,0,216.0,216.0,8.92434,28.8918,40.9211,48.5423,52.8235,54.9139,56.0932,57.1769,57.9823,58.8153,59.6771,29.1078,26.0226,24.1491,21.3563,17.3747,13.3202,10.1408,5.8598,18.28616,1.0,0.0,0.0,,accelerate,0.09570108576132749,0.9,0.0,2,7.836,0.0
414,15.7689,85.9468,4.31145,0.158754,-0.0655304,RACE,0.03807931248984368,0.03807931248984368,0.03807931248984368,-0.14973534739900546,-0.14973534739900546,-0.10360971248984369,0.08420494739900546,0.126,1.0,104.36471561548072,-0.00010115524391432926,-0.04512574835061263,-31.561380122850924,-1.0,58.7706,0,216.0,216.0,9.0849,29.4778,41.0675,48.5284,52.7389,54.8275,56.0189,57.1141,57.9283,58.7706,59.6424,27.1722,24.9501,23.2445,20.621,16.8527,12.9812,9.92112,5.76833,18.375744,1.0,0.0,0.0,,accelerate,0.12474731621183036,0.9,0.0,3,7.858,0.0
415,16.2953,87.0581,4.31704,0.161313,-0.0771484,RACE,0.03334172959797198,0.03334172959797198,0.03334172959797198,-0.15711903539406546,-0.15711903539406546,-0.11049012959797198,0.07997063539406546,0.126,1.0,105.86030626019695,-0.00023971397510481337,-0.04533908671065033,-30.289390782930873,-1.0,58.4484,0,216.0,216.0,9.21655,29.723,40.9494,48.2732,52.4245,54.5052,55.6964,56.7916,57.6059,58.4484,59.3205,26.3469,24.31,22.6729,20.1431,16.4969,12.7354,9.75108,5.6861,18.464648,1.0,0.0,0.0,,accelerate,0.1437944236242024,0.9,0.0,3,7.88,0.0
416,16.827,87.6671,3.5869,0.159248,-0.0894562,RACE,0.028556446878351578,0.028556446878351578,0.028556446878351578,-0.1640841131216484,-0.1640841131216484,-0.11801264687835158,0.07462791312164839,0.126,1.0,105.0131333849004,-0.00037966776950827154,-0.04555457304429784,-29.004594559459196,-1.0,57.6724,0,216.0,216.0,9.29524,29.5019,40.429,47.6426,51.7497,53.7988,54.9692,56.045,56.8449,57.6724,58.5288,26.6757,24.2771,22.595,20.0504,16.3931,12.6327,9.65817,5.61863,18.513368,1.0,0.0,0.0,,accelerate,0.14444895397273594,1.0,0.0,3,7.902,0.0
417,17.359,87.653,2.54871,0.152405,-0.102509,JOIN_RACELINE,0.023768464168481253,0.023768464168481253,0.023768464168481253,-0.17045461162858722,-0.17045461162858722,-0.12627746416848126,0.06794561162858721,0.126,1.0,104.23828007410056,-0.0005197005297539734,-0.04577018096135721,-27.719073418050634,-1.0,56.4585,0,216.0,216.0,9.31864,28.8551,39.5204,46.6436,50.7187,52.7216,53.8514,54.8894,55.6608,56.4585,57.2839,58.1383,25.1188,23.038,20.3611,16.5503,12.6765,9.64342,5.56577,18.51224,1.0,0.0,0.0,,accelerate,0.12883793557991052,1.0,0.0,3,7.924,0.0
418,17.8923,88.2894,1.72857,0.144419,-0.115933,JOIN_RACELINE,0.018968781500861277,0.018968781500861277,0.018968781500861277,-0.17746519360265203,-0.17746519360265203,-0.13490178150086127,0.06153219360265204,0.126,1.0,103.38557244889337,-0.0006600754753160644,-0.04598631573986805,-26.430410965582247,-1.0,55.1734,0,216.0,216.0,9.33086,28.1412,38.5397,45.5695,49.6119,51.583,52.6692,53.6665,54.4075,55.1734,55.9655,56.7851,28.0196,23.7615,20.792,16.7789,12.7563,9.64599,5.515,18.563152000000002,1.0,0.0,0.0,,accelerate,0.10767547126989413,0.9,0.0,3,7.946,0.0
419,18.4306,89.1807,1.09071,0.13686,-0.129532,JOIN_RACELINE,0.014124098995742494,0.014124098995742494,0.014124098995742494,-0.1847804812272092,-0.1847804812272092,-0.1436560989957425,0.055248481227209184,0.126,1.0,102.48602217556632,-0.0008017665182488862,-0.04620447690857681,-25.129666547499113,-1.0,53.9562,0,216.0,216.0,9.35009,27.4977,37.6145,44.5405,48.5446,50.4991,51.5467,52.5067,53.2196,53.9562,54.7178,55.5055,56.6544,24.9513,21.2097,16.9916,12.8229,9.63922,5.46112,18.634456,1.0,0.0,0.0,,accelerate,0.08512429275030925,0.8717431605987046,0.0,3,7.968,0.0
420,18.9743,90.0682,0.598615,0.130156,-0.143173,JOIN_RACELINE,0.008974483327916814,0.008974483327916814,0.008974483327916814,-0.19215692118300887,-0.19215692118300887,-0.1521474833279168,0.04898392118300887,0.104,1.0,101.5464615463616,-0.0008098500032499188,-0.046632639649008774,-23.8329127721807,-1.0,52.8356,0,216.0,216.0,9.38025,26.9519,36.7756,43.5875,47.5475,49.4853,50.5096,51.4366,52.1247,52.8356,53.5702,54.3298,55.4373,56.7702,21.5683,17.1599,12.8612,9.61576,5.40312,18.705456,1.0,0.0,0.0,,turn,0.05963266740647091,0.8014715979369844,0.0,3,7.99,0.0
421,19.4733,90.8311,0.271622,0.125185,-0.155551,JOIN_RACELINE,0.0042340644133896845,0.0042340644133896845,0.0042340644133896845,-0.19887734158536194,-0.19887734158536194,-0.1597850644133897,0.043326341585361944,0.104,1.0,100.6904602151516,-0.0008098013519662008,-0.047037093987650304,-22.643713227169325,-1.0,51.9236,0,216.0,216.0,9.42099,26.5609,36.1137,42.814,46.7287,48.6489,49.6618,50.5635,51.2326,51.9236,52.6376,53.3757,54.4515,55.7458,21.8518,17.2447,12.8565,9.57259,5.34555,18.766488000000003,1.0,0.0,0.0,,turn,0.03596435771214798,0.8392061621212152,0.0,3,8.01,0.0
422,19.9763,91.5601,0.0510287,0.121578,-0.167877,JOIN_RACELINE,-0.000544353851153704,-0.000544353851153704,-0.000544353851153704,-0.20561321807143554,-0.20561321807143554,-0.1673326461488463,0.03773621807143554,0.084,1.0,97.42892797616025,-0.0008097523106922326,-0.04744479044523887,-21.444981020474494,-1.0,51.1287,0,216.0,216.0,9.47752,26.2813,35.5649,42.1479,46.013,47.9131,48.9166,49.7997,50.4536,51.1287,51.8262,52.5471,53.5976,54.8611,22.0766,17.2393,12.8017,9.50267,5.28235,18.824808,1.0,0.0,0.0,,turn,0.015339241419142183,0.6857241529292403,0.0,3,8.03,0.0
423,20.4834,92.2173,-0.0799764,0.119327,-0.180191,JOIN_RACELINE,-0.005361721449463761,-0.005361721449463761,-0.005361721449463761,-0.21232936645064832,-0.21232936645064832,-0.17482927855053623,0.032138366450648326,0.066,1.0,90.0,-0.000809702869678258,-0.04785581007474813,-20.236477835554112,-1.0,50.4429,0,216.0,216.0,9.54999,26.1011,35.1225,41.5848,45.397,47.2753,48.2682,49.138,49.78,50.4429,51.1276,51.8352,52.8662,54.106,22.1996,17.1394,12.6954,9.40555,5.21338,18.877384,1.0,0.0,0.0,,turn,-0.0018103333059169974,0.37471923076923097,0.0,3,8.05,0.0
424,20.9933,92.5847,-0.134188,0.118366,-0.19249,JOIN_RACELINE,-0.010205688592785197,-0.010205688592785197,-0.010205688592785197,-0.21880090550489129,-0.21880090550489129,-0.1822843114072148,0.02631090550489129,0.066,1.0,88.0,-0.0008096531556711082,-0.048269099187520315,-19.02130178745531,-1.0,49.8565,0,216.0,216.0,9.63773,26.0054,34.7756,41.1164,44.8736,46.7287,47.7103,48.5695,49.2027,49.8565,50.5318,51.2297,52.2464,53.469,22.1713,16.9484,12.5403,9.28288,5.13905,18.906776,1.0,0.0,0.0,,turn,-0.015400786559768459,0.2836653846153847,0.0,3,8.07,0.0
425,21.5046,92.7684,-0.153361,0.118423,-0.20481,JOIN_RACELINE,-0.015062955508612294,-0.015062955508612294,-0.015062955508612294,-0.23107789946371032,-0.23107789946371032,-0.18974704449138768,0.02626789946371033,0.066,1.0,88.0,-0.0008096033051673708,-0.04868352304192395,-17.802789307767306,-1.0,49.347,0,216.0,216.0,9.738,25.968,34.5002,40.7206,44.4221,46.2532,47.2231,48.0729,48.6998,49.347,50.0155,50.7063,51.7128,52.9231,21.9815,16.686,12.3469,9.14018,5.06042,18.921472,1.0,0.0,0.0,,turn,-0.02349349353971972,0.27660000000000007,0.0,3,8.09,0.0
426,22.0167,92.923,-0.153805,0.119164,-0.217203,JOIN_RACELINE,-0.020167000000000008,-0.020167000000000008,-0.020167000000000008,-0.2447141012698209,-0.2447141012698209,-0.197036,0.027511101269820898,0.066,1.0,90.0,-0.0006837750723130421,-0.04890480395852969,-16.589326984952386,-1.0,48.8881,0,216.0,216.0,9.84745,25.9621,34.2694,40.3717,44.0174,45.8243,46.7822,47.6239,48.2459,48.8881,49.5515,50.237,51.2359,52.437,21.6613,16.3764,12.128,8.98393,4.97864,18.93384,1.0,0.0,0.0,,turn,-0.027366448734709864,0.347576923076923,0.0,3,8.11,0.0
427,22.5297,93.1258,-0.140139,0.120344,-0.229706,JOIN_RACELINE,-0.025296999999999986,-0.025296999999999986,-0.025296999999999986,-0.2584739593824933,-0.2584739593824933,-0.204409,0.028767959382493297,0.06491170795229223,0.9222648537351591,84.54565944996465,-0.00054879349995125,-0.04911271159283694,-15.374226071695542,-1.0,48.4604,0,216.0,216.0,9.96356,25.9694,34.0635,40.0506,43.6408,45.4236,46.3694,47.2041,47.8222,48.4604,49.1197,49.8011,50.7939,51.9879,21.2515,16.038,11.8932,8.81895,4.89459,18.950064,1.0,0.0,0.0,,brake,-0.028582122230549147,0.0,0.0852414416675084,3,8.13,0.0
428,23.0429,92.9377,-0.116546,0.121826,-0.242331,JOIN_RACELINE,-0.030428999999999994,-0.030428999999999994,-0.030428999999999994,-0.2714259434923295,-0.2714259434923295,-0.211902,0.029094943492329522,0.06386544657607562,0.847531898291116,86.26432601339188,-0.00041375930319477406,-0.04932070028275212,-14.158651434885764,-1.0,48.0543,0,216.0,216.0,10.0849,25.9805,33.8725,39.7473,43.2829,45.0416,45.9755,46.8045,47.4194,48.0543,48.7102,49.3881,50.376,51.5642,20.7812,15.6812,11.6478,8.64802,4.80878,18.935016,1.0,0.0,0.0,,turn,-0.027954824345106523,0.0,0.03984223777638397,3,8.15,0.0
429,23.5544,92.6643,-0.0795126,0.123533,-0.255042,JOIN_RACELINE,-0.035544000000000006,-0.035544000000000006,-0.035544000000000006,-0.28415630305272666,-0.28415630305272666,-0.21949799999999997,0.029114303052726664,0.06284034282629405,0.7743102018781471,88.0903269370237,-0.00027917241379310325,-0.049528,-12.947103448275861,-1.0,47.6655,0,216.0,216.0,10.2104,25.9907,33.6914,39.4575,42.9394,44.6744,45.5965,46.4213,47.0334,47.6655,48.3186,48.9936,49.9774,51.1609,20.2717,15.3132,11.3959,8.47328,4.72182,18.913144,1.0,0.0,0.0,,turn,-0.02599006068352109,0.22,0.0,3,8.17,0.0
430,24.0649,92.6458,-0.0472282,0.125206,-0.267862,JOIN_RACELINE,-0.040649000000000005,-0.040649000000000005,-0.040649000000000005,-0.29739085586309144,-0.29739085586309144,-0.227213,0.029528855863091452,0.07997448173674218,0.7124629811958701,90.15311032707767,-0.00014484864636484754,-0.049734894439208296,-11.737924079430593,-1.0,47.2743,0,216.0,216.0,10.3369,25.9849,33.5026,39.1628,42.5921,44.3038,45.2149,46.0359,46.645,47.2743,47.9244,48.5964,49.5759,50.7544,19.7806,14.9499,11.1459,8.2991,4.63452,18.911664000000002,1.0,0.0,0.0,,turn,-0.02370458383732517,0.3641273202722183,0.0,3,8.19,0.0
431,24.5761,92.844,-0.0296849,0.126694,-0.280841,JOIN_RACELINE,-0.045760999999999996,-0.045760999999999996,-0.045760999999999996,-0.311094345836019,-0.311094345836019,-0.23508,0.03025334583601902,0.08052121291683759,0.751515208345541,90.69386452420815,-1.0340693555201835e-05,-0.0499420725730443,-10.527086678150088,-1.0,46.8681,0,216.0,216.0,10.4628,25.9556,33.2963,38.8528,42.2303,43.9189,44.8199,45.6364,46.2423,46.8681,47.5147,48.1832,49.1577,50.3303,19.3361,14.5989,10.9016,8.12737,4.54711,18.92752,1.0,0.0,0.0,,turn,-0.02227736255454965,0.3773024817003138,0.0,3,8.21,0.0
432,25.0884,93.0967,-0.0186818,0.128039,-0.293982,JOIN_RACELINE,-0.05088399999999999,-0.05088399999999999,-0.05088399999999999,-0.3249397961608869,-0.3249397961608869,-0.24309800000000004,0.030957796160886897,0.08107627793751099,0.7911627098222133,90.694359104862,-0.00012441057557931664,-0.05014969651272385,-10.193572296792226,-1.0,46.4494,0,216.0,216.0,10.5886,25.9061,33.0753,38.53,41.8562,43.522,44.4137,45.2251,45.8273,46.4494,47.0922,47.7567,48.7256,49.8914,18.9288,14.2567,10.6614,7.95718,4.45939,18.947736,1.0,0.0,0.0,,turn,-0.02157285202360044,0.36760227326392325,0.0,3,8.23,0.0
433,25.6021,93.3475,-0.0181381,0.129288,-0.307289,JOIN_RACELINE,-0.056020999999999994,-0.056020999999999994,-0.056020999999999994,-0.3388176945661984,-0.3388176945661984,-0.251268,0.031528694566198445,0.0816325169269399,0.8308940662099928,90.69485485474132,-0.00025952624719685386,-0.050357887841658816,-9.932456628424713,-1.0,46.0217,0,216.0,216.0,10.7148,25.8403,32.8432,38.1977,41.4734,43.1165,43.9995,44.8055,45.4037,46.0217,46.6604,47.3207,48.2834,49.442,18.5491,13.92,10.4234,7.78756,4.37113,18.9678,1.0,0.0,0.0,,turn,-0.02142728211870002,0.35797518672082024,0.0,3,8.25,0.0
434,26.1171,93.5879,-0.0182583,0.130464,-0.320755,JOIN_RACELINE,-0.061171,-0.061171,-0.061171,-0.35270776100167595,-0.35270776100167595,-0.25958400000000004,0.03195276100167593,0.08218870297283393,0.8706216409167087,90.6953510494462,-0.0003949838506288798,-0.05056660603204524,-9.670680165101237,-1.0,45.5869,0,216.0,216.0,10.8417,25.7604,32.6017,37.8578,41.0833,42.704,43.5787,44.379,44.9731,45.5869,46.2211,46.8769,47.8332,48.9841,18.1942,13.5872,10.1868,7.61814,4.28228,18.987032,1.0,0.0,0.0,,turn,-0.021581395208522536,0.3487481172863922,0.0,3,8.27,0.0
435,26.6332,93.818,-0.0242721,0.131609,-0.334373,JOIN_RACELINE,-0.06633199999999999,-0.06633199999999999,-0.06633199999999999,-0.36660500345494385,-0.36660500345494385,-0.268041,0.03223200345494387,0.08274464567440552,0.9103318338861084,90.69584751066854,-0.000530730780980857,-0.05077577002827521,-9.408344567584257,-1.0,45.1479,0,216.0,216.0,10.9699,25.6691,32.3537,37.5131,40.6889,42.2873,43.1542,43.9488,44.5386,45.1479,45.7777,46.4289,47.3785,48.5215,17.8574,13.256,9.9503,7.44827,4.19274,19.00544,1.0,0.0,0.0,,turn,-0.02196365725731681,0.3399172119487902,0.0,3,8.29,0.0
436,27.1505,94.0384,-0.0280064,0.132755,-0.34816,JOIN_RACELINE,-0.07150500000000001,-0.07150500000000001,-0.07150500000000001,-0.3805132699355422,-0.3805132699355422,-0.276655,0.03235326993554216,0.08330052626862541,0.9500375906161009,90.69634437589391,-0.0006667933407000556,-0.050985420358152685,-9.14539900549254,-1.0,44.7073,0,128.0,216.0,11.0998,25.5688,32.1012,37.1656,40.2923,41.8685,42.7282,43.5169,44.1024,44.7073,45.3325,45.979,46.9219,48.0569,17.5339,12.9243,9.71287,7.27732,4.1023,19.023072,1.0,0.0,0.0,,turn,-0.0209267289840266,0.33145939907284305,0.0,3,8.31,0.0
437,27.669,94.2494,-0.0273287,0.133881,-0.36209,JOIN_RACELINE,-0.07669000000000001,-0.07669000000000001,-0.07669000000000001,-0.3944331844450174,-0.3944331844450174,-0.2854,0.03234318444501738,0.08385638446468294,0.9897417474773517,93.9239983731007,-0.0008031715297864736,-0.05119555702167766,-8.88184347882609,-1.0,44.2635,0,128.0,216.0,11.2311,25.4586,31.8431,36.814,39.8922,41.4464,42.2993,43.082,43.6631,44.2635,44.884,45.5258,46.4618,47.5886,17.2325,12.5937,9.47535,7.10584,4.01118,19.039952,1.0,0.0,0.0,,turn,-0.01633846799972763,0.4474845528115657,0.0,3,8.33,0.0
438,28.1887,94.5392,-0.0124489,0.134892,-0.376158,JOIN_RACELINE,-0.08213528873216551,-0.08213528873216551,-0.08213528873216551,-0.4085482034381849,-0.4085482034381849,-0.29402271126783447,0.032390203438184884,0.084,1.0,97.9375987910995,-0.0010701080340602559,-0.0520093974129806,-8.89065039487796,-1.0,43.8096,0,128.0,216.0,11.3621,25.3344,31.5742,36.4528,39.4827,41.0154,41.8614,42.6377,43.214,43.8096,44.4252,45.0618,45.9904,47.1085,16.983,12.2687,9.24024,6.93516,3.9197,19.063136,1.0,0.0,0.0,,turn,-0.009557787729177484,0.5907076458115197,0.0,3,8.35,0.0
439,28.7103,94.9646,0.00986917,0.135685,-0.390355,JOIN_RACELINE,-0.08761218196886476,-0.08761218196886476,-0.08761218196886476,-0.42299467125306184,-0.42299467125306184,-0.30274281803113523,0.03263967125306183,0.084,1.0,100.00982084697692,-0.0013441561214209106,-0.05285463047222854,-8.912349117618382,-1.0,43.3379,0,128.0,216.0,11.4913,25.1915,31.2888,36.0758,39.0577,40.5692,41.4074,42.1766,42.7477,43.3379,43.9479,44.5789,45.4992,46.6073,16.8361,11.9575,9.01004,6.76668,3.82819,19.097168,1.0,0.0,0.0,,turn,-0.0014715255021038876,0.6540469556529585,0.0,3,8.37,0.0
440,29.2346,95.4879,0.0399661,0.136136,-0.404663,JOIN_RACELINE,-0.09311742568819266,-0.09311742568819266,-0.09311742568819266,-0.4377149717468094,-0.4377149717468094,-0.31154557431180735,0.033051971746809405,0.084,1.0,100.72017164367668,-0.0016196227859208944,-0.05370423877929084,-8.93416016120121,-1.0,42.8393,0,128.0,216.0,11.6165,25.0247,30.9804,35.6759,38.6095,40.0999,40.9292,41.6903,42.2554,42.8393,43.443,44.0673,44.978,46.0746,16.9207,11.6677,8.78757,6.60198,3.73707,19.139032,1.0,0.0,0.0,,turn,0.007392787322829957,0.6612412170644878,0.0,3,8.39,0.0
441,29.7617,96.0492,0.0624574,0.13616,-0.419054,JOIN_RACELINE,-0.09865206990802432,-0.09865206990802432,-0.09865206990802432,-0.45258711261699114,-0.45258711261699114,-0.32040193009197565,0.033533112616991156,0.104,1.0,101.4378497318551,-0.0018965605674542562,-0.05455838438038285,-8.956087685657641,-1.0,42.3085,0,128.0,216.0,11.7359,24.8314,30.6455,35.249,38.1341,39.6029,40.422,41.1736,41.7318,42.3085,42.9047,43.5214,44.4208,45.5039,47.7099,11.4049,8.57457,6.44208,3.64666,19.183936,1.0,0.0,0.0,,turn,0.015871172078107253,0.6672557589175038,0.0,3,8.41,0.0
442,30.2923,96.6212,0.0793352,0.13572,-0.433488,JOIN_RACELINE,-0.10422346475348565,-0.10422346475348565,-0.10422346475348565,-0.4659126455317778,-0.4659126455317778,-0.32926453524651433,0.03242464553177782,0.104,1.0,102.14598610932062,-0.0021753372452793397,-0.05541820159901199,-8.978160811206083,-1.0,41.7431,0,128.0,216.0,11.8484,24.6108,30.2829,34.7936,37.6296,39.0761,39.8835,40.6245,41.1746,41.7431,42.3308,42.9385,43.8251,44.8925,47.0666,11.1735,8.37175,6.28749,3.55724,19.229696,1.0,0.0,0.0,,turn,0.022335204558354138,0.6724917734354083,0.0,3,8.43,0.0
443,30.826,97.2005,0.0816435,0.13485,-0.447934,JOIN_RACELINE,-0.10991258154046148,-0.10991258154046148,-0.10991258154046148,-0.4764862785999743,-0.4764862785999743,-0.33802141845953854,0.02855227859997428,0.104,1.0,102.83299838855228,-0.0023811190055248624,-0.056259983295417614,-9.001618069548261,-1.0,41.1467,0,128.0,216.0,11.952,24.3659,29.8956,34.3128,37.099,38.5227,39.3171,40.0462,40.5874,41.1467,41.7249,42.3228,43.1948,44.2448,46.383,10.9755,8.17809,6.13776,3.46883,19.276040000000002,1.0,0.0,0.0,,turn,0.026683328194622765,0.6766345534058569,0.0,3,8.45,0.0
444,31.3629,97.7865,0.0748068,0.133624,-0.462357,JOIN_RACELINE,-0.11635520705232366,-0.11635520705232366,-0.11635520705232366,-0.48712801528297023,-0.48712801528297023,-0.34600179294767636,0.02477101528297021,0.104,1.0,103.52443563877787,-0.0019578282320442003,-0.05691204546636334,-9.035817744556386,-1.0,40.5252,0,128.0,216.0,12.0378,24.101,29.4884,33.8113,36.5473,37.9474,38.7279,39.4441,39.9758,40.5252,41.093,41.6802,42.5366,43.5676,45.6669,10.8126,7.99176,5.992,3.38137,19.32292,1.0,0.0,0.0,,turn,0.02980863566897493,0.6806898322606874,0.0,3,8.47,0.0
445,31.9032,98.3793,0.0591731,0.132122,-0.476735,JOIN_RACELINE,-0.12283863145921348,-0.12283863145921348,-0.12283863145921348,-0.49784164721670754,-0.49784164721670754,-0.35389636854078654,0.02110664721670752,0.084,1.0,103.89727689307767,-0.001531856906077351,-0.05756823691907702,-9.070233994150145,-1.0,39.8844,0,128.0,216.0,12.1063,23.8203,29.0659,33.2941,35.9792,37.3554,38.1212,38.8239,39.3455,39.8844,40.4414,41.0174,41.8573,42.8683,44.9264,10.6872,7.81088,5.84926,3.29472,19.370344,1.0,0.0,0.0,,turn,0.03200942673666325,0.6722298805029875,0.0,3,8.49,0.0
446,32.4469,98.9711,0.0392396,0.130422,-0.491048,JOIN_RACELINE,-0.12936285476113094,-0.12936285476113094,-0.12936285476113094,-0.5086157994933608,-0.5086157994933608,-0.3616851452388691,0.01756779949336079,0.084,1.0,103.14083240168996,-0.0011032050276243116,-0.05822855765355866,-9.104866818329542,-1.0,39.2301,0,128.0,216.0,12.1592,23.5274,28.6323,32.7656,35.3994,36.7514,37.5021,38.1908,38.702,39.2301,39.7758,40.3402,41.163,42.1533,44.1689,10.6043,7.63374,5.70868,3.20878,19.417688000000002,1.0,0.0,0.0,,turn,0.033478647530750166,0.6203743231419214,0.0,3,8.51,0.0
447,32.9939,99.5286,0.0192967,0.128594,-0.505273,JOIN_RACELINE,-0.13592667699057517,-0.13592667699057517,-0.13592667699057517,-0.5192103655691633,-0.5192103655691633,-0.3693463230094248,0.013937365569163362,0.084,1.0,102.37979665258369,-0.0006719514364640932,-0.058892886220344484,-9.139709847253819,-1.0,38.567,0,128.0,216.0,12.1981,23.2256,28.1912,32.2296,34.8118,36.1395,36.8748,37.5493,38.0499,38.567,39.1014,39.6538,40.4593,41.4286,43.4008,10.5724,7.45899,5.56957,3.12348,19.462288,1.0,0.0,0.0,,turn,0.03463770385185988,0.5696614097147575,0.0,3,8.53,0.0
448,33.5439,100.029,0.00751084,0.126671,-0.519388,JOIN_RACELINE,-0.14252649824504385,-0.14252649824504385,-0.14252649824504385,-0.527477811499291,-0.527477811499291,-0.37686150175495614,0.008089811499291,0.084,1.0,101.61458703282419,-0.0002383326519337036,-0.059560858271043224,-9.174743971400716,-1.0,37.8978,0,128.0,216.0,12.2238,22.9164,27.7445,31.6884,34.2187,35.522,36.2418,36.9019,37.3918,37.8978,38.4207,38.9612,39.7492,40.6972,42.6258,10.609,7.29402,5.43176,3.03888,19.502319999999997,1.0,0.0,0.0,,turn,0.038413053594768,0.5209841166470843,0.0,3,8.55,0.0
449,34.0966,100.472,0.00415887,0.124626,-0.533357,JOIN_RACELINE,-0.14915881627612207,-0.14915881627612207,-0.14915881627612207,-0.5357187469898157,-0.5357187469898157,-0.38419818372387793,0.0023617469898157273,0.104,1.0,100.82851967889759,-9.301803763528209e-06,-0.059928,-8.511053917904386,-1.0,37.2216,0,128.0,216.0,12.2362,22.5993,27.2915,31.1409,33.619,34.8981,35.6021,36.2477,36.7268,37.2216,37.7328,38.2612,39.0314,39.958,41.8423,10.7516,7.14731,5.29584,2.95524,19.53776,1.0,0.0,0.0,,turn,0.04361155352894616,0.4737122953422153,0.0,3,8.57,0.0
450,34.6518,100.861,0.0123979,0.122365,-0.54714,JOIN_RACELINE,-0.15582125236439273,-0.15582125236439273,-0.15582125236439273,-0.5439341808946758,-0.5439341808946758,-0.39131874763560726,-0.003205819105324137,0.104,1.0,100.01815756118171,-2.992625044687834e-05,-0.059928,-6.996790080925608,-1.0,36.5335,0,128.0,216.0,12.2343,22.2712,26.8285,30.5834,33.0088,34.2633,34.9515,35.5823,36.0502,36.5335,37.0328,37.5487,38.3007,39.2053,41.0441,11.0927,7.02436,5.16322,2.873,19.56888,1.0,0.0,0.0,,turn,0.04959316839245015,0.4275829831223733,0.0,3,8.59,0.0
451,35.209,101.197,0.0223107,0.119804,-0.560698,JOIN_RACELINE,-0.1625076885826644,-0.1625076885826644,-0.1625076885826644,-0.5521182282325642,-0.5521182282325642,-0.39819031141733563,-0.008579771767435851,0.104,1.0,146.0,-5.062499268744524e-05,-0.059928,-5.4770714030355165,-1.0,35.8297,0,128.0,216.0,12.2177,21.93,26.3528,30.0126,32.3848,33.6142,34.2866,34.9019,35.3584,35.8297,36.3166,36.8197,37.5529,38.4345,40.2263,11.9953,6.93171,5.03509,2.79259,19.59576,1.0,0.0,0.0,,accelerate,0.05582018705842015,0.6475829831223733,0.0,3,8.61,0.0
452,35.7686,101.663,0.017733,0.116862,-0.573996,JOIN_RACELINE,-0.16922292495693717,-0.16922292495693717,-0.16922292495693717,-0.5604816273817197,-0.5604816273817197,-0.4047730750430628,-0.013514372618280257,0.104,1.0,168.0,-7.141288959667195e-05,-0.059928,-3.9508069160518726,-1.0,35.1068,0,128.0,216.0,12.1856,21.5738,25.862,29.4257,31.7438,32.9476,33.6042,34.2034,34.6479,35.1068,35.5808,36.0705,36.784,37.6418,39.3845,43.5003,6.87768,4.91378,2.71433,19.63304,1.0,0.0,0.0,,accelerate,0.0617420697055254,0.8675829831223733,0.0,3,8.63,0.0
453,36.3316,102.333,-0.0245333,0.113398,-0.587041,JOIN_RACELINE,-0.17597896155221165,-0.17597896155221165,-0.17597896155221165,-0.564072927497744,-0.564072927497744,-0.4110620384477884,-0.022968072502256076,0.126,1.0,168.0,-9.232708895316725e-05,-0.059928,-2.415269199518989,-1.0,34.3578,0,128.0,216.0,12.1371,21.1988,25.351,28.817,31.0795,32.2571,32.898,33.4802,33.9121,34.3578,34.8182,35.2938,35.9865,36.8191,38.5098,42.4989,6.87493,4.81174,2.63845,19.68664,1.0,0.0,0.0,,accelerate,0.06740245232968298,0.34758298312237323,0.0,3,8.65,0.0
454,36.8983,102.818,-0.0586763,0.109527,-0.599802,JOIN_RACELINE,-0.1827793983879879,-0.1827793983879879,-0.1827793983879879,-0.5664948884684801,-0.5664948884684801,-0.41702260161201204,-0.033307111531519884,0.126,1.0,168.0,-0.00011337873509051321,-0.059928,-0.8696400273002016,-1.0,33.5902,0,128.0,216.0,12.0741,20.8094,24.8253,28.1922,30.3981,31.5487,32.1745,32.7393,33.158,33.5902,34.0365,34.4974,35.1687,35.9752,37.6123,41.4704,6.93528,4.73294,2.56484,19.72544,1.0,0.0,0.0,,accelerate,0.07297085373273293,0.42,0.0,3,8.67,0.0
455,37.4669,103.097,-0.0455559,0.105627,-0.612166,JOIN_RACELINE,-0.18960263534726515,-0.18960263534726515,-0.18960263534726515,-0.5688585303790125,-0.5688585303790125,-0.4225633646527348,-0.043307469620987527,0.126,1.0,168.0,-0.006505315288114709,-0.0661019300594755,0.7006122395918084,-1.0,32.8256,0,128.0,216.0,12.001,20.418,24.3,27.5686,29.7179,30.8414,31.4531,32.0009,32.4068,32.8256,33.258,33.7046,34.3547,35.1357,36.7201,40.4499,7.06948,4.67764,2.49342,19.74776,1.0,0.0,0.0,,accelerate,0.07653810247804785,0.42,0.0,3,8.69,0.0
456,38.0375,103.396,-0.0377846,0.101507,-0.624097,JOIN_RACELINE,-0.1964498724365433,-0.1964498724365433,-0.1964498724365433,-0.5712365720574965,-0.5712365720574965,-0.4276471275634567,-0.05286042794250356,0.104,1.0,124.0,-0.013211297861483992,-0.07258012883096626,2.2772774545809167,-1.0,32.0548,0,128.0,216.0,11.916,20.0193,23.7686,26.9389,29.0309,30.1269,30.7244,31.2564,31.6494,32.0548,32.4733,32.9054,33.5343,34.2896,35.8211,39.4224,7.31885,4.65224,2.42481,19.77168,1.0,0.0,0.0,,turn,0.077441722716904,0.42,0.0,3,8.71,0.0
457,38.61,103.696,-0.0490524,0.0971876,-0.635582,JOIN_RACELINE,-0.20331990964932237,-0.20331990964932237,-0.20331990964932237,-0.5736225336083537,-0.5736225336083537,-0.43226209035067764,-0.06195946639164629,0.084,1.0,104.0,-0.019939610205076546,-0.07907989889174169,3.859192693945206,-1.0,31.2796,0,105.0,216.0,11.8197,19.6141,23.2321,26.3042,28.3386,29.4068,29.9898,30.5075,30.8875,31.2796,31.6841,32.1017,32.7095,33.4391,34.9177,38.3906,7.75479,4.66184,2.35927,19.79568,1.0,0.0,0.0,,turn,0.07620841132714554,0.42,0.0,3,8.73,0.0
458,39.1844,103.996,-0.0699379,0.0927745,-0.646622,JOIN_RACELINE,-0.21021274698560236,-0.21021274698560236,-0.21021274698560236,-0.57166983216346,-0.57166983216346,-0.4364092530143977,-0.07495216783654002,0.084,1.0,90.41658469189446,-0.026690252318892358,-0.08560124024180178,5.4463579576846755,-1.0,30.5053,0,105.0,216.0,11.7137,19.2058,22.6947,25.6691,27.6458,28.686,29.2543,29.7592,30.1265,30.5053,30.8961,31.2994,31.8862,32.5905,34.0171,37.3637,8.57053,4.7118,2.30392,19.819679999999998,1.0,0.0,0.0,,brake,0.07390487614213048,0.0,0.20427179305013188,3,8.75,0.0
459,39.759,103.601,-0.106541,0.0883331,-0.657184,JOIN_RACELINE,-0.21710798433488251,-0.21710798433488251,-0.21710798433488251,-0.5677479613329466,-0.5677479613329466,-0.44007601566511745,-0.08943603866705341,0.066,1.0,90.0,-0.03344324493483702,-0.09212485225389191,7.0340758555689185,-1.0,29.7367,0,105.0,216.0,11.5991,18.7971,22.1596,25.0375,26.9567,27.9688,28.5225,29.0147,29.371,29.7367,30.114,30.5034,31.0698,31.7493,33.1249,36.3484,43.6955,4.81009,2.26294,19.78808,1.0,0.0,0.0,,brake,0.07104455491946902,0.0,0.20478571428571427,3,8.77,0.0
460,40.3601,102.844,-0.169866,0.0747197,-0.666924,JOIN_RACELINE,-0.22936262321129308,-0.22936262321129308,-0.22936262321129308,-0.563843858094041,-0.563843858094041,-0.4375613767887069,-0.10308014190595893,0.066,1.0,88.0,-0.03513960450238493,-0.09885496719092436,8.128944695114093,-1.0,28.972,0,105.0,216.0,11.4756,18.3868,21.6254,24.4079,26.2698,27.2538,27.7927,28.2721,28.619,28.972,29.336,29.7115,30.2576,30.9127,32.2381,35.3401,42.391,4.97017,2.23748,19.72752,1.0,0.0,0.0,,brake,0.06592061386515663,0.0,0.23438095238095225,3,8.79,0.0
461,40.9797,102.033,-0.249227,0.0545017,-0.674536,JOIN_RACELINE,-0.24547226314941345,-0.24547226314941345,-0.24547226314941345,-0.5598373384124529,-0.5598373384124529,-0.4290637368505866,-0.11469866158754716,0.066,1.0,90.0,-0.03318497298246745,-0.10572711956942117,8.867001160242364,-1.0,28.2143,0,105.0,216.0,11.3444,17.9769,21.0945,23.783,25.5879,26.5438,27.0679,27.5345,27.8724,28.2143,28.5652,28.9271,29.4534,30.0844,31.3605,34.3437,41.1056,5.2086,2.22802,19.66264,1.0,0.0,0.0,,brake,0.05850940251349817,0.0,0.167452380952381,3,8.81,0.0
462,41.5958,101.315,-0.321632,0.0344259,-0.679907,JOIN_RACELINE,-0.26149090286193105,-0.26149090286193105,-0.26149090286193105,-0.5558023616938993,-0.5558023616938993,-0.418416097138069,-0.12410463830610075,0.066,1.0,90.0,-0.031241382796184103,-0.11256045249452104,9.600888487817452,-1.0,27.4703,0,105.0,216.0,11.2075,17.5714,20.5718,23.1686,24.9173,25.8454,26.3549,26.8088,27.1376,27.4703,27.8087,28.1576,28.6647,29.2725,30.5012,33.37,39.8555,5.5491,2.2348,19.6052,1.0,0.0,0.0,,brake,0.05048706071784903,0.0,0.1503571428571428,3,8.83,0.0
463,42.2087,100.709,-0.38236,0.0146995,-0.683084,JOIN_RACELINE,-0.2774263423681836,-0.2774263423681836,-0.2774263423681836,-0.5513130426324611,-0.5513130426324611,-0.40565765763181644,-0.13177095736753897,0.066,1.0,90.0,-0.02930788754350909,-0.11935829334794379,10.330964032486786,-1.0,26.7457,0,105.0,216.0,11.0667,17.1743,20.0625,22.5704,24.2645,25.1654,25.6605,26.1019,26.4219,26.7457,27.0737,27.4101,27.8991,28.485,29.6688,32.43,38.6567,6.0325,2.258,19.55672,1.0,0.0,0.0,,brake,0.04185526780493741,0.0,0.1359285714285715,3,8.85,0.0
464,42.8185,100.151,-0.414082,-0.00445521,-0.684125,JOIN_RACELINE,-0.2932811816746165,-0.2932811816746165,-0.2932811816746165,-0.5421291015598815,-0.5421291015598815,-0.3908438183253835,-0.1419958984401185,0.084,1.0,90.0,-0.02738417175776718,-0.1261217512569292,11.057346912466159,-1.0,26.0473,0,105.0,216.0,10.9239,16.7895,19.5711,21.9941,23.6357,24.5103,24.9914,25.4206,25.732,26.0473,26.3664,26.6915,27.1636,27.7293,28.8716,31.5337,37.5239,6.74226,2.29767,19.512079999999997,1.0,0.0,0.0,,brake,0.03195443540853772,0.0,0.12264285714285705,3,8.87,0.0
465,43.4251,99.636,-0.423186,-0.0228829,-0.683091,JOIN_RACELINE,-0.3090528207747841,-0.3090528207747841,-0.3090528207747841,-0.5329412604486271,-0.5329412604486271,-0.3740381792252159,-0.1501497395513729,0.084,1.0,90.69379159866565,-0.026487081864767306,-0.129275,11.255977955395128,-1.0,25.3788,0,105.0,216.0,10.7801,16.4186,19.0999,21.4426,23.034,23.8834,24.3511,24.7687,25.0718,25.3788,25.6897,26.0051,26.4619,27.0091,28.1137,30.6859,36.4635,7.93177,2.35393,19.47088,1.0,0.0,0.0,,brake,0.021532510527960118,0.0,0.09386210479367478,3,8.89,0.0
466,44.0284,99.1935,-0.410086,-0.0404962,-0.680067,JOIN_RACELINE,-0.3247386596622405,-0.3247386596622405,-0.3247386596622405,-0.523712793934511,-0.523712793934511,-0.35532834033775945,-0.156354206065489,0.084,1.0,90.69435191988647,-0.026486673546474153,-0.129275,10.993876498646385,-1.0,24.7415,0,105.0,216.0,10.6358,16.0621,18.6496,20.9166,22.4605,23.2859,23.7408,24.1473,24.4424,24.7415,25.0446,25.3517,25.7946,26.325,27.3956,29.8871,35.476,48.8822,2.42686,19.43548,1.0,0.0,0.0,,brake,0.011019588053273095,0.0,0.08331304952651257,3,8.91,0.0
467,44.6286,98.8025,-0.384843,-0.057249,-0.675143,JOIN_RACELINE,-0.34034389834987755,-0.34034389834987755,-0.34034389834987755,-0.514467752256027,-0.514467752256027,-0.3347991016501225,-0.16067524774397302,0.084,1.0,90.69490937480701,-0.026486267326285933,-0.129275,10.733121825447983,-1.0,24.1352,0,105.0,216.0,10.4913,15.7197,18.2196,20.4155,21.9146,22.7173,23.1602,23.556,23.8436,24.1352,24.4308,24.7304,25.1609,25.6763,26.7165,29.1362,34.559,47.538,2.51653,19.4042,1.0,0.0,0.0,,brake,0.00019074008318008262,0.0,0.07399025298078532,3,8.93,0.0
468,45.2254,98.4416,-0.350906,-0.0731192,-0.668416,JOIN_RACELINE,-0.35586073681835767,-0.35586073681835767,-0.35586073681835767,-0.5052388307373985,-0.5052388307373985,-0.31255526318164234,-0.1631771692626015,0.084,1.0,90.69546368458485,-0.02648586340724507,-0.129275,10.47384426969189,-1.0,23.5588,0,105.0,216.0,10.3466,15.3907,17.8089,19.9382,21.3952,22.1766,22.608,22.9939,23.2743,23.5588,23.8473,24.1398,24.5593,25.0614,26.0745,28.4308,33.7088,46.3263,2.62297,19.375328,1.0,0.0,0.0,,brake,-0.011055477373584945,0.0,0.06538419798607482,3,8.95,0.0
469,45.819,98.1084,-0.313365,-0.0881207,-0.659988,JOIN_RACELINE,-0.3712943750805725,-0.3712943750805725,-0.3712943750805725,-0.49602589937733654,-0.49602589937733654,-0.2886936249194275,-0.16396210062266348,0.084,1.0,90.6960150347708,-0.026485461653989944,-0.129275,10.215956942116796,-1.0,23.0101,0,105.0,216.0,10.2017,15.0738,17.4159,19.483,20.9004,21.6616,22.0823,22.4587,22.7324,23.0101,23.2919,23.5777,23.9874,24.4776,25.4668,27.7673,32.9199,45.235,2.74621,19.348672,1.0,0.0,0.0,,brake,-0.018883145926012947,0.0,0.05743773726736209,3,8.97,0.0
470,46.409,97.8006,-0.268083,-0.102356,-0.649954,JOIN_RACELINE,-0.38663441311073876,-0.38663441311073876,-0.38663441311073876,-0.4868384482699498,-0.4868384482699498,-0.26331958688926127,-0.1631155517300502,0.084,1.0,104.0,-0.025594594076318155,-0.12801964677065875,9.502331055820544,-1.0,22.4846,0,105.0,216.0,10.0559,14.7667,17.0373,19.0458,20.4259,21.1681,21.5785,21.946,22.2133,22.4846,22.76,23.0395,23.4403,23.9198,24.8875,27.1384,32.1814,44.2422,2.88664,19.324048,1.0,0.0,0.0,,turn,-0.022119974855804792,0.22,0.0,3,8.99,0.0
471,46.9963,97.7733,-0.212513,-0.116059,-0.638371,JOIN_RACELINE,-0.40190425096686866,-0.40190425096686866,-0.40190425096686866,-0.40190425096686866,-0.40190425096686866,-0.23646674903313136,-0.23646674903313136,0.084,1.0,92.99207009797603,-0.023023046097073608,-0.12439492232821966,7.9267589274203925,-1.0,21.9737,0,82.0,216.0,9.90776,14.4647,16.6672,18.6197,19.964,20.6879,21.0884,21.4473,21.7085,21.9737,22.2429,22.5162,22.9086,23.3783,24.3262,26.5314,31.4745,43.3112,3.04567,19.321864,1.0,0.0,0.0,,turn,-0.003881201007279459,0.27610654222984693,0.0,3,9.01,0.0
472,47.5821,97.9096,-0.104289,-0.129945,-0.625194,JOIN_RACELINE,-0.4171350887263117,-0.4171350887263117,-0.4171350887263117,-0.4171350887263117,-0.4171350887263117,-0.2080589112736883,-0.2080589112736883,0.084,1.0,93.72705765759959,-0.0204580660081217,-0.12077945565295863,6.355210906278202,-1.0,21.4543,0,82.0,216.0,9.75264,14.1558,16.29,18.1862,19.4943,20.1997,20.5903,20.9404,21.1953,21.4543,21.7172,21.9843,22.368,22.8273,23.7544,25.9117,30.7492,42.3443,3.22833,19.332768,1.0,0.0,0.0,,turn,0.0021371736807226536,0.2991329868307535,0.0,3,9.03,0.0
473,48.1667,98.0811,-0.040266,-0.14429,-0.610382,JOIN_RACELINE,-0.4323347264084053,-0.4323347264084053,-0.4323347264084053,-0.4323347264084053,-0.4323347264084053,-0.17804727359159467,-0.17804727359159467,0.084,1.0,94.46053960938507,-0.01789834023140389,-0.11717139519143999,4.7868821709423734,-1.0,20.9182,0,82.0,216.0,9.58902,13.8358,15.9005,17.7389,19.0097,19.696,20.0763,20.4174,20.6658,20.9182,21.1747,21.4352,21.8096,22.2577,23.1622,25.267,29.9877,41.3063,3.43894,19.346488,1.0,0.0,0.0,,accelerate,-0.0008296922273449622,0.32074767728404074,0.0,3,9.05,0.0
474,48.7498,98.2761,-0.025068,-0.158785,-0.593944,JOIN_RACELINE,-0.4474953639938121,-0.4474953639938121,-0.4474953639938121,-0.4474953639938121,-0.4474953639938121,-0.1464486360061879,-0.1464486360061879,0.104,1.0,95.19213955137296,-0.01534518234497872,-0.11357259249709939,3.222577542864504,-1.0,20.3754,0,82.0,216.0,9.41888,13.51,15.5052,17.2857,18.519,19.1859,19.5558,19.8877,20.1295,20.3754,20.6253,20.8792,21.2439,21.6806,22.5618,24.6124,29.2118,40.2408,3.67899,19.362088,1.0,0.0,0.0,,accelerate,-0.011298236115394098,0.34138613659126776,0.0,3,9.07,0.0
475,49.3315,98.4925,-0.0442524,-0.17304,-0.575923,RACE,-0.46244009033775946,-0.46244009033775946,-0.46244009033775946,-0.46244009033775946,-0.46244009033775946,-0.1134829096622405,-0.1134829096622405,0.104,1.0,95.92035996519273,-0.012945800773494907,-0.10990390914657729,1.724603035967513,-1.0,19.8371,0,82.0,216.0,9.24457,13.1842,15.1116,16.8355,18.032,18.6799,19.0395,19.3624,19.5977,19.8371,20.0804,20.3278,20.6832,21.1085,21.967,23.965,28.4469,39.1981,3.94898,19.3794,1.0,0.0,0.0,,accelerate,-0.02986005392414126,0.3610715371227971,0.0,3,9.09,0.0
476,49.9117,98.7291,-0.0931676,-0.186629,-0.556396,RACE,-0.4730165671329123,-0.4730165671329123,-0.4730165671329123,-0.4730165671329123,-0.4730165671329123,-0.08337943286708771,-0.08337943286708771,0.104,1.0,96.6075570130205,-0.014113755266211173,-0.10435079602294697,1.7397494198788193,-1.0,19.3147,0,82.0,216.0,9.06841,12.8642,14.7273,16.3973,17.5588,18.1885,18.5382,18.8524,19.0816,19.3147,19.5518,19.7929,20.1395,20.5545,21.3922,23.3421,27.7183,38.2282,4.24815,19.398328,1.0,0.0,0.0,,accelerate,-0.05323208353342556,0.37840219280848053,0.0,3,9.11,0.0
477,50.4904,98.9827,-0.149982,-0.199196,-0.53546,RACE,-0.4835657003996391,-0.4835657003996391,-0.4835657003996391,-0.4835657003996391,-0.4835657003996391,-0.05189429960036096,-0.05189429960036096,0.104,1.0,97.29297743973186,-0.015278690228181001,-0.09881203944824028,1.7548566456104164,-1.0,18.8168,0,82.0,216.0,8.89219,12.5544,14.3579,15.9778,17.1067,17.7195,18.0601,18.3662,18.5896,18.8168,19.0481,19.2834,19.6224,20.0284,20.8481,22.757,27.0455,37.37,4.57484,19.418616,1.0,0.0,0.0,,turn,-0.07906869649598162,0.3950106707589178,0.0,3,9.13,0.0
478,51.0676,99.2513,-0.202168,-0.210502,-0.51323,RACE,-0.49408749013793996,-0.49408749013793996,-0.49408749013793996,-0.49408749013793996,-0.49408749013793996,-0.01914250986206001,-0.01914250986206001,0.084,1.0,97.9766212453268,-0.016440605659404407,-0.09328763942245714,1.769924713162305,-1.0,18.3485,0,82.0,216.0,8.71711,12.2572,14.0063,15.5808,16.6799,17.2773,17.6097,17.9084,18.1265,18.3485,18.5745,18.8045,19.1373,19.536,20.3411,22.2175,26.44,36.6473,4.92682,19.440103999999998,1.0,0.0,0.0,,brake,-0.10482684116586291,0.0,0.12,3,9.15,0.0
479,51.6421,99.0004,-0.227554,-0.220328,-0.489884,RACE,-0.5045600615250742,-0.5045600615250742,-0.5045600615250742,-0.5045600615250742,-0.5045600615250742,0.014676061525074169,0.014676061525074169,0.084,1.0,98.6570671329122,-0.017597085935284258,-0.08778908118473638,1.784922295990718,-1.0,17.9143,0,82.0,216.0,8.54444,11.9749,13.6756,15.2096,16.2824,16.8662,17.1912,17.4835,17.6969,17.9143,18.1356,18.3615,18.6896,19.0828,19.8773,21.7309,25.9126,36.0823,5.29992,19.420032,1.0,0.0,0.0,,brake,-0.1299378032814511,0.0,0.12,3,9.17,0.0
480,52.2112,98.5009,-0.209123,-0.228321,-0.465678,RACE,-0.5149341962098749,-0.5149341962098749,-0.5149341962098749,-0.5149341962098749,-0.5149341962098749,0.049256196209874925,0.049256196209874925,0.084,1.0,99.33111718447853,-0.018742695900476985,-0.08234220652314042,1.7997789093721799,-1.0,17.5224,0,82.0,216.0,8.37642,11.712,13.3712,14.8708,15.9214,16.4938,16.8126,17.0994,17.309,17.5224,17.7399,17.9638,18.2891,18.6792,19.4679,21.3107,25.4828,35.7165,5.68535,19.380072,1.0,0.0,0.0,,brake,-0.1538428223961247,0.0,0.12,3,9.19,0.0
481,52.7745,97.9971,-0.148753,-0.234395,-0.440789,RACE,-0.5236705088307336,-0.5236705088307336,-0.5236705088307336,-0.5236705088307336,-0.5236705088307336,0.08288150883073364,0.08288150883073364,0.084,1.0,99.97780727085214,-0.01788100944308366,-0.07627981371664301,1.817411305917236,-1.0,17.174,0,82.0,216.0,8.21363,11.4689,13.0936,14.5651,15.5976,16.1608,16.4746,16.7571,16.9636,17.174,17.3903,17.6135,17.9382,18.3276,19.1156,20.9606,25.1572,35.5696,6.07594,19.339768,1.0,0.0,0.0,,brake,-0.17497746907776915,0.0,0.12,3,9.21,0.0
482,53.3321,97.4904,-0.0428014,-0.238624,-0.415392,RACE,-0.5314835221090628,-0.5314835221090628,-0.5314835221090628,-0.5314835221090628,-0.5314835221090628,0.11609152210906282,0.11609152210906282,0.104,1.0,100.60678754673198,-0.01594055137939927,-0.06991309565553698,1.8364604228438828,-1.0,16.8688,0,82.0,216.0,8.05613,11.2446,12.8413,14.2904,15.3089,15.8649,16.175,16.4542,16.6585,16.8688,17.0858,17.3098,17.6357,18.0269,18.8194,20.6796,24.936,35.6524,6.46523,19.299232,1.0,0.0,0.0,,brake,-0.19290635272881948,0.0,0.12,3,9.23,0.0
483,53.8844,96.9807,0.10234,-0.24121,-0.389619,JOIN_RACELINE,-0.5392222725280392,-0.5392222725280392,-0.5392222725280392,-0.5392222725280392,-0.5392222725280392,0.14960327252803923,0.14960327252803923,0.104,1.0,101.22978935155344,-0.014018537411370383,-0.06360689338661857,1.8553284775041896,-1.0,16.6037,0,82.0,216.0,7.90334,11.0366,12.611,14.0426,15.0506,15.6014,15.9088,16.1863,16.3917,16.6037,16.8226,17.0486,17.3776,17.7729,18.5749,20.4629,24.8143,35.9688,6.84901,19.258456,1.0,0.0,0.0,,brake,-0.2080869583368778,0.0,0.12,3,9.25,0.0
484,54.4314,96.4679,0.276545,-0.242402,-0.363602,JOIN_RACELINE,-0.5468867600876627,-0.5468867600876627,-0.5468867600876627,-0.5468867600876627,-0.5468867600876627,0.1832847600876627,0.1832847600876627,0.1034167463453739,0.958339024669565,101.84681268531648,-0.012114967538997056,-0.05736120690988791,1.8740154698981564,-1.0,16.3743,0,82.0,216.0,7.75466,10.8422,12.3988,13.8174,14.8177,15.3649,15.6713,15.9516,16.1596,16.3743,16.5961,16.8253,17.1593,17.5608,18.3768,20.3047,24.7858,36.5234,7.22439,19.217432000000002,1.0,0.0,0.0,,brake,-0.22094722305992115,0.0,0.12,3,9.27,0.0
485,54.9732,95.9519,0.468023,-0.242451,-0.33746,JOIN_RACELINE,-0.5544783859739589,-0.5544783859739589,-0.5544783859739589,-0.5544783859739589,-0.5544783859739589,0.21701838597395895,0.21701838597395895,0.10250188074116823,0.8929914815120168,102.45797034936186,-0.010229493760474426,-0.05117489441794513,1.8925248162949593,-1.0,16.1766,0,82.0,216.0,7.60955,10.6588,12.2015,13.6104,14.6055,15.1514,15.4618,15.7467,15.9581,16.1766,16.4024,16.6359,16.9763,17.3861,18.2204,20.1997,24.8456,37.3273,7.58948,19.176152000000002,1.0,0.0,0.0,,brake,-0.23204575571473884,0.0,0.12,3,9.29,0.0
486,55.5101,95.4323,0.668219,-0.241569,-0.311282,JOIN_RACELINE,-0.5620013537450045,-0.5620013537450045,-0.5620013537450045,-0.5620013537450045,-0.5620013537450045,0.2507193537450045,0.2507193537450045,0.1023919480230848,0.8851391445060569,103.06360074771175,-0.008361072070388043,-0.045044530488590966,1.910866765502127,-1.0,16.0072,0,82.0,216.0,7.46754,10.4845,12.0162,13.4181,14.4099,14.9616,15.2779,15.5683,15.7841,16.0072,16.2379,16.4767,16.8252,17.2452,18.1019,20.144,24.9912,38.4034,7.94329,19.134584,1.0,0.0,0.0,,brake,-0.2419307487951233,0.0,0.12,3,9.31,0.0
487,56.0422,94.9089,0.870458,-0.239918,-0.285155,JOIN_RACELINE,-0.5641687659533324,-0.5641687659533324,-0.5641687659533324,-0.5641687659533324,-0.5641687659533324,0.27901376595333244,0.27901376595333244,0.1253877706919867,0.9562693351419073,102.66471722315327,-0.007944949226505094,-0.035967929805337126,1.967857934768596,-1.0,15.8643,0,82.0,216.0,7.32837,10.3178,11.841,13.2382,14.2315,14.7944,15.1176,15.4148,15.6357,15.8643,16.1009,16.3459,16.704,17.1361,18.0195,20.1363,25.2245,39.7931,8.28456,19.092712,1.0,0.0,0.0,,brake,-0.24976898701449748,0.0,0.12,3,9.33,0.0
488,56.5695,94.3817,1.07274,-0.237628,-0.259148,JOIN_RACELINE,-0.566277931964677,-0.566277931964677,-0.566277931964677,-0.566277931964677,-0.566277931964677,0.307129931964677,0.307129931964677,0.126,1.0,102.2621215998453,-0.0075430843592883875,-0.026951249355420964,2.0246189892999866,-1.0,15.7467,0,82.0,216.0,7.19186,10.1576,11.6744,13.0688,14.0725,14.6486,14.9798,15.2847,15.5117,15.7467,15.9901,16.2425,16.6116,17.0578,17.9723,20.1765,25.5503,41.5584,8.61238,19.050536,1.0,0.0,0.0,,brake,-0.2563236248933363,0.0,0.12,3,9.35,0.0
489,57.0921,93.8511,1.27241,-0.234819,-0.233318,JOIN_RACELINE,-0.5683682982789738,-0.5683682982789738,-0.5683682982789738,-0.5683682982789738,-0.5683682982789738,0.3350502982789738,0.3350502982789738,0.126,1.0,101.8631144450174,-0.007144801447080055,-0.018014937572515113,2.080874113703752,-1.0,15.6534,0,82.0,216.0,7.05783,10.003,11.5149,12.9083,13.932,14.523,14.8635,15.1773,15.4111,15.6534,15.9047,16.1654,16.5473,17.0097,17.9599,20.2651,25.9754,43.7872,8.92642,19.008088,1.0,0.0,0.0,,brake,-0.26208268276899005,0.0,0.12,3,9.37,0.0
490,57.6102,93.3172,1.46506,-0.23157,-0.207721,JOIN_RACELINE,-0.5704406648833311,-0.5704406648833311,-0.5704406648833311,-0.5704406648833311,-0.5704406648833311,0.3627196648833311,0.3627196648833311,0.126,1.0,101.4675430578832,-0.006749948066262731,-0.009155574513342792,2.1366448369214903,-1.0,15.5846,0,82.0,216.0,6.92627,9.85348,11.3619,12.7603,13.8098,14.4177,14.7686,15.0924,15.334,15.5846,15.8448,16.1151,16.5115,16.9922,17.9834,20.4051,26.512,46.6151,9.22591,18.965376,1.0,0.0,0.0,,brake,-0.2674581797553206,0.0,0.12,3,9.39,0.0
491,58.1239,92.7798,1.65055,-0.227926,-0.1824,JOIN_RACELINE,-0.5724954317713034,-0.5724954317713034,-0.5724954317713034,-0.5724954317713034,-0.5724954317713034,0.39009543177130335,0.39009543177130335,0.126,1.0,101.0753310880495,-0.006358448005027717,-0.00037145020626529884,2.1919419234240043,-1.0,15.5417,0,82.0,216.0,6.79721,9.70874,11.2151,12.6282,13.7065,14.3335,14.6961,15.0313,15.2816,15.5417,15.8119,16.093,16.5059,17.0077,18.0457,20.602,27.1789,50.2536,9.50969,18.922384,1.0,0.0,0.0,,brake,-0.2726729947608646,0.0,0.12,3,9.41,0.0
492,58.6332,92.239,1.827,-0.223898,-0.157404,JOIN_RACELINE,-0.5743485493892809,-0.5743485493892809,-0.5743485493892809,-0.5743485493892809,-0.5743485493892809,0.41694454938928094,0.41694454938928094,0.126,1.0,100.67667984788423,-0.006005305140352579,0.008324218150762262,2.28603039092463,-1.0,15.5271,0,82.0,216.0,6.67089,9.56903,11.0745,12.5129,13.6237,14.2721,14.648,14.9961,15.2564,15.5271,15.8088,16.1022,16.5339,17.0598,18.1516,20.8641,28.0038,55.0458,9.77368,18.87912,1.0,0.0,0.0,,brake,-0.2805527253465876,0.0,0.12,3,9.43,0.0
493,59.1381,91.6945,1.99477,-0.219466,-0.132777,JOIN_RACELINE,-0.5707018595507428,-0.5707018595507428,-0.5707018595507428,-0.5707018595507428,-0.5707018595507428,0.4379248595507428,0.4379248595507428,0.126,1.0,99.98951857939346,-0.006698161564987596,0.016550952560507957,3.5492160237197528,-1.0,15.5451,0,82.0,216.0,6.54756,9.43487,10.9414,12.4163,13.5639,14.2366,14.6277,14.9904,15.2621,15.5451,15.84,16.1475,16.6008,17.1544,18.3085,21.2045,29.0274,61.582,9.99117,18.83556,1.0,0.0,0.0,,brake,-0.28885477173279583,0.0,0.12,3,9.45,0.0
494,59.6389,91.1457,2.1584,-0.214595,-0.108559,JOIN_RACELINE,-0.5670847823648845,-0.5670847823648845,-0.5670847823648845,-0.5670847823648845,-0.5670847823648845,0.45852578236488445,0.45852578236488445,0.104,1.0,99.30793734893165,-0.007385391704534467,0.024710882432563086,4.802144058783718,-1.0,15.601,0,82.0,216.0,6.42757,9.30692,10.8225,12.3409,13.5303,14.231,14.6394,15.019,15.3039,15.601,15.911,16.2349,16.7134,17.2992,18.5264,21.6401,30.3073,70.9454,10.1595,18.791656,1.0,0.0,0.0,,brake,-0.29724430077196523,0.0,0.12,3,9.47,0.0
495,60.1356,90.5925,2.3218,-0.20926,-0.0847961,JOIN_RACELINE,-0.5634973178317059,-0.5634973178317059,-0.5634973178317059,-0.5634973178317059,-0.5634973178317059,0.4787012178317059,0.4787012178317059,0.104,1.0,98.63193615649877,-0.008066995558993194,0.03280400776692765,6.044814496116526,-1.0,15.701,0,82.0,216.0,6.31124,9.18581,10.7213,12.2893,13.5268,14.2596,14.6882,15.0874,15.3875,15.701,16.0288,16.3718,16.8797,17.5035,18.8171,22.1927,31.9239,85.3369,10.2841,18.7474,1.0,0.0,0.0,,brake,-0.30545943511286744,0.0,0.12,3,9.49,0.0
496,60.6282,90.0353,2.48846,-0.203443,-0.061525,JOIN_RACELINE,-0.5599394659512069,-0.5599394659512069,-0.5599394659512069,-0.5599394659512069,-0.5599394659512069,0.4984144659512069,0.4984144659512069,0.104,1.0,92.0,-0.008742973128363786,0.04083032856360177,7.2772273357181945,-1.0,15.8523,0,82.0,216.0,6.19884,9.07204,10.6395,12.2644,13.5574,14.3275,14.7795,15.2016,15.5195,15.8523,16.201,16.5666,17.1093,17.7782,19.1952,22.8898,33.9926,110.015,10.3699,18.702824,1.0,0.0,0.0,,brake,-0.31328845489555235,0.0,0.12,3,9.51,0.0
497,61.1168,89.4739,2.66076,-0.197142,-0.0387856,JOIN_RACELINE,-0.5564105044635663,-0.5564105044635663,-0.5564105044635663,-0.5564105044635663,-0.5564105044635663,0.5176249044635663,0.5176249044635663,0.084,1.0,92.0,-0.009413461639111793,0.04879147420155332,8.49963276289921,-1.0,16.0635,0,82.0,216.0,6.09061,8.96632,10.5791,12.2694,13.6266,14.4405,14.9199,15.3689,15.7079,16.0635,16.4369,16.8293,17.4136,18.1366,19.6786,23.7677,36.6859,186.207,10.4214,18.657912,1.0,0.0,0.0,,turn,-0.32056909837744124,0.22,0.0,3,9.53,0.0
498,61.6017,89.0563,2.81898,-0.190593,-0.0165985,JOIN_RACELINE,-0.5529082665893197,-0.5529082665893197,-0.5529082665893197,-0.5529082665893197,-0.5529082665893197,0.5363097665893197,0.5363097665893197,0.084,1.0,92.0,-0.01007887277063392,0.05669233281768665,9.71278133359115,-1.0,16.3343,0,82.0,216.0,5.98584,8.87212,10.5378,12.302,13.7327,14.5968,15.108,15.5883,15.952,16.3343,16.7367,17.1607,17.7942,18.5815,20.2739,24.8501,40.2093,181.204,10.4482,18.624504,1.0,0.0,0.0,,turn,-0.3263052370124171,0.32,0.0,3,9.55,0.0
499,62.0849,89.0277,2.92583,-0.184285,0.00506744,JOIN_RACELINE,-0.5461214411499292,-0.5461214411499292,-0.5461214411499292,-0.5461214411499292,-0.5461214411499292,0.5511888811499293,0.5511888811499293,0.084,1.0,92.0,-0.012231097627948917,0.06125819208456874,10.936771819002177,-1.0,16.6519,0,82.0,216.0,5.8827,8.78679,10.5088,12.353,13.8647,14.7849,15.332,15.8476,16.2392,16.6519,17.0874,17.5478,18.238,19.1,20.9694,26.1374,44.7955,175.164,10.4639,18.622216,1.0,0.0,0.0,,turn,-0.32832689993013214,0.32,0.0,3,9.57,0.0
500,62.5676,89.0971,2.99967,-0.178456,0.0262459,JOIN_RACELINE,-0.5382774883653475,-0.5382774883653475,-0.5382774883653475,-0.5382774883653475,-0.5382774883653475,0.5645233883653475,0.5645233883653475,0.104,1.0,92.0,-0.01486175662305012,0.06475180878561296,12.164368086889247,-1.0,17.0111,0,82.0,216.0,5.78021,8.70779,10.4885,12.4179,14.0177,14.9996,15.5863,16.1414,16.5642,17.0111,17.4842,17.9858,18.7408,19.689,21.765,27.6509,50.87,167.137,10.4746,18.627768,1.0,0.0,0.0,,turn,-0.328712877333064,0.32,0.0,3,9.59,0.0
501,63.05,89.1857,2.99887,-0.173564,0.0469513,JOIN_RACELINE,-0.5304384106291093,-0.5304384106291093,-0.5304384106291093,-0.5304384106291093,-0.5304384106291093,0.5773897106291094,0.5773897106291094,0.084,1.0,92.0,-0.01749078065295858,0.06824325418976404,13.391201398736607,-1.0,17.3911,0,82.0,216.0,5.67675,8.62989,10.4686,12.485,14.1765,15.2238,15.8529,16.4503,16.907,17.3911,17.9052,18.452,19.2788,20.3232,22.6339,29.3707,58.9486,136.518,10.4897,18.634856,1.0,0.0,0.0,,turn,-0.32953493261881756,0.32,0.0,3,9.61,0.0
502,63.5322,89.2824,2.89864,-0.169959,0.0671967,JOIN_RACELINE,-0.5226025829251,-0.5226025829251,-0.5226025829251,-0.5226025829251,-0.5226025829251,0.5897992829251,0.5897992829251,0.084,1.0,92.0,-0.020118714706071926,0.07173325206265309,14.617526073224182,-1.0,17.7694,0,82.0,216.0,5.57112,8.54865,10.4418,12.5428,14.3262,15.4401,16.1129,16.7543,17.2463,17.7694,18.3268,18.9217,19.8251,20.9734,23.5424,31.2626,69.8122,98.3146,10.5152,18.642592,1.0,0.0,0.0,,turn,-0.33243582585757314,0.18,0.0,3,9.63,0.0
503,64.014,89.3113,2.68338,-0.167775,0.0869934,JOIN_RACELINE,-0.5147732552855487,-0.5147732552855487,-0.5147732552855487,-0.5147732552855487,-0.5147732552855487,0.6017666552855487,0.6017666552855487,0.084,1.0,92.0,-0.022744468805594897,0.07522035487301786,15.842833472992114,-1.0,18.1301,0,82.0,216.0,5.46293,8.46194,10.4042,12.5849,14.4574,15.6372,16.3535,17.0393,17.5671,18.1301,18.7318,19.3764,20.3598,21.6177,24.4642,33.299,84.8348,79.4119,10.5524,18.644904,1.0,0.0,0.0,,turn,-0.3387252056808422,0.18,0.0,3,9.65,0.0
504,64.495,89.2806,2.37041,-0.166879,0.106328,JOIN_RACELINE,-0.5069569277749131,-0.5069569277749131,-0.5069569277749131,-0.5069569277749131,-0.5069569277749131,0.6132849277749131,0.6132849277749131,0.084,1.0,92.0,-0.025365862997937343,0.07870166755833441,17.066106323320874,-1.0,18.4724,4,82.0,216.0,5.35289,8.37117,10.3572,12.6123,14.5707,15.8152,16.5749,17.3051,17.869,18.4724,19.1194,19.815,20.8812,22.2537,25.3969,35.4923,106.923,68.2267,10.5976,18.642448,1.0,0.0,0.0,,turn,-0.3492134640479,0.18,0.0,3,9.67,0.0
505,64.975,89.2456,2.02043,-0.166667,0.125237,JOIN_RACELINE,-0.4991568504254224,-0.4991568504254224,-0.4991568504254224,-0.4991568504254224,-0.4991568504254224,0.6243938504254224,0.6243938504254224,0.084,1.0,91.959536943335,-0.025588238513600724,0.082395390163723,17.86955965579477,-1.0,18.8324,4,82.0,216.0,5.24291,8.28356,10.3124,12.6423,14.6888,16.0008,16.8062,17.5834,18.1858,18.8324,19.5282,20.2791,21.4356,22.9347,26.4115,38.0101,144.748,60.5712,10.64,18.639648,1.0,0.0,0.0,,turn,-0.3634008630544868,0.18,0.0,3,9.69,0.0
506,65.454,89.2078,1.67954,-0.166486,0.14374,JOIN_RACELINE,-0.4913730232370764,-0.4913730232370764,-0.4913730232370764,-0.4913730232370764,-0.4913730232370764,0.6351130232370764,0.6351130232370764,0.084,1.0,92.0,-0.020680572598942983,0.08655213697305651,17.77708801727472,-1.0,19.2628,4,82.0,216.0,5.13562,8.20771,10.2839,12.6969,14.8424,16.2308,17.0882,17.9194,18.5661,19.2628,20.0154,20.8309,22.0939,23.7435,27.6249,41.1632,179.575,54.6814,10.6685,18.636624,1.0,0.0,0.0,,turn,-0.3777627085646746,0.18,0.0,3,9.71,0.0
507,65.9321,89.1666,1.381,-0.165892,0.161851,JOIN_RACELINE,-0.48360382119376044,-0.48360382119376044,-0.48360382119376044,-0.48360382119376044,-0.48360382119376044,0.6454548211937604,0.6454548211937604,0.104,1.0,68.0,-0.015782127768467144,0.0907010736109321,17.684790125048345,-1.0,19.8147,4,82.0,216.0,5.03684,8.15007,10.283,12.7945,15.058,16.5384,17.4588,18.3556,19.0566,19.8147,20.6374,21.533,22.929,24.7686,29.1722,45.405,175.924,49.8014,10.6767,18.633328,1.0,0.0,0.0,,brake,-0.39133065098880726,0.0,0.34,3,9.73,0.0
508,66.4079,88.5574,1.21471,-0.164649,0.179561,JOIN_RACELINE,-0.47587199452107776,-0.47587199452107776,-0.47587199452107776,-0.47587199452107776,-0.47587199452107776,0.6554329945210777,0.6554329945210777,0.104,1.0,68.0,-0.010907247930901132,0.0948300509217481,17.592936251128016,-1.0,20.5349,4,82.0,216.0,4.94854,8.11475,10.3171,12.9486,15.3569,16.9512,17.9502,18.9294,19.6987,20.5349,21.4469,22.4454,24.0138,26.103,31.2103,51.4375,171.562,45.6073,10.6625,18.584592,1.0,0.0,0.0,,brake,-0.4029214823422169,0.0,0.3693352941176471,3,9.75,0.0
509,66.8778,87.4169,1.22962,-0.162323,0.196872,JOIN_RACELINE,-0.46823604379914924,-0.46823604379914924,-0.46823604379914924,-0.46823604379914924,-0.46823604379914924,0.6651080437991492,0.6651080437991492,0.126,1.0,68.0,-0.006092817422972838,0.09890782821967252,17.50222138068841,-1.0,21.5037,4,82.0,216.0,4.87214,8.10826,10.3984,13.1815,15.7743,17.5156,18.6169,19.7042,20.5639,21.5037,22.5354,23.673,25.4767,27.9123,34.0294,60.7909,165.895,41.8631,10.622,18.493352,1.0,0.0,0.0,,brake,-0.41102922208232995,0.0,0.3357911764705882,3,9.77,0.0
510,67.3405,86.2011,1.34021,-0.158627,0.213773,JOIN_RACELINE,-0.46071709423746277,-0.46071709423746277,-0.46071709423746277,-0.46071709423746277,-0.46071709423746277,0.6744900942374628,0.6744900942374628,0.126,1.0,68.0,-0.0013521555885005997,0.1029231241459328,17.412896480598167,-1.0,22.8303,4,105.0,216.0,4.80872,8.13655,10.5393,13.5176,16.3521,18.2891,19.5284,20.7629,21.7467,22.8303,24.0295,25.3636,27.5051,30.4487,38.1167,77.0892,156.658,38.4547,10.5537,18.396088,1.0,0.0,0.0,,brake,-0.4154628088280666,0.0,0.30003235294117636,3,9.79,0.0
511,67.796,85.0399,1.50833,-0.153251,0.230191,JOIN_RACELINE,-0.4533151458360189,-0.4533151458360189,-0.4533151458360189,-0.4533151458360189,-0.4533151458360189,0.6835061458360189,0.6835061458360189,0.126,1.0,68.0,0.00331473757251528,0.10687593870052867,17.32496155085729,-1.0,24.6994,4,105.0,216.0,4.76002,8.20836,10.7578,13.9941,17.156,19.3642,20.7979,22.2424,23.4057,24.6994,26.1466,27.7762,30.4357,34.1824,44.469,112.216,116.199,35.3011,10.4557,18.303192,1.0,0.0,0.0,,brake,-0.41639559278921784,0.0,0.28666428571428576,3,9.81,0.0
512,68.2549,83.9527,1.74342,-0.138086,0.245812,JOIN_RACELINE,-0.44224080948938654,-0.44224080948938654,-0.44224080948938654,-0.44224080948938654,-0.44224080948938654,0.6880528094893865,0.6880528094893865,0.126,1.0,68.0,0.0041203426365249195,0.11102682407833356,17.235020043372543,-1.0,27.3956,4,105.0,216.0,4.72722,8.33141,11.0724,14.6541,18.2696,20.8661,22.5844,24.3423,25.7779,27.3956,29.2323,31.3356,34.8506,39.9835,55.2763,176.748,87.3728,32.3889,10.3294,18.216216,1.0,0.0,0.0,,brake,-0.4123804686967987,0.0,0.26077857142857125,2,9.83,0.0
513,68.713,82.9455,2.0368,-0.118339,0.259862,JOIN_RACELINE,-0.42976927255700864,-0.42976927255700864,-0.42976927255700864,-0.42976927255700864,-0.42976927255700864,0.6896312725570086,0.6896312725570086,0.126,1.0,68.0,0.0033987832062824484,0.11523648521390549,17.144706578169153,-1.0,31.345,4,105.0,216.0,4.71039,8.50886,11.4949,15.5361,19.7851,22.9479,25.0945,27.3365,29.2027,31.345,33.8293,36.7442,41.7909,49.5829,76.2919,171.033,69.2427,29.7614,10.1819,18.13564,1.0,0.0,0.0,,brake,-0.40329900442321287,0.0,0.23679761904761895,2,9.85,0.0
514,69.1669,82.0304,2.3519,-0.0976749,0.272274,JOIN_RACELINE,-0.4174120784648747,-0.4174120784648747,-0.4174120784648747,-0.4174120784648747,-0.4174120784648747,0.6896860784648747,0.6896860784648747,0.126,1.0,68.0,0.0026838392521521936,0.1194075508970231,17.05522113425774,-1.0,37.3118,4,128.0,216.0,4.70903,8.74203,12.0361,16.6848,21.8266,25.8355,28.6503,31.675,34.2618,37.3118,40.9613,45.4059,53.5472,67.3629,130.613,163.2,57.0362,27.4422,10.0214,18.062432,1.0,0.0,0.0,,brake,-0.39030701923936906,0.0,0.21500952380952382,2,9.87,0.0
515,69.6169,81.1658,2.5884,-0.0767546,0.283024,JOIN_RACELINE,-0.4051610598672536,-0.4051610598672536,-0.4051610598672536,-0.4051610598672536,-0.4051610598672536,0.6881850598672536,0.6881850598672536,0.104,1.0,68.0,0.001975038240126167,0.12354277794571865,16.9665045672603,-1.0,46.7516,4,216.0,216.0,4.72164,9.02739,12.6987,18.1404,24.5466,29.8498,33.7482,38.1092,41.9887,46.7516,52.7378,60.4874,76.1661,108.254,173.365,141.293,48.4907,25.4459,9.85721,17.993264,1.0,0.0,0.0,,brake,-0.37585411496112275,0.0,0.19442380952380964,2,9.89,0.0
516,70.0632,80.3066,2.73066,-0.0563837,0.292036,JOIN_RACELINE,-0.3930107718669909,-0.3930107718669909,-0.3930107718669909,-0.3930107718669909,-0.3930107718669909,0.6850467718669909,0.6850467718669909,0.104,1.0,68.0,0.0012720651475323684,0.12764400423868041,16.87851744759151,-1.0,62.8141,2.5,216.0,216.0,4.74614,9.35632,13.4746,19.9303,28.1246,35.4513,41.1855,47.9846,54.4049,62.8141,74.305,90.9497,132.528,174.45,166.901,98.2659,42.3733,23.771,9.69801,17.924528000000002,1.0,0.0,0.0,,brake,-0.3618094589771771,0.0,0.17396666666666674,2,9.91,0.0
517,70.5056,79.5027,2.82928,-0.0365407,0.299336,JOIN_RACELINE,-0.38096665936124063,-0.38096665936124063,-0.38096665936124063,-0.38096665936124063,-0.38096665936124063,0.6803026593612407,0.6803026593612407,0.104,1.0,68.0,0.0005752349970427756,0.13170939189722025,16.791299204836694,-1.0,95.8957,1,216.0,216.0,4.7829,9.73434,14.3869,22.1661,33.0024,43.7433,52.9499,64.915,77.4181,95.8957,125.971,175.546,172.571,168.613,158.001,75.96,37.7629,22.3401,9.54268,17.860216,1.0,0.0,0.0,,brake,-0.34829939524626397,0.0,0.1548261904761906,2,9.93,0.0
518,70.9444,78.7617,2.9225,-0.0170102,0.304976,JOIN_RACELINE,-0.36902055500427144,-0.36902055500427144,-0.36902055500427144,-0.36902055500427144,-0.36902055500427144,0.6739965550042715,0.6739965550042715,0.104,1.0,68.0,-0.00011592474535060057,0.13574169773937048,16.70479069461786,-1.0,174.655,0,216.0,216.0,4.83305,10.173,15.478,25.0487,40.0755,57.3393,74.4714,100.855,135.04,174.655,172.533,170.194,166.439,161.052,123.628,62.16,34.1181,21.0862,9.38863,17.800936,1.0,0.0,0.0,,brake,-0.3347097384168224,0.0,0.13718333333333343,2,9.95,0.0
519,71.3796,78.0777,3.02794,0.00251055,0.309003,JOIN_RACELINE,-0.35705941876129466,-0.35705941876129466,-0.35705941876129466,-0.35705941876129466,-0.35705941876129466,0.6660624187612947,0.6660624187612947,0.084,1.0,68.0,-0.00013338160670280943,0.13605653612617052,16.620209659931,-1.0,169.204,0,216.0,216.0,4.8984,10.6902,16.8162,28.9418,51.3739,84.0402,127.224,173.752,171.591,169.204,166.526,163.449,158.002,141.89,90.5751,52.6292,31.1124,19.9579,9.2329,17.746216,1.0,0.0,0.0,,brake,-0.32047314672696187,0.0,0.12089761904761888,2,9.97,0.0
520,71.8116,77.4451,3.14163,0.0221643,0.311461,JOIN_RACELINE,-0.3451795961885987,-0.3451795961885987,-0.3451795961885987,-0.3451795961885987,-0.3451795961885987,0.6566405961885987,0.6566405961885987,0.084,1.0,68.0,-0.00011149417447018247,0.1361527726959093,16.536322030556924,-1.0,162.211,0,216.0,216.0,4.98031,11.3048,18.491,34.4814,72.2787,174.818,171.505,168.152,165.399,162.211,158.325,152.926,126.56,99.7308,71.3931,45.5885,28.5673,18.9275,9.07454,17.695608,1.0,0.0,0.0,,brake,-0.303427182516369,0.0,0.1058357142857142,2,9.99,0.0
521,72.2403,76.8616,3.25318,0.0419303,0.312354,JOIN_RACELINE,-0.3333905222605552,-0.3333905222605552,-0.3333905222605552,-0.3333905222605552,-0.3333905222605552,0.6457445222605552,0.6457445222605552,0.084,1.0,68.0,-8.977393790044344e-05,0.1362482741251848,16.45307520946279,-1.0,150.56,0,216.0,216.0,5.07979,12.0366,20.6219,42.8939,123.326,169.552,165.383,160.876,156.744,150.56,129.589,110.563,91.722,76.7825,58.8441,40.1656,26.381,17.9816,8.91392,17.648927999999998,1.0,0.0,0.0,,brake,-0.28366247499306874,0.0,0.09194285714285703,2,10.01,0.0
522,72.6661,76.3262,3.35018,0.0616701,0.311713,JOIN_RACELINE,-0.32168119714144905,-0.32168119714144905,-0.32168119714144905,-0.32168119714144905,-0.32168119714144905,0.6333941971414491,0.6333941971414491,0.104,1.0,92.0,-6.820063085263692e-05,0.13634312952193198,16.370391522917696,-1.0,106.417,0,216.0,216.0,5.1971,12.9049,23.3742,56.9152,170.804,162.967,156.995,147.386,123.936,106.417,93.2427,82.9769,71.9032,62.3978,50.0254,35.8765,24.4905,17.1143,8.75243,17.606096,1.0,0.0,0.0,,turn,-0.262151916473817,0.18,0.0,2,10.03,0.0
523,73.0891,75.9345,3.41507,0.0809064,0.30955,JOIN_RACELINE,-0.31004887087235095,-0.31004887087235095,-0.31004887087235095,-0.31004887087235095,-0.31004887087235095,0.619598870872351,0.619598870872351,0.104,1.0,92.0,-4.6769186791523044e-05,0.13643736116313454,16.288251552488912,-1.0,81.0183,0,216.0,216.0,5.33046,13.9154,26.9329,83.6809,164.906,153.528,127.852,103.26,90.7933,81.0183,73.1485,66.6769,59.3352,52.7118,43.6082,32.465,22.8715,16.3319,8.59351,17.57476,1.0,0.0,0.0,,turn,-0.23961820811894619,0.18,0.0,2,10.05,0.0
524,73.5107,75.8718,3.36822,0.0987898,0.305813,JOIN_RACELINE,-0.29845504402825707,-0.29845504402825707,-0.29845504402825707,-0.29845504402825707,-0.29845504402825707,0.6042680440282571,0.6042680440282571,0.10351543994991413,0.9653885678510093,92.0,-2.540867422375583e-05,0.1365312809265648,16.206383440118287,-1.0,66.1982,0,216.0,216.0,5.47537,15.0436,31.4327,173.455,157.624,118.434,94.5363,80.3609,72.5925,66.1982,60.8434,56.2941,50.9656,45.9981,38.9086,29.7901,21.5217,15.6484,8.44203,17.569744,1.0,0.0,0.0,,turn,-0.21757856869720849,0.18,0.0,2,10.07,0.0
525,73.9318,75.884,3.20396,0.114889,0.300523,JOIN_RACELINE,-0.2868749669788076,-0.2868749669788076,-0.2868749669788076,-0.2868749669788076,-0.2868749669788076,0.5873979669788076,0.5873979669788076,0.10284695626524487,0.917639733231777,92.0,-4.0734943321839106e-06,0.13662508930507639,16.12461241991129,-1.0,56.7239,-4,216.0,216.0,5.62837,16.2646,37.0447,169.224,144.302,91.3349,76.3979,66.8433,61.3669,56.7239,52.7378,49.2786,45.1393,41.1926,35.407,27.6886,20.4053,15.0589,8.29939,17.57072,1.0,0.0,0.0,,accelerate,-0.19762342987192627,0.18,0.0,2,10.09,0.0
526,74.3525,75.9224,2.89805,0.128807,0.293679,JOIN_RACELINE,-0.2753057779530146,-0.2753057779530146,-0.2753057779530146,-0.2753057779530146,-0.2753057779530146,0.5689847779530146,0.5689847779530146,0.12417944042378243,0.8699600302701733,92.0,-7.860387711516341e-05,0.13652235478889435,16.597730507639234,-1.0,50.3569,-4,216.0,216.0,5.78552,17.5337,43.8461,164.903,109.709,76.0356,65.3545,58.2091,53.997,50.3569,47.18,44.3834,40.9872,37.6975,32.7818,26.0451,19.4929,14.5578,8.16637,17.573792,1.0,0.0,0.0,,accelerate,-0.18127336912562575,0.32,0.0,2,10.11,0.0
527,74.7728,76.0782,2.47959,0.140462,0.28532,JOIN_RACELINE,-0.26374756247741094,-0.26374756247741094,-0.26374756247741094,-0.26374756247741094,-0.26374756247741094,0.549067562477411,0.549067562477411,0.12349285164856252,0.8209179748973224,92.0,-0.00017568647938228965,0.13637334749466073,17.20135505174963,-1.0,45.9042,-4,216.0,216.0,5.9443,18.8085,51.8462,160.556,91.0415,66.4748,58.1253,52.3772,48.9257,45.9042,43.2373,40.8662,37.957,35.1071,30.7892,24.7533,18.7471,14.1326,8.04191,17.586256,1.0,0.0,0.0,,accelerate,-0.16871055590752956,0.32,0.0,2,10.13,0.0
528,75.1935,76.3305,1.98,0.150268,0.275523,JOIN_RACELINE,-0.25217834703466413,-0.25217834703466413,-0.25217834703466413,-0.25217834703466413,-0.25217834703466413,0.5277013470346641,0.5277013470346641,0.1227192205082665,0.7656586077333217,92.0,-0.0002728614752751755,0.13622419839001149,17.80555406604238,-1.0,42.6016,-4,128.0,216.0,6.10567,20.0851,61.2545,156.041,79.3547,59.9213,53.0118,48.1602,45.209,42.6016,40.2815,38.2039,35.6352,33.098,29.2137,23.7012,18.1182,13.7613,7.92255,17.60644,1.0,0.0,0.0,,accelerate,-0.15940740414452653,0.32,0.0,2,10.15,0.0
529,75.6147,76.5877,1.41541,0.159049,0.264293,JOIN_RACELINE,-0.24059538163298846,-0.24059538163298846,-0.24059538163298846,-0.24059538163298846,-0.24059538163298846,0.5048883816329884,0.5048883816329884,0.12194463868573563,0.710331334695402,92.0,-0.0003701519632002616,0.1360748720223427,18.41047116806308,-1.0,39.9133,-4,128.0,216.0,6.27532,21.4232,73.0321,150.681,70.9337,54.8928,48.9967,44.7939,42.2114,39.9133,37.8553,36.0017,33.6962,31.4035,27.8638,22.7776,17.5496,13.4154,7.80261,17.627016,1.0,0.0,0.0,,accelerate,-0.15285082828156682,0.32,0.0,2,10.17,0.0
530,76.0364,76.8498,0.925509,0.167088,0.251731,JOIN_RACELINE,-0.22899866627238386,-0.22899866627238386,-0.22899866627238386,-0.22899866627238386,-0.22899866627238386,0.48072966627238384,0.48072966627238384,0.12116910618096989,0.654936155783563,92.0,-0.0004675579431575481,0.13592536839165434,19.016106357811726,-1.0,37.632,-4,128.0,216.0,6.45439,22.8433,88.3672,139.391,64.4414,50.8248,45.6884,41.9827,39.687,37.632,35.782,34.1079,32.0149,29.922,26.6676,21.9414,17.0214,13.0856,7.68066,17.647984,1.0,0.0,0.0,,accelerate,-0.14649639264317085,0.32,0.0,2,10.19,0.0
531,76.4586,77.1154,0.530891,0.174373,0.237986,JOIN_RACELINE,-0.2173882009528503,-0.2173882009528503,-0.2173882009528503,-0.2173882009528503,-0.2173882009528503,0.4553742009528503,0.4553742009528503,0.12039263249699957,0.599473749785683,102.31246223098407,-0.0005650794151470349,0.13577568749794644,19.622459635288322,-1.0,35.6788,-4,128.0,216.0,6.64113,24.3311,108.674,118.636,59.3081,47.4807,42.9267,39.6089,37.5399,35.6788,33.9961,32.4672,30.5479,28.6196,25.6029,21.1825,16.5304,12.7714,7.55736,17.669232,1.0,0.0,0.0,,accelerate,-0.13868739037302896,0.32,0.0,2,10.21,0.0
532,76.8814,77.3834,0.23452,0.181039,0.223225,JOIN_RACELINE,-0.20576123568260235,-0.20576123568260235,-0.20576123568260235,-0.20576123568260235,-0.20576123568260235,0.42898623568260236,0.42898623568260236,0.11961504161616561,0.5439315440118289,102.12519940857565,-0.0006627394775751595,0.13562579388861506,20.229674618038437,-1.0,33.9686,-4,128.0,216.0,6.83498,25.8917,136.774,103.958,55.1017,44.6517,40.5602,37.5551,35.6706,33.9686,32.4241,31.0161,29.2422,27.4528,24.639,20.4835,16.0684,12.4694,7.43271,17.690672,1.0,0.0,0.0,,accelerate,-0.12849023328681866,0.52,0.0,2,10.23,0.0
533,77.3054,77.8252,0.0711214,0.1873,0.207607,JOIN_RACELINE,-0.19421112702480683,-0.19421112702480683,-0.19421112702480683,-0.19421112702480683,-0.19421112702480683,0.40181812702480685,0.40181812702480685,0.11884106005915437,0.4886471470824552,101.68446436668309,-0.002376675064892425,0.13283424202398547,21.085072285197974,-1.0,32.4266,-4,128.0,216.0,7.03634,27.5495,168.661,92.7779,51.5119,42.1731,38.4644,35.7215,33.9931,32.4266,31.0003,29.6964,28.0484,26.3801,23.7447,19.8257,15.6259,12.175,7.30636,17.726016,1.0,0.0,0.0,,accelerate,-0.11538796659362349,0.52,0.0,2,10.25,0.0
534,77.7317,78.3794,0.0122281,0.193296,0.191259,JOIN_RACELINE,-0.18267546443239682,-0.18267546443239682,-0.18267546443239682,-0.18267546443239682,-0.18267546443239682,0.37393446443239686,0.37393446443239686,0.117854918476001,0.4182084625715006,101.06381862986693,-0.0052340546410383,0.12817386627238372,22.118081156563175,-1.0,31.0071,-4,105.0,216.0,7.2454,29.3286,166.739,83.8167,48.3585,39.947,36.5649,34.048,32.4552,31.0071,29.6848,28.4727,26.9364,25.3763,22.9014,19.1976,15.1971,11.8856,7.17825,20.270352000000003,1.0,0.0,0.0,,accelerate,-0.0995878427365069,0.52,0.0,2,10.27,0.0
535,78.1608,78.965,-0.0244178,0.198715,0.174272,JOIN_RACELINE,-0.17106403394118627,-0.17106403394118627,-0.17106403394118627,-0.17106403394118627,-0.17106403394118627,0.3453360339411863,0.3453360339411863,0.09507562546755795,0.36254467625413905,100.43909640216856,-0.00811020189912926,0.12348288049942505,23.15787497946442,-1.0,29.7421,-4,105.0,216.0,7.45777,31.1579,164.858,76.7831,45.6756,38.0121,34.8987,32.5698,31.0906,29.7421,28.5077,27.3738,25.933,24.4658,22.13,18.6151,14.7925,11.6077,7.0503,20.3172,1.0,0.0,0.0,,accelerate,-0.08228583596574007,0.52,0.0,2,10.29,0.0
536,78.5924,79.56,-0.0779644,0.203113,0.156651,JOIN_RACELINE,-0.1593849535403319,-0.1593849535403319,-0.1593849535403319,-0.1593849535403319,-0.1593849535403319,0.31603595354033187,0.31603595354033187,0.09429175053030558,0.3065536093075419,99.81073445046822,-0.011003106016099879,0.11876456435025465,24.203726794808606,-1.0,28.6698,-4,105.0,216.0,7.66773,32.9057,163.147,71.5292,43.5141,36.4174,33.5117,31.3294,29.9395,28.6698,27.5054,26.4338,25.0697,23.6776,21.4552,18.0964,14.4239,11.3485,6.92433,20.364800000000002,1.0,0.0,0.0,,brake,-0.06467299134868157,0.0,0.12,2,10.31,0.0
537,79.025,79.3347,-0.120509,0.206548,0.138589,JOIN_RACELINE,-0.14767881317561998,-0.14767881317561998,-0.14767881317561998,-0.14767881317561998,-0.14767881317561998,0.28626781317562,0.28626781317562,0.09351163702400656,0.2508312160004686,99.18091660916707,-0.013902712876622363,0.11403531605059955,25.252001807129968,-1.0,27.7593,-4,105.0,216.0,7.87307,34.5286,161.627,67.5522,41.765,35.0994,32.3543,30.2865,28.9668,27.7593,26.6504,25.6286,24.3259,22.9944,20.8642,17.6343,14.0882,11.1069,6.80086,20.346776,1.0,0.0,0.0,,brake,-0.0477244727375883,0.0,0.12,2,10.33,0.0
538,79.4546,78.8372,-0.103099,0.209478,0.120334,JOIN_RACELINE,-0.13605385270248066,-0.13605385270248066,-0.13605385270248066,-0.13605385270248066,-0.13605385270248066,0.25638785270248066,0.25638785270248066,0.07273879178594249,0.19562798471017714,98.55546643666831,-0.01678221150648925,0.10933886420239852,26.2930072285198,-1.0,26.9377,-4,105.0,216.0,8.07615,36.1018,160.203,64.2439,40.2387,33.932,31.3223,29.3517,28.0919,26.9377,25.8765,24.8976,23.6482,22.3694,20.3199,17.2039,13.771,10.8755,6.67906,20.306976,1.0,0.0,0.0,,brake,-0.030489693816379455,0.0,0.12,2,10.35,0.0
539,79.8814,78.3457,-0.0427269,0.211819,0.102019,JOIN_RACELINE,-0.12450466012814186,-0.12450466012814186,-0.12450466012814186,-0.12450466012814186,-0.12450466012814186,0.22652366012814185,0.22652366012814185,0.07268130512419872,0.191521794585623,97.93409275505175,-0.01964294245441106,0.10467302237555443,27.32722769837359,-1.0,26.2087,-4,105.0,216.0,8.27416,37.5702,158.914,61.5473,38.9325,32.9169,30.4185,28.5284,27.3184,26.2087,25.1876,24.2448,23.0404,21.8063,19.8259,16.8084,13.4751,10.6562,6.55991,20.267656,1.0,0.0,0.0,,brake,-0.012519884602235527,0.0,0.12,2,10.37,0.0
540,80.3054,77.8576,0.0273481,0.2134,0.0837177,JOIN_RACELINE,-0.1157242677509445,-0.1157242677509445,-0.1157242677509445,-0.1157242677509445,-0.1157242677509445,0.19944196775094453,0.19944196775094453,0.07284234191104301,0.20302442221735767,97.87140479710861,-0.01967306536553304,0.10009646288812213,27.79504041399704,-1.0,25.5855,-4,105.0,216.0,8.46351,38.8461,157.831,59.4793,37.8674,32.0717,29.6588,27.8311,26.6601,25.5855,24.5959,23.6818,22.5133,21.3152,19.3907,16.4544,13.2047,10.4519,6.4444,20.228608,1.0,0.0,0.0,,brake,0.005902281697744118,0.0,0.12,2,10.39,0.0
541,80.7268,77.371,0.0975675,0.214057,0.065515,JOIN_RACELINE,-0.10982480620995565,-0.10982480620995565,-0.10982480620995565,-0.10982480620995565,-0.10982480620995565,0.17533980620995565,0.17533980620995565,0.07300226756851991,0.21444768346570695,98.39131838344012,-0.016751192548053233,0.0956095601774273,27.67250418925579,-1.0,25.0797,-4,105.0,216.0,8.64046,39.8382,157.026,58.0633,37.0629,31.4126,29.0579,27.2734,26.1296,25.0797,24.1127,23.2191,22.0767,20.9049,19.0221,16.1476,12.964,10.2653,6.33348,20.18968,1.0,0.0,0.0,,brake,0.024383910004570707,0.0,0.12,2,10.41,0.0
542,81.1455,76.8857,0.154942,0.213716,0.0474669,JOIN_RACELINE,-0.10396314378183014,-0.10396314378183014,-0.10396314378183014,-0.10396314378183014,-0.10396314378183014,0.15143004378183014,0.15143004378183014,0.09316101802158505,0.22578700154178996,98.90790077213734,-0.013848040795137184,0.0911514060128142,27.55075308033514,-1.0,24.6936,-4,105.0,216.0,8.80267,40.4906,156.536,57.292,36.521,30.9419,28.6181,26.8575,25.7292,24.6936,23.74,22.8589,21.7325,20.5775,18.7218,15.8896,12.7541,10.0971,6.22757,20.150856,1.0,0.0,0.0,,brake,0.04238283457858722,0.0,0.12,2,10.43,0.0
543,81.5617,76.402,0.202694,0.212373,0.0296531,JOIN_RACELINE,-0.09813648053228188,-0.09813648053228188,-0.09813648053228188,-0.09813648053228188,-0.09813648053228188,0.1277895805322819,0.1277895805322819,0.09331871389315531,0.2370509923682367,99.42139871858059,-0.010962223361261696,0.08671987087235089,27.42972893050764,-1.0,24.4248,-4,105.0,216.0,8.94862,40.7854,156.366,57.1538,36.2357,30.6554,28.3359,26.5803,25.456,24.4248,23.4757,22.5991,21.4791,20.3313,18.4886,15.6797,12.5747,9.94738,6.12696,20.11216,1.0,0.0,0.0,,brake,0.058810450254646096,0.0,0.12,2,10.45,0.0
544,81.9756,75.92,0.236929,0.209996,0.0121556,RACE,-0.09234201652702483,-0.09234201652702483,-0.09234201652702483,-0.09234201652702483,-0.09234201652702483,0.10449761652702483,0.10449761652702483,0.09347545802948161,0.24824700210582906,99.93205897815015,-0.008092353500903576,0.08231282523410549,27.309373583045836,-1.0,24.2774,-4,105.0,216.0,9.07658,40.7134,156.514,57.6989,36.2198,30.5609,28.2174,26.447,25.3149,24.2774,23.3234,22.4431,21.3194,20.169,18.3247,15.5194,12.4269,9.81694,6.03211,20.0736,1.0,0.0,0.0,,brake,0.07348580347879999,0.0,0.12,2,10.47,0.0
545,82.3871,75.4399,0.25943,0.206741,-0.00498037,RACE,-0.08658115173320188,-0.08658115173320188,-0.08658115173320188,-0.08658115173320188,-0.08658115173320188,0.08160078173320189,0.08160078173320189,0.11563121918026197,0.25937279859013984,100.43975817315591,-0.005239124586824372,0.07793133385904386,27.189716116313456,-1.0,24.2367,-4,105.0,216.0,9.18796,40.3452,156.91,58.9,36.4476,30.6376,28.2442,26.4409,25.2899,24.2367,23.2694,22.378,21.2416,20.0798,18.221,15.4021,12.3064,9.70329,5.94256,20.035192,1.0,0.0,0.0,,brake,0.08670128192387996,0.0,0.12,2,10.49,0.0
546,82.7964,74.9614,0.282458,0.202737,-0.0216641,RACE,-0.08085108621652701,-0.08085108621652701,-0.08085108621652701,-0.08085108621652701,-0.08085108621652701,0.05918698621652701,0.05918698621652701,0.11578606925092821,0.2704335179234439,100.94474305897815,-0.002401149873500895,0.07357326722523409,27.070698373583046,-1.0,24.2943,-4,105.0,216.0,9.28367,39.7475,157.491,60.7838,36.9092,30.8753,28.4064,26.5527,25.3724,24.2943,23.3058,22.3962,21.2385,20.0573,18.172,15.3237,12.2107,9.60506,5.85829,19.996912000000002,1.0,0.0,0.0,,brake,0.10092837108531724,0.0,0.12,2,10.51,0.0
547,83.2032,74.4842,0.308927,0.198043,-0.0379148,RACE,-0.07515597216928449,-0.07515597216928449,-0.07515597216928449,-0.07515597216928449,-0.07515597216928449,0.03724117216928449,0.03724117216928449,0.11593984432491301,0.2814174517795004,101.44370385095615,0.0,0.069886,26.93055990011172,-1.0,24.4493,-4,105.0,216.0,9.36474,38.9688,158.216,63.4643,37.6171,31.2778,28.7056,26.7826,25.5619,24.4493,23.4313,22.4962,21.3086,20.0995,18.1755,15.2823,12.1384,9.52114,5.77892,19.958736000000002,1.0,0.0,0.0,,accelerate,0.11296640708212707,0.22,0.0,2,10.53,0.0
548,83.6092,74.4976,0.353652,0.192899,-0.0536385,RACE,-0.06947178540448186,-0.06947178540448186,-0.06947178540448186,-0.06947178540448186,-0.06947178540448186,0.01583328540448186,0.01583328540448186,0.11613386722926057,0.2952762306614696,101.9248900243149,0.0,0.069886,26.66588749424985,-1.0,24.6828,-4,105.0,216.0,9.43383,38.1009,159.003,66.9594,38.5405,31.8186,29.118,27.1091,25.8381,24.6828,23.6281,22.6615,21.4365,20.1927,18.2203,15.2696,12.0842,9.44868,5.70408,19.959808000000002,1.0,0.0,0.0,,accelerate,0.12351405530601237,0.44,0.0,2,10.55,0.0
549,84.0168,74.8304,0.404433,0.187427,-0.0689242,RACE,-0.06376519790366036,-0.06376519790366036,-0.06376519790366036,-0.06376519790366036,-0.06376519790366036,-0.0051590020963396405,-0.0051590020963396405,0.0943551007879445,0.3110786277103217,102.40797249786424,0.0,0.069886,26.400172044423996,-1.0,24.9843,-4,105.0,216.0,9.49368,37.1965,159.807,71.3926,39.6731,32.4871,29.6326,27.5211,26.1904,24.9843,23.8862,22.8821,21.613,20.3283,18.2985,15.2797,12.044,9.38496,5.63278,19.986432,1.0,0.0,0.0,,accelerate,0.13310604438234422,0.66,0.0,2,10.57,0.0
550,84.4275,75.4217,0.409841,0.181264,-0.0838046,RACE,-0.058015208976802346,-0.058015208976802346,-0.058015208976802346,-0.058015208976802346,-0.058015208976802346,-0.02578939102319766,-0.02578939102319766,0.09459367945360753,0.3281199609719667,102.89472905303279,0.0,0.069886,26.132435696917923,-1.0,25.4113,-4,105.0,216.0,9.5397,36.1793,160.705,77.5688,41.1882,33.3898,30.3348,28.0905,26.6828,25.4113,24.2572,23.2051,21.8794,20.5419,18.4384,15.3311,12.0286,9.33586,5.56623,20.033736,1.0,0.0,0.0,,accelerate,0.13976597792297762,0.78,0.0,2,10.59,0.0
551,84.8426,76.2115,0.334044,0.174286,-0.098332,RACE,-0.05220361802589203,-0.05220361802589203,-0.05220361802589203,-0.05220361802589203,-0.05220361802589203,-0.04612838197410797,-0.04612838197410797,0.09467036446023566,0.33359746144540514,103.38670043372544,0.0,0.069886,25.861830978510874,-1.0,25.999,-4,105.0,216.0,9.57104,35.0505,161.702,86.5507,43.232,34.6047,31.2837,28.8644,27.3558,25.999,24.7721,23.6576,22.2584,20.8528,18.654,15.4324,12.0422,9.30335,5.50462,20.09692,1.0,0.0,0.0,,accelerate,0.14620101542957673,0.9,0.0,2,10.61,0.0
552,85.2628,77.1311,0.182627,0.166536,-0.112539,RACE,-0.04632062472892161,-0.04632062472892161,-0.04632062472892161,-0.04632062472892161,-0.04632062472892161,-0.06621837527107839,-0.06621837527107839,0.11675420165451857,0.3395858324656118,103.88471627127555,0.0,0.069886,25.58790155746862,-1.0,26.7684,-4,105.0,216.0,9.58905,33.8511,129.694,100.056,45.9483,36.1954,32.5225,29.8747,28.2353,26.7684,25.4482,24.2539,22.7613,21.2693,18.9503,15.5851,12.0848,9.28696,5.44763,20.170488,1.0,0.0,0.0,,accelerate,0.15088141588717524,0.9,0.0,2,10.63,0.0
553,85.6886,78.123,-0.0330358,0.158045,-0.126452,RACE,-0.040359228855884915,-0.040359228855884915,-0.040359228855884915,-0.040359228855884915,-0.040359228855884915,-0.0860927711441151,-0.0860927711441151,0.11684226900497133,0.3458763574979515,104.38936915949267,0.0,0.069886,25.31032148255241,-1.0,27.7515,-4,105.0,216.0,9.59492,32.6134,109.636,121.786,49.5674,38.2591,34.1171,31.1695,29.3602,27.7515,26.3118,25.0159,23.4051,21.8045,19.3356,15.7928,12.1573,9.28667,5.39504,20.24984,1.0,0.0,0.0,,accelerate,0.15329152232410198,0.9,0.0,2,10.65,0.0
554,86.1204,79.1374,-0.28944,0.148965,-0.140044,RACE,-0.03431383022277706,-0.03431383022277706,-0.03431383022277706,-0.03431383022277706,-0.03431383022277706,-0.10573016977722294,-0.10573016977722294,0.11693202081661229,0.3522872011865916,104.90113317342447,0.0,0.069886,25.02882999277124,-1.0,28.9713,-4,105.0,216.0,9.59099,31.3831,94.3162,139.028,54.3797,40.8968,36.129,32.7894,30.7612,28.9713,27.3803,25.9568,24.1986,22.4637,19.8112,16.0542,12.2577,9.30101,5.34652,20.330992000000002,1.0,0.0,0.0,,accelerate,0.15349588133646824,0.9,0.0,2,10.67,0.0
555,86.5581,80.1479,-0.572569,0.139415,-0.15331,JOIN_RACELINE,-0.028186000000000017,-0.028186000000000017,-0.028186000000000017,-0.07171689571357083,-0.07171689571357083,-0.12512399999999999,-0.08159310428642917,0.11702208054978339,0.358720039270242,104.73026663380976,-0.0022921360275997955,0.06639762148841795,24.826737309019222,-1.0,30.4645,-4,105.0,216.0,9.57924,30.1887,82.4175,143.829,60.8732,44.2667,38.6532,34.7976,32.4859,30.4645,28.6819,27.0983,25.1571,23.2572,20.3821,16.3697,12.385,9.32885,5.3017,20.411832,1.0,0.0,0.0,,accelerate,0.13827554366568579,0.9,0.0,2,10.69,0.0
556,87.002,81.1955,-0.881189,0.129676,-0.166193,JOIN_RACELINE,-0.021971400000000044,-0.021971400000000044,-0.021971400000000044,-0.07608758459871424,-0.07608758459871424,-0.14422159999999995,-0.09010541540128576,0.11711397772444314,0.36528412317451003,104.43345818958436,-0.0050272951207491175,0.062235010678495184,24.63669239362576,-1.0,32.2399,-4,128.0,216.0,9.56317,29.0724,73.1809,147.249,69.6845,48.5128,41.7576,37.2277,34.5534,32.2399,30.2189,28.4383,26.2743,24.1763,21.0378,16.73,12.5327,9.36646,5.25989,20.49564,1.0,0.0,0.0,,accelerate,0.12344158595389021,0.9,0.0,2,10.71,0.0
557,87.4523,82.2941,-1.14909,0.120132,-0.17867,JOIN_RACELINE,-0.015667200000000082,-0.015667200000000082,-0.015667200000000082,-0.08105575472716148,-0.08105575472716148,-0.16300279999999992,-0.09761424527283852,0.1171632068921528,0.3688004922966284,104.13237046163957,-0.0078018888122227325,0.05801238475439467,24.44390747494661,-1.0,34.2668,-4,128.0,216.0,9.54747,28.0759,66.0774,149.907,81.6467,53.7348,45.4586,40.0654,36.9385,34.2668,31.9577,29.9424,27.5165,25.1888,21.7507,17.1152,12.689,9.40735,5.21974,20.583528,1.0,0.0,0.0,,accelerate,0.10895741367176212,0.9,0.0,2,10.73,0.0
558,87.9089,83.3566,-1.38354,0.110875,-0.190735,JOIN_RACELINE,-0.009274799999999979,-0.009274799999999979,-0.009274799999999979,-0.08584892591844913,-0.08584892591844913,-0.18146020000000002,-0.10488607408155086,0.0951689459589647,0.36921042564033635,151.0463165948773,-0.01061530093642189,0.05373068145227533,24.2484253655331,-1.0,36.5695,-4,128.0,216.0,9.53312,27.192,60.5015,152.062,98.5708,60.2215,49.8839,43.3757,39.6814,36.5695,33.9126,31.6178,28.8852,26.293,22.5163,17.5208,12.851,9.44987,5.18092,20.668528000000002,1.0,0.0,0.0,,accelerate,0.09578801607828863,0.9,0.0,2,10.75,0.0
559,88.3715,84.3658,-1.6127,0.101838,-0.202344,JOIN_RACELINE,-0.002798400000000069,-0.002798400000000069,-0.002798400000000069,-0.06326650310221779,-0.06326650310221779,-0.19954559999999993,-0.1390774968977822,0.09378085139813312,0.2700608141523661,129.83951348678107,-0.013465682996549993,0.04939271398061447,24.050374503039265,-1.0,39.2309,-4,128.0,216.0,9.51888,26.3952,55.978,153.873,124.56,68.5606,55.3125,47.3194,42.8956,39.2309,36.1456,33.5126,30.4148,27.5133,23.3493,17.9537,13.0219,9.4958,5.14398,18.249264,1.0,0.0,0.0,,accelerate,0.08734166408925173,0.9,0.0,2,10.77,0.0
560,88.8401,85.34,-1.85418,0.0928414,-0.213472,JOIN_RACELINE,0.003762000000000043,0.003762000000000043,0.003762000000000043,-0.06776265755544614,-0.06776265755544614,-0.21723400000000004,-0.14570934244455386,0.07387169141478861,0.27654938677061397,129.78760490583508,-0.01635303499260721,0.04499848233941184,23.84975488746509,-1.0,42.4196,-4,128.0,216.0,9.50242,25.6538,52.1546,155.461,137.404,79.9507,62.2955,52.2147,46.8084,42.4196,38.7859,35.7281,32.1805,28.9055,24.2848,18.4318,13.2101,9.54934,5.10987,18.3272,1.0,0.0,0.0,,accelerate,0.07651656882045127,0.9,0.0,3,10.79,0.0
561,89.314,86.1643,-1.96015,0.0841579,-0.2241,JOIN_RACELINE,0.009430027961228818,0.009430027961228818,0.009430027961228818,-0.07238043846812754,-0.07238043846812754,-0.23353002796122882,-0.15171956153187244,0.07393653634004135,0.28118116714581076,109.75055066283352,-0.018409762240841183,0.040283616559881864,23.48954693609334,-1.0,46.1523,-4,216.0,216.0,9.48671,24.9881,48.982,156.809,141.4,95.758,71.2353,58.2025,51.4797,46.1523,41.827,38.2456,34.1557,30.4409,25.2961,18.9364,13.4054,9.60522,5.07759,18.393144,1.0,0.0,0.0,,accelerate,0.06672085961399121,1.0,0.0,3,10.81,0.0
562,89.7907,86.2181,-1.58783,0.0779982,-0.233829,JOIN_RACELINE,0.010644528306226376,0.010644528306226376,0.010644528306226376,-0.07662471001998516,-0.07662471001998516,-0.24447352830622637,-0.15720428998001484,0.0739389555280033,0.28135396628594905,129.7491682697124,-0.01647111958928866,0.034283164120256324,22.396903860686717,-1.0,49.1644,-4,216.0,216.0,9.49304,24.5876,47.07,157.519,143.374,111.497,79.2992,63.3116,55.3462,49.1644,44.2279,40.195,35.6488,31.5734,26.0118,19.2663,13.5129,9.61916,5.04024,18.397448,1.0,0.0,0.0,,accelerate,0.06693663107415904,1.0,0.0,3,10.83,0.0
563,90.2676,86.1537,-1.17276,0.073364,-0.242583,JOIN_RACELINE,0.011859538196155739,0.011859538196155739,0.011859538196155739,-0.08076256251399253,-0.08076256251399253,-0.25444253819615575,-0.16182043748600747,0.09393607897211,0.2811484980078567,129.75081201593716,-0.014531663578117304,0.02828019418432727,21.30380236569739,-1.0,51.6669,-4,216.0,216.0,9.50895,24.3274,45.799,127.341,144.509,127.398,86.7018,67.7699,58.6306,51.6669,46.1849,41.7575,36.8206,32.443,26.5409,19.4916,13.5714,9.61196,5.00253,18.392296,1.0,0.0,0.0,,accelerate,0.07354102674951546,1.0,0.0,3,10.85,0.0
564,90.7457,86.6261,-0.903175,0.0688578,-0.250532,JOIN_RACELINE,0.013077605355676024,0.013077605355676024,0.013077605355676024,-0.08540226566998736,-0.08540226566998736,-0.263609605355676,-0.1651297343300126,0.09395725283827179,0.2826609170194138,129.7387126638447,-0.012587327409232803,0.022262119270576673,20.20795035321177,-1.0,54.4644,-4,216.0,216.0,9.52018,24.0726,44.6239,117.333,145.473,133.13,95.6511,72.9311,62.357,54.4644,48.3486,43.4706,38.0947,33.3827,27.11,19.7362,13.6406,9.61222,4.9694,18.430087999999998,1.0,0.0,0.0,,accelerate,0.08081424916548191,0.9,0.0,3,10.87,0.0
565,91.2278,87.371,-0.802593,0.0635751,-0.257898,JOIN_RACELINE,0.014305863413832762,0.014305863413832762,0.014305863413832762,-0.09032656708026404,-0.09032656708026404,-0.2722038634138328,-0.16757143291973597,0.09399063567146564,0.2850454051046885,151.71963675916248,-0.010626724047971083,0.016193694430754055,19.102929949071793,-1.0,58.4035,-4,216.0,216.0,9.51865,23.7483,43.272,107.394,146.571,136.139,109.461,80.4788,67.6841,58.4035,51.3645,45.8429,39.8505,34.6767,27.9,20.0914,13.7612,9.63815,4.94338,18.48968,1.0,0.0,0.0,,accelerate,0.08521262619615655,0.9,0.0,3,10.89,0.0
566,91.7144,88.1455,-0.757902,0.0578301,-0.264705,JOIN_RACELINE,0.015545586232955473,0.015545586232955473,0.015545586232955473,-0.11610966907138068,-0.11610966907138068,-0.2802505862329555,-0.14859533092861935,0.09376910935738617,0.269222096956155,173.84622322435075,-0.008647820095285044,0.010068625924100578,17.98759510432069,-1.0,63.6092,-4,216.0,216.0,9.50827,23.388,41.8695,98.3463,147.68,138.512,128.535,91.0789,74.9021,63.6092,55.279,48.8813,42.0702,36.2968,28.8811,20.5352,13.9208,9.68327,4.92301,21.05164,1.0,0.0,0.0,,accelerate,0.0846769672793639,0.9,0.0,3,10.91,0.0
567,92.2056,88.9336,-0.729797,0.0520126,-0.270955,JOIN_RACELINE,0.016797028585510118,0.016797028585510118,0.016797028585510118,-0.11913369397277312,-0.11913369397277312,-0.28775202858551013,-0.15182130602722688,0.11537596982785564,0.24114070198968826,174.0708743840825,-0.006650208871365186,0.003885655002464211,16.86171660916707,-1.0,70.1151,-1.7,216.0,216.0,9.4934,23.0269,40.5337,90.6493,148.693,140.424,133.454,105.498,84.2389,70.1151,60.0512,52.5173,44.6761,38.1699,29.9958,21.0334,14.1023,9.73918,4.90667,21.114688,1.0,0.0,0.0,,accelerate,0.08288315033369645,0.9,0.0,3,10.93,0.0
568,92.7012,89.7248,-0.691703,0.0464117,-0.276657,JOIN_RACELINE,0.016398199999999998,0.016398199999999998,0.016398199999999998,-0.12223208061284711,-0.12223208061284711,-0.29305519999999996,-0.15442491938715286,0.1149899251839479,0.21356608456770715,196.29147132345835,-0.005478891335633314,0.0016711719073435147,15.728284770823063,-1.0,77.9548,-1,216.0,216.0,9.47723,22.688,39.3286,84.3358,149.551,141.947,136.134,124.911,95.9948,77.9548,65.6267,56.6691,47.5828,40.22,31.1884,21.5553,14.2914,9.79914,4.89306,21.177984000000002,1.0,0.0,0.0,,accelerate,0.08075236271968174,0.9,0.0,3,10.95,0.0
569,93.2015,90.5117,-0.631654,0.0410429,-0.281794,JOIN_RACELINE,0.015731133333333338,0.015731133333333338,0.015731133333333338,-0.12548026817177593,-0.12548026817177593,-0.2975251333333333,-0.15631373182822406,0.11462752308147617,0.18768022010544075,196.49855823915647,-0.004430833931329066,7.616257598160644e-05,14.584507080663714,-1.0,87.5191,-1,216.0,216.0,9.45976,22.37,38.2393,79.0829,150.274,143.187,138.067,131.395,111.141,87.5191,72.183,61.4241,50.8252,42.4597,32.4601,22.0997,14.4875,9.86303,4.88227,21.240936,1.0,0.0,0.0,,accelerate,0.07907071067583551,0.9,0.0,3,10.97,0.0
570,93.7062,91.2956,-0.574762,0.0359017,-0.286373,JOIN_RACELINE,0.015058200000000002,0.015058200000000002,0.015058200000000002,-0.12875269512876616,-0.12875269512876616,-0.3014312,-0.15762030487123382,0.11426249727818152,0.16160694844153756,208.7071444124677,-0.003373559152291772,-0.0015328744208969887,13.430670182355843,-1.0,99.4075,-0.5,216.0,216.0,9.44099,22.0708,37.2499,74.6464,150.879,144.212,139.57,134.105,127.371,99.4075,79.9788,66.9072,54.4543,44.9098,33.8154,22.6667,14.6905,9.93089,4.87429,21.303648,1.0,0.0,0.0,,accelerate,0.07750845013299924,0.9,0.0,3,10.99,0.0
571,94.2155,92.0774,-0.52522,0.0309424,-0.290403,JOIN_RACELINE,0.014379133333333322,0.014379133333333322,0.014379133333333322,-0.13205091535324462,-0.13205091535324462,-0.30478213333333337,-0.1583520846467554,0.11389466964560539,0.13533354611467052,208.91733163108265,-0.002306648026942644,-0.0031565767044521424,12.266316839165412,-1.0,114.682,0,216.0,216.0,9.42048,21.7855,36.339,70.8202,151.39,145.075,140.794,136.021,131.259,114.682,89.463,73.3405,58.5709,47.6198,35.2734,23.2627,14.9029,10.0038,4.8693,21.366191999999998,1.0,0.0,0.0,,accelerate,0.07581172042322863,0.9,0.0,3,11.01,0.0
572,94.7291,92.8602,-0.493806,0.0261029,-0.293924,JOIN_RACELINE,0.013694333333333324,0.013694333333333324,0.013694333333333324,-0.09818971037555442,-0.09818971037555442,-0.3076183333333333,-0.1957342896244456,0.1135240545997939,0.10886104284242133,209.12911165726064,-0.001230729012649894,-0.004793987842944002,11.09213290619351,-1.0,127.504,0,216.0,216.0,9.39791,21.5095,35.4867,67.4464,151.828,145.818,141.824,137.526,133.579,127.504,101.382,81.0791,63.3314,50.6659,36.8635,23.897,15.1278,10.0829,4.86733,21.428816,1.0,0.0,0.0,,accelerate,0.08302209210899954,0.9,0.0,3,11.03,0.0
573,95.2471,93.6446,-0.463349,0.0211754,-0.296937,JOIN_RACELINE,0.013003666666666655,0.013003666666666655,0.013003666666666655,-0.1033003661389847,-0.1033003661389847,-0.30994066666666664,-0.19363663386101532,0.11316439316642361,0.08317094045882902,209.33463247632938,-0.00014559262362409762,-0.006445426646952551,9.907889765073087,-1.0,130.859,0,216.0,216.0,9.37126,21.2282,34.6489,64.3156,152.241,146.509,142.762,138.831,135.391,130.859,117.578,91.0252,69.1663,54.2794,38.688,24.6071,15.3792,10.1741,4.86939,21.491568,1.0,0.0,0.0,,accelerate,0.0850208357048618,0.9,0.0,3,11.05,0.0
574,95.7697,94.4569,-0.45589,0.0160307,-0.299417,JOIN_RACELINE,0.01230686666666666,0.01230686666666666,0.01230686666666666,-0.1084711439513717,-0.1084711439513717,-0.3117238666666666,-0.1909458560486283,0.11332223703932971,0.09444550280926525,209.24443597752588,0.0,-0.006667,8.712385805815662,-0.8511253491046477,133.184,0,216.0,216.0,9.33918,20.9334,33.8029,61.3262,120.861,147.184,143.658,140.03,136.957,133.184,127.725,104.634,76.6746,58.7455,40.8558,25.4269,15.6684,10.282,4.87633,21.556552,1.0,0.0,0.0,,accelerate,0.08349958878026216,0.9,0.0,3,11.07,0.0
575,96.2969,95.2882,-0.444797,0.0108931,-0.301362,JOIN_RACELINE,0.011603933333333337,0.011603933333333337,0.011603933333333337,-0.11369577816592721,-0.11369577816592721,-0.31296593333333333,-0.1876662218340728,0.11360998164086204,0.11499868863300251,209.080010490936,0.0,-0.006667,7.506243666830958,-0.6779037292590777,134.977,0,216.0,216.0,9.30391,20.6402,32.9885,58.5933,110.498,147.792,144.457,141.078,138.279,134.977,130.746,122.776,86.1398,64.0961,43.3298,26.3292,15.9832,10.4011,4.88717,21.623056,1.0,0.0,0.0,,accelerate,0.07997655646810456,0.9,0.0,3,11.09,0.0
576,96.8288,96.102,-0.436259,0.00589013,-0.302766,JOIN_RACELINE,0.01089473333333333,0.01089473333333333,0.01089473333333333,-0.11894945259733854,-0.11894945259733854,-0.31366073333333333,-0.18381654740266146,0.11389917546831549,0.13565539059396303,208.9147568752483,0.0,-0.006667,6.289348743223257,-0.503137834729751,136.404,0,216.0,216.0,9.26669,20.3561,32.2233,56.1435,101.971,148.312,145.143,141.967,139.38,136.404,132.801,127.836,98.0549,70.4232,46.0944,27.2968,16.3157,10.528,4.9014,21.68816,1.0,0.0,0.0,,accelerate,0.07526252825403608,0.9,0.0,3,11.11,0.0
577,97.3651,96.909,-0.44608,0.00101471,-0.303652,JOIN_RACELINE,0.010179666666666668,0.010179666666666668,0.010179666666666668,-0.05015713014428875,-0.05015713014428875,-0.3138316666666666,-0.25349486985571124,0.11419015533856057,0.15643966704004025,190.74848266367968,0.0,-0.006667,5.062387382947268,-0.32692623624117023,137.579,0,216.0,216.0,9.22758,20.0804,31.5015,53.9314,94.8191,148.755,145.73,142.728,140.311,137.579,134.38,130.357,113.484,78.008,49.1988,28.3353,16.6667,10.6629,4.91893,21.75272,1.0,0.0,0.0,,accelerate,0.08749817272766616,0.9,0.0,3,11.13,0.0
578,97.906,97.7151,-0.441968,-0.00407678,-0.304002,JOIN_RACELINE,0.009458466666666662,0.009458466666666662,0.009458466666666662,-0.053394345581203075,-0.053394345581203075,-0.31346046666666666,-0.2506076544187969,0.11448327937509745,0.17737709822124645,190.58098321423003,0.0,-0.006667,3.8249020206998416,-0.1492032199769987,138.668,0,216.0,216.0,9.18333,19.7924,30.7696,51.7812,88.3198,149.195,146.307,143.462,141.195,138.668,135.777,132.319,125.067,87.9982,52.9767,29.536,17.0653,10.8171,4.94163,21.817208,1.0,0.0,0.0,,accelerate,0.09135471480237853,0.9,0.0,3,11.15,0.0
579,98.4514,98.5243,-0.475768,-0.00963211,-0.303792,JOIN_RACELINE,0.008731262666754282,0.008731262666754282,0.008731262666754282,-0.0566862016986737,-0.0566862016986737,-0.3125232626667543,-0.2471057983013263,0.11477866871108285,0.19847633650591714,190.41218930795267,0.0,-0.006667,2.5762745942038414,0.0,139.757,0,216.0,216.0,9.13167,19.4793,29.9966,49.6026,82.1423,149.676,146.923,144.23,142.103,139.757,137.122,134.073,128.487,102.4,57.8777,30.9967,17.5384,11.0004,4.97105,21.881944,1.0,0.0,0.0,,accelerate,0.08980817893826154,0.9,0.0,3,11.17,0.0
580,99.0011,99.3383,-0.546734,-0.0155374,-0.30302,JOIN_RACELINE,0.007998305250706456,0.007998305250706456,0.007998305250706456,-0.06003347442499515,-0.06003347442499515,-0.31101830525070645,-0.24298652557500486,0.11507631488223688,0.21973677730263444,190.2421057815789,0.0,-0.006667,1.3135576657685644,0.0,140.813,0,216.0,216.0,9.07386,19.1497,29.2047,47.46,76.4261,110.171,147.547,144.998,142.998,140.813,138.392,135.653,130.954,121.508,64.2389,32.7425,18.0856,11.2113,5.00679,21.947064,1.0,0.0,0.0,,accelerate,0.08451596667828162,0.9,0.0,3,11.19,0.0
581,99.5555,100.157,-0.639119,-0.0215655,-0.301661,JOIN_RACELINE,0.0072590809620818875,0.0072590809620818875,0.0072590809620818875,-0.06343882534744905,-0.06343882534744905,-0.3089200809620819,-0.23822217465255097,0.11537640472750176,0.2411717662501252,190.070625869999,0.0,-0.006667,0.04004435828350861,0.0,141.781,0,216.0,216.0,9.0119,18.8166,28.426,45.4351,71.3227,99.8934,148.133,145.714,143.827,141.781,139.537,137.04,132.916,126.33,72.3983,34.7647,18.6951,11.4443,5.04803,22.01256,1.0,0.0,0.0,,accelerate,0.07669105289446598,0.9,0.0,3,11.21,0.0
582,100.114,100.981,-0.734284,-0.0274632,-0.299719,JOIN_RACELINE,0.006514389827166975,0.006514389827166975,0.006514389827166975,-0.06690022045262323,-0.06690022045262323,-0.30623338982716697,-0.2328187795473768,0.11567868004687451,0.26276286049103587,189.8978971160717,0.0,-0.006667,-1.2428870670960257,0.0,142.615,0,216.0,216.0,8.94806,18.493,27.6898,43.5918,66.9109,91.4824,113.805,146.331,144.543,142.615,140.517,138.208,134.489,129.024,82.7026,37.0252,19.3476,11.6916,5.09353,22.07848,1.0,0.0,0.0,,accelerate,0.06736586247259586,0.9,0.0,3,11.23,0.0
583,100.678,101.807,-0.816812,-0.0330024,-0.297217,JOIN_RACELINE,0.005762365117960175,0.005762365117960175,0.005762365117960175,-0.070423468784435,-0.070423468784435,-0.3029793651179602,-0.226793531215565,0.1159836605869904,0.28454718478502894,189.72362252171976,0.0,-0.006667,-2.5384525530656528,0.0,143.284,0,216.0,216.0,8.88439,18.1892,27.017,41.9666,63.1959,84.7182,103.559,146.819,145.115,143.284,141.304,139.144,135.72,130.911,95.4806,39.459,20.0197,11.9443,5.14189,22.14456,1.0,0.0,0.0,,accelerate,0.057423728028037996,0.9,0.0,3,11.25,0.0
584,101.246,102.635,-0.872723,-0.038024,-0.294149,JOIN_RACELINE,0.005005006900177432,0.005005006900177432,0.005005006900177432,-0.0740013766746123,-0.0740013766746123,-0.2991540069001774,-0.22014762332538768,0.11629064211629801,0.306474436878429,189.54820450497257,0.0,-0.006667,-3.8432064467372036,0.0,143.777,0,216.0,216.0,8.82202,17.9108,26.4171,40.5657,60.1212,79.3309,95.6604,116.698,145.527,143.777,141.893,139.85,136.648,132.273,111.039,41.9901,20.6901,12.1955,5.19226,22.2108,1.0,0.0,0.0,,accelerate,0.04761722307109766,0.9,0.0,3,11.27,0.0
585,101.818,103.466,-0.89509,-0.0424511,-0.290545,JOIN_RACELINE,0.00424233333333333,0.00424233333333333,0.00424233333333333,-0.07763509145118143,-0.07763509145118143,-0.29478733333333335,-0.21290990854881858,0.11659965981385068,0.3285471295607629,189.3716229635139,-0.0013658003121406364,-0.008746786265812401,-4.188112206341383,0.0,144.098,0,216.0,216.0,8.7616,17.6593,25.8901,39.3743,57.5989,75.0509,89.5476,107.782,145.782,144.098,142.292,140.342,137.31,133.242,120.813,44.5427,21.3417,12.4401,5.24387,22.277279999999998,1.0,0.0,0.0,,accelerate,0.037872419763939076,0.9,0.0,3,11.29,0.0
586,102.395,104.297,-0.889732,-0.0462289,-0.286432,JOIN_RACELINE,0.003473000000000001,0.003473000000000001,0.003473000000000001,-0.0813284137658109,-0.0813284137658109,-0.289905,-0.20510358623418912,0.11691105372899024,0.35078955207073187,189.19368358343414,-0.0032670470675209436,-0.01164192902907836,-4.164603745687531,0.0,144.256,0,216.0,216.0,8.70354,17.4353,25.4344,38.3764,55.5541,71.6745,84.8272,101.072,145.886,144.256,142.511,140.634,137.733,133.89,123.251,47.025,21.9577,12.6732,5.29609,22.34376,1.0,0.0,0.0,,accelerate,0.028462850959020868,0.9,0.0,3,11.31,0.0
587,102.977,105.128,-0.858805,-0.0493095,-0.281855,JOIN_RACELINE,0.002696999999999993,0.002696999999999993,0.002696999999999993,-0.0850819244163493,-0.0850819244163493,-0.284552,-0.1967730755836507,0.11722482342261452,0.373201673043894,195.01438661564885,-0.005184769098077888,-0.014562159684573708,-4.1408915722030555,0.0,144.254,0,216.0,216.0,8.64832,17.2396,25.0488,37.5595,53.9314,69.0588,81.2349,96.0721,110.498,144.254,142.558,140.738,137.937,134.259,124.578,49.3238,22.5199,12.8899,5.34816,22.41024,1.0,0.0,0.0,,accelerate,0.02165687075670502,0.9,0.0,3,11.33,0.0
588,103.563,105.958,-0.797621,-0.0517535,-0.276864,JOIN_RACELINE,0.0019156666666666636,0.0019156666666666636,0.0019156666666666636,-0.1851486142866531,-0.1851486142866531,-0.27877966666666665,-0.09171538571334689,0.117540454242484,0.395746731605999,172.834026147152,-0.007115671348776087,-0.017502460653852484,-4.117016428454082,0.0,144.116,0,216.0,216.0,8.59564,17.0683,24.7231,36.8927,52.6466,67.0325,78.495,92.3236,105.625,144.116,142.458,140.682,137.959,134.404,125.332,51.3873,23.0249,13.0899,5.39992,22.47664,1.0,0.0,0.0,,accelerate,-0.001795794713691002,0.9,0.0,3,11.35,0.0
589,104.153,106.788,-0.764791,-0.0532614,-0.271524,JOIN_RACELINE,0.0011289999999999946,0.0011289999999999946,0.0011289999999999946,-0.19092516722087144,-0.19092516722087144,-0.272653,-0.08059883277912855,0.09585799245951,0.41842803282214286,150.65257573742286,-0.009059753819615586,-0.020462831936914755,-4.092978314440612,0.0,143.794,0,216.0,216.0,8.54809,16.9337,24.4816,36.4258,51.7873,65.7165,76.7486,89.9802,102.628,143.794,142.162,140.415,137.742,134.267,125.551,52.8977,23.417,13.2561,5.44891,22.543039999999998,1.0,0.0,0.0,,accelerate,-0.019165670256408668,0.9,0.0,3,11.37,0.0
590,104.749,107.616,-0.697213,-0.0535517,-0.265964,JOIN_RACELINE,-0.0015108087727944287,-0.0015108087727944287,-0.0015108087727944287,-0.19675311422750857,-0.19675311422750857,-0.26445319122720556,-0.0692108857724914,0.0960608739834818,0.4329195702487006,150.5366434380104,-0.00925400668638083,-0.02378840118284865,-4.069985707244949,0.0,143.246,0,216.0,216.0,8.50849,16.8476,24.3483,36.2073,51.4401,65.2344,76.1471,89.2211,101.703,143.246,141.623,139.889,137.236,133.793,125.21,53.5265,23.6393,13.3708,5.49227,22.60928,1.0,0.0,0.0,,accelerate,-0.03152863002870336,0.9,0.0,3,11.39,0.0
591,105.348,108.442,-0.591783,-0.0527073,-0.26029,JOIN_RACELINE,-0.005969210941350405,-0.005969210941350405,-0.005969210941350405,-0.20260605424196612,-0.20260605424196612,-0.25432078905864963,-0.0576839457580339,0.11814961730094828,0.4392583786391623,172.4859329708867,-0.00771784279612289,-0.027458567767373078,-4.048139477575161,0.0,142.489,0,216.0,216.0,8.47678,16.8071,24.3154,36.2173,51.5607,65.5094,76.581,89.8884,102.637,142.489,140.863,139.125,136.466,133.014,124.382,53.2856,23.6948,13.4345,5.52953,22.675359999999998,1.0,0.0,0.0,,accelerate,-0.03953864447565049,0.9,0.0,3,11.41,0.0
592,105.953,109.264,-0.455348,-0.0509391,-0.254582,JOIN_RACELINE,-0.010472271562346007,-0.010472271562346007,-0.010472271562346007,-0.20850898027206405,-0.20850898027206405,-0.24410972843765397,-0.04607301972793593,0.11823869964516388,0.4456214032259911,172.43502877419206,-0.00616629162148841,-0.031165497289305094,-4.026074420896994,0.0,141.56,0,216.0,216.0,8.45185,16.8044,24.3659,36.4177,52.075,66.4282,77.9026,91.7909,105.196,141.56,139.92,138.165,135.478,131.981,123.144,52.3661,23.6135,13.4551,5.56128,22.741120000000002,1.0,0.0,0.0,,accelerate,-0.04412641346034154,0.9,0.0,3,11.43,0.0
593,106.562,110.084,-0.302675,-0.0485112,-0.248918,JOIN_RACELINE,-0.015005104484967955,-0.015005104484967955,-0.015005104484967955,-0.11382145709716668,-0.11382145709716668,-0.23391289551503205,-0.13509654290283332,0.11827477104947952,0.44819793210567943,194.41441654315457,-0.0046044822572695945,-0.03489693543617545,-4.003863479546575,0.0,140.503,0,216.0,216.0,8.43221,16.8302,24.479,36.7639,52.8985,67.8656,79.9541,94.7346,109.159,140.503,138.84,137.059,134.327,130.758,121.569,51.0279,23.437,13.4441,5.58853,22.80672,1.0,0.0,0.0,,accelerate,-0.027391654536867423,0.9,0.0,3,11.45,0.0
594,107.175,110.903,-0.107016,-0.0460783,-0.243308,JOIN_RACELINE,-0.01956770970921636,-0.01956770970921636,-0.01956770970921636,-0.10755162476232356,-0.10755162476232356,-0.22374029029078363,-0.13575637523767642,0.11701762033651597,0.35840145260828316,207.13278837913373,-0.0030324147034664056,-0.03865288220798423,-3.981506653523904,0.0,139.436,0,216.0,216.0,8.41293,16.8573,24.596,37.1228,53.7613,69.3878,82.1463,97.9154,141.017,139.436,137.749,135.941,133.163,129.518,119.921,49.7684,23.2634,13.4322,5.61523,20.37224,1.0,0.0,0.0,,accelerate,-0.016284653251852056,0.9,0.0,3,11.47,0.0
595,107.793,111.721,0.0429742,-0.0441604,-0.237743,JOIN_RACELINE,-0.024578019878429513,-0.024578019878429513,-0.024578019878429513,-0.11340454811260661,-0.11340454811260661,-0.2131649801215705,-0.1243384518873934,0.11708152425037163,0.362966017883688,207.09627185693049,-0.0020023214391325715,-0.040922541810415644,-3.967713980614424,0.0,138.457,0,216.0,216.0,8.38996,16.8634,24.667,37.3788,54.4173,70.5823,83.899,100.507,140.053,138.457,136.753,134.925,132.112,128.41,118.473,48.9043,23.165,13.4432,5.64466,20.43768,1.0,0.0,0.0,,accelerate,-0.008448209706130262,0.9,0.0,3,11.49,0.0
596,108.415,112.538,0.134393,-0.0428339,-0.232206,JOIN_RACELINE,-0.030051660752423253,-0.030051660752423253,-0.030051660752423253,-0.22865450313783484,-0.22865450313783484,-0.20215433924757675,-0.00355149686216516,0.0962747263336171,0.4481947381155072,128.41444209507594,-0.0015479456875307988,-0.041614538524724826,-3.963013471332348,0.0,137.583,0,216.0,216.0,8.36259,16.8446,24.683,37.508,54.8091,71.3417,85.049,102.257,139.188,137.583,135.87,134.032,131.2,127.465,117.314,48.4376,23.1492,13.4804,5.67745,23.00304,1.0,0.0,0.0,,turn,-0.01287318776675747,0.9,0.0,3,11.51,0.0
597,109.043,113.354,0.150922,-0.0417947,-0.226723,JOIN_RACELINE,-0.035578102020699894,-0.035578102020699894,-0.035578102020699894,-0.2311648055725316,-0.2311648055725316,-0.19114489797930012,0.004441805572531599,0.09608279022602564,0.4344850161446896,128.52411987084247,-0.0010891868900936388,-0.0423132104484968,-3.9582676195170037,0.0,136.759,0,216.0,216.0,8.33333,16.8141,24.6727,37.5756,55.0711,71.8861,85.8996,103.585,138.369,136.759,135.041,133.196,130.352,126.598,116.302,48.1542,23.1713,13.5293,5.71152,23.06832,1.0,0.0,0.0,,turn,-0.015621417638034244,0.9,0.0,3,11.53,0.0
598,109.674,114.169,0.150983,-0.0407312,-0.221338,JOIN_RACELINE,-0.04113094348611798,-0.04113094348611798,-0.04113094348611798,-0.2296980618892722,-0.2296980618892722,-0.18020705651388202,0.008360061889272186,0.09563608935292799,0.4025778109234282,150.77937751261257,-0.0006282365697387853,-0.04301521997700016,-3.9534990964350256,0.0,135.925,0,216.0,216.0,8.30488,16.7859,24.6666,37.6527,55.3547,72.4706,86.8123,105.013,137.54,135.925,134.201,132.35,129.494,125.719,115.261,47.8577,23.187,13.5752,5.74466,23.13352,1.0,0.0,0.0,,accelerate,-0.01910171268743014,0.9,0.0,3,11.55,0.0
599,110.311,114.982,0.151969,-0.0395394,-0.216039,JOIN_RACELINE,-0.04673658534581897,-0.04673658534581897,-0.04673658534581897,-0.2282190145818958,-0.2282190145818958,-0.16930241465418105,0.012180014581895798,0.11718524549684126,0.37037467834580373,173.03700257323356,-0.00016290320354854504,-0.04372390471496632,-3.94868523081978,0.0,135.062,0,216.0,216.0,8.27795,16.7642,24.6747,37.7632,55.7127,73.1877,87.9216,106.742,136.683,135.062,133.33,131.47,128.599,124.797,114.122,47.49,23.1826,13.6133,5.77628,23.19856,1.0,0.0,0.0,,accelerate,-0.022993178495168128,0.9,0.0,3,11.57,0.0
600,110.951,115.794,0.157429,-0.0381919,-0.210865,JOIN_RACELINE,-0.05236861096142462,-0.05236861096142462,-0.05236861096142462,-0.13950285507590382,-0.13950285507590382,-0.15849638903857538,-0.07136214492409618,0.1167323311955205,0.3380236568228926,207.29581074541687,0.0,-0.043972,-3.9445336794374715,0.0,134.163,0,216.0,216.0,8.253,16.7509,24.7006,37.9157,56.1651,74.0736,89.2831,137.325,135.792,134.163,132.421,130.55,127.659,123.821,112.849,47.0382,23.1538,13.6421,5.80595,23.26352,1.0,0.0,0.0,,accelerate,-0.012895418457950253,0.9,0.0,3,11.59,0.0
601,111.597,116.602,0.196541,-0.0369273,-0.20581,JOIN_RACELINE,-0.058053427942432734,-0.058053427942432734,-0.058053427942432734,-0.14144433805834425,-0.14144433805834425,-0.14775657205756726,-0.06436566194165574,0.1162778562081349,0.3055611577239212,207.55551073820862,0.0,-0.043972,-3.9407129526187816,0.0,133.274,0,216.0,216.0,8.2282,16.7356,24.7212,38.055,56.5906,74.9197,90.596,136.45,134.911,133.274,131.524,129.643,126.734,122.864,111.592,46.6389,23.133,13.6723,5.83518,23.32816,1.0,0.0,0.0,,accelerate,-0.008186837392497977,0.9,0.0,3,11.61,0.0
602,112.246,117.409,0.218585,-0.0359617,-0.200835,JOIN_RACELINE,-0.0637646450023,-0.0637646450023,-0.0637646450023,-0.14375450651232693,-0.14375450651232693,-0.1370703549977,-0.05708049348767308,0.11586088293629793,0.2757773525927086,207.79378117925833,0.0,-0.043972,-3.9368744824866924,0.0,132.438,0,216.0,216.0,8.20161,16.7083,24.7141,38.1274,56.8697,75.5138,91.5476,135.622,134.079,132.438,130.684,128.798,125.88,121.993,110.527,46.4067,23.1496,13.7143,5.86564,23.39272,1.0,0.0,0.0,,accelerate,-0.00596820887857983,0.9,0.0,3,11.63,0.0
603,112.901,118.216,0.217082,-0.0352515,-0.195928,JOIN_RACELINE,-0.06952866221988563,-0.06952866221988563,-0.06952866221988563,-0.14609524995943204,-0.14609524995943204,-0.12639933778011436,-0.04983275004056795,0.11544009952673043,0.2457213947664593,208.03422884186833,0.0,-0.043972,-3.9330005257278042,0.0,131.647,0,216.0,216.0,8.1735,16.6708,24.6831,38.1415,57.0188,75.881,92.1696,134.832,133.289,131.647,129.893,128.006,125.086,121.196,109.648,46.311,23.1977,13.7664,5.89715,23.457279999999997,1.0,0.0,0.0,,accelerate,-0.005677322302795749,0.9,0.0,3,11.65,0.0
604,113.559,118.966,0.206621,-0.0346563,-0.191096,RACE,-0.07531907951633043,-0.07531907951633043,-0.07531907951633043,-0.14844400604198504,-0.14844400604198504,-0.11577692048366955,-0.042651993958014944,0.11501775314534504,0.21555379609607406,208.2755696312314,0.0,-0.043972,-3.9291088256555167,0.0,130.874,0,216.0,216.0,8.14499,16.6292,24.6421,38.1304,57.1107,76.1477,92.6454,134.058,132.515,130.874,129.121,127.235,124.318,120.431,108.859,46.2733,23.2584,13.8222,5.9288,23.51728,1.0,0.0,0.0,,accelerate,-0.006731327155049895,0.9,0.0,3,11.67,0.0
605,114.222,119.762,0.195653,-0.0340606,-0.186313,RACE,-0.08115352235912597,-0.08115352235912597,-0.08115352235912597,-0.15083248953421666,-0.15083248953421666,-0.10515947764087404,-0.03548051046578335,0.11459195395355229,0.18513956811087723,208.51888345511298,0.0,-0.043972,-3.6759042221127007,0.0,130.097,0,216.0,216.0,8.1168,16.5882,24.602,38.1209,57.2064,76.4222,93.1347,133.279,131.737,130.097,128.345,126.461,123.547,119.662,108.068,46.233,23.3173,13.8769,5.96006,23.58096,1.0,0.0,0.0,,accelerate,-0.008640384176916498,0.9,0.0,3,11.69,0.0
606,114.89,120.588,0.182608,-0.033403,-0.181599,RACE,-0.08703196625595531,-0.08703196625595531,-0.08703196625595531,-0.15349310339403388,-0.15349310339403388,-0.0945670337440447,-0.02810589660596613,0.11419056153173522,0.15646868083822962,208.74825055329416,0.0,-0.043972,-3.413620666995236,0.0,129.303,0,216.0,216.0,8.08952,16.5507,24.5693,38.1286,57.3408,76.7671,93.7305,132.485,130.943,129.303,127.551,125.668,122.755,118.871,107.225,46.1573,23.3657,13.9274,5.99037,23.64704,1.0,0.0,0.0,,accelerate,-0.011063951240955144,0.9,0.0,3,11.71,0.0
607,115.562,121.416,0.171945,-0.0326464,-0.176953,RACE,-0.09294561041563984,-0.09294561041563984,-0.09294561041563984,-0.15622538131056823,-0.15622538131056823,-0.08400738958436016,-0.020727618689431765,0.11379235782969543,0.1280255592639593,208.97579552588832,0.0,-0.043972,-3.14976655166749,0.0,128.485,0,216.0,216.0,8.06341,16.5183,24.5476,38.1628,57.5356,77.2221,94.4938,131.669,130.126,128.485,126.733,124.849,121.934,118.046,106.294,46.0281,23.3988,13.9721,6.01951,23.713279999999997,1.0,0.0,0.0,,accelerate,-0.013735814454486505,0.9,0.0,3,11.73,0.0
608,116.238,122.24,0.162204,-0.0317546,-0.172398,RACE,-0.09889445483817967,-0.09889445483817967,-0.09889445483817967,-0.15898063498110263,-0.15898063498110263,-0.07350354516182032,-0.01341736501889737,0.11339180503842888,0.09941464560206285,209.2046828351835,0.0,-0.043972,-2.8843418761294584,0.0,127.637,0,216.0,216.0,8.03893,16.493,24.5413,38.2336,57.8144,77.8314,95.493,130.824,129.279,127.637,125.882,123.995,121.074,117.175,105.233,45.8275,23.4115,14.0089,6.04707,23.7792,1.0,0.0,0.0,,accelerate,-0.016495480703638793,0.9,0.0,3,11.75,0.0
609,116.92,123.056,0.159536,-0.0307165,-0.167949,RACE,-0.10489609965500242,-0.10489609965500242,-0.10489609965500242,-0.1617662305748284,-0.1617662305748284,-0.06305290034499757,-0.006182769425171597,0.11298773335560477,0.07055238254319843,209.43558093965441,0.0,-0.043972,-2.1355051749630434,0.0,126.754,0,216.0,216.0,8.01624,16.4754,24.5518,38.3451,58.1877,78.6167,96.764,129.95,128.401,126.754,124.995,123.103,120.172,116.254,104.007,45.5523,23.4021,14.0371,6.07286,23.84448,1.0,0.0,0.0,,accelerate,-0.019161433738205908,1.0,0.0,3,11.77,0.0
610,117.605,123.907,0.16375,-0.0295052,-0.163635,RACE,-0.11092414466896663,-0.11092414466896663,-0.11092414466896663,-0.16469870072542872,-0.16469870072542872,-0.05271085533103337,0.0010637007254287179,0.11259608408842685,0.04257743488763205,209.65938052089894,0.0,-0.043972,-0.7648299655002471,0.0,125.833,0,216.0,216.0,7.99574,16.4671,24.5827,38.5061,58.6775,79.6211,98.3776,129.04,127.486,125.833,124.067,122.167,119.221,115.274,102.529,45.1917,23.3667,14.055,6.0965,23.91256,1.0,0.0,0.0,,accelerate,-0.02160035383945834,0.9,0.0,3,11.79,0.0
611,118.296,124.764,0.178192,-0.0280699,-0.159448,RACE,-0.11700499007721377,-0.11700499007721377,-0.11700499007721377,-0.16768758913146561,-0.16768758913146561,-0.04244300992278624,0.008239589131465608,0.11220383576304271,0.014559697360193302,209.88352242111844,0.0,-0.043972,0.6178511582060198,0.0,124.862,0,216.0,216.0,7.97777,16.4705,24.6395,38.7313,59.3209,80.9199,100.629,128.085,126.523,124.862,123.086,121.174,118.206,114.216,100.533,44.7272,23.2999,14.0606,6.11771,23.98112,1.0,0.0,0.0,,accelerate,-0.023680923217808892,1.0,0.0,3,11.81,0.0
612,118.992,125.617,0.203923,-0.0264453,-0.15543,RACE,-0.12312983581402992,-0.12312983581402992,-0.12312983581402992,-0.17081229502066309,-0.17081229502066309,-0.03230016418597009,0.015382295020663073,0.12,0.0,210.0,0.0,-0.043972,2.0105372104485024,0.0,123.848,0,216.0,216.0,7.96237,16.4847,24.72,39.0159,60.1099,82.5058,129.145,127.091,125.52,123.848,122.059,120.132,117.135,113.09,97.4032,44.1805,23.2057,14.055,6.13641,24.0,1.0,0.0,0.0,,accelerate,-0.025327861385611876,0.9,0.0,4,11.83,0.0
613,119.691,125.994,0.22019,-0.0248199,-0.151604,RACE,-0.12928107300804995,-0.12928107300804995,-0.12928107300804995,-0.17396799838100163,-0.17396799838100163,-0.022322926991950043,0.022363998381001643,0.12,0.0,210.0,0.0,-0.043972,3.409540857565307,0.0,122.828,0,216.0,216.0,7.94826,16.5018,24.8059,39.3135,60.9367,84.182,128.157,126.092,124.511,122.828,121.026,119.083,116.056,111.953,94.3122,43.642,23.1079,14.0462,6.15368,24.0,1.0,0.0,0.0,,accelerate,-0.0267875806166549,1.0,0.0,4,11.85,0.0
614,120.39,125.875,0.207931,-0.0232541,-0.148,RACE,-0.1354320892722195,-0.1354320892722195,-0.1354320892722195,-0.17705968660527988,-0.17705968660527988,-0.01256791072778049,0.029059686605279883,0.12,0.0,210.0,0.0,-0.043972,4.81649797930015,0.0,121.817,0,216.0,216.0,7.93522,16.5196,24.8916,39.6094,61.7649,85.88,127.178,125.101,123.51,121.817,120.003,118.045,114.99,110.829,91.5298,43.1359,23.0132,14.0365,6.16968,24.0,1.0,0.0,0.0,,accelerate,-0.028466717325144872,1.0,0.0,4,11.87,0.0
615,121.089,125.768,0.203289,-0.021516,-0.144634,RACE,-0.14158310553638903,-0.14158310553638903,-0.14158310553638903,-0.18016366975800624,-0.18016366975800624,-0.0030508944636109814,0.03552966975800623,0.12,0.0,210.0,0.0,-0.043972,6.223455101034993,0.0,120.77,0,216.0,216.0,7.92512,16.5489,25.0021,39.9677,62.7525,87.9093,126.168,124.078,122.476,120.77,118.941,116.964,113.873,109.64,88.5867,42.5609,22.8928,14.0155,6.1828,24.0,1.0,0.0,0.0,,accelerate,-0.030117890389154228,1.0,0.0,4,11.89,0.0
616,121.788,126.157,0.221595,-0.0195122,-0.141503,RACE,-0.14773412180055856,-0.14773412180055856,-0.14773412180055856,-0.18333913020828838,-0.18333913020828838,0.00623112180055857,0.041836130208288386,0.12,0.0,210.0,0.0,-0.043972,7.630412222769837,0.0,119.666,0,216.0,216.0,7.91865,16.5938,25.148,40.4182,63.9808,90.4469,125.112,123.004,121.388,119.666,117.817,115.816,112.677,108.347,85.372,41.8858,22.7371,13.9794,6.19249,24.0,1.0,0.0,0.0,,accelerate,-0.03135591277452371,1.0,0.0,4,11.91,0.0
617,122.491,126.723,0.319977,-0.017038,-0.138611,RACE,-0.15392033701330707,-0.15392033701330707,-0.15392033701330707,-0.18654567822243334,-0.18654567822243334,0.015309337013307056,0.04793467822243333,0.12,0.0,210.0,0.0,-0.043972,9.045420601281428,0.0,118.457,0,216.0,216.0,7.91745,16.6644,25.3536,41.0275,65.632,93.892,123.972,121.839,120.203,118.457,116.581,114.545,111.338,106.862,81.6472,41.0414,22.5239,13.9198,6.19743,24.0,1.0,0.0,0.0,,accelerate,-0.03118201875257571,0.9,0.0,4,11.93,0.0
618,123.197,127.433,0.44934,-0.014163,-0.135953,RACE,-0.16013311214062761,-0.16013311214062761,-0.16013311214062761,-0.18977102087582343,-0.18977102087582343,0.024180112140627624,0.053818020875823436,0.12,0.0,210.0,0.0,-0.043972,10.474502579267304,0.0,117.154,0,216.0,216.0,7.92102,16.7581,25.6141,41.7894,67.715,125.03,122.754,120.591,118.93,117.154,115.242,113.161,109.863,105.185,77.672,40.0763,22.2649,13.8405,6.19814,24.0,1.0,0.0,0.0,,accelerate,-0.029578223745566394,0.9,0.0,4,11.95,0.0
619,123.907,128.142,0.544149,-0.0112609,-0.13356,RACE,-0.16638115879743715,-0.16638115879743715,-0.16638115879743715,-0.19299899515457558,-0.19299899515457558,0.03282115879743713,0.05943899515457557,0.12,0.0,210.0,0.0,-0.043972,11.915264859536713,0.0,115.832,0,216.0,216.0,7.92672,16.8587,25.8906,42.6028,69.9855,123.829,121.522,119.327,117.639,115.832,113.881,111.751,108.352,103.433,74.0309,39.1399,22.0038,13.7574,6.19683,24.0,1.0,0.0,0.0,,accelerate,-0.02743153025928046,1.0,0.0,4,11.97,0.0
620,124.621,128.861,0.58823,-0.00862843,-0.131475,RACE,-0.17266440571710195,-0.17266440571710195,-0.17266440571710195,-0.19622851970107363,-0.19622851970107363,0.041189405717101946,0.06475351970107363,0.12,0.0,210.0,0.0,-0.043972,13.3641441103992,0.0,114.554,0,216.0,216.0,7.93259,16.9528,26.1499,43.3752,72.1962,122.66,120.326,118.102,116.39,114.554,112.568,110.391,106.894,101.722,71.0199,38.3283,21.7714,13.682,6.19508,24.0,1.0,0.0,0.0,,accelerate,-0.025574389002525164,1.0,0.0,4,11.99,0.0
621,125.339,129.607,0.581938,-0.00631398,-0.129734,RACE,-0.1789828528996221,-0.1789828528996221,-0.1789828528996221,-0.19946042695209865,-0.19946042695209865,0.04924885289962211,0.06972642695209866,0.12,0.0,210.0,0.0,-0.043972,14.821140331854764,0.0,113.333,0,216.0,216.0,7.93846,17.0381,26.3854,44.0841,74.2722,121.533,119.175,116.927,115.194,113.333,111.316,109.098,105.51,100.083,68.5718,37.6413,21.5699,13.6153,6.19294,24.0,1.0,0.0,0.0,,accelerate,-0.02454204471959332,1.0,0.0,4,12.01,0.0
622,126.061,130.343,0.542099,-0.00428635,-0.12834,RACE,-0.1853365898665966,-0.1853365898665966,-0.1853365898665966,-0.20269115945190552,-0.20269115945190552,0.056996589866596586,0.07435115945190551,0.12,0.0,210.0,0.00024305949924426835,-0.04360181060655845,16.292784780180067,0.0,112.165,0,216.0,216.0,7.94459,17.1159,26.5989,44.7319,76.2065,120.444,118.066,115.798,114.047,112.165,110.121,107.867,104.197,98.5157,66.5593,37.056,21.3939,13.5556,6.19016,24.0,1.0,0.0,0.0,,accelerate,-0.024374888806942743,1.0,0.0,4,12.03,0.0
623,126.788,131.066,0.489623,-0.0024758,-0.127271,RACE,-0.19173444785437332,-0.19173444785437332,-0.19173444785437332,-0.2059251683090852,-0.2059251683090852,0.06446344785437333,0.0786541683090852,0.12,0.0,210.0,0.0008138096799631921,-0.042732535125188945,17.783380824078314,0.0,111.037,0,216.0,216.0,7.95134,17.1888,26.7973,45.3352,78.0377,119.383,116.988,114.703,112.937,111.037,108.968,106.683,102.939,96.9984,64.8517,36.5429,21.2354,13.5003,6.18646,24.0,1.0,0.0,0.0,,accelerate,-0.024803273918820173,1.0,0.0,4,12.05,0.0
624,127.518,131.779,0.436216,-0.000748754,-0.126521,RACE,-0.19815870690674897,-0.19815870690674897,-0.19815870690674897,-0.20915407587724544,-0.20915407587724544,0.07163770690674898,0.08263307587724544,0.12,0.0,210.0,0.0013869150883879821,-0.04185967253729382,19.280127883288415,0.0,109.918,0,216.0,216.0,7.95975,17.2633,26.9962,45.9383,79.8913,118.328,115.918,113.616,111.836,109.918,107.828,105.511,101.691,95.4611,63.2868,36.0566,21.0803,13.4439,6.18106,24.0,1.0,0.0,0.0,,accelerate,-0.025593253799833293,1.0,0.0,4,12.07,0.0
625,128.252,132.489,0.41493,0.000900626,-0.126058,RACE,-0.20461816737858973,-0.20461816737858973,-0.20461816737858973,-0.21238270942274617,-0.21238270942274617,0.07856016737858973,0.08632470942274617,0.12,0.0,210.0,0.0019631608004205834,-0.0409820271406979,20.78507629624762,0.0,108.81,0,216.0,216.0,7.96961,17.3391,27.1954,46.5408,81.7667,117.279,114.855,112.537,110.744,108.81,106.697,104.35,100.455,93.8933,61.8459,35.5946,20.9285,13.3868,6.17415,24.0,1.0,0.0,0.0,,accelerate,-0.026194316416484682,1.0,0.0,4,12.09,0.0
626,128.99,133.191,0.398138,0.00236273,-0.125843,RACE,-0.21082813422046986,-0.21082813422046986,-0.21082813422046986,-0.2154703506173551,-0.2154703506173551,0.08498513422046985,0.08962735061735508,0.12,0.0,210.0,0.0032309336454739617,-0.03858553188762937,22.303343847543946,0.0,107.737,0,216.0,216.0,7.97979,17.4099,27.3794,47.097,83.5204,116.256,113.82,111.49,109.686,107.737,105.607,103.233,99.2718,92.3676,60.61,35.1875,20.7913,13.3336,6.16667,24.0,1.0,0.0,0.0,,accelerate,-0.026298175494009344,1.0,0.0,4,12.11,0.0
627,129.732,133.893,0.379126,0.00379115,-0.125858,RACE,-0.2162758063085263,-0.2162758063085263,-0.2162758063085263,-0.2162758063085263,-0.2162758063085263,0.0904178063085263,0.0904178063085263,0.12,0.0,176.0,0.006430176293740724,-0.0319430045342534,23.84414884179397,0.0,106.666,0,216.0,216.0,7.99137,17.4833,27.5673,47.6632,85.3258,115.232,112.784,110.442,108.628,106.666,104.518,102.118,98.0882,90.765,59.4348,34.79,20.6537,13.2788,6.15782,24.0,1.0,0.0,0.0,,accelerate,-0.02495697096854417,1.0,0.0,4,12.13,0.0
628,130.478,134.601,0.366574,0.00530934,-0.12611,RACE,-0.22175284590110073,-0.22175284590110073,-0.22175284590110073,-0.22175284590110073,-0.22175284590110073,0.09564284590110073,0.09564284590110073,0.098,0.0,154.0,0.009646665533103345,-0.02526466840808278,25.39326006242813,0.0,105.567,0,216.0,216.0,8.00541,17.5656,27.7756,48.2903,87.3507,114.187,111.727,109.371,107.544,105.567,103.398,100.969,96.8562,88.9005,58.2191,34.3679,20.504,13.2174,6.14679,24.0,1.0,0.0,0.0,,accelerate,-0.02320980789967314,1.0,0.0,4,12.15,0.0
629,131.228,135.106,0.421408,0.00709713,-0.126589,RACE,-0.22725925299819288,-0.22725925299819288,-0.22725925299819288,-0.22725925299819288,-0.22725925299819288,0.10067025299819288,0.10067025299819288,0.098,0.0,132.0,0.012880401363561705,-0.01855052350911776,26.95067750944637,0.0,104.398,0,216.0,216.0,8.02333,17.6665,28.0296,49.058,117.21,113.09,110.613,108.239,106.396,104.398,102.2,99.7283,95.5,86.1206,56.8372,33.8767,20.3262,13.1431,6.13258,24.0,1.0,0.0,0.0,,accelerate,-0.020285962658827015,0.4800000000000001,0.0,4,12.17,0.0
630,131.98,135.655,0.510866,0.00920224,-0.127267,RACE,-0.23144146857236736,-0.23144146857236736,-0.23144146857236736,-0.23144146857236736,-0.23144146857236736,0.10417446857236737,0.10417446857236737,0.098,0.0,132.0,0.014718633842615486,-0.012095262953836141,28.18303476260884,0.0,103.144,0,216.0,216.0,8.04535,17.7884,28.3373,49.9982,116.087,111.934,109.435,107.036,105.171,103.144,100.907,98.3782,93.9845,82.6282,55.283,33.311,20.118,13.0549,6.11514,24.0,1.0,0.0,0.0,,accelerate,-0.016152747663047504,0.3194230769230769,0.0,4,12.19,0.0
631,132.735,135.884,0.52432,0.0110201,-0.128201,RACE,-0.2298508459339576,-0.2298508459339576,-0.2298508459339576,-0.2298508459339576,-0.2298508459339576,0.1016498459339576,0.1016498459339576,0.098,0.0,154.0,0.01049251917200585,-0.006811131197634223,27.996734450468207,0.0,101.952,0,216.0,216.0,8.06697,17.9006,28.6171,50.8546,115.002,110.822,108.305,105.886,104.002,101.952,99.6824,97.1028,92.5543,79.7969,53.9845,32.8238,19.9334,12.9744,6.09772,24.0,1.0,0.0,0.0,,accelerate,-0.012942992660054272,0.5394230769230769,0.0,4,12.21,0.0
632,133.49,136.108,0.483875,0.0124035,-0.129392,RACE,-0.22826022329554788,-0.22826022329554788,-0.22826022329554788,-0.22826022329554788,-0.22826022329554788,0.09886822329554787,0.09886822329554787,0.12,0.0,176.0,0.006266404501396372,-0.0015269994414325028,27.81043413832758,0.0,100.861,0,216.0,216.0,8.08693,17.9945,28.8458,51.5472,113.978,109.782,107.253,104.822,102.927,100.861,98.5702,95.9561,91.2922,77.7225,53.0056,32.444,19.784,12.9067,6.08117,24.0,1.0,0.0,0.0,,accelerate,-0.011062087024039775,0.7594230769230769,0.0,4,12.23,0.0
633,134.248,136.53,0.428373,0.0135074,-0.130838,RACE,-0.22666328030228358,-0.22666328030228358,-0.22666328030228358,-0.22324796472734582,-0.22324796472734582,0.09582528030228357,0.0924099647273458,0.12,0.0,210.0,0.0020234973221620357,0.003778128864793758,27.623393560046,0.0,99.8354,0,216.0,216.0,8.10646,18.0779,29.0434,52.1355,112.991,108.786,106.251,103.812,101.91,99.8354,97.5305,94.8931,90.1434,76.0961,52.2181,32.1282,19.655,12.8457,6.06454,24.0,1.0,0.0,0.0,,accelerate,-0.00975858606867961,0.9794230769230768,0.0,4,12.25,0.0
634,135.008,137.146,0.375507,0.0144476,-0.132517,RACE,-0.22517922207984228,-0.22517922207984228,-0.22517922207984228,-0.22251843657649317,-0.22251843657649317,0.09266222207984229,0.09000143657649318,0.12,0.0,210.0,-0.0015102303006407085,0.008044904024971235,27.437974207327088,0.0,98.8457,0,216.0,216.0,8.12636,18.1566,29.225,52.6668,112.025,107.813,105.275,102.833,100.926,98.8457,96.5316,93.8776,89.061,74.7209,51.537,31.8468,19.536,12.7874,6.04729,24.0,1.0,0.0,0.0,,accelerate,-0.009190425999757511,1.0,0.0,4,12.27,0.0
635,135.772,137.86,0.329935,0.0152749,-0.134397,RACE,-0.2242785379990143,-0.2242785379990143,-0.2242785379990143,-0.22207459725206052,-0.22207459725206052,0.0898815379990143,0.08767759725206054,0.12,0.0,198.0,-0.0014256593790044363,0.007021216822736988,27.26225546246098,0.0,97.8793,0,216.0,216.0,8.14679,18.2327,29.3966,53.1609,111.07,106.856,104.316,101.872,99.9633,97.8793,95.5593,92.8938,88.0246,73.513,50.9265,31.5877,19.4231,12.7305,6.02934,24.0,1.0,0.0,0.0,,accelerate,-0.008565807742315561,1.0,0.0,4,12.29,0.0
636,136.54,138.58,0.284127,0.0160041,-0.136457,RACE,-0.22337313829472646,-0.22337313829472646,-0.22337313829472646,-0.22163091236550025,-0.22163091236550025,0.08691613829472647,0.08517391236550026,0.12,0.0,198.0,-0.0013406456776737313,0.005992170001642851,27.085616724166258,0.0,96.9326,0,216.0,216.0,8.16773,18.3066,29.5596,53.6219,110.124,105.91,103.37,100.926,99.0177,96.9326,94.6099,91.9375,87.03,72.4424,50.3747,31.3473,19.3153,12.6746,6.01075,24.0,1.0,0.0,0.0,,accelerate,-0.007910441018433672,1.0,0.0,4,12.31,0.0
637,137.312,139.292,0.24608,0.0166394,-0.138682,RACE,-0.22246302296697879,-0.22246302296697879,-0.22246302296697879,-0.22118749915770253,-0.22118749915770253,0.08378102296697879,0.08250549915770253,0.12,0.0,198.0,-0.0012551891966485935,0.004957763561688821,26.908057992442906,0.0,96.005,0,216.0,216.0,8.18909,18.3782,29.7139,54.049,109.187,104.975,102.437,99.9956,98.0887,96.005,93.6827,91.0082,86.0775,71.4952,49.8766,31.1244,19.2123,12.6199,5.99158,24.0,1.0,0.0,0.0,,accelerate,-0.0071452744961871765,1.0,0.0,4,12.33,0.0
638,138.088,139.996,0.214216,0.0171856,-0.141054,RACE,-0.22166422086469337,-0.22166422086469337,-0.22166422086469337,-0.2208001189866477,-0.2208001189866477,0.08061022086469335,0.07974611898664768,0.12,0.0,198.0,-0.0011551268149448176,0.003987846299233859,26.735425360288907,0.0,95.0954,0,216.0,216.0,8.21078,18.4474,29.8593,54.4423,108.259,104.051,101.517,99.0792,97.1756,95.0954,92.7765,90.1045,85.1667,70.6587,49.4278,30.9178,19.114,12.5662,5.97192,24.0,1.0,0.0,0.0,,accelerate,-0.00621987433115407,1.0,0.0,4,12.35,0.0
639,138.867,140.693,0.188986,0.0176602,-0.143545,RACE,-0.22130139390462047,-0.22130139390462047,-0.22130139390462047,-0.22062393578880618,-0.22062393578880618,0.07775639390462047,0.07707893578880617,0.12,0.0,198.0,-0.0010010831077660418,0.003278493300482643,26.58424746025853,0.0,94.1997,0,216.0,216.0,8.23275,18.5147,29.9976,54.8081,107.336,103.134,100.606,98.1736,96.2746,94.1997,91.8868,89.2213,84.2899,69.9089,49.0177,30.7242,19.0194,12.5134,5.95187,24.0,1.0,0.0,0.0,,accelerate,-0.005357706198402075,1.0,0.0,4,12.37,0.0
640,139.651,141.382,0.170008,0.0180771,-0.146147,RACE,-0.22093623814506058,-0.22093623814506058,-0.22093623814506058,-0.22044762625990127,-0.22044762625990127,0.07478923814506058,0.07430062625990128,0.12,0.0,176.0,-0.000846050673326807,0.0025645873299807564,26.432099227108576,0.0,93.3146,0,216.0,216.0,8.25505,18.5807,30.1306,55.152,106.417,102.224,99.7012,97.2758,95.3827,93.3146,91.0098,88.354,83.4406,69.2262,48.6375,30.5404,18.9275,12.4611,5.9314,24.0,1.0,0.0,0.0,,accelerate,-0.004277629247667895,1.0,0.0,4,12.39,0.0
641,140.439,142.079,0.156112,0.0184456,-0.148845,RACE,-0.22056921934591112,-0.22056921934591112,-0.22056921934591112,-0.2202713873643416,-0.2202713873643416,0.07172421934591111,0.07142638736434159,0.12,0.0,176.0,-0.0006902272570792161,0.001847038982078384,26.279174727462962,0.0,92.4378,0,216.0,216.0,8.27764,18.6457,30.2591,55.4775,105.5,101.317,98.8014,96.384,94.4978,92.4378,90.1429,87.4997,82.6143,68.5984,48.2819,30.3646,18.8377,12.4092,5.91056,24.0,1.0,0.0,0.0,,accelerate,-0.0030139339974514087,1.0,0.0,4,12.41,0.0
642,141.23,142.786,0.143216,0.0187555,-0.151623,RACE,-0.22032262463719204,-0.22032262463719204,-0.22032262463719204,-0.22015337947511307,-0.22015337947511307,0.06869962463719204,0.06853037947511306,0.12,0.0,176.0,-0.0005509432602092505,0.001307186230172131,26.129823084711447,0.0,91.5719,0,216.0,216.0,8.30033,18.7086,30.3809,55.7777,104.588,100.415,97.9084,95.5003,93.6222,91.5719,89.2891,86.6617,81.816,68.0354,47.9564,30.1994,18.7512,12.3582,5.88951,24.0,1.0,0.0,0.0,,accelerate,-0.0017051182618163265,1.0,0.0,4,12.43,0.0
643,142.025,143.494,0.129312,0.0189942,-0.154477,RACE,-0.22023569247384409,-0.22023569247384409,-0.22023569247384409,-0.22011173001722578,-0.22011173001722578,0.06575869247384408,0.06563473001722578,0.12,0.0,198.0,-0.00043358483968950444,0.0010029236584542709,25.985204454944313,0.0,90.7198,0,216.0,216.0,8.32296,18.7689,30.4939,56.0448,103.681,99.5214,97.0246,94.6273,92.7586,90.7198,88.4515,85.8439,81.0512,67.5484,47.667,30.0473,18.6689,12.3086,5.86835,24.0,1.0,0.0,0.0,,accelerate,-0.00037993832150787243,1.0,0.0,4,12.45,0.0
644,142.824,144.2,0.116206,0.0191292,-0.157385,RACE,-0.22014832291596356,-0.22014832291596356,-0.22014832291596356,-0.2200701111014305,-0.2200701111014305,0.06276332291596357,0.06268511110143049,0.12,0.0,198.0,-0.00031563593655079247,0.0006971302058724249,25.839858184272696,0.0,89.8893,0,216.0,216.0,8.3451,18.824,30.5922,56.2593,102.784,98.6409,96.1557,93.7714,91.9141,89.8893,87.639,85.0564,80.3347,67.1714,47.4311,29.9155,18.5939,12.2618,5.84741,24.0,1.0,0.0,0.0,,accelerate,0.0009469233764261462,1.0,0.0,4,12.47,0.0
645,143.628,144.904,0.0973457,0.0191524,-0.160337,RACE,-0.22006040661491733,-0.22006040661491733,-0.22006040661491733,-0.22002847196094188,-0.22002847196094188,0.05972340661491732,0.05969147196094188,0.12,0.0,198.0,-0.00019694893013837627,0.0003894231522106053,25.69360236247047,0.0,89.082,0,216.0,216.0,8.36658,18.8734,30.6739,56.4155,101.9,97.7749,95.3034,92.9342,91.0903,89.082,86.8532,84.3011,79.6677,66.9114,47.2526,29.8058,18.5269,12.218,5.82679,24.0,1.0,0.0,0.0,,accelerate,0.0021465449043844803,1.0,0.0,4,12.49,0.0
646,144.435,145.607,0.0760897,0.01908,-0.16334,RACE,-0.22002890691866353,-0.22002890691866353,-0.22002890691866353,-0.22001358586264025,-0.22001358586264025,0.05668890691866352,0.056673585862640236,0.12,0.0,198.0,-0.00013572618967262921,0.0002500137698278774,24.792569827877156,0.0,88.2935,0,216.0,216.0,8.38761,18.918,30.7417,56.5219,101.024,96.9204,94.4642,92.1119,90.283,88.2935,86.0889,83.5713,79.0381,66.7489,47.1219,29.7143,18.4664,12.1767,5.80636,24.0,1.0,0.0,0.0,,accelerate,0.003148640107250027,1.0,0.0,4,12.51,0.0
647,145.245,146.308,0.0541413,0.0189202,-0.166347,RACE,-0.22001906554168074,-0.22001906554168074,-0.22001906554168074,-0.22000893484612166,-0.22000893484612166,0.05367206554168075,0.05366193484612167,0.12,0.0,210.0,-9.649736753290576e-05,0.0001751099561255483,23.598756125548427,0.0,87.5213,0,216.0,216.0,8.4079,18.9575,30.7957,56.5806,100.157,96.076,93.6366,91.3028,89.4905,87.5213,85.3435,82.864,78.4398,66.6787,47.0369,29.6409,18.4127,12.1383,5.78638,24.0,1.0,0.0,0.0,,accelerate,0.003980527101139321,1.0,0.0,4,12.53,0.0
648,146.06,147.007,0.0322647,0.0186771,-0.169364,RACE,-0.22000916341545732,-0.22000916341545732,-0.22000916341545732,-0.22000428201117733,-0.22000428201117733,0.05064516341545733,0.050640282011177346,0.12,0.0,210.0,-5.702639217009782e-05,9.974377320283489e-05,22.397573202834963,0.0,86.7641,0,216.0,216.0,8.42751,18.9923,30.8364,56.5942,99.2969,95.2407,92.8194,90.5057,88.7112,86.7641,84.6151,82.1765,77.8672,66.6963,46.9951,29.5842,18.3653,12.1024,5.76679,24.0,1.0,0.0,0.0,,accelerate,0.004671924145781185,1.0,0.0,4,12.55,0.0
649,146.879,147.7,0.0125517,0.0183418,-0.172388,RACE,-0.22,-0.22,-0.22,-0.22,-0.22,0.04761199999999999,0.04761199999999999,0.12,0.0,210.0,-2.0051655472678855e-05,2.9343886057578813e-05,21.164575179722586,0.0,86.0232,0,216.0,216.0,8.44637,19.0217,30.8626,56.558,98.4452,94.416,92.0142,89.722,87.9466,86.0232,83.9051,81.5101,77.3208,66.8126,47.0016,29.5464,18.3249,12.0694,5.74765,24.0,1.0,0.0,0.0,,accelerate,0.005233199788924833,1.0,0.0,4,12.57,0.0
650,147.701,148.397,-0.0122841,0.0179183,-0.175387,RACE,-0.22,-0.22,-0.22,-0.22,-0.22,0.044613000000000014,0.044613000000000014,0.12018611388934058,0.013293849238613792,209.89364920609108,-1.4364322116845008e-05,2.1020959195382937e-05,19.624278848425536,0.0,85.2973,0,216.0,216.0,8.46425,19.0454,30.8739,56.4731,97.6012,93.6009,91.2199,88.9507,87.1955,85.2973,83.2118,80.8627,76.7963,67.0279,47.0568,29.5278,18.2919,12.0397,5.72917,24.0,1.0,0.0,0.0,,accelerate,0.00561945184384128,1.0,0.0,4,12.59,0.0
651,148.528,149.092,-0.0336217,0.0174312,-0.178348,RACE,-0.22,-0.22,-0.22,-0.22,-0.22,0.041651999999999995,0.041651999999999995,0.12088832003872126,0.06345143133723295,209.49238854930215,-8.64239427587838e-06,1.2647406257382996e-05,18.074613318033013,0.0,84.5801,0,216.0,216.0,8.4813,19.0648,30.8742,56.3531,96.7613,92.7912,90.4318,88.1865,86.4523,84.5801,82.5282,80.2259,76.2812,67.3193,47.1489,29.5237,18.2647,12.0125,5.71128,24.0,1.0,0.0,0.0,,accelerate,0.0058934147868698605,1.0,0.0,4,12.61,0.0
652,149.358,149.785,-0.0559249,0.0169094,-0.181256,RACE,-0.22,-0.22,-0.22,-0.22,-0.22,0.038744,0.038744,0.12159758847145091,0.11411346224649402,209.08709230202805,-2.899709743831971e-06,4.243477673900444e-06,16.519326268183175,0.0,83.8649,0,216.0,216.0,8.49764,19.0812,30.8675,56.2131,95.9212,91.982,89.6448,87.4236,85.7108,83.8649,81.8467,79.5909,75.7636,67.6585,47.264,29.5289,18.2412,11.9872,5.69393,24.0,1.0,0.0,0.0,,accelerate,0.00606605380884606,1.0,0.0,4,12.63,0.0
653,150.193,150.545,-0.0625202,0.0164304,-0.184103,RACE,-0.22,-0.22,-0.22,-0.22,-0.22,0.03589700000000001,0.03589700000000001,0.12232831658791765,0.1663083277084036,208.66953337833277,0.0,0.0,14.954977050286836,0.0,83.1343,0,216.0,216.0,8.5139,19.0991,30.8661,56.0944,95.0699,91.1607,88.8449,86.6473,84.955,83.1343,81.1482,78.9363,75.216,67.9582,47.3605,29.5272,18.2157,11.9612,5.67676,24.0,1.0,0.0,0.0,,accelerate,0.006342086929989433,1.0,0.0,4,12.65,0.0
654,151.031,151.225,-0.0613707,0.0160045,-0.186893,RACE,-0.22,-0.22,-0.22,-0.22,-0.22,0.033107,0.033107,0.1230616700748627,0.21869071963304967,208.2504742429356,0.0,0.0,13.385317921025974,0.0,82.3868,0,216.0,216.0,8.53021,19.1191,30.8715,56.0018,94.2061,90.3261,88.0311,85.8559,84.1835,82.3868,80.4312,78.2603,74.6375,68.022,47.4323,29.5164,18.1871,11.9343,5.65968,24.0,1.0,0.0,0.0,,accelerate,0.006768679163895358,1.0,0.0,4,12.67,0.0
655,151.873,151.885,-0.059257,0.0155677,-0.189621,RACE,-0.22,-0.22,-0.22,-0.22,-0.22,0.03037899999999999,0.03037899999999999,0.12379852405577883,0.2713231468413451,207.82941482526923,0.0,0.0,11.808166385420211,0.0,81.6366,0,216.0,216.0,8.54596,19.1375,30.8737,55.9014,93.3392,89.4885,87.2144,85.062,83.4093,81.6366,79.7113,77.5807,74.0516,67.9131,47.5144,29.51,18.1607,11.9087,5.64308,24.0,1.0,0.0,0.0,,accelerate,0.007301828552300134,1.0,0.0,4,12.69,0.0
656,152.719,152.535,-0.0672779,0.0150867,-0.192279,RACE,-0.22,-0.22,-0.22,-0.21999249049242298,-0.21999249049242298,0.027720999999999996,0.02771349049242297,0.12454353301059258,0.3245380721851847,207.40369542251852,0.0,0.0,10.22352244346949,0.0,80.8907,0,216.0,216.0,8.56081,19.152,30.867,55.7755,92.4737,88.6534,86.4007,84.2715,82.639,80.8907,78.996,76.906,73.4693,67.7246,47.6263,29.5157,18.1393,11.8854,5.6272,24.0,1.0,0.0,0.0,,accelerate,0.007848159006988606,1.0,0.0,4,12.71,0.0
657,153.568,153.19,-0.0795508,0.0145401,-0.194887,RACE,-0.22,-0.22,-0.22,-0.21996932344324818,-0.21996932344324818,0.025112999999999996,0.025082323443248178,0.12529203766040903,0.3780026900292157,206.97597847976627,0.0,0.0,8.631809747207123,0.0,80.1529,0,216.0,216.0,8.5747,19.1619,30.8489,55.6148,91.6124,87.8236,85.5931,83.4879,81.8762,80.1529,78.2896,76.2408,72.896,67.4925,47.7794,29.5373,18.1241,11.865,5.61201,24.0,1.0,0.0,0.0,,accelerate,0.008414683451256358,1.0,0.0,4,12.73,0.0
658,154.421,153.856,-0.0992876,0.01393,-0.197431,RACE,-0.22,-0.22,-0.22,-0.21994604724425393,-0.21994604724425393,0.022569000000000006,0.022515047244253933,0.12604406883389946,0.43171920242139034,206.54624638062887,0.0,0.0,7.0325607006649165,0.0,79.4224,0,216.0,216.0,8.58757,19.1671,30.8193,55.4203,90.7548,86.9986,84.791,82.7105,81.12,79.4224,77.5909,75.5837,72.3298,67.2273,47.9745,29.5751,18.1153,11.8475,5.59759,24.0,1.0,0.0,0.0,,accelerate,0.008904311555508804,1.0,0.0,4,12.75,0.0
659,155.278,154.53,-0.118279,0.0132558,-0.199875,RACE,-0.22,-0.22,-0.22,-0.21992266189544027,-0.21992266189544027,0.020125000000000004,0.020047661895440272,0.12680356002442322,0.4859685731730883,206.1122514146153,0.0,0.0,5.425812244760224,0.0,78.6989,0,216.0,216.0,8.59914,19.167,30.7775,55.191,89.9009,86.1784,83.9943,81.9391,80.3704,78.6989,76.8996,74.9342,71.7701,66.9372,48.2157,29.6309,18.1139,11.8336,5.5842,23.8624,1.0,0.0,0.0,,accelerate,0.009326388557466142,1.0,0.0,4,12.77,0.0
660,156.138,155.21,-0.139972,0.0125271,-0.202246,RACE,-0.22,-0.22,-0.22,-0.2197394224738441,-0.2197394224738441,0.017753999999999992,0.017493422473844084,0.12756347241996976,0.5402480299978404,205.67801576001727,0.0,0.0,3.8114114073574017,0.0,77.9797,0,216.0,216.0,8.60969,19.1625,30.7256,54.934,89.0491,85.361,83.201,81.1715,79.6249,77.9797,76.2128,74.289,71.2126,66.6217,48.4973,29.7019,18.1185,11.8225,5.57161,23.916800000000002,1.0,0.0,0.0,,accelerate,0.009897965348642053,1.0,0.0,4,12.79,0.0
661,157.002,155.89,-0.153054,0.0117167,-0.204515,RACE,-0.22,-0.22,-0.22,-0.2195270820080999,-0.2195270820080999,0.015484999999999999,0.015012082008099892,0.12832365083930555,0.594546488521826,205.2436280918254,0.0,0.0,2.1875113061086564,0.0,77.2698,0,216.0,216.0,8.61878,19.1516,30.6591,54.6355,88.2029,84.5505,82.4152,80.4121,78.8881,77.2698,75.5358,73.654,70.6642,66.2958,48.839,29.7957,18.1321,11.8156,5.56017,23.9712,1.0,0.0,0.0,,accelerate,0.01067214978224582,1.0,0.0,4,12.81,0.0
662,157.871,156.571,-0.172555,0.0107653,-0.206652,RACE,-0.22,-0.22,-0.22,-0.219313512720216,-0.219313512720216,0.013347999999999999,0.012661512720215984,0.1290882284393088,0.6491591742363436,204.80672660610924,0.0,0.0,0.5542136348295443,0.0,76.5799,0,216.0,216.0,8.62567,19.1307,30.5683,54.267,87.3698,83.7552,81.646,79.6706,78.1702,76.5799,74.88,73.0413,70.1391,65.9818,49.2816,29.927,18.1603,11.8153,5.55039,24.0,1.0,0.0,0.0,,accelerate,0.01149047988947227,1.0,0.0,4,12.83,0.0
663,158.742,157.25,-0.197962,0.00975192,-0.208661,RACE,-0.22,-0.22,-0.22,-0.21880132290921364,-0.21880132290921364,0.011338999999999988,0.010140322909213628,0.1298498469671402,0.7035604976528703,204.37151601877704,0.0,0.0,-1.0834330070873992,0.0,75.8941,0,216.0,216.0,8.6311,19.1043,30.4659,53.8693,86.5393,82.9632,80.8804,78.933,77.4564,75.8941,74.2281,72.432,69.6148,65.6498,49.7816,30.0792,18.1967,11.819,5.54184,24.0,1.0,0.0,0.0,,accelerate,0.012391179646707034,1.0,0.0,4,12.85,0.0
664,159.618,157.955,-0.213021,0.00871938,-0.210522,RACE,-0.22,-0.22,-0.22,-0.21788455328383394,-0.21788455328383394,0.009478000000000014,0.00736255328383395,0.13057843234436842,0.7556023103120306,191.95518151750375,0.0,0.0,-2.7366871414107328,0.0,75.2043,0,216.0,216.0,8.6353,19.0747,30.3579,53.4633,85.7057,82.168,80.1116,78.192,76.7389,75.2043,73.5715,71.8166,69.0803,65.2887,50.3161,30.2438,18.2384,11.8256,5.53441,24.0,1.0,0.0,0.0,,accelerate,0.013638111915669038,1.0,0.0,4,12.87,0.0
665,160.498,158.651,-0.201553,0.00770485,-0.212203,RACE,-0.22,-0.22,-0.22,-0.2169635974957813,-0.2169635974957813,0.007796999999999998,0.00476059749578131,0.13131034459546528,0.807881756818949,191.5369459454484,0.0,0.0,-4.397490381370228,0.0,74.5038,0,216.0,216.0,8.63838,19.0434,30.2492,53.0651,84.8642,81.3645,79.334,77.4417,76.0116,74.5038,72.9031,71.1878,68.5276,64.8916,50.8648,30.4138,18.2833,11.8344,5.52814,24.0,1.0,0.0,0.0,,accelerate,0.015374680193742078,1.0,0.0,4,12.89,0.0
666,161.381,159.312,-0.191819,0.00667179,-0.213703,RACE,-0.22,-0.22,-0.22,-0.21595861022815482,-0.21595861022815482,0.006296999999999997,0.0022556102281548196,0.13204670536636404,0.8604789547402888,191.1161683620777,0.0,0.0,-6.063955450556886,0.0,73.7996,0,216.0,216.0,8.64001,19.0085,30.1345,52.6577,84.0196,80.558,78.5534,76.6882,75.2809,73.7996,72.2304,70.5535,67.9662,64.4732,51.4522,30.5979,18.3343,11.8465,5.52323,24.0,1.0,0.0,0.0,,accelerate,0.017387121400125945,1.0,0.0,4,12.91,0.0
667,162.268,159.957,-0.191783,0.00554055,-0.21501,RACE,-0.22,-0.22,-0.22,-0.21354479909716828,-0.21354479909716828,0.0049899999999999944,-0.0014652009028317259,0.13264167920648995,0.9029770861778543,190.77618331057715,0.0,0.0,-7.745127341456017,0.0,73.1054,0,216.0,216.0,8.63941,18.9653,30.0019,52.2054,83.1821,79.7597,77.7816,75.9441,74.5599,73.1054,71.5679,69.9295,67.4142,64.0571,52.1364,30.8162,18.3987,11.865,5.52022,24.0,1.0,0.0,0.0,,accelerate,0.01955337740381832,1.0,0.0,4,12.93,0.0
668,163.159,160.597,-0.210096,0.00420105,-0.216118,RACE,-0.22,-0.22,-0.22,-0.22,-0.22,0.0038819999999999966,0.0038819999999999966,0.13323933613044958,0.9456668664606847,168.43466506831453,0.0,0.0,-9.436671099260842,0.0,72.4389,0,216.0,216.0,8.63561,18.9077,29.836,51.6624,82.3648,78.9841,77.0339,75.2255,73.8655,72.4389,70.9343,69.3356,66.8933,63.6701,53.0032,31.0971,18.4861,11.8937,5.51974,24.0,1.0,0.0,0.0,,accelerate,0.020761370907737862,0.7614486564736355,0.0,4,12.95,0.0
669,164.053,161.11,-0.24797,0.00266194,-0.216998,RACE,-0.22,-0.22,-0.22,-0.22,-0.22,0.0030020000000000047,0.0030020000000000047,0.1338363498028557,0.9883107002039786,168.09351439836817,0.0,0.0,-11.133910290593658,0.0,71.7973,0,216.0,216.0,8.62847,18.8361,29.6385,51.0371,81.5665,78.2293,76.3083,74.53,73.195,71.7973,70.3263,68.7679,66.399,63.3057,54.0656,31.4431,18.5973,11.933,5.52198,24.0,1.0,0.0,0.0,,accelerate,0.021633509738681077,0.7285967076295445,0.0,4,12.97,0.0
670,164.949,161.518,-0.287462,0.00100285,-0.217639,RACE,-0.22,-0.22,-0.22,-0.22,-0.22,0.002361000000000002,0.002361000000000002,0.134,1.0,168.0,0.0,0.0,-12.839623827202166,0.0,71.1668,0,216.0,216.0,8.61865,18.7548,29.4214,50.3681,80.7776,77.4848,75.5933,73.8456,72.5357,71.1668,69.7293,68.2106,65.913,62.9423,54.8251,31.8383,18.7264,11.9804,5.52659,24.0,1.0,0.0,0.0,,accelerate,0.02181614247758264,0.7093076923076923,0.0,4,12.99,0.0
671,165.847,161.904,-0.329505,-0.000748038,-0.218022,RACE,-0.22,-0.22,-0.22,-0.22,-0.22,0.0019780000000000075,0.0019780000000000075,0.134,1.0,190.0,0.0,0.0,-14.556219169760382,0.0,70.5423,0,216.0,216.0,8.60628,18.6656,29.1891,49.6699,79.9947,76.7467,74.8849,73.1676,71.8828,70.5423,69.1378,67.6579,65.4292,62.5731,55.2077,32.2793,18.872,12.0356,5.53356,24.0,1.0,0.0,0.0,,accelerate,0.02133947371759206,0.9293076923076923,0.0,4,13.01,0.0
672,166.748,162.406,-0.372998,-0.00255454,-0.218145,RACE,-0.22,-0.22,-0.22,-0.22,-0.22,0.0018549999999999955,0.0018549999999999955,0.134,1.0,190.0,0.0,0.0,-16.278549240634465,0.0,69.9175,0,216.0,216.0,8.59167,18.5703,28.947,48.9591,79.2131,76.0098,74.1774,72.4902,71.23,69.9175,68.5451,67.1028,64.9397,62.1903,55.3936,32.7593,19.0314,12.0973,5.54273,24.0,1.0,0.0,0.0,,accelerate,0.020339203714066584,1.0,0.0,4,13.03,0.0
673,167.652,163.035,-0.422929,-0.00445688,-0.217972,RACE,-0.22,-0.22,-0.22,-0.22,-0.22,0.002028000000000002,0.002028000000000002,0.134,1.0,190.0,0.0,0.0,-18.008252581842697,0.0,69.2974,0,216.0,216.0,8.57423,18.4665,28.6893,48.2205,78.4362,75.278,73.4752,71.818,70.5823,69.2974,67.9566,66.5511,64.4514,61.8025,55.4694,33.2935,19.2097,12.1678,5.55459,24.0,1.0,0.0,0.0,,accelerate,0.019126976545319675,1.0,0.0,4,13.05,0.0
674,168.56,163.695,-0.468905,-0.00634331,-0.217506,RACE,-0.22,-0.22,-0.22,-0.22,-0.22,0.0024939999999999962,0.0024939999999999962,0.134,1.0,190.0,0.0,0.0,-19.75928599392508,0.0,68.6646,0,216.0,216.0,8.55497,18.3603,28.4315,47.4984,77.6506,74.5366,72.7626,71.1347,69.9228,68.6646,67.3541,65.9835,63.9436,61.3873,55.4359,33.8534,19.3972,12.2432,5.5685,24.0,1.0,0.0,0.0,,accelerate,0.0177157212676973,1.0,0.0,4,13.07,0.0
675,169.472,164.362,-0.495213,-0.00811774,-0.216747,RACE,-0.22,-0.22,-0.22,-0.22,-0.22,0.003253000000000006,0.003253000000000006,0.134,1.0,190.0,0.0,0.0,-21.5180332095849,0.0,68.0054,0,216.0,216.0,8.5347,18.2567,28.1856,46.8259,76.8455,73.774,72.0277,70.4276,69.2383,68.0054,66.7235,65.3857,63.4012,60.9291,55.2948,34.4111,19.5848,12.3199,5.58395,24.0,1.0,0.0,0.0,,accelerate,0.01634576241593591,1.0,0.0,4,13.09,0.0
676,170.387,165.045,-0.483952,-0.00964922,-0.215678,RACE,-0.22,-0.22,-0.22,-0.22,-0.22,0.0043219999999999925,0.0043219999999999925,0.134,1.0,168.0,0.0,0.0,-23.282565777927783,0.0,67.3026,0,216.0,216.0,8.51439,18.162,27.9672,46.2443,76.0067,72.975,71.2545,69.6804,68.5121,67.3026,66.0471,64.7393,62.805,60.4078,55.0366,34.925,19.7598,12.3933,5.60029,24.0,1.0,0.0,0.0,,accelerate,0.015439430737566406,0.5800000000000001,0.0,5,13.11,0.0
677,171.305,165.186,-0.43259,-0.0109076,-0.214297,RACE,-0.22,-0.22,-0.22,-0.22,-0.22,0.005703000000000014,0.005703000000000014,0.134,1.0,124.0,0.0,0.0,-25.06860839042832,0.0,66.5553,0,216.0,216.0,8.49423,18.0773,27.7784,45.7575,75.133,72.1384,70.442,68.8921,67.7432,66.5553,65.3241,64.0438,62.1551,59.8249,54.6757,35.3805,19.9184,12.4622,5.61736,24.0,1.0,0.0,0.0,,brake,0.015271764416563601,0.0,0.34,5,13.13,0.0
678,172.221,164.43,-0.388593,-0.0120493,-0.212646,RACE,-0.22,-0.22,-0.22,-0.22,-0.22,0.007353999999999999,0.007353999999999999,0.134,1.0,124.0,0.0,0.0,-26.85336926659694,0.0,65.7914,0,150.0,216.0,8.47322,17.9951,27.6,45.3089,74.2476,71.2888,69.6155,68.0889,66.9586,65.7914,64.5833,63.3291,61.4833,59.2154,54.2637,35.821,20.0742,12.5314,5.63575,24.0,1.0,0.0,0.0,,brake,0.015560634707928293,0.0,0.68,4,13.15,0.0
679,173.13,162.895,-0.385863,-0.0131506,-0.210783,RACE,-0.22,-0.22,-0.22,-0.22,-0.22,0.009217000000000003,0.009217000000000003,0.134,1.0,104.0,0.0,0.0,-28.624491140436746,0.0,65.0263,0,150.0,216.0,8.45113,17.9124,27.4235,44.8734,73.3638,70.4401,68.7895,67.2856,66.1734,65.0263,63.8404,62.6113,60.8067,58.5976,53.8259,36.2669,20.2331,12.603,5.65546,24.0,1.0,0.0,0.0,,brake,0.015639325965692823,0.0,0.82,4,13.17,0.0
680,174.029,160.896,-0.410147,-0.0141404,-0.20878,RACE,-0.22,-0.22,-0.22,-0.22,-0.22,0.011220000000000008,0.011220000000000008,0.13360626065913553,0.9718757613668243,104.2249939090654,1.5504272696591415e-05,2.2941883226459854e-05,-29.675070131623357,0.0,64.2537,0,150.0,216.0,8.42902,17.8336,27.2589,44.4789,72.4778,69.5879,67.959,66.4767,65.3818,64.2537,63.0891,61.8838,60.1177,57.9634,53.3537,36.6908,20.386,12.6731,5.67559,24.0,1.0,0.0,0.0,,brake,0.015046849171124588,0.0,0.82,4,13.19,0.0
681,174.916,158.708,-0.433694,-0.0149688,-0.206679,RACE,-0.22,-0.22,-0.22,-0.22,-0.22,0.013321,0.013321,0.13315100995587167,0.9393578539908343,104.48513716807332,4.059053661829222e-05,6.006236922038467e-05,-30.268997907526156,0.0,63.4695,0,150.0,216.0,8.4076,17.7618,27.1128,44.194,71.5861,68.7282,67.1199,65.6581,64.5796,63.4695,62.3248,61.1416,59.4115,57.3078,52.8432,37.0714,20.5261,12.7388,5.69551,24.0,1.0,0.0,0.0,,brake,0.014002263059384422,0.0,0.82,4,13.21,0.0
682,175.791,156.406,-0.446683,-0.0156455,-0.204495,RACE,-0.22,-0.22,-0.22,-0.22,-0.22,0.015504999999999991,0.015504999999999991,0.13270191822491803,0.9072798732084314,104.74176101433255,6.5337414782315e-05,9.668066149173101e-05,-30.854890583867697,0.0,62.6764,0,150.0,216.0,8.38688,17.6965,26.9837,44.0799,70.691,67.8636,66.2749,64.8325,63.7695,62.6764,61.5505,60.3883,58.6918,56.6349,52.3017,37.4087,20.6535,12.8003,5.71518,24.0,1.0,0.0,0.0,,brake,0.012749003897509848,0.0,0.82,4,13.23,0.0
683,176.652,154.02,-0.454332,-0.0162264,-0.202252,RACE,-0.21998967045799722,-0.21998967045799722,-0.21998967045799722,-0.21998967045799722,-0.21998967045799722,0.017737670457997234,0.017737670457997234,0.13218579169349456,0.8704136923924689,105.03669046086024,0.00012500573762191998,0.00020249046542238167,-31.351939451213333,0.0,61.8829,0,216.0,216.0,8.36655,17.6352,26.8653,44.2485,69.7993,67.0013,65.4315,64.0079,62.9597,61.8829,60.775,59.6327,57.9681,55.9555,51.7434,37.7191,20.7733,12.8593,5.73474,23.821600000000004,1.0,0.0,0.0,,brake,0.011502668298291276,0.0,0.82,4,13.25,0.0
684,177.5,151.609,-0.455739,-0.0167242,-0.199977,RACE,-0.21994759816396098,-0.21994759816396098,-0.21994759816396098,-0.21994759816396098,-0.21994759816396098,0.01997059816396099,0.01997059816396099,0.13167060596113014,0.8336147115092954,105.33108230792564,0.00029283698403590944,0.0005221826588814987,-31.59607323905633,0.0,61.0912,0,216.0,216.0,8.3467,17.5777,26.7565,73.9863,68.9128,66.1434,64.5917,63.1862,62.1523,61.0912,60.0005,58.8773,57.2432,55.2724,51.1728,38.0045,20.8856,12.9157,5.75405,23.62872,1.0,0.0,0.0,,brake,0.010401289323417494,0.0,0.82,4,13.27,0.0
685,178.335,149.205,-0.448856,-0.0171224,-0.197644,RACE,-0.21990617084613048,-0.21990617084613048,-0.21990617084613048,-0.21990617084613048,-0.21990617084613048,0.022262170846130497,0.022262170846130497,0.13134945972952242,0.8106756949658865,105.5145944402729,0.00045809534577609856,0.0008369739106956038,-31.836464409868714,0.0,60.3,0,216.0,216.0,8.32727,17.5243,26.6583,73.0648,68.0302,65.2883,63.7542,62.3661,61.346,60.3,59.2258,58.1208,56.5158,54.5845,50.5896,38.2594,20.9894,12.9692,5.77321,23.4364,1.0,0.0,0.0,,brake,0.00940037414328197,0.0,0.82,4,13.29,0.0
686,179.157,146.821,-0.43071,-0.0174077,-0.195294,RACE,-0.2198653885045057,-0.2198653885045057,-0.2198653885045057,-0.2198653885045057,-0.2198653885045057,0.024571388504505715,0.024571388504505715,0.13091305936587483,0.7795042404196318,105.76396607664294,0.0006207808228424873,0.0011468642208646968,-32.07311296365048,0.0,59.5078,0,216.0,216.0,8.30864,17.4762,26.5731,72.1473,67.1501,64.4348,62.9177,61.5463,60.5394,59.5078,58.4495,57.3619,55.7845,53.8907,49.9933,38.4755,21.0817,13.0186,5.79183,23.24568,1.0,0.0,0.0,,brake,0.008648009775355472,0.0,0.82,4,13.31,0.0
687,179.965,144.466,-0.402177,-0.0175856,-0.19293,RACE,-0.21960352676341546,-0.21960352676341546,-0.21960352676341546,-0.21960352676341546,-0.21960352676341546,0.026673526763415473,0.026673526763415473,0.13048439819475002,0.7488855853392872,106.0089153172857,0.0010068946574417843,0.002113967904151204,-32.319857374282826,0.0,58.7159,0,216.0,216.0,8.29078,17.4331,26.5001,71.2343,66.2734,63.5837,62.083,60.7277,59.7336,58.7159,57.6727,56.6018,55.0507,53.1925,49.3864,38.6314,21.163,13.064,5.80991,23.05728,1.0,0.0,0.0,,brake,0.008288832316215989,0.0,0.82,4,13.33,0.0
688,180.761,142.149,-0.366693,-0.017668,-0.190553,RACE,-0.21924783860951738,-0.21924783860951738,-0.21924783860951738,-0.21924783860951738,-0.21924783860951738,0.02869483860951738,0.02869483860951738,0.13004975508698283,0.7178396490702014,106.25728280743839,0.001486939341883225,0.0033586077961525445,-32.56916145798178,0.0,57.9258,0,216.0,216.0,8.2736,17.3945,26.4379,70.3269,65.4012,62.7364,61.2515,59.9119,58.9301,57.9258,56.8972,55.8424,54.3165,52.4923,48.7722,38.6304,21.2344,13.1058,5.82752,22.871920000000003,1.0,0.0,0.0,,brake,0.008370918825389845,0.0,0.82,4,13.35,0.0
689,181.543,139.871,-0.326412,-0.0176696,-0.188173,RACE,-0.21889840627742152,-0.21889840627742152,-0.21889840627742152,-0.21889840627742152,-0.21889840627742152,0.030725406277421513,0.030725406277421513,0.129617556771894,0.6869683408495708,106.50425327320343,0.001958541029362139,0.0045813570367870555,-32.814080796490046,0.0,57.1394,0,216.0,216.0,8.25705,17.3596,26.3849,69.4262,64.5349,61.8944,60.425,59.1006,58.1307,57.1394,56.125,55.0856,53.5842,51.7925,48.154,38.5178,21.297,13.1444,5.84467,22.689680000000003,1.0,0.0,0.0,,brake,0.008953823271382663,0.0,0.7460807860822523,4,13.37,0.0
690,182.313,137.642,-0.283482,-0.0176145,-0.185793,RACE,-0.21855433607829902,-0.21855433607829902,-0.21855433607829902,-0.21855433607829902,-0.21855433607829902,0.03276133607829901,0.03276133607829901,0.12918500078122086,0.6560714843729187,106.75142812501664,0.002422905862301717,0.005785342861964215,-33.05524178197772,0.0,56.3595,0,216.0,216.0,8.24095,17.3275,26.3383,68.5342,63.6767,61.0601,59.6058,58.2963,57.3381,56.3595,55.3589,54.3346,52.8568,51.0966,47.5361,38.3339,21.3534,13.1807,5.86146,22.51136,1.0,0.0,0.0,,brake,0.009861030737252535,0.0,0.6732521139700985,4,13.39,0.0
691,183.071,135.486,-0.240245,-0.0175313,-0.183403,RACE,-0.21719456550793115,-0.21719456550793115,-0.21719456550793115,-0.21719456550793115,-0.21719456550793115,0.03379156550793114,0.03379156550793114,0.1287579585750279,0.6255684696448504,106.9954522428412,0.0030909918866014216,0.008536951839352026,-33.3129993925076,0.0,55.5892,0,216.0,216.0,8.225,17.2965,26.2947,67.6532,62.8293,60.2363,58.7969,57.5021,56.5554,55.5892,54.6022,53.5927,52.138,50.4084,46.923,38.1045,21.4069,13.216,5.87817,22.33888,1.0,0.0,0.0,,brake,0.01128847737047492,0.0,0.6026631693281999,4,13.41,0.0
692,183.818,133.421,-0.199594,-0.0174468,-0.181034,RACE,-0.21577317300033746,-0.21577317300033746,-0.21577317300033746,-0.21577317300033746,-0.21577317300033746,0.034739173000337464,0.034739173000337464,0.12900828704683956,0.6434490747742542,106.85240740180596,0.0037661911441107167,0.011373434120823568,-33.56863827202161,0.0,54.831,0,216.0,216.0,8.2092,17.2659,26.2516,66.7849,61.9946,59.4251,58.0005,56.7202,55.7849,54.831,53.8574,52.8624,51.4304,49.7307,46.3181,37.8452,21.4596,13.2509,5.8947,22.173679999999997,1.0,0.0,0.0,,brake,0.01303386335958758,0.0,0.5461350764174715,4,13.43,0.0
693,184.553,131.455,-0.163364,-0.0173783,-0.178674,RACE,-0.21437461410732364,-0.21437461410732364,-0.21437461410732364,-0.21437461410732364,-0.21437461410732364,0.03570061410732364,0.03570061410732364,0.1294661034921609,0.6761502494400644,106.59079800447948,0.0044305438272021665,0.014164350421869754,-33.82017050286872,0.0,54.0863,0,216.0,216.0,8.19334,17.2346,26.207,65.9304,61.1738,58.6277,57.2179,55.952,55.028,54.0863,53.1259,52.1453,50.7356,49.0652,45.7235,37.5666,21.5139,13.2863,5.91127,22.0164,1.0,0.0,0.0,,brake,0.014845241779371075,0.0,0.4960059410447215,4,13.45,0.0
694,185.277,129.581,-0.132382,-0.0173346,-0.176315,RACE,-0.21299698602767467,-0.21299698602767467,-0.21299698602767467,-0.21299698602767467,-0.21299698602767467,0.03668198602767467,0.03668198602767467,0.12992542301426685,0.7089587867333472,106.32832970613322,0.005084953817077284,0.01691349790752615,-34.06793830577118,0.0,53.3554,0,216.0,216.0,8.17729,17.2022,26.1595,65.0896,60.3671,57.8444,56.4494,55.1978,54.285,53.3554,52.4081,51.4417,50.054,48.4125,45.1398,37.2746,21.5708,13.3226,5.92797,21.86648,1.0,0.0,0.0,,brake,0.016606022798144437,0.0,0.44860794981961094,4,13.47,0.0
695,185.991,127.788,-0.106852,-0.0173239,-0.173981,RACE,-0.2096338269600728,-0.2096338269600728,-0.2096338269600728,-0.2096338269600728,-0.2096338269600728,0.0356528269600728,0.0356528269600728,0.13025503668793567,0.7325026205668345,106.13997903546533,0.005451619048904799,0.020976507138276812,-34.32806635391003,0.0,52.6386,0,216.0,216.0,8.16115,17.1686,26.1088,64.2629,59.5745,57.0753,55.695,54.4578,53.5561,52.6386,51.7042,50.7518,49.3859,47.7728,44.5674,36.973,21.6308,13.3599,5.94471,21.723039999999997,1.0,0.0,0.0,,brake,0.018589134037059234,0.0,0.40141238130984314,4,13.49,0.0
696,186.696,126.096,-0.0872527,-0.0173599,-0.171638,RACE,-0.20614558908501804,-0.20614558908501804,-0.20614558908501804,-0.20614558908501804,-0.20614558908501804,0.034507589085018026,0.034507589085018026,0.13057581421977837,0.7554153014127408,105.95667758869807,0.0057903778662796584,0.02510124135137872,-34.58623402747308,0.0,51.9366,0,216.0,216.0,8.14458,17.1326,26.0526,63.4507,58.7969,56.3213,54.9556,53.7327,52.8422,51.9366,51.0152,50.0768,48.7323,47.1472,44.0076,36.6668,21.6962,13.3993,5.96179,21.58768,1.0,0.0,0.0,,brake,0.02064942080123331,0.0,0.3570388944500569,4,13.51,0.0
697,187.392,124.52,-0.0734057,-0.0174515,-0.169305,RACE,-0.20270188190624053,-0.20270188190624053,-0.20270188190624053,-0.20270188190624053,-0.20270188190624053,0.033396881906240516,0.033396881906240516,0.12289969230883116,0.7785494506307968,105.77160439495363,0.0061248121030071856,0.029173319383036855,-34.8411059435013,0.0,51.2496,0,216.0,216.0,8.12764,17.0942,25.9904,62.6531,58.0341,55.5822,54.2313,53.0227,52.1432,51.2496,50.3409,49.4164,48.0932,46.5358,43.4606,36.358,21.7675,13.4409,5.97915,21.4616,1.0,0.0,0.0,,brake,0.022666176181660454,0.0,0.3161292825013638,3,13.53,0.0
698,188.079,123.044,-0.0634063,-0.0175989,-0.166987,RACE,-0.19930270542374023,-0.19930270542374023,-0.19930270542374023,-0.19930270542374023,-0.19930270542374023,0.03231570542374024,0.03231570542374024,0.12323812716208632,0.8027233687204511,105.57821305023639,0.006454921759087381,0.033192741233251215,-35.09268210199467,0.0,50.5767,0,216.0,216.0,8.11037,17.0534,25.9223,61.8692,57.2855,54.8573,53.5212,52.3268,51.4584,50.5767,49.6808,48.7699,47.4679,45.9376,42.9254,36.0474,21.8448,13.4845,5.99675,21.343519999999998,1.0,0.0,0.0,,brake,0.024401311722206966,0.0,0.2968044511848479,3,13.55,0.0
699,188.758,121.647,-0.0537188,-0.0177808,-0.164669,RACE,-0.19414274728315892,-0.19414274728315892,-0.19414274728315892,-0.19414274728315892,-0.19414274728315892,0.029473747283158908,0.029473747283158908,0.12346885748482571,0.8192041060589791,105.44636715152816,0.0063339642929463365,0.0371619890651367,-35.34709713128586,0.15605804927438519,49.915,0,216.0,216.0,8.09284,17.011,25.8505,61.0967,56.5485,54.144,52.8226,51.6424,50.785,49.915,49.0318,48.1345,46.8532,45.3497,42.3989,35.7327,21.9261,13.5296,6.01457,21.23176,1.0,0.0,0.0,,brake,0.02602236017946076,0.0,0.26668173448742477,3,13.57,0.0
700,189.429,120.27,-0.0445084,-0.0180361,-0.162311,RACE,-0.18821018332770842,-0.18821018332770842,-0.18821018332770842,-0.18821018332770842,-0.18821018332770842,0.025899183327708408,0.025899183327708408,0.12364411392239076,0.8317224230279112,105.34622061577672,0.006007409449881878,0.04108291177860275,-35.601184880188995,0.38251771852851735,49.2683,0,216.0,216.0,8.07447,16.9647,25.7697,60.3386,55.8262,53.4457,52.139,50.973,50.1266,49.2683,48.3976,47.5139,46.2532,44.7761,41.8856,35.4207,22.017,13.5785,6.03314,21.1216,1.0,0.0,0.0,,brake,0.027619136476774362,0.0,0.2362804615291257,3,13.59,0.0
701,190.093,118.842,-0.0434515,-0.0185093,-0.15994,RACE,-0.1823395090111375,-0.1823395090111375,-0.1823395090111375,-0.1823395090111375,-0.1823395090111375,0.02239950901113749,0.02239950901113749,0.12381238796162143,0.8437419972586734,105.25006402193061,0.0056842612892338915,0.04496293067836643,-35.85262193722578,0.6066149173135287,48.6505,0,216.0,216.0,8.05432,16.9081,25.6647,59.6067,55.1315,52.7754,51.4837,50.3322,49.4969,48.6505,47.7925,46.9223,45.6823,44.2317,41.401,35.1301,22.1334,13.6368,6.05319,21.00736,1.0,0.0,0.0,,brake,0.02904361684299882,0.0,0.2045699042397473,3,13.61,0.0
702,190.749,117.465,-0.0470557,-0.0193595,-0.157526,RACE,-0.17653956571042867,-0.17653956571042867,-0.17653956571042867,-0.17653956571042867,-0.17653956571042867,0.01901356571042867,0.01901356571042867,0.12398129937838542,0.855807098456102,105.15354321235118,0.005365006479919004,0.048796202362470426,-36.101029632129595,0.8280121498481245,48.0763,0,216.0,216.0,8.03098,16.8338,25.5177,58.9142,54.478,52.1473,50.8711,49.7344,48.9106,48.0763,47.2313,46.3749,45.1559,43.732,40.9613,34.8796,22.2951,13.712,6.07595,20.897199999999998,1.0,0.0,0.0,,brake,0.03019598902611316,0.0,0.1740823044678291,3,13.63,0.0
703,191.398,116.399,-0.0523559,-0.020864,-0.154992,RACE,-0.17037705480931492,-0.17037705480931492,-0.17037705480931492,-0.17037705480931492,-0.17037705480931492,0.01538505480931493,0.01538505480931493,0.12413434590678982,0.8667389933421293,105.06608805326296,0.00499117773877827,0.05230163111711102,-36.35092676341545,1.0,47.5701,0,216.0,216.0,8.00183,16.7282,25.2985,58.2822,53.8882,51.5845,50.3247,49.2036,48.3917,47.5701,46.7385,45.8965,44.6993,43.3028,40.5934,34.6993,22.5384,13.8176,6.10378,20.81192,1.0,0.0,0.0,,brake,0.030887059889159504,0.0,0.15078361777945337,3,13.65,0.0
704,192.042,115.7,-0.0970485,-0.023066,-0.152266,RACE,-0.16272230084373943,-0.16272230084373943,-0.16272230084373943,-0.16272230084373943,-0.16272230084373943,0.010456300843739413,0.010456300843739413,0.1241977754726475,0.8712696766176782,105.02984258705857,0.004409904164697939,0.054739180897738784,-36.6139169760378,1.0,47.1315,0,216.0,216.0,7.96614,16.5894,25.004,57.7105,53.3619,51.0867,49.8441,48.7393,47.9399,47.1315,46.3138,45.4867,44.3117,42.9434,40.296,34.5865,22.8751,13.958,6.13757,20.756,1.0,0.0,0.0,,brake,0.030513052669151997,0.0,0.13500374792717704,3,13.67,0.0
705,192.683,115.08,-0.15967,-0.0255802,-0.149319,RACE,-0.1551032056699292,-0.1551032056699292,-0.1551032056699292,-0.1551032056699292,-0.1551032056699292,0.005784205669929182,0.005784205669929182,0.12426658236062958,0.8761844543306841,104.99052436535453,0.0038313383867701707,0.05716537563280457,-36.87568207897401,1.0,46.7213,0,216.0,216.0,7.92676,16.4355,24.6781,57.166,52.8636,50.6173,49.392,48.3035,47.5165,46.7213,45.9175,45.105,43.9522,42.6115,40.0247,34.4905,23.2649,14.1179,6.17519,20.706400000000002,1.0,0.0,0.0,,brake,0.02912089940927367,0.0,0.12117799130108255,3,13.69,0.0
706,193.32,114.507,-0.214989,-0.0281157,-0.146122,RACE,-0.14753165555180564,-0.14753165555180564,-0.14753165555180564,-0.14753165555180564,-0.14753165555180564,0.0014096555518056386,0.0014096555518056386,0.12433819015923664,0.8812992970883317,104.94960562329335,0.0032563830037124573,0.05957643030712115,-37.13581370232872,1.0,46.3118,0,216.0,216.0,7.88574,16.2792,24.3517,56.6247,52.3679,50.15,48.9416,47.8691,47.0943,46.3118,45.5216,44.7234,43.592,42.2781,39.7493,34.3786,23.6752,14.2856,6.215,20.66056,1.0,0.0,0.0,,brake,0.02711941390604676,0.0,0.108509389921587,3,13.71,0.0
707,193.954,113.973,-0.249618,-0.0305179,-0.142677,RACE,-0.13999576422544702,-0.13999576422544702,-0.13999576422544702,-0.13999576422544702,-0.13999576422544702,-0.0026812357745529813,-0.0026812357745529813,0.12441217949559721,0.8865842496855152,104.90732600251587,0.002684135416807279,0.061976129935875854,-37.3947202159973,1.0,45.8893,0,216.0,216.0,7.84425,16.1273,24.04,56.0742,51.8619,49.6715,48.4795,47.4225,46.6594,45.8893,45.1122,44.3277,43.2168,41.9285,39.4549,34.2363,24.0864,14.4542,6.25599,20.61784,1.0,0.0,0.0,,brake,0.024974896969954204,0.0,0.09680176184486014,3,13.73,0.0
708,194.586,113.477,-0.265987,-0.032741,-0.138983,RACE,-0.13195280768841317,-0.13195280768841317,-0.13195280768841317,-0.13195280768841317,-0.13195280768841317,-0.00703019231158683,-0.00703019231158683,0.12442078583378449,0.8871989881274637,104.90240809498029,0.00222667064700124,0.06356027746464615,-37.25802477302641,1.0,45.4503,0,216.0,216.0,7.80259,15.9814,23.7466,55.5112,51.3419,49.1782,48.0021,46.9602,46.2084,45.4503,44.6857,43.9145,42.8234,41.5596,39.1385,34.0619,24.457,14.6212,6.29785,20.57816,1.0,0.0,0.0,,brake,0.02346162582070664,0.0,0.085109331071898,3,13.75,0.0
709,195.214,113.018,-0.27044,-0.0347879,-0.135055,JOIN_RACELINE,-0.12357339832596446,-0.12357339832596446,-0.12357339832596446,0.20586148146798405,0.20586148146798405,-0.011481601674035544,-0.34091648146798403,0.12434124511747562,0.8815175083911155,91.50274429639514,0.0018545421242701426,0.06454480613588039,-36.83411576496,1.0,44.9955,0,128.0,216.0,7.76082,15.8413,23.4705,54.9358,50.8084,48.6708,47.5102,46.4827,45.742,44.9955,44.243,43.4846,42.4126,41.1724,38.8015,33.8585,24.7182,14.7861,6.34045,20.54144,1.0,0.0,0.0,,brake,0.07800601615510688,0.0,0.3975075206942607,3,13.77,0.0
710,195.839,112.073,-0.174045,-0.0377402,-0.130775,JOIN_RACELINE,-0.11523401798913235,-0.11523401798913235,-0.11523401798913235,0.2110512478632034,0.2110512478632034,-0.015540982010867649,-0.34182624786320337,0.12423211680475132,0.8737226289108087,91.49398481534709,0.0014841912855648224,0.06552463164467244,-36.41223179992575,1.0,44.6191,0,128.0,216.0,7.71036,15.6612,23.1143,54.4328,50.3503,48.2399,47.0954,46.0831,45.3538,44.6191,43.8792,43.1339,42.0813,40.865,38.5446,33.7329,25.0115,15.0042,6.39208,20.46584,1.0,0.0,0.0,,brake,0.1145903634742011,0.0,0.3699710348427324,3,13.79,0.0
711,196.458,110.834,-0.18121,-0.0422742,-0.126053,JOIN_RACELINE,-0.10697469570353385,-0.10697469570353385,-0.10697469570353385,0.21592999106138447,0.21592999106138447,-0.019078304296466148,-0.34198299106138447,0.12410543213563342,0.8646737239738158,91.48620854774042,0.0011173958149110735,0.0664950508285801,-35.99439792095583,1.0,44.3779,0,128.0,216.0,7.64609,15.4154,22.6166,54.0554,50.0222,47.9412,46.8138,45.8174,45.1,44.3779,43.6509,42.9192,41.8866,40.6948,38.4257,33.7439,25.404,15.3153,6.45846,20.36672,1.0,0.0,0.0,,brake,0.13798211731901208,0.0,0.3337585721252819,3,13.81,0.0
712,197.069,109.665,-0.295313,-0.0482019,-0.120824,JOIN_RACELINE,-0.09882211748624692,-0.09882211748624692,-0.09882211748624692,0.1894931482618967,0.1894931482618967,-0.022001882513753082,-0.3103171482618967,0.12398369872942733,0.8559784806733799,91.47837563547512,0.0007553408349927585,0.0674529282459752,-35.581964156738344,1.0,44.2506,0,128.0,216.0,7.56949,15.1157,22.0041,53.7863,49.8054,47.7549,46.6453,45.6653,44.96,44.2506,43.5368,42.8187,41.8063,40.6389,38.4204,33.8639,25.8656,15.7202,6.5394,20.273200000000003,1.0,0.0,0.0,,brake,0.14583119265506742,0.0,0.29960659895661435,3,13.83,0.0
713,197.674,108.519,-0.449493,-0.0552484,-0.115024,JOIN_RACELINE,-0.09054942507593665,-0.09054942507593665,-0.09054942507593665,0.19568261287208932,0.19568261287208932,-0.024474574924063353,-0.31070661287208934,0.12385112968760166,0.8465092634001181,91.47058807027145,0.0006153500674991573,0.06786479024637192,-34.955026493418835,1.0,44.2099,0,128.0,216.0,7.48263,14.777,21.3167,53.6018,49.6748,47.6553,46.5635,45.5998,44.9068,44.2099,43.5092,42.8047,41.812,40.6685,38.4989,34.0611,26.3657,16.2167,6.63419,20.18152,1.0,0.0,0.0,,brake,0.14835261100758929,0.0,0.2868669507078228,3,13.85,0.0
714,198.273,107.413,-0.616107,-0.0634119,-0.108583,JOIN_RACELINE,-0.08231201265609202,-0.08231201265609202,-0.08231201265609202,0.2002666191562839,0.2002666191562839,-0.02627098734390798,-0.3088496191562839,0.1016186402062421,0.8299028718744359,91.4627955962681,0.0005277945831927124,0.06814720772865339,-34.28324890313873,1.0,44.2523,0,128.0,216.0,7.38569,14.4035,20.5704,53.4994,49.6274,47.6391,46.5651,45.6177,44.9367,44.2523,43.5644,42.8731,41.8997,40.7794,38.6569,34.3308,26.9039,16.8194,6.7442,20.093040000000002,1.0,0.0,0.0,,brake,0.1468631038707598,0.0,0.2607191524698072,3,13.87,0.0
715,198.865,106.38,-0.79217,-0.0726469,-0.101374,JOIN_RACELINE,-0.07417086382045227,-0.07417086382045227,-0.07417086382045227,0.20459193678900345,0.20459193678900345,-0.02720313617954774,-0.30596593678900347,0.10137581458423808,0.8125581845884349,91.45491923187215,0.0004412622848464396,0.0684263248396895,-33.619321802227475,1.0,44.3707,0,128.0,216.0,7.27878,14.0004,19.7833,53.4731,49.6569,47.6998,46.6434,45.7121,45.043,44.3707,43.6954,43.017,42.0623,40.9644,38.887,34.6656,27.4772,17.5457,6.87109,20.0104,1.0,0.0,0.0,,brake,0.14224011288404026,0.0,0.2363114468601867,3,13.89,0.0
716,199.452,105.455,-1.00552,-0.082759,-0.0933072,JOIN_RACELINE,-0.06609847468781656,-0.06609847468781656,-0.06609847468781656,0.20894816410482123,0.20894816410482123,-0.02720872531218345,-0.30225536410482123,0.10113933155953149,0.7956665399665355,91.44681884743292,0.0003554608336145815,0.06870308454269321,-32.96100219372259,1.0,44.5472,0,128.0,216.0,7.16322,13.5776,18.9772,53.5065,49.7461,47.8198,46.7807,45.8651,45.2076,44.5472,43.884,43.2182,42.2815,41.205,39.1704,35.0468,28.0709,18.4068,7.0152,19.9364,1.0,0.0,0.0,,brake,0.13474026084488222,0.0,0.21448050363254942,3,13.91,0.0
717,200.034,104.618,-1.34903,-0.0938619,-0.0844184,JOIN_RACELINE,-0.0580948452581845,-0.0580948452581845,-0.0580948452581845,0.21332171442984832,0.21332171442984832,-0.026323554741815504,-0.2977401144298483,0.08090832652560209,0.7791661804001491,91.43855368268781,0.00027039022949713366,0.06897748683766451,-32.308290077624044,1.0,44.7866,0,128.0,216.0,7.03923,13.1364,18.154,53.6044,49.8997,48.0039,46.9819,46.0817,45.4355,44.7866,44.1353,43.4814,42.5621,41.5062,39.5122,35.4798,28.6939,19.3945,7.17854,19.869439999999997,1.0,0.0,0.0,,brake,0.12020845606613698,0.0,0.19474872184076628,3,13.93,0.0
718,200.611,103.818,-1.64918,-0.10514,-0.0746692,JOIN_RACELINE,-0.050089582348970874,-0.050089582348970874,-0.050089582348970874,0.21767794174566635,0.21767794174566635,-0.02457961765102913,-0.29234714174566634,0.08067611516965874,0.7625796549756237,91.43027434613803,0.00031070897738778055,0.06923341950725614,-31.64554252446846,1.0,45.0265,0,216.0,216.0,6.91185,12.703,17.3661,53.7081,50.0574,48.1909,47.1852,46.2998,45.6643,45.0265,44.3863,43.7439,42.841,41.8044,39.8486,35.9007,29.2852,20.3028,7.35564,19.80544,1.0,0.0,0.0,,brake,0.1043858019561591,0.0,0.17589822985385628,3,13.95,0.0
719,201.183,103.082,-1.84282,-0.115764,-0.0640161,JOIN_RACELINE,-0.042136600911238796,-0.042136600911238796,-0.042136600911238796,0.22189308415492953,0.22189308415492953,-0.02187949908876121,-0.28590918415492955,0.0804382526860289,0.7455894775734923,91.42190123535173,0.0003809396895038796,0.06948322308471143,-30.98474063449208,1.0,45.2073,0,216.0,216.0,6.7854,12.2979,16.6512,53.7616,50.1614,48.3223,47.332,46.4603,45.8349,45.2073,44.5776,43.9459,43.0583,42.0398,40.1196,36.2498,29.7894,21.0808,7.53975,19.74656,1.0,0.0,0.0,,brake,0.08935419892772403,0.0,0.15857378011067305,3,13.97,0.0
720,201.75,102.406,-1.89919,-0.125247,-0.052415,JOIN_RACELINE,-0.034253138542018294,-0.034253138542018294,-0.034253138542018294,0.22480986514084506,0.22480986514084506,-0.01816186145798171,-0.27722486514084504,0.08012219114345495,0.7230136531039242,91.41344623899957,0.00045055649679378955,0.06973084306446169,-30.329714984812693,1.0,45.2977,0,216.0,216.0,6.6617,11.9286,16.0198,53.7342,50.1804,48.3668,47.3906,46.5317,45.9157,45.2977,44.6778,44.056,43.1828,42.1811,40.294,36.4971,30.18,21.7177,7.7261,19.69248,1.0,0.0,0.0,,brake,0.07564093493871898,0.0,0.14267985145239134,3,13.99,0.0
721,202.314,101.787,-1.82247,-0.133354,-0.0399144,JOIN_RACELINE,-0.026411387613904977,-0.026411387613904977,-0.026411387613904977,0.22773551725352104,0.22773551725352104,-0.013503012386095026,-0.26764991725352105,0.07980934849156349,0.700667749397391,91.40488365969418,0.0005198049611879838,0.06997715288558892,-29.67815507931152,1.0,45.2851,0,216.0,216.0,6.54162,11.596,15.4694,23.3659,50.1018,48.3116,47.3486,46.5016,45.8943,45.2851,44.6743,44.0619,43.202,42.2161,40.3601,36.6317,30.4492,22.2154,7.91089,19.642960000000002,1.0,0.0,0.0,,brake,0.0649202979326667,0.0,0.12814562715013875,3,14.01,0.0
722,202.874,101.22,-1.64713,-0.140081,-0.0265085,JOIN_RACELINE,-0.018625251940600843,-0.018625251940600843,-0.018625251940600843,0.2306620792253521,0.2306620792253521,-0.007883248059399158,-0.2571705792253521,0.07950010289237883,0.6785787780270587,91.3962650640365,0.0005885623017212276,0.07022171582855213,-29.031216166047933,1.0,45.1734,0,216.0,216.0,6.42444,11.2953,14.9878,21.7927,49.9284,48.16,47.2092,46.3733,45.7741,45.1734,44.5711,43.9674,43.1201,42.1492,40.3227,36.6595,30.6055,22.5886,8.09284,19.5976,1.0,0.0,0.0,,brake,0.057556442774301,0.0,0.11485083180865477,3,14.03,0.0
723,203.43,100.702,-1.41557,-0.145637,-0.0122603,JOIN_RACELINE,-0.010776827365081423,-0.010776827365081423,-0.010776827365081423,0.2335881862676057,0.2335881862676057,-0.0014834726349185774,-0.2458484862676057,0.07918686450389828,0.656204607421305,91.38757901699195,0.000677415265449392,0.07061172938674948,-28.37713193155354,1.0,44.98,0,128.0,216.0,6.30898,11.0187,14.5581,20.8194,49.6769,47.9288,46.9896,46.1642,45.5728,44.98,44.3859,43.7906,42.9553,41.9986,40.2004,36.6,30.6698,22.8609,8.27247,19.55616,1.0,0.0,0.0,,brake,0.053049455603690496,0.0,0.10272430911923924,3,14.05,0.0
724,203.983,100.226,-1.17536,-0.150327,0.00275393,JOIN_RACELINE,-0.002883946403861009,-0.002883946403861009,-0.002883946403861009,0.23651634049295772,0.23651634049295772,0.005637876403861009,-0.23376241049295773,0.07887092734797937,0.6336376677128124,91.37882779373847,0.0007809452867123437,0.07110800904519221,-27.717914273178298,1.0,44.728,0,128.0,216.0,6.19385,10.7578,14.1632,20.0834,49.3691,47.6405,46.7124,45.8972,45.3132,44.728,44.1417,43.5545,42.7309,41.788,40.0171,36.4776,30.6675,23.0584,8.45158,19.518079999999998,1.0,0.0,0.0,,brake,0.050300349283792054,0.0,0.0915993382443222,3,14.07,0.0
725,204.533,99.7884,-0.956804,-0.154444,0.0184573,JOIN_RACELINE,0.004966116034965596,0.004966116034965596,0.004966116034965596,0.2392008063676066,0.2392008063676066,0.013491183965034403,-0.2207435063676066,0.07854220756662261,0.6101576833301863,91.37002203104682,0.0008839136622903218,0.07160159640892368,-27.062272840797878,1.0,44.4382,0,128.0,216.0,6.07793,10.5058,13.7893,19.4677,49.0251,47.3155,46.3981,45.5926,45.016,44.4382,43.8596,43.2802,42.4679,41.5385,39.7943,36.3141,30.6205,23.2033,8.63223,19.483072,1.0,0.0,0.0,,brake,0.048119356854996985,0.0,0.08138995164174238,3,14.09,0.0
726,205.08,99.3866,-0.774386,-0.158212,0.034711,JOIN_RACELINE,0.012773359951399207,0.012773359951399207,0.012773359951399207,0.24144398673934392,0.24144398673934392,0.02193764004860079,-0.20673298673934393,0.07818813079559649,0.5848664853997486,91.36116941709317,0.0009863203921833372,0.07209249147794392,-26.41020763441221,1.0,44.1259,0,128.0,216.0,5.96091,10.2587,13.4282,18.9189,48.6599,46.9687,46.0618,45.266,44.6964,44.1259,43.5548,42.9831,42.1819,41.2656,39.5475,36.1251,30.5444,23.3108,8.81552,19.450928,1.0,0.0,0.0,,brake,0.045573086360835305,0.0,0.0720340614977818,3,14.11,0.0
727,205.624,99.0158,-0.62957,-0.161746,0.0514998,JOIN_RACELINE,0.020537785345438608,0.020537785345438608,0.020537785345438608,0.24368490151877303,0.24368490151877303,0.03096201465456139,-0.19218510151877305,0.07783663466557583,0.5597596189697019,91.35228408121037,0.0010881654763913737,0.07258069425225286,-25.761718654021394,1.0,43.7988,0,128.0,216.0,5.84231,10.014,13.0748,18.4116,48.2808,46.6077,45.7112,44.9248,44.3621,43.7988,43.235,42.6708,41.8805,40.9771,39.2846,35.9187,30.4477,23.3898,9.00251,19.421264,1.0,0.0,0.0,,brake,0.04215511464827347,0.0,0.06341704568546733,3,14.13,0.0
728,206.166,98.6739,-0.521818,-0.165043,0.0687101,RACE,0.02833846857914283,0.02833846857914283,0.02833846857914283,0.24592717565358696,0.24592717565358696,0.04037163142085717,-0.17721707565358696,0.07748291772291918,0.5344941230656551,91.34337489113192,0.0011626118461019234,0.07307844387445157,-25.111836044549438,1.0,43.4566,0,128.0,216.0,5.72276,9.77244,12.7301,17.9452,47.8875,46.2322,45.3459,44.5687,44.0129,43.4566,42.9,42.3432,41.5636,40.6728,39.0053,35.6947,30.3303,23.4413,9.19203,19.393912,1.0,0.0,0.0,,brake,0.03762437334169866,0.0,0.0554886930682878,3,14.15,0.0
729,206.707,98.365,-0.448782,-0.168022,0.0863157,RACE,0.036438679176510336,0.036438679176510336,0.036438679176510336,0.24817659511798756,0.24817659511798756,0.04987702082348966,-0.16186089511798757,0.07711059465082129,0.5078996179158055,91.33439270816285,0.001106010428619642,0.07363021640229497,-24.44485224434694,1.0,43.0942,0,128.0,216.0,5.60267,9.53532,12.3989,17.5284,47.4748,45.8371,44.9607,44.1926,43.6435,43.0942,42.5447,41.9951,41.226,40.3477,38.7048,35.4484,30.1882,23.4627,9.38263,19.3692,1.0,0.0,0.0,,brake,0.03189494058452104,0.0,0.048347792662789116,3,14.17,0.0
730,207.245,98.0764,-0.392462,-0.170517,0.10423,RACE,0.0444939717853529,0.0444939717853529,0.0444939717853529,0.2504200194765887,0.2504200194765887,0.0597360282146471,-0.14619001947658872,0.07674074848944229,0.4814820349601627,91.32540929545054,0.0010497228822139708,0.07417892919338509,-23.781567060411728,1.0,42.7012,0,128.0,216.0,5.48313,9.30586,12.0877,17.1848,47.0325,45.4119,44.5453,43.7862,43.2438,42.7012,42.1587,41.6163,40.8575,39.9915,38.3729,35.1701,30.0125,23.447,9.57102,19.346112,1.0,0.0,0.0,,turn,0.025314471842531508,0.0,0.041690254870225374,3,14.19,0.0
731,207.781,97.8059,-0.341931,-0.17256,0.122396,RACE,0.0525193190685119,0.0525193190685119,0.0525193190685119,0.25254261283044427,0.25254261283044427,0.0698766809314881,-0.13014661283044426,0.07636511869394116,0.45465133528151075,91.3164128264483,0.0009936445831927082,0.07472560215997302,-23.120747620654722,1.0,42.2804,0,128.0,216.0,5.3642,9.08337,11.7958,16.9137,46.5629,44.9593,44.1023,43.3521,42.8162,42.2804,41.7447,41.2095,40.4609,39.607,38.0125,34.8627,29.8062,23.3979,9.75671,19.324472,1.0,0.0,0.0,,turn,0.018191308162877565,0.0,0.03546398032265939,3,14.21,0.0
732,208.316,97.556,-0.296506,-0.174187,0.140761,RACE,0.060529693688829114,0.060529693688829114,0.060529693688829114,0.2545954260698807,0.2545954260698807,0.08023130631117088,-0.11383442606988073,0.07598600115152147,0.4275715108229619,91.30737776902878,0.0009376709078636502,0.07527125521430984,-22.46116105298682,1.0,41.8344,0,128.0,216.0,5.24596,8.86715,11.5225,16.72,46.0687,44.4818,43.6345,42.8931,42.3636,41.8344,41.3057,40.7774,40.0391,39.1972,37.6266,34.5293,29.5728,23.3188,9.93937,19.304479999999998,1.0,0.0,0.0,,turn,0.010727180471538644,0.0,0.029729100737410044,3,14.23,0.0
733,208.849,97.3252,-0.257602,-0.175413,0.159278,RACE,0.06851012298346275,0.06851012298346275,0.06851012298346275,0.266556152984832,0.266556152984832,0.09076787701653725,-0.10727815298483198,0.07623929281826895,0.44566377273349644,91.20752365241523,0.0008819064799190007,0.07581486844414445,-21.80404022949713,1.0,41.3648,0,128.0,216.0,5.1285,8.65689,11.2682,16.6198,45.551,43.9808,43.143,42.4103,41.8873,41.3648,40.8429,40.3216,39.5933,38.7635,37.2166,34.1715,29.3141,23.2119,10.1184,21.786016,1.0,0.0,0.0,,turn,0.005585535646664791,0.0,0.026611341609161003,3,14.25,0.0
734,209.381,97.1114,-0.229667,-0.176287,0.177905,RACE,0.07665335144621842,0.07665335144621842,0.07665335144621842,0.26857679204767065,0.26857679204767065,0.10125164855378159,-0.09067179204767065,0.0758496734928197,0.4178338209156919,91.19850227179741,0.0006108602821559871,0.07593051807350906,-21.132436768031305,1.0,40.8748,0,128.0,216.0,5.01181,8.4518,11.0323,16.6415,45.0132,43.4595,42.6312,41.9072,41.3907,40.8748,40.3596,39.8454,39.1272,38.3093,36.7861,33.7929,29.0337,23.0811,10.2939,21.768912,1.0,0.0,0.0,,turn,-0.0010794538402704628,0.0,0.021735660195299863,3,14.27,0.0
735,209.912,96.9138,-0.227058,-0.176853,0.196584,RACE,0.0848777670525501,0.0848777670525501,0.0848777670525501,0.2705985927221019,0.2705985927221019,0.11170623294744991,-0.0740145927221019,0.07545496163351693,0.38964011667978093,91.18945769780991,0.0002234125451415738,0.07581420668939215,-20.45356539201456,1.0,40.3672,0,128.0,216.0,4.89601,8.25138,10.8147,16.8616,44.4577,42.9207,42.1019,41.3866,40.8765,40.3672,39.8589,39.3516,38.6435,37.8375,36.3379,33.3964,28.7346,22.929,10.4593,21.753104,1.0,0.0,0.0,,turn,-0.00895038187412095,0.0,0.017246245290240023,3,14.29,0.0
736,210.442,96.7221,-0.216758,-0.17695,0.215275,JOIN_RACELINE,0.09308669411725018,0.09308669411725018,0.09308669411725018,0.27261832133261105,0.27261832133261105,0.12218830588274981,-0.05734332133261105,0.07506110355006843,0.36150739643345847,91.18043854452094,-0.0001633055351176301,0.07569811434742987,-19.775972493165465,1.0,39.8332,0,128.0,216.0,4.78178,8.05801,10.6223,17.7809,43.8757,42.3553,41.5461,40.8395,40.3359,39.8332,39.3317,38.8315,38.1335,37.3395,35.8636,32.9739,28.4095,22.7502,10.6018,21.737768,1.0,0.0,0.0,,turn,-0.017215478765664444,0.0,0.012896701320929963,3,14.31,0.0
737,210.97,96.5462,-0.199192,-0.176502,0.233918,JOIN_RACELINE,0.1012646440986871,0.1012646440986871,0.1012646440986871,0.2746351561607475,0.2746351561607475,0.13265335590131289,-0.04071715616074753,0.07466903258576749,0.33350232755482007,91.17141319295204,-0.0005485643018664149,0.0755824600897769,-19.10093654865166,1.0,39.2692,0,128.0,216.0,4.66963,7.8729,10.46,46.2773,43.2633,41.7596,40.96,40.2623,39.7651,39.2692,38.7746,38.2814,37.5936,36.8118,35.3598,32.5224,28.0558,22.5427,10.721,21.723696,1.0,0.0,0.0,,turn,-0.025403466353053072,0.0,0.008923495405903668,3,14.33,0.0
738,211.498,96.3829,-0.177883,-0.175485,0.252489,JOIN_RACELINE,0.10944259408012402,0.10944259408012402,0.10944259408012402,0.27664646964282086,0.27664646964282086,0.143046405919876,-0.02415746964282084,0.07427661026308072,0.30547216164862195,91.16235479937285,-0.0009338230686151996,0.07546680583212394,-18.42590060413785,1.0,38.6745,0,128.0,216.0,4.55968,7.6988,10.3317,45.6046,42.6194,41.1328,40.343,39.6542,39.1637,38.6745,38.1869,37.701,37.0235,36.254,34.8262,32.0418,27.6738,22.3075,10.8176,21.710632,1.0,0.0,0.0,,turn,-0.03330634142289996,0.0,0.005251076205408502,3,14.35,0.0
739,212.025,96.2321,-0.152267,-0.17385,0.270917,JOIN_RACELINE,0.11758508403644956,0.11758508403644956,0.11758508403644956,0.2786577831248942,0.2786577831248942,0.15333191596355045,-0.007740783124894179,0.07388644448744648,0.2776031776747483,91.15328173001068,-0.0013261109854876818,0.07528298781640229,-17.750851873101585,1.0,38.0475,0,128.0,216.0,4.45236,7.54298,10.2444,44.8979,41.9422,40.4729,39.693,39.0134,38.5296,38.0475,37.567,37.0883,36.4215,35.6645,34.2614,31.5308,27.2627,22.044,10.8917,21.698568,1.0,0.0,0.0,,turn,-0.04076942623262511,0.0,0.0018766254759363561,3,14.37,0.0
740,212.551,96.0914,-0.129624,-0.171658,0.289135,JOIN_RACELINE,0.12532330205872402,0.12532330205872402,0.12532330205872402,0.28066834666486096,0.28066834666486096,0.16381169794127595,0.008466653335139018,0.0735219573840269,0.2515683845733497,91.14420092736296,-0.0018687093655079144,0.07376818592642596,-17.051944684441466,1.0,37.3923,0,128.0,216.0,4.3478,7.40641,10.2032,44.1612,41.2356,39.7841,39.0145,38.3442,37.8673,37.3923,36.9191,36.4479,35.7918,35.0476,33.6697,30.9938,26.8268,21.7564,10.945,21.687312,1.0,0.0,0.0,,turn,-0.04799469131402359,0.22,0.0,3,14.39,0.0
741,213.077,96.095,-0.117361,-0.1691,0.307124,JOIN_RACELINE,0.13306152008099892,0.13306152008099892,0.13306152008099892,0.28272400047398183,0.28272400047398183,0.1740624799190011,0.02439999952601818,0.07316033966137164,0.2257385472408314,91.13471346759731,-0.002411307745528176,0.07225338403644956,-16.353037495781308,1.0,36.7198,0,128.0,216.0,4.24544,7.28779,10.2099,43.4052,40.5106,39.0773,38.3181,37.6573,37.1876,36.7198,36.254,35.7905,35.1454,34.4142,33.0618,30.4413,26.3759,21.4529,10.9811,21.6876,1.0,0.0,0.0,,turn,-0.05506772041409928,0.26921974875374266,0.0,3,14.41,0.0
742,213.604,96.2218,-0.121129,-0.166308,0.324841,JOIN_RACELINE,0.14081444954438085,0.14081444954438085,0.14081444954438085,0.2848220572597082,0.2848220572597082,0.18402655045561914,0.040018942740291774,0.07280048412733903,0.20003458052421527,91.12487625285564,-0.0029549376814039944,0.07073570229497127,-15.652801586230158,1.0,36.0365,0,128.0,216.0,4.14509,7.18721,10.2716,42.6363,39.7737,38.359,37.6105,36.9595,36.4969,36.0365,35.5783,35.1225,34.4887,33.7706,32.4441,29.8794,25.9156,21.1387,11.0021,21.697744,1.0,0.0,0.0,,turn,-0.06214413960523728,0.0,0.002307708265341884,3,14.43,0.0
743,214.132,96.1606,-0.122598,-0.163096,0.342254,JOIN_RACELINE,0.14858209044886944,0.14858209044886944,0.14858209044886944,0.2868620483085049,0.2868620483085049,0.19367190955113056,0.05539195169149508,0.07243599731834044,0.17399980845288854,91.115565393699,-0.00349959917313534,0.06921514070199121,-14.951236955788048,1.0,35.3335,0,128.0,216.0,4.04747,7.10977,10.4148,41.8451,39.0154,37.62,36.8825,36.2415,35.7863,35.3335,34.8831,34.4353,33.8128,33.1082,31.8082,29.3002,25.439,20.808,11.0063,21.692848,1.0,0.0,0.0,,turn,-0.06900206952854494,0.0,0.0010722525309762297,3,14.45,0.0
744,214.659,96.0231,-0.104229,-0.159272,0.35928,JOIN_RACELINE,0.15633501991225096,0.15633501991225096,0.15633501991225096,0.2888681520463164,0.2888681520463164,0.20294498008774903,0.0704118479536836,0.07207029022671325,0.147877873336661,91.1064952691165,-0.004043229109011129,0.06769745896051302,-14.251001046236933,1.0,34.6028,0,128.0,216.0,3.95358,7.06208,10.6843,41.0227,38.2274,36.852,36.1259,35.4953,35.0478,34.6028,34.1604,33.7208,33.1101,32.4194,31.1466,28.6967,24.9398,20.456,10.9922,21.681848000000002,1.0,0.0,0.0,,turn,-0.07515795341948961,0.22,0.0,3,14.47,0.0
745,215.185,96.0083,-0.0852382,-0.15511,0.375893,JOIN_RACELINE,0.1634822524130949,0.1634822524130949,0.1634822524130949,0.29090853061078015,0.29090853061078015,0.2124107475869051,0.08498446938921983,0.07174530861257998,0.12466490089856934,91.09709406553189,-0.0035277431859601616,0.06566044323320956,-13.541721734728311,1.0,33.8592,0,128.0,216.0,3.86273,7.04365,11.1338,40.1844,37.4248,36.07,35.3557,34.7358,34.2961,33.8592,33.4251,32.9938,32.3952,31.7188,30.4736,28.0826,24.4306,20.0931,10.9637,21.680664,1.0,0.0,0.0,,turn,-0.08041800113704892,0.2711074640589187,0.0,3,14.49,0.0
746,215.713,96.1324,-0.081514,-0.150823,0.392089,JOIN_RACELINE,0.16984872423219705,0.16984872423219705,0.16984872423219705,0.29299988598185267,0.29299988598185267,0.22224027576780297,0.09908911401814735,0.07147325574770537,0.10523255340752553,91.08726182959221,-0.0015637898953763216,0.06290176351670605,-12.81556581167736,1.0,33.113,0,128.0,216.0,3.77434,7.0553,11.912,39.3408,36.6182,35.2846,34.5824,33.9734,33.5418,33.113,32.6873,32.2646,31.6783,31.0162,29.799,27.4673,23.9197,19.7261,10.9239,21.690592000000002,1.0,0.0,0.0,,turn,-0.08487746024913234,0.0,0.0010747183430427618,3,14.51,0.0
747,216.241,96.0764,-0.0766963,-0.146194,0.407836,JOIN_RACELINE,0.17621519605129957,0.17621519605129957,0.17621519605129957,0.2950352259601843,0.2950352259601843,0.2316208039487004,0.1128007740398157,0.07119763826692903,0.08554559049493048,91.07795061108371,0.0004001633952076247,0.060143083800202404,-12.089409888626369,1.0,32.3541,0,128.0,216.0,3.69397,7.1069,14.5378,38.481,35.7969,34.4853,33.7955,33.1978,32.7744,32.3541,31.937,31.5231,30.9493,30.3019,29.1133,26.8416,23.3991,19.3488,10.8708,21.686112,1.0,0.0,0.0,,turn,-0.08871517265319073,0.22,0.0,3,14.53,0.0
748,216.769,96.0528,-0.0424018,-0.14129,0.423085,JOIN_RACELINE,0.18258166787040175,0.18258166787040175,0.18258166787040175,0.2970806431107801,0.2970806431107801,0.24050333212959824,0.1260043568892199,0.07092266206075136,0.06590443291081056,91.06855011800458,0.0023641166857914647,0.057384404083698895,-11.363253965575417,1.0,31.5875,0,105.0,216.0,3.626,7.20537,42.1611,37.6101,34.966,33.6771,33.0001,32.414,31.9991,31.5875,31.1791,30.7742,30.2133,29.5809,28.4212,26.2103,22.873,18.9645,10.8057,21.684224,1.0,0.0,0.0,,turn,-0.09153467549552849,0.26829808146171447,0.0,3,14.55,0.0
749,217.298,96.1749,-0.0264017,-0.136568,0.437858,JOIN_RACELINE,0.1889601974012826,0.1889601974012826,0.1889601974012826,0.2991679778494042,0.2991679778494042,0.24889780259871744,0.13869002215059584,0.07064958602851684,0.04639900203691634,91.05871754008834,0.004331789584880218,0.05462049959500502,-10.635722747215649,1.0,30.8339,0,105.0,216.0,3.5695,7.3508,41.2501,36.7507,34.1475,32.8816,32.2176,31.6432,31.2368,30.8339,30.4344,30.0385,29.4904,28.873,27.7422,25.5914,22.3571,18.5859,10.7337,21.693992,1.0,0.0,0.0,,turn,-0.09397961977121158,0.0,0.002766249045515611,3,14.57,0.0
750,217.827,96.1156,-0.0196523,-0.131726,0.452153,JOIN_RACELINE,0.19533872693216342,0.19533872693216342,0.19533872693216342,0.3011964168959913,0.3011964168959913,0.2568142730678366,0.15095658310400872,0.07037276208860724,0.0266258634719449,91.04940888006122,0.0062994624839689695,0.051856595106311146,-9.908191528855882,1.0,30.0795,0,105.0,216.0,3.52596,7.56317,40.333,35.8876,33.3267,32.0845,31.4337,30.8712,30.4736,30.0795,29.689,29.3023,28.7672,28.1649,27.0632,24.9727,21.8408,18.2045,10.6522,21.689248,1.0,0.0,0.0,,turn,-0.0962783087911605,0.0,0.0015759790461614,3,14.59,0.0
751,218.383,95.9733,0.00211784,-0.114944,0.465418,JOIN_RACELINE,0.2004106378995126,0.2004106378995126,0.2004106378995126,0.30330363237811486,0.30330363237811486,0.26500736210048736,0.16211436762188514,0.07018409964863834,0.013149974902737505,97.89480020077809,0.008856112503385784,0.04887722183098582,-9.124168099945804,1.0,29.3092,0,105.0,216.0,3.49751,7.87612,39.3921,35.004,32.4874,31.2699,30.6328,30.0827,29.6941,29.3092,28.928,28.5507,28.0289,27.4422,26.3703,24.3412,21.3128,17.8115,10.558,21.677864,1.0,0.0,0.0,,turn,-0.0939119614870792,0.22,0.0,3,14.61,0.0
752,218.946,95.9415,0.0264904,-0.0953845,0.476654,JOIN_RACELINE,0.2051914487743771,0.2051914487743771,0.2051914487743771,0.30547213561755143,0.30547213561755143,0.2714625512256229,0.1711818643824486,0.0700178618900202,0.0012758492871560825,97.98979320570275,0.011551196705715094,0.045844158450704185,-8.32606375270855,1.0,28.5389,0,105.0,216.0,3.4841,8.32092,38.4456,34.1176,31.6467,30.4544,29.8314,29.2939,28.9145,28.5389,28.1672,27.7994,27.2912,26.7202,25.6783,23.7108,20.785,17.4163,10.4548,21.67532,1.0,0.0,0.0,,turn,-0.08748187159814651,0.44,0.0,3,14.63,0.0
753,219.512,96.165,0.0619539,-0.0759667,0.485886,JOIN_RACELINE,0.20999773466278449,0.20999773466278449,0.20999773466278449,0.30773127044962073,0.30773127044962073,0.2758882653372155,0.17815472955037925,0.07,0.0,98.0,0.014260641925108392,0.04279493309859149,-7.5237066291982515,1.0,27.7829,0,105.0,216.0,3.48512,8.95623,37.5101,33.2442,30.8198,29.6531,29.0443,28.5195,28.1492,27.7829,27.4206,27.0624,26.5677,26.0123,25.0002,23.0933,20.2678,17.0271,10.3461,21.6932,1.0,0.0,0.0,,turn,-0.0781158103552734,0.5305769230769228,0.0,3,14.65,0.0
754,220.081,96.5244,0.181822,-0.0563987,0.49315,JOIN_RACELINE,0.21482949556473457,0.21482949556473457,0.21482949556473457,0.31003958421640654,0.31003958421640654,0.2783205044352654,0.18311041578359344,0.07,0.0,98.0,0.01698444816156555,0.039729545774647886,-6.717096729414951,1.0,27.0287,0,105.0,216.0,3.5022,9.97622,36.5708,32.3697,29.9933,28.8527,28.2584,27.7464,27.3856,27.0287,26.676,26.3274,25.8463,25.3067,24.3246,22.4783,19.752,16.6369,10.2297,21.721952,1.0,0.0,0.0,,turn,-0.06523897183565552,0.5167538461538461,0.0,3,14.67,0.0
755,220.653,96.9612,0.284275,-0.0371283,0.498473,JOIN_RACELINE,0.21968673148022755,0.21968673148022755,0.21968673148022755,0.31237698747333853,0.31237698747333853,0.27878626851977245,0.18609601252666147,0.07,0.0,98.0,0.019722615415086693,0.036647996478873214,-5.906234053358608,1.0,26.2944,0,105.0,216.0,3.53454,12.5453,35.6498,31.5149,29.1869,28.0725,27.4925,26.9934,26.6419,26.2944,25.9511,25.612,25.1445,24.6204,23.6677,21.8805,19.2504,16.2556,10.1096,21.756896,1.0,0.0,0.0,,turn,-0.05031841174301481,0.49995384615384597,0.0,3,14.69,0.0
756,221.229,97.3798,0.33298,-0.0186582,0.50186,JOIN_RACELINE,0.22359588556338042,0.22359588556338042,0.22359588556338042,0.31472418793377793,0.31472418793377793,0.2782641144366196,0.18713581206622204,0.07,0.0,98.0,0.021110005606717247,0.03420678791982657,-5.069787411971797,1.0,25.598,0,105.0,216.0,3.58106,40.8821,34.7705,30.7014,28.4207,27.3317,26.7657,26.279,25.9364,25.598,25.2638,24.9339,24.4793,23.9701,23.0454,21.3145,18.7749,15.8926,9.98935,21.790384,1.0,0.0,0.0,,turn,-0.03528131301976983,0.4838538461538461,0.0,3,14.71,0.0
757,221.808,97.7752,0.330623,-0.00118697,0.503314,JOIN_RACELINE,0.22688843838028167,0.22688843838028167,0.22688843838028167,0.3170757940549141,0.3170757940549141,0.2764255616197184,0.18623820594508594,0.07,0.0,98.0,0.021616081717226433,0.03218216982665223,-4.216068221830989,1.0,24.9442,0,105.0,216.0,3.6416,39.9933,33.9405,29.9355,27.7003,26.6357,26.083,25.6081,25.274,24.9442,24.6186,24.2974,23.855,23.3598,22.4616,20.7834,18.3281,15.5495,9.8699,21.822015999999998,1.0,0.0,0.0,,turn,-0.021080564623889672,0.46864615384615393,0.0,3,14.73,0.0
758,222.389,98.1486,0.29924,0.0153257,0.502909,JOIN_RACELINE,0.23019236443661978,0.23019236443661978,0.23019236443661978,0.3194283244405322,0.3194283244405322,0.27271663556338027,0.18348067555946784,0.07,0.0,98.0,0.02212390593174432,0.030150558234019464,-3.359400088028153,1.0,24.3288,0,105.0,216.0,3.71635,39.151,33.1562,29.2131,27.0216,25.9802,25.4401,24.9765,24.6505,24.3288,24.0114,23.6984,23.2675,22.7856,21.9122,20.2833,17.9064,15.2238,9.75063,21.851888000000002,1.0,0.0,0.0,,turn,-0.007668374778828521,0.45428461538461534,0.0,3,14.75,0.0
759,222.971,98.502,0.261418,0.0310048,0.500689,JOIN_RACELINE,0.23350197711267606,0.23350197711267606,0.23350197711267606,0.32177219880823393,0.32177219880823393,0.267187022887324,0.17891680119176612,0.07,0.0,98.0,0.022632604198266522,0.028115449891657637,-2.501257482394366,1.0,23.7446,0,105.0,216.0,3.80613,38.3476,32.4099,28.5268,26.3772,25.3579,24.8299,24.377,24.0586,23.7446,23.435,23.1298,22.7098,22.2404,21.3906,19.808,17.5045,14.9112,9.63034,21.88016,1.0,0.0,0.0,,turn,0.00535996199705388,0.4406923076923079,0.0,3,14.77,0.0
760,223.556,98.8383,0.23211,0.0459512,0.496746,JOIN_RACELINE,0.23682864964788736,0.23682864964788736,0.23682864964788736,0.3241173888407367,0.3241173888407367,0.25991735035211266,0.1726286111592633,0.07,0.0,98.0,0.023143924620801736,0.026069851300108332,-1.6386914612676002,1.0,23.1865,0,105.0,216.0,3.91135,37.5772,31.6955,27.8706,25.7614,24.7633,24.2469,23.8041,23.4931,23.1865,22.8843,22.5865,22.1769,21.7194,20.8918,19.3531,17.1186,14.6091,9.50842,21.907064,1.0,0.0,0.0,,turn,0.018468433965352794,0.42775769230769217,0.0,3,14.79,0.0
761,224.141,99.1593,0.214018,0.0602065,0.491153,JOIN_RACELINE,0.23974510620577572,0.23974510620577572,0.23974510620577572,0.326457887757313,0.326457887757313,0.2514078937942243,0.16469511224268701,0.07,0.0,98.0,0.023569611680265418,0.02465921203913738,-1.1024278701289987,1.0,22.6515,0,105.0,216.0,4.03235,36.837,31.0102,27.2416,25.1712,24.1935,23.6881,23.2551,22.9511,22.6515,22.3563,22.0655,21.6659,21.2197,20.4132,18.916,16.7466,14.3157,9.3846,21.932744,1.0,0.0,0.0,,turn,0.031980017306425496,0.41541153846153844,0.0,3,14.81,0.0
762,224.728,99.4651,0.205213,0.0737778,0.483987,JOIN_RACELINE,0.2423026113687917,0.2423026113687917,0.2423026113687917,0.32880139144095344,0.32880139144095344,0.2416843886312083,0.15518560855904656,0.07,0.0,98.0,0.023919740874157835,0.023814792158987037,-0.8577865727731324,1.0,22.138,0,105.0,216.0,4.16923,36.126,30.3525,26.6382,24.605,23.6468,23.152,22.7282,22.4309,22.138,21.8495,21.5655,21.1752,20.7398,19.9533,18.4955,16.3875,14.0305,9.25895,21.957208,1.0,0.0,0.0,,turn,0.046018879696559836,0.40364999999999973,0.0,3,14.83,0.0
763,225.315,99.7589,0.201846,0.0866245,0.47533,JOIN_RACELINE,0.2448601165318075,0.2448601165318075,0.2448601165318075,0.33114121581798484,0.33114121581798484,0.23046988346819247,0.14418878418201514,0.07,0.0,98.0,0.024269870068050235,0.02297037227883673,-0.613145275417278,1.0,21.6463,0,82.0,216.0,4.32179,35.4456,29.7234,26.0611,24.0633,23.1236,22.6388,22.2239,21.9329,21.6463,21.3642,21.0865,20.7052,20.2799,19.5123,18.0915,16.0412,13.7535,9.13179,21.980712,1.0,0.0,0.0,,turn,0.060523365310066496,0.39235000000000014,0.0,3,14.85,0.0
764,225.902,100.04,0.202826,0.0986831,0.465263,JOIN_RACELINE,0.24741762169482334,0.24741762169482334,0.24741762169482334,0.3334690360238352,0.3334690360238352,0.21784537830517664,0.13179396397616477,0.07,0.0,98.0,0.024619999261942634,0.022125952398686425,-0.36850397806142365,1.0,21.1774,0,82.0,216.0,4.48944,34.7982,29.1247,25.5116,23.5474,22.6251,22.1497,21.7431,21.458,21.1774,20.9013,20.6296,20.2566,19.8407,19.091,17.7048,15.7083,13.4852,9.00362,22.0032,1.0,0.0,0.0,,turn,0.07539920840137793,0.3815384615384613,0.0,3,14.87,0.0
765,226.489,100.309,0.200765,0.109919,0.453874,JOIN_RACELINE,0.2499751268578393,0.2499751268578393,0.2499751268578393,0.33579013106717226,0.33579013106717226,0.2038988731421607,0.11808386893282774,0.07,0.0,98.0,0.02497012845583505,0.02128153251853608,-0.1238626807055574,1.0,20.7313,0,82.0,216.0,4.67161,34.1851,28.5571,24.9902,23.0573,22.1513,21.6847,21.2859,21.0063,20.7313,20.4607,20.1946,19.8293,19.4224,18.6892,17.3352,15.3888,13.2257,8.87475,22.024720000000002,1.0,0.0,0.0,,turn,0.09044795031724112,0.3711923076923078,0.0,3,14.89,0.0
766,227.077,100.561,0.197508,0.120312,0.441253,JOIN_RACELINE,0.25242912391657635,0.25242912391657635,0.25242912391657635,0.33810985295232937,0.33810985295232937,0.18882387608342366,0.10314314704767064,0.07,0.0,90.8724439794441,0.025206040465872156,0.02074756893282774,0.0,1.0,20.3076,0,82.0,216.0,4.86762,33.6066,28.0206,24.4965,22.5927,21.7019,21.2435,20.8518,20.5775,20.3076,20.0422,19.7812,19.4232,19.0245,18.3066,16.9825,15.0824,12.9749,8.74541,22.04488,1.0,0.0,0.0,,brake,0.105558765298788,0.0,0.11163228620371209,3,14.91,0.0
767,227.663,100.32,0.163848,0.129614,0.427501,JOIN_RACELINE,0.2547649100758397,0.2547649100758397,0.2547649100758397,0.3402715090736728,0.3402715090736728,0.17273608992416034,0.0872294909263272,0.07,0.0,90.86278633729182,0.02532420866738895,0.02053309642470206,0.0,1.0,19.9131,0,82.0,216.0,5.07452,33.0744,27.5252,24.0393,22.1616,21.2843,20.8332,20.4481,20.1783,19.9131,19.6523,19.396,19.0445,18.6532,17.949,16.6518,14.7935,12.7361,8.61712,22.025599999999997,1.0,0.0,0.0,,brake,0.11998695857485678,0.0,0.10612413482638501,3,14.93,0.0
768,228.244,99.8497,0.0936447,0.137486,0.412804,JOIN_RACELINE,0.25708076631906823,0.25708076631906823,0.25708076631906823,0.34234412351570964,0.34234412351570964,0.15572323368093177,0.07045987648429036,0.07,0.0,90.85386754383649,0.02544136860780065,0.020320453886782233,0.0,1.0,19.5575,0,82.0,216.0,5.2869,32.605,27.085,23.6307,21.7749,20.9091,20.4642,20.0845,19.8188,19.5575,19.3006,19.0482,18.7022,18.3173,17.6249,16.3507,14.5284,12.5145,8.49218,21.987976,1.0,0.0,0.0,,brake,0.13318575914102626,0.0,0.09513886800389315,3,14.95,0.0
769,228.821,99.4049,0.00631972,0.144004,0.397262,JOIN_RACELINE,0.2593806786294691,0.2593806786294691,0.2593806786294691,0.34440278836577853,0.34440278836577853,0.13788132137053088,0.05285921163422147,0.07,0.0,90.84495061470261,0.025557721939328273,0.020109275325027088,0.0,1.0,19.2373,0,82.0,216.0,5.50307,32.1942,26.6959,23.2668,21.4289,20.5727,20.1329,19.7578,19.4953,19.2373,18.9837,18.7346,18.3933,18.0136,17.3311,16.0765,14.2847,12.3081,8.37025,21.952392,1.0,0.0,0.0,,brake,0.14523697660748158,0.0,0.08476069964993778,3,14.97,0.0
770,229.394,98.9895,-0.0888246,0.149345,0.38106,RACE,0.2616646470070423,0.2616646470070423,0.2616646470070423,0.3464518856281952,0.3464518856281952,0.11939535299295773,0.03460811437180483,0.07,0.0,90.83602455547593,0.02567326866197183,0.01989956073943662,0.0,1.0,18.9474,0,82.0,216.0,5.72137,31.8344,26.3509,22.9414,21.1179,20.2694,19.8339,19.4625,19.2026,18.9474,18.6965,18.4502,18.1127,17.7375,17.0633,15.825,14.0594,12.115,8.25111,21.91916,1.0,0.0,0.0,,brake,0.1563460627502551,0.0,0.07508274867914468,3,14.99,0.0
771,229.963,98.6018,-0.185672,0.15367,0.364278,RACE,0.26391891793066086,0.26391891793066086,0.26391891793066086,0.3484942103707215,0.3484942103707215,0.10035908206933913,0.01578378962927851,0.07,0.0,90.8270941683045,0.025751864219934993,0.019757886240520044,0.0,1.0,18.6826,0,82.0,216.0,5.9413,31.5179,26.043,22.648,20.8359,19.9936,19.5616,19.1932,18.9356,18.6826,18.434,18.1899,17.8556,17.4841,16.8168,15.5925,13.8491,11.9326,8.1341,21.888144,1.0,0.0,0.0,,brake,0.16674868280036523,0.0,0.06606442456417855,3,15.01,0.0
772,230.528,98.2391,-0.279847,0.157131,0.34704,RACE,0.26613618330173344,0.26613618330173344,0.26613618330173344,0.35052894260216,0.35052894260216,0.08090381669826657,-0.0034889426021599834,0.07,0.0,90.81818604726249,0.025774302769501625,0.019719627843987,0.0,1.0,18.4387,0,82.0,216.0,6.162,31.238,25.7663,22.3817,20.5783,19.7409,19.3116,18.9458,18.69,18.4387,18.192,17.9498,17.6182,17.2497,16.5882,15.3756,13.6513,11.7591,8.01894,21.859128,1.0,0.0,0.0,,brake,0.17665694645278734,0.0,0.05764080839851208,3,15.03,0.0
773,231.089,97.898,-0.370925,0.15985,0.329416,RACE,0.26833775121885156,0.26833775121885156,0.26833775121885156,0.3525550497410028,0.3525550497410028,0.061078248781148425,-0.023139049741002837,0.07,0.0,90.80931937509067,0.02579658246208017,0.019681640303358613,0.0,1.0,18.2124,0,82.0,216.0,6.38301,30.9893,25.5161,22.1379,20.3411,19.5075,19.0804,18.7165,18.4622,18.2124,17.9672,17.7265,17.3971,17.0311,16.3744,15.1717,13.4639,11.5931,7.9053,21.83184,1.0,0.0,0.0,,brake,0.18622045125159187,0.0,0.04973049106926976,3,15.05,0.0
774,231.647,97.5777,-0.458179,0.161945,0.311494,RACE,0.2705275460455038,0.2705275460455038,0.2705275460455038,0.3545745258423619,0.3545745258423619,0.04096645395449622,-0.04308052584236188,0.07,0.0,90.8004502014609,0.02581874301191766,0.01964385590465872,0.0,1.0,18.0006,0,82.0,216.0,6.60386,30.7669,25.2879,21.9131,20.1208,19.2901,18.8647,18.5024,18.2492,18.0006,17.7566,17.5172,17.1895,16.8255,16.1729,14.9786,13.285,11.4332,7.79299,21.806216,1.0,0.0,0.0,,turn,0.19554795345316126,0.0,0.04231547139378782,3,15.07,0.0
775,232.202,97.2784,-0.541547,0.163534,0.293342,RACE,0.27270556778169014,0.27270556778169014,0.27270556778169014,0.3565807294068256,0.3565807294068256,0.020636432218309853,-0.06323872940682562,0.07,0.0,90.79157797093589,0.025840784419014082,0.019606274647887324,0.0,1.0,17.8002,0,82.0,216.0,6.82452,30.5654,25.0773,21.7031,19.9139,19.0854,18.6613,18.3001,18.0479,17.8002,17.5572,17.3187,16.9925,16.6303,15.9811,14.7939,13.1129,11.2781,7.68171,21.782272,1.0,0.0,0.0,,turn,0.20471811630375605,0.0,0.035400524501526545,3,15.09,0.0
776,232.753,96.9971,-0.617955,0.164671,0.275005,RACE,0.2748667945288959,0.2748667945288959,0.2748667945288959,0.35857726189869993,0.35857726189869993,0.00013820547110410253,-0.08357226189869993,0.07,0.0,90.78272856775283,0.02586107685614653,0.01957116379456275,0.0,1.0,17.6099,0,82.0,216.0,7.04449,30.3829,24.8824,21.5065,19.7189,18.8918,18.4687,18.1084,17.8568,17.6099,17.3677,17.13,16.8049,16.4442,15.7977,14.6167,12.9467,11.1272,7.57144,21.759768,1.0,0.0,0.0,,turn,0.21382724939619888,0.0,0.02891360552969468,3,15.11,0.0
777,233.301,96.731,-0.690162,0.165349,0.256538,RACE,0.2770072542912279,0.2770072542912279,0.2770072542912279,0.3605670548618635,0.3605670548618635,-0.020469254291227923,-0.10402905486186353,0.07,0.0,90.77389231974287,0.025868219761654872,0.01955428056336121,0.0,1.0,17.4302,0,82.0,216.0,7.26236,30.22,24.7039,21.3237,19.5362,18.71,18.2874,17.9277,17.6766,17.4302,17.1885,16.9514,16.6272,16.2675,15.6233,14.4473,12.7868,10.9809,7.46241,21.73848,1.0,0.0,0.0,,turn,0.2228658459866711,0.0,0.0227882781013601,3,15.13,0.0
778,233.847,96.4789,-0.761784,0.165537,0.237988,RACE,0.27913990215661716,0.27913990215661716,0.27913990215661716,0.3625535233938246,0.3625535233938246,-0.041151902156617154,-0.12456552339382457,0.07,0.0,90.76505492670441,0.025875336598165013,0.019537458949791787,0.0,1.0,17.2623,0,82.0,216.0,7.47631,30.0789,24.5436,21.1563,19.3674,18.5411,18.1187,17.7593,17.5084,17.2623,17.0209,16.7842,16.4605,16.1015,15.4589,14.2867,12.6339,10.8398,7.35496,21.718312,1.0,0.0,0.0,,turn,0.23175195289592043,0.0,0.01699631126894256,3,15.15,0.0
779,234.389,96.2404,-0.834917,0.165201,0.21941,RACE,0.2812569262281207,0.2812569262281207,0.2812569262281207,0.3645289910807151,0.3645289910807151,-0.06184692622812071,-0.14511899108071513,0.07,0.0,90.75625248307469,0.02588240129667874,0.01952076057148661,0.0,1.0,17.1075,0,82.0,216.0,7.68431,29.9619,24.4035,21.0061,19.214,18.3868,17.9641,17.6046,17.3536,17.1075,16.8662,16.6295,16.3061,15.9474,15.3056,14.1359,12.4889,10.7046,7.24948,21.699232,1.0,0.0,0.0,,turn,0.24038023418823917,0.0,0.011527321831554868,3,15.17,0.0
780,234.929,96.0148,-0.927482,0.164295,0.200853,RACE,0.28336613840268143,0.28336613840268143,0.28336613840268143,0.3664955422318527,0.3664955422318527,-0.08251313840268143,-0.1656425422318527,0.07,0.0,90.7474521156699,0.025889439926194264,0.019504123810813557,0.0,1.0,16.9675,0,82.0,216.0,7.8841,29.8718,24.2861,20.8752,19.0778,18.2488,17.8253,17.4652,17.2139,16.9675,16.7259,16.489,16.1654,15.8065,15.1648,13.9961,12.3529,10.576,7.14637,21.681184000000002,1.0,0.0,0.0,,turn,0.24838513276673235,0.0,0.0063654258173831595,3,15.19,0.0
781,235.467,95.8005,-1.03677,0.162753,0.182344,JOIN_RACELINE,0.28546753868029934,0.28546753868029934,0.28546753868029934,0.36845368992416033,0.36845368992416033,-0.10312353868029933,-0.18610968992416033,0.07,0.0,90.73865829222245,0.02589645248671158,0.019487548667772622,0.0,1.0,16.8444,0,82.0,216.0,8.07324,29.8126,24.1946,20.7664,18.9614,18.1295,17.7046,17.3434,17.0914,16.8444,16.6022,16.3648,16.0405,15.681,15.0383,13.8689,12.227,10.4549,7.04598,21.66404,1.0,0.0,0.0,,turn,0.2555820112338995,0.0,0.0014724216137510992,3,15.21,0.0
782,236.002,95.5976,-1.14243,0.160688,0.163938,JOIN_RACELINE,0.2875507794894367,0.2875507794894367,0.2875507794894367,0.3704039878223186,0.3704039878223186,-0.12361277948943669,-0.2064659878223186,0.07,0.0,90.72988817653481,0.025903426100352112,0.01947094542253521,0.0,1.0,16.7356,0,82.0,216.0,8.25206,29.7796,24.1253,20.6765,18.8619,18.026,17.5993,17.2366,16.9836,16.7356,16.4925,16.2543,15.9289,15.5683,14.924,13.7524,12.1097,10.3403,6.9481,21.647808,1.0,0.0,0.0,,turn,0.26221173562408906,0.22,0.0,3,15.23,0.0
783,236.536,95.6525,-1.25689,0.158606,0.145649,JOIN_RACELINE,0.28962686359019507,0.28962686359019507,0.28962686359019507,0.3724280617551463,0.3724280617551463,-0.14397786359019507,-0.2267790617551463,0.07,0.0,90.72041922676905,0.02591038675853196,0.019454312161430117,0.0,1.0,16.6272,0,82.0,216.0,8.42892,29.7481,24.057,20.5872,18.7629,17.923,17.4944,17.1302,16.8762,16.6272,16.3832,16.1442,15.8177,15.456,14.8099,13.6361,11.9927,10.2261,6.85071,21.6522,1.0,0.0,0.0,,turn,0.2682678073383736,0.27030458564496346,0.0,3,15.25,0.0
784,237.069,95.716,-1.28145,0.157274,0.127457,JOIN_RACELINE,0.29169905989301187,0.29169905989301187,0.29169905989301187,0.3744509627302275,0.3744509627302275,-0.16424205989301188,-0.2469939627302275,0.07,0.0,90.71112816819559,0.025917334381771396,0.019437710048754064,0.0,1.0,16.4972,0,82.0,216.0,8.61846,29.6793,23.9566,20.4701,18.6388,17.7963,17.3664,17.0013,16.7467,16.4972,16.2528,16.0133,15.6863,15.3241,14.6775,13.5038,11.8628,10.1025,6.75058,21.65728,1.0,0.0,0.0,,turn,0.27563283347959666,0.0,0.00011599599534304974,3,15.27,0.0
785,237.6,95.62,-1.21661,0.15639,0.109401,JOIN_RACELINE,0.29376348059994584,0.29376348059994584,0.29376348059994584,0.37641837378114845,0.37641837378114845,-0.18436248059994584,-0.2670173737811484,0.07,0.0,90.70235530619068,0.025924255935130012,0.019421170232936078,0.0,1.0,16.3544,0,82.0,216.0,8.81561,29.5882,23.8368,20.3363,18.4997,17.6553,17.2248,16.8591,16.6042,16.3544,16.1097,15.8701,15.543,15.1808,14.5343,13.362,11.7256,9.97367,6.64922,21.6496,1.0,0.0,0.0,,turn,0.28529124031150466,0.22,0.0,3,15.29,0.0
786,238.131,95.6657,-1.17349,0.155477,0.0915199,JOIN_RACELINE,0.29582790130687975,0.29582790130687975,0.29582790130687975,0.3784190474320346,0.3784190474320346,-0.20430800130687976,-0.2868991474320346,0.07,0.0,90.69320010028095,0.025931177488488624,0.019404630417118093,0.0,1.0,16.2127,0,82.0,216.0,9.01102,29.499,23.7186,20.2039,18.3618,17.5156,17.0842,16.718,16.4628,16.2127,15.9678,15.728,15.4007,15.0385,14.3922,13.2213,11.5893,9.8459,6.54882,21.653256,1.0,0.0,0.0,,turn,0.29571998612886563,0.26875000385695946,0.0,3,15.31,0.0
787,238.66,95.7198,-1.09309,0.155011,0.0737694,JOIN_RACELINE,0.29788344217226437,0.29788344217226437,0.29788344217226437,0.3804142650912416,0.3804142650912416,-0.22411404217226438,-0.3066448650912416,0.07,0.0,90.68405950260717,0.025938072971966413,0.019388172975352114,0.0,1.0,16.0581,0,82.0,216.0,9.21512,29.3869,23.5808,20.0545,18.2087,17.3615,16.9298,16.5634,16.3081,16.0581,15.8133,15.5736,15.2465,14.8846,14.2393,13.0712,11.4458,9.71304,6.44725,21.657584,1.0,0.0,0.0,,turn,0.3072504335889481,0.0,0.0008509642236389714,3,15.33,0.0
788,239.189,95.61,-0.983609,0.154524,0.0561722,JOIN_RACELINE,0.2999302365926327,0.2999302365926327,0.2999302365926327,0.3823604298337679,0.3823604298337679,-0.24375803659263268,-0.3261882298337679,0.07,0.0,90.67536793380711,0.025944968455444202,0.019371874559859156,0.0,1.0,15.9041,0,82.0,216.0,9.41843,29.276,23.4437,19.9058,18.0563,17.208,16.776,16.4095,16.1541,15.9041,15.6593,15.4197,15.0929,14.7314,14.0871,12.9218,11.303,9.58098,6.34651,21.6488,1.0,0.0,0.0,,turn,0.31988565165308186,0.22,0.0,3,15.35,0.0
789,239.716,95.6435,-0.947708,0.15344,0.0387489,JOIN_RACELINE,0.301969292659805,0.301969292659805,0.301969292659805,0.3843420000677117,0.3843420000677117,-0.263220392659805,-0.3455931000677117,0.07,0.0,90.6690324346619,0.02595183786904117,0.019355637764084506,0.0,1.0,15.7673,0,82.0,216.0,9.60782,29.1961,23.3331,19.7796,17.924,17.0735,16.6406,16.2734,16.0177,15.7673,15.5222,15.2824,14.9553,14.5936,13.9494,12.7853,11.1706,9.45676,6.24892,21.65148,1.0,0.0,0.0,,brake,0.3316312960345136,0.0,0.14,3,15.37,0.0
790,240.242,95.3016,-0.92089,0.152118,0.0214973,JOIN_RACELINE,0.3040044795503792,0.3040044795503792,0.3040044795503792,0.3862074774012256,0.3862074774012256,-0.2825071795503792,-0.3647101774012256,0.07,0.0,90.672248041264,0.025958694247697724,0.019339431778169016,0.0,1.0,15.6375,0,82.0,216.0,9.79038,29.1292,23.2333,19.6626,17.7998,16.9468,16.5127,16.1447,15.8884,15.6375,15.392,15.1518,14.8243,14.4622,13.8176,12.654,11.0426,9.33595,6.15306,21.624128,1.0,0.0,0.0,,brake,0.34290221643802665,0.0,0.14,3,15.39,0.0
791,240.763,94.6976,-0.978906,0.149749,0.00449982,JOIN_RACELINE,0.3060203205579632,0.3060203205579632,0.3060203205579632,0.3879738274539546,0.3879738274539546,-0.3015205005579632,-0.3834740074539546,0.07,0.0,90.67514377337054,0.025965485451652223,0.019323379841549297,0.0,1.0,15.5386,0,82.0,216.0,9.94578,29.1183,23.1812,19.5863,17.7121,16.8543,16.418,16.0481,15.7906,15.5386,15.292,15.0508,14.722,14.3586,13.7119,12.5455,10.9329,9.22874,6.06239,21.575808,1.0,0.0,0.0,,brake,0.3524105069977288,0.0,0.14,3,15.41,0.0
792,241.281,94.0706,-1.11525,0.146009,-0.0121963,JOIN_RACELINE,0.30802455403575296,0.30802455403575296,0.30802455403575296,0.3897155557313109,0.3897155557313109,-0.32022085403575296,-0.4019118557313109,0.07,0.0,90.67799426078975,0.025972237550785482,0.019307420334507042,0.0,1.0,15.4809,0,82.0,216.0,10.0645,29.1821,23.1929,19.5642,17.6729,16.8075,16.3675,15.9945,15.7349,15.4809,15.2323,14.9893,14.6579,14.2919,13.6407,12.4672,10.8472,9.13921,5.97836,21.525648,1.0,0.0,0.0,,brake,0.35928156695102603,0.0,0.14,3,15.43,0.0
793,241.794,93.4375,-1.32752,0.140838,-0.0285332,JOIN_RACELINE,0.3100051091512341,0.3100051091512341,0.3100051091512341,0.3914368526543879,0.3914368526543879,-0.33853830915123406,-0.41997005265438786,0.07,0.0,90.68080429283361,0.02597891625418966,0.019291533974337274,0.0,1.0,15.4676,0,82.0,216.0,10.1439,29.326,23.2734,19.6009,17.6862,16.8102,16.3649,15.9874,15.7247,15.4676,15.2162,14.9703,14.6352,14.2651,13.6068,12.4214,10.7874,9.06863,5.90146,21.475,1.0,0.0,0.0,,brake,0.36303414176097415,0.0,0.13990281491665843,3,15.45,0.0
794,242.302,92.8016,-1.6084,0.134357,-0.0444542,JOIN_RACELINE,0.3119614689711209,0.3119614689711209,0.3119614689711209,0.3931387010725894,0.3931387010725894,-0.3564156689711209,-0.4375929010725894,0.07,0.0,90.68357745978854,0.025985520580966245,0.019275711108101702,0.0,1.0,15.4975,0,82.0,216.0,10.1864,29.5462,23.4199,19.6943,17.7502,16.8607,16.4085,16.0252,15.7584,15.4975,15.2422,14.9926,14.6524,14.2768,13.6089,12.4069,10.7525,9.0163,5.83157,21.424128,1.0,0.0,0.0,,brake,0.3635457933501888,0.0,0.1211183100062193,3,15.47,0.0
795,242.807,92.1895,-1.93535,0.126777,-0.0599091,JOIN_RACELINE,0.31390627548498484,0.31390627548498484,0.31390627548498484,0.39483646917659804,0.39483646917659804,-0.37381537548498484,-0.45474556917659803,0.07,0.0,90.68635646068383,0.025992085905813048,0.019259981683989572,0.0,1.0,15.5664,0,82.0,216.0,10.1979,29.8337,23.6257,19.839,17.8603,16.9546,16.4941,16.1038,15.8322,15.5664,15.3065,15.0523,14.706,14.3236,13.6437,12.421,10.7402,8.98057,5.76827,21.37516,1.0,0.0,0.0,,brake,0.36113505725412276,0.0,0.10303363350929912,3,15.49,0.0
796,243.308,91.6241,-2.28699,0.118338,-0.0748482,JOIN_RACELINE,0.3158356775908182,0.3158356775908182,0.3158356775908182,0.3965332544312025,0.3965332544312025,-0.39068387759081824,-0.4713814544312025,0.07,0.0,90.7037906678257,0.025998599228086807,0.01924437684937536,0.0,1.0,15.6696,0,82.0,216.0,10.1849,30.1778,23.8823,20.0281,18.0105,17.0864,16.6165,16.2181,15.9409,15.6696,15.4043,15.1449,14.7914,14.4011,13.7074,12.4603,10.7479,8.95946,5.71103,21.329928,1.0,0.0,0.0,,brake,0.3563417713649357,0.0,0.08589145094630289,3,15.51,0.0
797,243.805,91.105,-2.65094,0.109273,-0.0892296,JOIN_RACELINE,0.317749675288621,0.317749675288621,0.317749675288621,0.398228937703142,0.398228937703142,-0.40697927528862105,-0.487458537703142,0.07,0.0,90.7622927147379,0.02600506054778752,0.019228896604259065,0.0,1.0,15.8021,0,82.0,216.0,10.1538,30.5673,24.1808,20.2545,18.1947,17.2505,16.7701,16.3629,16.0794,15.8021,15.5308,15.2656,14.9041,14.505,13.7957,12.521,10.7727,8.951,5.65931,21.2884,1.0,0.0,0.0,,brake,0.34970290044171937,0.0,0.06890315544888553,3,15.53,0.0
798,244.299,90.6316,-3.01656,0.099812,-0.103027,JOIN_RACELINE,0.31965211968040086,0.31965211968040086,0.31965211968040086,0.39992024541170096,0.39992024541170096,-0.42267911968040084,-0.502947245411701,0.07,0.0,90.82154784059394,0.026011482865558454,0.019213509801266206,0.0,1.0,15.9584,0,82.0,216.0,10.1107,30.9906,24.5118,20.5106,18.4062,17.4406,16.9491,16.5324,16.2423,15.9584,15.6807,15.4091,15.0391,14.6305,13.9043,12.5995,10.8117,8.95308,5.6125,21.250528000000003,1.0,0.0,0.0,,brake,0.3417467595354101,0.0,0.05323682821782557,3,15.55,0.0
799,244.791,90.2025,-3.37249,0.0901797,-0.116219,JOIN_RACELINE,0.32154162892741056,0.32154162892741056,0.32154162892741056,0.401615596627844,0.401615596627844,-0.4377606289274106,-0.517834596627844,0.07,0.0,90.88167145441484,0.026017869725081258,0.01919818499458288,0.0,1.0,16.1325,0,82.0,216.0,10.0607,31.4356,24.8654,20.7881,18.6378,17.65,17.1469,16.7203,16.4232,16.1325,15.8481,15.5699,15.1909,14.7722,14.0282,12.6916,10.8617,8.96342,5.56995,21.2162,1.0,0.0,0.0,,turn,0.33300137147577163,0.0,0.03884789839956347,3,15.57,0.0
800,245.28,89.8141,-3.70532,0.0805806,-0.128792,JOIN_RACELINE,0.3234157757313109,0.3234157757313109,0.3234157757313109,0.3234157757313109,0.3234157757313109,-0.4522077757313109,-0.4522077757313109,0.07,0.0,90.94244487380782,0.026024210698808236,0.019182953412784396,0.0,1.0,16.3185,0,82.0,216.0,10.0083,31.8906,25.2315,21.0788,18.8823,17.8719,17.3571,16.9204,16.6162,16.3185,16.0272,15.7423,15.354,14.925,14.1626,12.7931,10.9195,8.97979,5.53101,21.185128,1.0,0.0,0.0,,turn,0.30354594626839715,0.0,0.025636915476240613,3,15.59,0.0
801,245.766,89.4659,-4.01205,0.0712703,-0.140746,JOIN_RACELINE,0.3252784247020584,0.3252784247020584,0.3252784247020584,0.3252784247020584,0.3252784247020584,-0.4660244247020584,-0.4660244247020584,0.07,0.0,90.947491010893,0.026030512770855906,0.019167815276273023,0.0,1.0,16.5079,0,82.0,216.0,9.95828,32.3405,25.597,21.3712,19.1295,18.0969,17.5705,17.1237,16.8125,16.5079,16.2097,15.9181,15.5205,15.0813,14.3005,12.898,10.9803,8.99895,5.49468,21.157272,1.0,0.0,0.0,,turn,0.2836913394416256,0.0,0.015247323209029459,3,15.61,0.0
802,246.251,89.1573,-4.26737,0.0624705,-0.152084,JOIN_RACELINE,0.3271372410617551,0.3271372410617551,0.3271372410617551,0.3271372410617551,0.3271372410617551,-0.4792212410617551,-0.4792212410617551,0.07,0.0,90.93932346094988,0.02603680187567714,0.01915270828819068,0.0,1.0,16.6924,0,82.0,216.0,9.91428,32.7714,25.9494,21.6545,19.3696,18.3157,17.7781,17.3217,17.0037,16.6924,16.3876,16.0894,15.6829,15.2338,14.4352,13.0004,11.0399,9.01784,5.46008,21.132584,1.0,0.0,0.0,,turn,0.26981057485934556,0.0,0.006411074677944923,3,15.63,0.0
803,246.733,88.8816,-4.45863,0.0542852,-0.162805,JOIN_RACELINE,0.32898455958829903,0.32898455958829903,0.32898455958829903,0.32898455958829903,0.32898455958829903,-0.49178955958829906,-0.49178955958829906,0.07,0.0,90.93116518014973,0.026043052078819066,0.01913769474539545,0.0,1.0,16.8674,0,82.0,216.0,9.87741,33.1761,26.282,21.9228,19.5973,18.5232,17.9751,17.5096,17.1851,16.8674,16.5564,16.252,15.837,15.3784,14.5628,13.0973,11.0957,9.03484,5.42677,21.110528000000002,1.0,0.0,0.0,,turn,0.26016305934409495,0.22,0.0,3,15.65,0.0
804,247.215,88.8577,-4.59921,0.0470849,-0.172932,JOIN_RACELINE,0.3308318781148429,0.3308318781148429,0.3308318781148429,0.3308318781148429,0.3308318781148429,-0.5037638781148429,-0.5037638781148429,0.07,0.0,90.92266137748754,0.026049302281960996,0.019122681202600217,0.0,1.0,17.018,0,82.0,216.0,9.85346,33.5313,26.5732,22.1568,19.7951,18.703,18.1454,17.6717,17.3415,17.018,16.7014,16.3915,15.9688,15.5017,14.6708,13.1778,11.1395,9.04421,5.39302,21.108615999999998,1.0,0.0,0.0,,turn,0.25342822329343667,0.32,0.0,3,15.67,0.0
805,247.696,88.8927,-4.59906,0.0414687,-0.182494,JOIN_RACELINE,0.3326710785482123,0.3326710785482123,0.3326710785482123,0.3326710785482123,0.3326710785482123,-0.5151650785482123,-0.5151650785482123,0.07,0.0,90.91410887514606,0.026055531581798484,0.019107778169014086,0.0,1.0,17.12,0,82.0,216.0,9.85164,33.7992,26.7886,22.3258,19.9349,18.8283,18.2631,17.7828,17.448,17.12,16.7989,16.4845,16.0558,15.5819,14.739,13.2244,11.1577,9.03662,5.35613,21.111416,1.0,0.0,0.0,,turn,0.2507662758744241,0.32,0.0,3,15.69,0.0
806,248.178,88.9716,-4.4648,0.0373974,-0.191492,JOIN_RACELINE,0.3345095847778981,0.3345095847778981,0.3345095847778981,0.3345095847778981,0.3345095847778981,-0.526001584777898,-0.526001584777898,0.07,0.0,90.90547966139701,0.026061765465872157,0.019092927816901407,0.0,1.0,17.1724,0,82.0,216.0,9.87026,33.9805,26.9278,22.4289,20.0156,18.8981,18.3272,17.8421,17.5038,17.1724,16.8479,16.5303,16.0971,15.6183,14.7666,13.2364,11.1499,9.01201,5.31617,21.117728,1.0,0.0,0.0,,turn,0.2527047628951997,0.0,0.001944715841264276,3,15.71,0.0
807,248.659,88.9099,-4.17359,0.0347518,-0.199916,JOIN_RACELINE,0.33634427667930655,0.33634427667930655,0.33634427667930655,0.33634427667930655,0.33634427667930655,-0.5362602766793065,-0.5362602766793065,0.07,0.0,90.89706983714001,0.026067986416576382,0.019078108274647888,0.0,1.0,17.1783,0,82.0,216.0,9.90673,34.081,26.9956,22.4701,20.041,18.9159,18.341,17.8525,17.5119,17.1783,16.8515,16.5317,16.0956,15.6135,14.7561,13.2162,11.1182,8.97187,5.27373,21.112792,1.0,0.0,0.0,,turn,0.26009132575983135,0.0,0.00037735773117600845,3,15.73,0.0
808,249.139,88.7051,-3.80689,0.0328348,-0.207728,JOIN_RACELINE,0.3381751542524377,0.3381751542524377,0.3381751542524377,0.3381751542524377,0.3381751542524377,-0.5459031542524377,-0.5459031542524377,0.07,0.0,90.8888827073207,0.02607419443391116,0.019063319542253522,0.0,1.0,17.1634,0,82.0,216.0,9.94915,34.1423,27.0295,22.4826,20.041,18.91,18.3322,17.8412,17.4988,17.1634,16.835,16.5136,16.0752,15.5908,14.7293,13.1827,11.0772,8.92656,5.23199,21.096408,1.0,0.0,0.0,,turn,0.2718835637818975,0.22,0.0,3,15.75,0.0
809,249.618,88.708,-3.44995,0.031347,-0.214962,JOIN_RACELINE,0.3400022174972914,0.3400022174972914,0.3400022174972914,0.3400022174972914,0.3400022174972914,-0.5549642174972914,-0.5549642174972914,0.07,0.0,90.88042270879217,0.02608038951787649,0.01904856161971831,0.0,1.0,17.1386,0,82.0,216.0,9.99298,34.1819,27.0454,22.4803,20.0283,18.8925,18.3122,17.8192,17.4754,17.1386,16.8089,16.4862,16.0461,15.5598,14.6952,13.1434,11.0329,8.88012,5.19204,21.09664,1.0,0.0,0.0,,turn,0.28555528561540644,0.32,0.0,3,15.77,0.0
810,250.098,88.7696,-3.05639,0.030556,-0.221667,JOIN_RACELINE,0.3418330950704226,0.3418330950704226,0.3418330950704226,0.3418330950704226,0.3418330950704226,-0.5635000950704225,-0.5635000950704225,0.07,0.0,90.8718650901677,0.026086597535211267,0.01903377288732394,0.0,1.0,17.093,0,82.0,216.0,10.0432,34.1829,27.0275,22.4492,19.9902,18.8513,18.2695,17.7752,17.4305,17.093,16.7625,16.439,15.998,15.5107,14.6445,13.0907,10.9792,8.82832,5.15249,21.101568,1.0,0.0,0.0,,turn,0.30029052261685873,0.32,0.0,3,15.79,0.0
811,250.577,88.8706,-2.64233,0.030269,-0.227868,JOIN_RACELINE,0.34365723414700206,0.34365723414700206,0.34365723414700206,0.34365723414700206,0.34365723414700206,-0.5715252341470021,-0.5715252341470021,0.07,0.0,90.8632723031043,0.026092792548329215,0.01901896035480922,0.0,1.0,17.0335,0,82.0,216.0,10.097,34.1567,26.9863,22.3984,19.9349,18.7942,18.2115,17.7165,17.3714,17.0335,16.7026,16.3789,15.9375,15.4498,14.5832,13.0293,10.9198,8.77377,5.11403,21.109648,1.0,0.0,0.0,,turn,0.3158892435895302,0.0,0.00021552049693236299,3,15.81,0.0
812,251.056,88.7966,-2.20092,0.0301956,-0.233581,JOIN_RACELINE,0.3454756405525274,0.3454756405525274,0.3454756405525274,0.3454756405525274,0.3454756405525274,-0.5790566405525274,-0.5790566405525274,0.07,0.0,90.85492940526564,0.026098987422554763,0.019004040762433557,0.0,1.0,16.9711,0,82.0,216.0,10.1498,34.1208,26.9375,22.3419,19.8751,18.7331,18.1499,17.6545,17.3092,16.9711,16.64,16.3161,15.8746,15.3869,14.5203,12.9673,10.8609,8.72063,5.07778,21.103728,1.0,0.0,0.0,,turn,0.3326113380037169,0.22,0.0,3,15.83,0.0
813,251.535,88.8112,-1.82622,0.0298575,-0.238813,JOIN_RACELINE,0.3472940469580526,0.3472940469580526,0.3472940469580526,0.3472940469580526,0.3472940469580526,-0.5861070469580526,-0.5861070469580526,0.07,0.0,90.84646443842075,0.02610518229678031,0.018989121170057893,0.0,1.0,16.9241,0,82.0,216.0,10.1937,34.1044,26.9077,22.3034,19.8322,18.6885,18.1044,17.6084,17.2626,16.9241,16.5927,16.2684,15.8264,15.3383,14.4711,12.9178,10.8124,8.67574,5.04566,21.104896,1.0,0.0,0.0,,turn,0.34853843639786397,0.18,0.0,3,15.85,0.0
814,252.013,88.7986,-1.47898,0.0295216,-0.243617,JOIN_RACELINE,0.349108657108034,0.349108657108034,0.349108657108034,0.349108657108034,0.349108657108034,-0.592725657108034,-0.592725657108034,0.07,0.0,90.83805838257517,0.02611136423807428,0.01897423272505671,0.0,1.0,16.8817,0,82.0,216.0,10.2335,34.0909,26.8817,22.2691,19.7938,18.6484,18.0635,17.5668,17.2207,16.8817,16.5499,16.2253,15.7829,15.2944,14.4266,12.8728,10.7683,8.63476,5.01625,21.103887999999998,1.0,0.0,0.0,,turn,0.36354254821555815,0.18,0.0,3,15.87,0.0
815,252.491,88.7644,-1.16908,0.0290052,-0.248016,JOIN_RACELINE,0.3509232672580154,0.3509232672580154,0.3509232672580154,0.3509232672580154,0.3509232672580154,-0.5989392672580154,-0.5989392672580154,0.07,0.0,90.82968567293622,0.02611754617936825,0.018959344280055523,0.0,1.0,16.8508,0,82.0,216.0,10.2664,34.0913,26.8695,22.248,19.768,18.6205,18.0346,17.537,17.1903,16.8508,16.5185,16.1934,15.7504,15.2612,14.3924,12.8372,10.7322,8.60017,4.99014,21.101152,1.0,0.0,0.0,,turn,0.37733692021446685,0.18,0.0,3,15.89,0.0
816,252.969,88.7289,-0.909651,0.0281193,-0.252034,JOIN_RACELINE,0.3527378774079967,0.3527378774079967,0.3527378774079967,0.3527378774079967,0.3527378774079967,-0.6047718774079966,-0.6047718774079966,0.07,0.0,90.82131984437622,0.026123728120662222,0.01894445583505434,0.0,1.0,16.8384,0,82.0,216.0,10.2893,34.1172,26.8815,22.2492,19.763,18.6125,18.0251,17.5264,17.1787,16.8384,16.5053,16.1794,15.7353,15.245,14.3743,12.816,10.7078,8.57439,4.96794,21.098312,1.0,0.0,0.0,,turn,0.38946639524032545,0.18,0.0,3,15.91,0.0
817,253.446,88.6928,-0.703758,0.0267635,-0.255688,JOIN_RACELINE,0.35454726550650056,0.35454726550650056,0.35454726550650056,0.35454726550650056,0.35454726550650056,-0.6102352655065006,-0.6102352655065006,0.07,0.0,90.81301773512537,0.026129894552410618,0.018929624559859155,0.0,1.0,16.8484,0,82.0,216.0,10.3007,34.1749,26.9235,22.2778,19.7833,18.6289,18.0394,17.5388,17.19,16.8484,16.5141,16.187,15.7414,15.2492,14.3754,12.8118,10.6971,8.55878,4.94993,21.095424,1.0,0.0,0.0,,turn,0.3996115135817113,0.18,0.0,3,15.93,0.0
818,253.923,88.656,-0.549073,0.0249049,-0.258986,JOIN_RACELINE,0.3563492583288191,0.3563492583288191,0.3563492583288191,0.3563492583288191,0.3563492583288191,-0.6153352583288191,-0.6153352583288191,0.07,0.0,90.80471944481768,0.026136047619853737,0.018914928257042253,0.0,1.0,16.8822,0,82.0,216.0,10.3002,34.2664,26.9973,22.3355,19.8307,18.671,18.0788,17.5759,17.2254,16.8822,16.5463,16.2176,15.7697,15.2752,14.397,12.8256,10.7009,8.55377,4.93621,21.092480000000002,1.0,0.0,0.0,,turn,0.40762589546918904,0.18,0.0,3,15.95,0.0
819,254.4,88.6188,-0.440993,0.0225583,-0.261935,JOIN_RACELINE,0.35815125115113766,0.35815125115113766,0.35815125115113766,0.35815125115113766,0.35815125115113766,-0.6200862511511376,-0.6200862511511376,0.07,0.0,90.79642455092909,0.02614220068729686,0.01890023195422535,0.0,1.0,16.9394,0,82.0,216.0,10.2883,34.3908,27.1024,22.4219,19.9046,18.7386,18.1431,17.6372,17.2847,16.9394,16.6014,16.2708,15.8201,15.3225,14.4387,12.8571,10.7189,8.55921,4.92667,21.089503999999998,1.0,0.0,0.0,,turn,0.4135105687093721,0.18,0.0,3,15.97,0.0
820,254.876,88.5814,-0.372271,0.01977,-0.264538,JOIN_RACELINE,0.35994946621072593,0.35994946621072593,0.35994946621072593,0.35994946621072593,0.35994946621072593,-0.6244874662107259,-0.6244874662107259,0.07,0.0,90.78815026135946,0.02614834085522752,0.018885566461267607,0.0,1.0,17.0185,0,82.0,216.0,10.2659,34.5456,27.2363,22.5348,20.0033,18.83,18.2305,17.7212,17.3662,17.0185,16.6782,16.3451,15.8912,15.3898,14.4993,12.9054,10.7503,8.57452,4.92117,21.086512,1.0,0.0,0.0,,turn,0.4173955577358335,0.18,0.0,3,15.99,0.0
821,255.4,88.5404,-0.334012,0.0162619,-0.266999,JOIN_RACELINE,0.36192901388136517,0.36192901388136517,0.36192901388136517,0.36192901388136517,0.36192901388136517,-0.6289280138813651,-0.6289280138813651,0.07,0.0,90.779044611644,0.02615510019975623,0.018869422095070424,0.0,1.0,17.1287,0,82.0,216.0,10.2308,34.7466,27.4133,22.6866,20.1377,18.9553,18.351,17.8375,17.4794,17.1287,16.7853,16.4493,15.9912,15.4851,14.5861,12.9763,10.7993,8.60201,4.91952,21.083232000000002,1.0,0.0,0.0,,turn,0.4194381125813027,0.18,0.0,3,16.012,0.0
822,255.923,88.4996,-0.325741,0.0123778,-0.269036,JOIN_RACELINE,0.36390478378927416,0.36390478378927416,0.36390478378927416,0.36390478378927416,0.36390478378927416,-0.6329407837892742,-0.6329407837892742,0.07,0.0,90.76995957261849,0.02616184664477248,0.018853308538732395,0.0,1.0,17.2601,0,82.0,216.0,10.1863,34.9746,27.6168,22.8634,20.2957,19.1034,18.4938,17.9756,17.6141,17.2601,16.9134,16.574,16.1113,15.6,14.6915,13.0639,10.8618,8.63962,4.92223,21.079968,1.0,0.0,0.0,,turn,0.42042535663736635,0.18,0.0,3,16.034,0.0
823,256.446,88.4591,-0.338799,0.00820163,-0.270643,JOIN_RACELINE,0.36587829577464803,0.36587829577464803,0.36587829577464803,0.36587829577464803,0.36587829577464803,-0.636521295774648,-0.636521295774648,0.07,0.0,90.76087721122995,0.026168588908450703,0.018837153169014083,0.0,1.0,17.4098,0,82.0,216.0,10.1342,35.2245,27.8422,23.0612,20.4737,19.271,18.6557,18.1325,17.7675,17.4098,17.0596,16.7166,16.2489,15.732,14.8131,13.1661,10.9364,8.68639,4.92904,21.076728000000003,1.0,0.0,0.0,,turn,0.4203143996481389,0.18,0.0,3,16.056,0.0
824,256.969,88.4189,-0.366115,0.00380987,-0.271812,JOIN_RACELINE,0.3678445037919827,0.3678445037919827,0.3678445037919827,0.3678445037919827,0.3678445037919827,-0.6396565037919827,-0.6396565037919827,0.07,0.0,90.75179783053588,0.026175317646262186,0.018820862540628387,0.0,1.0,17.5753,0,82.0,216.0,10.0759,35.4915,28.0852,23.2764,20.6686,19.455,18.8338,18.3054,17.9366,17.5753,17.2212,16.8746,16.4016,15.8788,14.949,13.2812,11.0218,8.74148,4.93975,21.073512,1.0,0.0,0.0,,turn,0.4192013631175102,0.18,0.0,3,16.078,0.0
825,257.492,88.3789,-0.401831,-0.000728905,-0.272539,JOIN_RACELINE,0.36981071180931757,0.36981071180931757,0.36981071180931757,0.36981071180931757,0.36981071180931757,-0.6423497118093175,-0.6423497118093175,0.07,0.0,68.0,0.026182046384073673,0.018804571912242687,0.0,1.0,17.7538,0,82.0,216.0,10.0127,35.7713,28.342,23.5055,20.8772,19.6527,19.0254,18.4916,18.119,17.7538,17.3959,17.0454,16.5671,16.0381,15.0969,13.4075,11.1167,8.80408,4.95413,21.070312,1.0,0.0,0.0,,brake,0.4172534450485678,0.0,0.34,3,16.1,0.0
826,258.012,87.6803,-0.53922,-0.00534424,-0.272853,JOIN_RACELINE,0.3717656413867823,0.3717656413867823,0.3717656413867823,0.3717656413867823,0.3717656413867823,-0.6446186413867823,-0.6446186413867823,0.07,0.0,68.0,0.02618873652491874,0.018788374729144092,0.0,1.0,17.9424,0,82.0,216.0,9.9461,36.0593,28.6082,23.7447,21.096,19.8604,19.2271,18.688,18.3116,17.9424,17.5806,17.2262,16.7424,16.2072,15.2544,13.5427,11.2194,8.87293,4.97176,21.014423999999998,1.0,0.0,0.0,,brake,0.4142110768764916,0.0,0.3435382352941177,3,16.122,0.0
827,258.527,86.5107,-0.813956,-0.0099175,-0.272968,JOIN_RACELINE,0.3737017735644637,0.3737017735644637,0.3737017735644637,0.3737017735644637,0.3737017735644637,-0.6466697735644638,-0.6466697735644638,0.07,0.0,68.0,0.026195362337486455,0.018772333288190682,0.0,1.0,18.1336,0,82.0,216.0,9.87983,36.3463,28.8749,23.9853,21.3169,20.0705,19.4312,18.8868,18.5066,18.1336,17.768,17.4097,16.9204,16.379,15.4147,13.6808,11.325,8.94416,4.99075,20.920856,1.0,0.0,0.0,,brake,0.4092040720945902,0.0,0.30913823529411766,3,16.144,0.0
828,259.034,85.284,-1.06754,-0.0146695,-0.272935,JOIN_RACELINE,0.3756078299024919,0.3756078299024919,0.3756078299024919,0.3756078299024919,0.3756078299024919,-0.6485428299024919,-0.6485428299024919,0.07,0.0,68.0,0.0262018852248104,0.018756541034669554,0.0,1.0,18.3362,0,82.0,216.0,9.81115,36.6461,29.1545,24.2386,21.55,20.2925,19.6471,19.0973,18.7131,18.3362,17.9665,17.6042,17.1094,16.5616,15.5852,13.8281,11.4379,9.02078,5.01173,20.82272,1.0,0.0,0.0,,brake,0.4035506466512435,0.0,0.2924761904761906,3,16.166,0.0
829,259.534,84.0849,-1.28237,-0.0202287,-0.272678,JOIN_RACELINE,0.37748282208755124,0.37748282208755124,0.37748282208755124,0.37748282208755124,0.37748282208755124,-0.6501608220875512,-0.6501608220875512,0.07,0.0,68.0,0.02620831794021058,0.01874105440633781,0.0,1.0,18.5784,0,82.0,216.0,9.73084,36.9988,29.485,24.5393,21.8275,20.5573,19.9049,19.3487,18.96,18.5784,18.2042,17.8372,17.3358,16.7804,15.7901,14.0056,11.5747,9.11414,5.03805,20.726792,1.0,0.0,0.0,,brake,0.3978409464108415,0.0,0.2639261904761906,2,16.188,0.0
830,260.027,82.9706,-1.47621,-0.0269307,-0.27207,JOIN_RACELINE,0.37932716985475845,0.37932716985475845,0.37932716985475845,0.37932716985475845,0.37932716985475845,-0.6513971698547585,-0.6513971698547585,0.07,0.0,68.0,0.02621466049361817,0.018725865660019634,0.0,1.0,18.8778,0,82.0,216.0,9.63419,37.4559,29.8878,24.9078,22.1688,20.8835,20.2226,19.659,19.2648,18.8778,18.498,18.1254,17.6162,17.0518,16.0445,14.2269,11.7461,9.23191,5.07228,20.637648,1.0,0.0,0.0,,brake,0.3918540468862348,0.0,0.23739523809523821,2,16.21,0.0
831,260.515,81.9739,-1.65436,-0.0346924,-0.270991,JOIN_RACELINE,0.38115281226935704,0.38115281226935704,0.38115281226935704,0.38115281226935704,0.38115281226935704,-0.652143812269357,-0.652143812269357,0.07,0.0,68.0,0.026220938720926294,0.018710830957781765,0.0,1.0,19.234,0,82.0,216.0,9.52268,38.0464,30.36,25.342,22.5726,21.2702,20.5999,20.0277,19.6273,19.234,18.8479,18.4689,17.9506,17.3758,16.3489,14.4927,11.9533,9.37527,5.11517,20.557912,1.0,0.0,0.0,,brake,0.3853127105618146,0.0,0.21366428571428572,2,16.232,0.0
832,260.996,81.036,-1.83429,-0.0433123,-0.269347,JOIN_RACELINE,0.3829522671903036,0.3829522671903036,0.3829522671903036,0.3829522671903036,0.3829522671903036,-0.6522992671903036,-0.6522992671903036,0.07,0.0,68.0,0.026227126891695162,0.01869601191725632,0.0,1.0,19.6411,0,82.0,216.0,9.39956,38.7765,30.8908,25.8332,23.0313,21.7105,21.0299,20.4484,20.0413,19.6411,19.248,18.8621,18.3338,17.7476,16.699,14.7998,12.1942,9.54317,5.16677,20.48288,1.0,0.0,0.0,,brake,0.3779267381512621,0.0,0.19133333333333336,2,16.254,0.0
833,261.472,80.1151,-2.04034,-0.0527499,-0.267101,JOIN_RACELINE,0.38473301675864163,0.38473301675864163,0.38473301675864163,0.38473301675864163,0.38473301675864163,-0.6518340167586416,-0.6518340167586416,0.07,0.0,68.0,0.02623325073636456,0.018681346920811186,0.0,1.0,20.0994,0,82.0,216.0,9.26628,39.6662,31.4785,26.3803,23.5445,22.2042,21.5126,20.9212,20.5069,20.0994,19.6989,19.3054,18.7664,18.1678,17.0957,15.1493,12.4701,9.73675,5.22752,20.409208,1.0,0.0,0.0,,brake,0.36923412876124456,0.0,0.1694071428571428,2,16.276,0.0
834,261.943,79.2658,-2.2564,-0.062798,-0.264215,JOIN_RACELINE,0.38649506097437103,0.38649506097437103,0.38649506097437103,0.38649506097437103,0.38649506097437103,-0.650710060974371,-0.650710060974371,0.07,0.0,68.0,0.02623931025493449,0.018666835968446358,0.0,1.0,20.6013,0,82.0,216.0,9.1261,40.7258,32.1111,26.973,24.1028,22.7427,22.0398,21.4382,21.0164,20.6013,20.193,19.7917,19.2416,18.6299,17.5329,15.5364,12.7778,9.9542,5.2971,20.341264,1.0,0.0,0.0,,brake,0.35918327979898557,0.0,0.14918571428571425,2,16.298,0.0
835,262.41,78.4876,-2.46542,-0.0731943,-0.260664,JOIN_RACELINE,0.3882388691765981,0.3882388691765981,0.3882388691765981,0.3882388691765981,0.3882388691765981,-0.6489028691765981,-0.6489028691765981,0.07,0.0,68.0,0.026245312290086673,0.01865238705308776,0.2257990926327367,1.0,21.1356,0,82.0,216.0,8.98253,41.9614,32.7727,27.5968,24.6932,23.3134,22.5994,21.9876,21.5584,21.1356,20.7196,20.3103,19.7489,19.1241,18.0018,15.9535,13.1119,10.1921,5.37474,20.279008,1.0,0.0,0.0,,brake,0.3480831254038547,0.0,0.13065714285714286,2,16.32,0.0
836,262.872,77.7743,-2.65753,-0.0837342,-0.256419,JOIN_RACELINE,0.38995885563380284,0.38995885563380284,0.38995885563380284,0.38995885563380284,0.38995885563380284,-0.6463778556338029,-0.6463778556338029,0.07,0.0,68.0,0.026251240580985914,0.01863799647887324,0.8047068661971878,1.0,21.693,0,82.0,216.0,8.83795,43.3836,33.4504,28.24,25.3048,23.9062,23.1813,22.5597,22.1232,21.693,21.2693,20.8523,20.2797,19.6419,18.4945,16.3942,13.4677,10.4476,5.45985,20.221944,1.0,0.0,0.0,,brake,0.336314775162432,0.0,0.11367380952380944,2,16.342,0.0
837,263.33,77.1191,-2.82023,-0.0942838,-0.251443,JOIN_RACELINE,0.3916639504333694,0.3916639504333694,0.3916639504333694,0.3916639504333694,0.3916639504333694,-0.6431069504333694,-0.6431069504333694,0.07,0.0,68.0,0.026257117544691223,0.018623730498374867,1.3786024512459054,1.0,22.267,0,105.0,216.0,8.69348,45.0111,34.1651,28.8947,25.9301,24.5139,23.7787,23.1478,22.7043,22.267,21.836,21.4114,20.8281,20.1776,19.0056,16.8541,13.8421,10.719,5.55221,20.169528,1.0,0.0,0.0,,brake,0.32435271162317536,0.0,0.09807380952380959,2,16.364,0.0
838,263.785,76.5194,-2.9453,-0.104774,-0.245737,JOIN_RACELINE,0.39335787648970755,0.39335787648970755,0.39335787648970755,0.39335787648970755,0.39335787648970755,-0.6390948764897075,-0.6390948764897075,0.07,0.0,90.67508874331847,0.026262956013001083,0.018609557963163596,1.9487388949079296,1.0,22.8533,0,105.0,216.0,8.54972,46.8734,34.9699,29.556,26.5647,25.132,24.3873,23.7474,23.2974,22.8533,22.4154,21.9837,21.3901,20.7275,19.5318,17.3301,14.2331,11.0051,5.65161,20.121552,1.0,0.0,0.0,,turn,0.312572732740661,0.18,0.0,2,16.386,0.0
839,264.237,76.3822,-3.02021,-0.114781,-0.239228,JOIN_RACELINE,0.39504063380281695,0.39504063380281695,0.39504063380281695,0.39504063380281695,0.39504063380281695,-0.634268633802817,-0.634268633802817,0.07,0.0,90.67809854661638,0.026268755985915493,0.018595478873239434,2.5151161971831177,1.0,23.4302,0,105.0,216.0,8.40981,48.9546,35.8459,30.1985,27.1842,25.7371,24.9839,24.3362,23.8803,23.4302,22.986,22.5478,21.9449,21.2712,20.0537,17.8054,14.6276,11.2972,5.75623,20.110576000000002,1.0,0.0,0.0,,turn,0.30066731785175416,0.18,0.0,2,16.408,0.0
840,264.69,76.3916,-2.98377,-0.123462,-0.231865,JOIN_RACELINE,0.3967271140303358,0.3967271140303358,0.3967271140303358,0.3967271140303358,0.3967271140303358,-0.6285921140303358,-0.6285921140303358,0.07,0.0,90.68119560348642,0.026274568790628384,0.01858136863488624,3.082746546587204,1.0,23.9526,0,105.0,216.0,8.28002,51.1397,36.7309,30.7714,27.7402,26.2819,25.5221,24.8682,24.4076,23.9526,23.5034,23.0601,22.4496,21.7669,20.5314,18.2441,14.9967,11.5756,5.86118,20.111328,1.0,0.0,0.0,,turn,0.2903324931515533,0.18,0.0,2,16.43,0.0
841,265.142,76.4121,-2.81959,-0.130384,-0.223631,JOIN_RACELINE,0.39840987134344524,0.39840987134344524,0.39840987134344524,0.39840987134344524,0.39840987134344524,-0.6220408713434452,-0.6220408713434452,0.07,0.0,90.68429229172223,0.026280368763542793,0.01856728954496208,3.6491238488623927,1.0,24.3953,0,105.0,216.0,8.16246,53.1536,37.5772,31.2476,28.2058,26.7401,25.9758,25.3175,24.8537,24.3953,23.9425,23.4955,22.8795,22.1902,20.9415,18.6245,15.3227,11.8275,5.96329,20.112968,1.0,0.0,0.0,,turn,0.2831498383415484,0.18,0.0,2,16.452,0.0
842,265.595,76.4429,-2.53496,-0.135439,-0.21455,JOIN_RACELINE,0.40008868702600225,0.40008868702600225,0.40008868702600225,0.40008868702600225,0.40008868702600225,-0.6146386870260022,-0.6146386870260022,0.07,0.0,90.6874018293926,0.026286167632719393,0.01855331866197183,4.194178629469149,1.0,24.7497,0,105.0,216.0,8.05669,54.9005,38.3554,31.6368,28.5729,27.1033,26.3365,25.6758,25.2101,24.7497,24.2947,23.8454,23.2261,22.5326,21.2753,18.9385,15.598,12.0472,6.06095,20.115432,1.0,0.0,0.0,,turn,0.27990439461027405,0.18,0.0,2,16.474,0.0
843,266.048,76.4823,-2.15425,-0.138837,-0.204649,JOIN_RACELINE,0.4017667317849404,0.4017667317849404,0.4017667317849404,0.4017667317849404,0.4017667317849404,-0.6064157317849403,-0.6064157317849403,0.07,0.0,90.73185896253464,0.026291965100216686,0.01853936179577465,4.73696268959913,1.0,25.0248,0,105.0,216.0,7.95995,56.4054,39.0633,31.9696,28.8519,27.3816,26.614,25.9525,25.486,25.0248,24.5689,24.1185,23.4976,22.8021,21.5403,19.192,15.8269,12.237,6.15463,20.118584,1.0,0.0,0.0,,turn,0.28057630785268234,0.18,0.0,2,16.496,0.0
844,266.501,76.5283,-1.71233,-0.140941,-0.193976,JOIN_RACELINE,0.40344477654387856,0.40344477654387856,0.40344477654387856,0.40344477654387856,0.40344477654387856,-0.5974207765438786,-0.5974207765438786,0.07,0.0,90.79648372272707,0.026297762567713975,0.018525404929577466,5.279746749729112,1.0,25.2383,0,105.0,216.0,7.8689,57.7223,39.7193,32.2596,29.0629,27.5941,26.827,26.1658,25.6995,25.2383,24.7825,24.332,23.7109,23.0149,21.7517,19.3984,16.0195,12.4037,6.2458,20.122264,1.0,0.0,0.0,,turn,0.28455474735105574,0.18,0.0,2,16.518,0.0
845,266.955,76.579,-1.25051,-0.142199,-0.182587,JOIN_RACELINE,0.4051265255958829,0.4051265255958829,0.4051265255958829,0.4051265255958829,0.4051265255958829,-0.587713525595883,-0.587713525595883,0.07,0.0,90.86147655276832,0.026303572833152763,0.018511417253521126,5.823729008667367,1.0,25.4132,0,105.0,216.0,7.77995,58.9214,40.359,32.5306,29.2308,27.765,26.9994,26.3393,25.8737,25.4132,24.958,24.5081,23.8876,23.1922,21.9296,19.5757,16.1901,12.5569,6.33669,20.12632,1.0,0.0,0.0,,turn,0.29069558523169087,0.18,0.0,2,16.54,0.0
846,267.409,76.6332,-0.805656,-0.143039,-0.170548,JOIN_RACELINE,0.40680827464788727,0.40680827464788727,0.40680827464788727,0.40680827464788727,0.40680827464788727,-0.5773562746478873,-0.5773562746478873,0.07,0.0,90.92668366020605,0.02630938309859155,0.018497429577464787,6.367711267605622,1.0,25.5713,0,105.0,216.0,7.69,60.0714,41.0257,32.8098,29.3837,27.9175,27.1538,26.4953,26.0308,25.5713,25.117,24.668,24.0486,23.3544,22.0934,19.741,16.3524,12.7061,6.42949,20.130656000000002,1.0,0.0,0.0,,turn,0.2976830648526785,0.32,0.0,2,16.562,0.0
847,267.864,76.8186,-0.429972,-0.143872,-0.157909,JOIN_RACELINE,0.40849372799295763,0.40849372799295763,0.40849372799295763,0.40849372799295763,0.40849372799295763,-0.5664027279929577,-0.5664027279929577,0.07,0.0,90.93080212060892,0.026315206161971832,0.018483411091549294,6.9128917253520825,1.0,25.7333,0,105.0,216.0,7.59626,61.2391,41.7712,33.128,29.5628,28.0737,27.312,26.6551,26.1917,25.7333,25.28,24.832,24.2138,23.5208,22.2618,19.9112,16.52,12.8607,6.52656,20.145488,1.0,0.0,0.0,,turn,0.30364529426220943,0.32,0.0,2,16.584,0.0
848,268.321,77.0867,-0.137813,-0.144972,-0.144736,JOIN_RACELINE,0.410183265226665,0.410183265226665,0.410183265226665,0.410183265226665,0.410183265226665,-0.554919265226665,-0.554919265226665,0.07,0.0,90.92270763069963,0.026321048512035754,0.018469268883095778,7.455539831397936,1.0,25.913,0,105.0,216.0,7.49721,62.4707,42.6427,33.5108,29.789,28.2488,27.488,26.8328,26.3704,25.913,25.4606,25.0134,24.3963,23.7044,22.4468,20.0972,16.7017,13.027,6.62931,20.166936,1.0,0.0,0.0,,turn,0.30737532365529163,0.32,0.0,2,16.606,0.0
849,268.78,77.361,0.0974653,-0.1462,-0.1311,JOIN_RACELINE,0.41187524206926895,0.41187524206926895,0.41187524206926895,0.41187524206926895,0.41187524206926895,-0.542975242069269,-0.542975242069269,0.07,0.0,90.91459344830287,0.026326907028472762,0.018454972238209702,7.993217997765475,1.0,26.1021,0,105.0,216.0,7.39444,63.7417,43.6391,33.9536,30.0575,28.4537,27.6739,27.0199,26.5586,26.1021,25.6506,25.2042,24.5882,23.8973,22.6411,20.2921,16.8917,13.2006,6.7363,20.18888,1.0,0.0,0.0,,turn,0.30883040107747695,0.32,0.0,2,16.628,0.0
850,269.242,77.6377,0.287008,-0.147466,-0.117047,JOIN_RACELINE,0.4135782775840472,0.4135782775840472,0.4135782775840472,0.4135782775840472,0.4135782775840472,-0.5306252775840472,-0.5306252775840472,0.07,0.0,90.9064289666548,0.026332803835866878,0.01844058215120019,8.534410400514618,1.0,26.2955,0,105.0,216.0,7.28899,65.0357,44.7651,34.4549,30.3661,28.6926,27.8809,27.2116,26.751,26.2955,25.8449,25.3994,24.7844,24.0945,22.8398,20.4916,17.0863,13.3788,6.84658,20.211016,1.0,0.0,0.0,,turn,0.30820765605244527,0.32,0.0,2,16.65,0.0
851,269.705,77.9165,0.433094,-0.14877,-0.102627,JOIN_RACELINE,0.41528499932288304,0.41528499932288304,0.41528499932288304,0.41528499932288304,0.41528499932288304,-0.517911999322883,-0.517911999322883,0.07,0.0,90.89824956387221,0.02633871340691336,0.018426160916816196,9.07677421539083,1.0,26.4926,0,105.0,216.0,7.18125,66.3515,46.0309,35.0212,30.7187,28.9684,28.1216,27.4246,26.9499,26.4926,26.043,25.5983,24.9844,24.2956,23.0423,20.6949,17.2849,13.5609,6.9598,20.23332,1.0,0.0,0.0,,turn,0.30568341340030614,0.32,0.0,2,16.672,0.0
852,270.171,78.1973,0.539397,-0.150149,-0.0878716,JOIN_RACELINE,0.417002779733893,0.417002779733893,0.417002779733893,0.417002779733893,0.417002779733893,-0.504874379733893,-0.504874379733893,0.07,0.0,90.8900199419387,0.02634466126891695,0.018411646240308766,9.62265226664858,1.0,26.7036,0,105.0,216.0,7.07119,67.6938,47.359,35.6638,31.1222,29.2869,28.4016,27.674,27.1791,26.7036,26.2464,25.8024,25.1896,24.5018,23.25,20.9034,17.4884,13.7476,7.076,20.255784,1.0,0.0,0.0,,turn,0.30141062826902654,0.32,0.0,2,16.694,0.0
853,270.639,78.4807,0.609936,-0.151616,-0.0728363,JOIN_RACELINE,0.4187279325930189,0.4187279325930189,0.4187279325930189,0.4187279325930189,0.4187279325930189,-0.4915642325930189,-0.4915642325930189,0.07,0.0,90.88175780424577,0.026350634658225274,0.018397069269052376,10.170873142160664,1.0,26.95,0,105.0,216.0,6.95917,69.0639,48.7248,36.3938,31.5832,29.6532,28.725,27.9636,27.4464,26.95,26.4733,26.015,25.4001,24.7133,23.4629,21.1168,17.6967,13.9386,7.19489,20.278456,1.0,0.0,0.0,,turn,0.2955451101362903,0.32,0.0,2,16.716,0.0
854,271.11,78.767,0.650736,-0.153175,-0.0575432,JOIN_RACELINE,0.4204637871411159,0.4204637871411159,0.4204637871411159,0.4204637871411159,0.4204637871411159,-0.4780069871411159,-0.4780069871411159,0.07,0.0,90.8734455285863,0.026356646346830985,0.01838239883531961,10.721792219664124,1.0,27.2364,0,105.0,216.0,6.84537,70.4611,50.1272,37.2234,32.1086,30.0726,29.0967,28.2977,27.7558,27.2364,26.7379,26.2594,25.6208,24.9299,23.6807,21.3351,17.9095,14.1338,7.31637,20.30136,1.0,0.0,0.0,,turn,0.28827172406767954,0.32,0.0,2,16.738,0.0
855,271.583,79.0575,0.664905,-0.154752,-0.0420128,JOIN_RACELINE,0.422198622257584,0.422198622257584,0.422198622257584,0.422198622257584,0.422198622257584,-0.464211422257584,-0.464211422257584,0.07,0.0,90.86510054730563,0.026362683758802817,0.0183676656283857,11.25587097101842,1.0,27.5622,0,105.0,216.0,6.73042,71.8723,51.5526,38.1583,32.6998,30.5457,29.5169,28.6763,28.1071,27.5622,27.04,26.5392,25.8717,25.1533,23.9,21.5549,18.124,14.331,7.43975,20.3246,1.0,0.0,0.0,,turn,0.27942600914403476,0.32,0.0,2,16.76,0.0
856,272.059,79.3523,0.661456,-0.156224,-0.0262718,JOIN_RACELINE,0.4239444605566089,0.4239444605566089,0.4239444605566089,0.4239444605566089,0.4239444605566089,-0.4502162605566089,-0.4502162605566089,0.07,0.0,90.85670553152603,0.026368759463028166,0.01835283897616468,11.793337114030336,1.0,27.9236,0,105.0,216.0,6.61526,73.2763,52.9791,39.1976,33.3535,31.0687,29.9816,29.0954,28.4964,27.9236,27.3755,26.8504,26.1516,25.4007,24.1146,21.7707,18.3357,14.5267,7.56386,20.348184,1.0,0.0,0.0,,turn,0.26832774052367026,0.32,0.0,2,16.782,0.0
857,272.537,79.6517,0.647039,-0.157458,-0.0103546,JOIN_RACELINE,0.42569763431067154,0.42569763431067154,0.42569763431067154,0.42569763431067154,0.42569763431067154,-0.4360522343106715,-0.4360522343106715,0.07,0.0,90.84827816185711,0.026374860695422536,0.018337950027085593,12.333061518147293,1.0,28.3147,0,105.0,216.0,6.50088,74.6502,54.3829,40.3366,34.0634,31.6351,30.4845,29.5489,28.9175,28.3147,27.7386,27.1875,26.455,25.6694,24.3276,21.9763,18.539,14.7168,7.68735,20.372136,1.0,0.0,0.0,,turn,0.25588399173624793,0.52,0.0,2,16.804,0.0
858,273.018,80.1341,0.577985,-0.158534,0.00568848,JOIN_RACELINE,0.42746181124729127,0.42746181124729127,0.42746181124729127,0.42746181124729127,0.42746181124729127,-0.42177333124729127,-0.42177333124729127,0.07,0.0,90.83980085204247,0.026381000220070422,0.018322967632719397,12.876173313921935,1.0,28.7435,0,105.0,216.0,6.38703,76.0079,55.7771,41.6011,34.8439,32.2564,31.0359,30.0459,29.3792,28.7435,28.1369,27.5574,26.7885,25.9652,24.5628,22.1747,18.7366,14.903,7.81042,20.410728,1.0,0.0,0.0,,turn,0.24163533564881706,0.52,0.0,2,16.826,0.0
859,273.504,80.7404,0.446778,-0.159622,0.0218185,JOIN_RACELINE,0.42924432682150593,0.42924432682150593,0.42924432682150593,0.42924432682150593,0.42924432682150593,-0.4074258268215059,-0.4074258268215059,0.07,0.0,90.8312384256028,0.026387203565140845,0.01830782949620802,13.424930762459368,1.0,29.2267,0,105.0,216.0,6.27297,77.3792,57.1908,42.993,35.7241,32.956,31.6565,30.6054,29.899,29.2267,28.5861,27.975,27.1656,26.3006,24.8314,22.3729,18.9339,15.0892,7.93414,20.459232,1.0,0.0,0.0,,turn,0.22527765192561383,0.52,0.0,2,16.848,0.0
860,273.995,81.3617,0.325835,-0.160154,0.0380005,JOIN_RACELINE,0.43104518103331524,0.43104518103331524,0.43104518103331524,0.43104518103331524,0.43104518103331524,-0.39304468103331525,-0.39304468103331525,0.07,0.0,90.82259097396519,0.026393470730633802,0.018292535617551463,13.97933386375946,1.0,29.7257,0,105.0,216.0,6.16206,78.6712,58.5297,44.3244,36.6491,33.6857,32.3016,31.1854,30.4369,29.7257,29.0492,28.4048,27.5528,26.6443,25.1054,22.548,19.1103,15.2598,8.05354,20.508936,1.0,0.0,0.0,,turn,0.20799566739233688,0.52,0.0,2,16.87,0.0
861,274.491,81.9841,0.242509,-0.159761,0.054184,JOIN_RACELINE,0.4328563030097842,0.4328563030097842,0.4328563030097842,0.4328563030097842,0.4328563030097842,-0.3786723030097842,-0.3786723030097842,0.07,0.0,90.81390056783735,0.026399771276703794,0.01827723770186546,14.522578562480922,1.0,30.2091,0,105.0,216.0,6.05638,79.8244,59.733,45.53,37.5714,34.4052,32.9341,31.7513,30.9598,30.2091,29.4962,28.8183,27.9233,26.9711,25.3628,22.7028,19.2519,15.4042,8.16501,20.558728000000002,1.0,0.0,0.0,,turn,0.19100206828807692,0.52,0.0,2,16.892,0.0
862,274.991,82.6049,0.194577,-0.158352,0.07033,JOIN_RACELINE,0.4346811328841791,0.4346811328841791,0.4346811328841791,0.4346811328841791,0.4346811328841791,-0.3643511328841791,-0.3643511328841791,0.07,0.0,90.8051478946499,0.026406119247046077,0.018261833293834854,15.0683347327081,1.0,30.6631,0,105.0,216.0,5.9564,17.5902,60.7851,46.5935,38.4684,35.0959,33.5371,32.2874,31.4531,30.6631,29.914,29.2029,28.2657,27.2706,25.5946,22.8356,19.3554,15.5194,8.26732,20.608392000000002,1.0,0.0,0.0,,turn,0.17511206485233904,0.52,0.0,2,16.914,0.0
863,275.496,83.2246,0.172496,-0.155975,0.0863708,JOIN_RACELINE,0.43652421105731787,0.43652421105731787,0.43652421105731787,0.43652421105731787,0.43652421105731787,-0.3501534110573179,-0.3501534110573179,0.07,0.0,90.79631089783102,0.026412530697091784,0.01824627484172394,15.619548464637546,1.0,31.0843,0,105.0,216.0,5.86204,16.805,61.6938,47.521,39.3338,35.7527,34.106,32.7899,31.9131,31.0843,30.2997,29.5559,28.5775,27.5406,25.7991,22.9455,19.4223,15.6064,8.36023,20.657968,1.0,0.0,0.0,,turn,0.1606174952228256,0.52,0.0,2,16.936,0.0
864,276.007,83.8442,0.167607,-0.152727,0.102226,JOIN_RACELINE,0.4383891871889495,0.4383891871889495,0.4383891871889495,0.4383891871889495,0.4383891871889495,-0.3361631871889495,-0.3361631871889495,0.07,0.0,90.78737218163354,0.026419018322781596,0.018230531536716662,16.17731127060975,1.0,31.4745,0,105.0,216.0,5.77312,16.461,62.4754,48.3267,40.141,36.3771,34.6427,33.2604,32.3415,31.4745,30.6549,29.8792,28.8604,27.7829,25.9782,23.034,19.4559,15.6672,8.44394,20.707536,1.0,0.0,0.0,,turn,0.14752528917556526,0.52,0.0,2,16.958,0.0
865,276.523,84.4644,0.170871,-0.148678,0.117841,JOIN_RACELINE,0.440272411619325,0.440272411619325,0.440272411619325,0.440272411619325,0.440272411619325,-0.322431411619325,-0.322431411619325,0.07,0.0,90.77834934289451,0.026425569428174832,0.018214634187629076,16.740531638284217,1.0,31.8343,0,105.0,216.0,5.68951,16.3746,63.1413,49.0216,40.8446,36.9693,35.1473,33.6994,32.739,31.8343,30.9804,30.1735,29.1154,27.9985,26.1328,23.1024,19.459,15.7039,8.51867,20.757151999999998,1.0,0.0,0.0,,turn,0.13536028599657268,0.52,0.0,2,16.98,0.0
866,277.043,85.0859,0.177438,-0.14384,0.133123,JOIN_RACELINE,0.44216940228873247,0.44216940228873247,0.44216940228873247,0.44216940228873247,0.44216940228873247,-0.3090464022887325,-0.3090464022887325,0.07,0.0,90.76925992677025,0.026432171336673888,0.018198598320693392,17.306565682556897,1.0,32.1586,0,128.0,216.0,5.61167,16.5961,63.6939,49.6069,41.4441,37.5216,35.6132,34.101,33.1001,32.1586,31.2716,30.4344,29.3385,28.1839,26.2601,23.1486,19.4325,15.7165,8.58394,20.806872,1.0,0.0,0.0,,turn,0.12479382437224315,0.52,0.0,3,17.002,0.0
867,277.568,85.2888,0.236047,-0.13829,0.147975,JOIN_RACELINE,0.44407576232394363,0.44407576232394363,0.44407576232394363,0.44407576232394363,0.44407576232394363,-0.29610076232394367,-0.29610076232394367,0.07,0.0,90.76008628274968,0.026438836931202598,0.01818224539544962,17.86149864572047,1.0,32.4483,0,128.0,216.0,5.53982,17.1744,64.1433,50.0923,41.9481,38.0274,36.0406,34.4656,33.4252,32.4483,31.5291,30.6629,29.5308,28.3402,26.3614,23.174,19.3881,15.7067,8.63983,20.823104,1.0,0.0,0.0,,turn,0.11772106600824052,0.6704340877980649,0.0,3,17.024,0.0
868,278.095,85.2413,0.283668,-0.132551,0.162318,JOIN_RACELINE,0.44598938468309873,0.44598938468309873,0.44598938468309873,0.44598938468309873,0.44598938468309873,-0.2836713846830987,-0.2836713846830987,0.07,0.0,90.75088117990342,0.02644552791847237,0.018165830173347778,18.41854563921998,1.0,32.752,0,128.0,216.0,5.47184,17.5614,64.5676,50.5535,42.4291,38.5164,36.4895,34.8481,33.7663,32.752,31.7993,30.9026,29.7328,28.5048,26.469,23.2036,19.3467,15.6882,8.69033,20.819304,1.0,0.0,0.0,,turn,0.1127977907216803,0.6719069684578239,0.0,3,17.046,0.0
869,278.622,85.218,0.304704,-0.126713,0.176107,JOIN_RACELINE,0.4479030070422536,0.4479030070422536,0.4479030070422536,0.4479030070422536,0.4479030070422536,-0.2717960070422536,-0.2717960070422536,0.07,0.0,90.74167956987121,0.026452218905742144,0.018149414951245935,18.975592632719422,1.0,33.0798,0,128.0,216.0,5.4076,17.798,64.9805,51.0036,42.8995,38.9952,36.9666,35.2601,34.1339,33.0798,32.0912,31.1623,29.9524,28.6848,26.5891,23.2419,19.3111,15.6629,8.73597,20.81744,1.0,0.0,0.0,,turn,0.10877689754881577,0.6724492142258156,0.0,3,17.068,0.0
870,279.152,85.6684,0.293748,-0.120485,0.18932,JOIN_RACELINE,0.44982752288732397,0.44982752288732397,0.44982752288732397,0.44982752288732397,0.44982752288732397,-0.260507522887324,-0.260507522887324,0.07,0.0,90.73242909922124,0.02645894798212351,0.018132906283856987,19.535810671722643,1.0,33.3998,0,128.0,216.0,5.34878,18.0203,65.338,51.3997,43.318,39.4236,37.3998,35.6656,34.4942,33.3998,32.375,31.4136,30.1635,28.8563,26.7009,23.2733,19.2708,15.6237,8.7743,20.853472,1.0,0.0,0.0,,turn,0.10461706617900796,0.6547703499700473,0.0,3,17.09,0.0
871,279.687,86.2451,0.292496,-0.113687,0.201917,JOIN_RACELINE,0.4517701945422536,0.4517701945422536,0.4517701945422536,0.4517701945422536,0.4517701945422536,-0.24985319454225358,-0.24985319454225358,0.07,0.0,90.72309493827352,0.026465740540357528,0.01811624187432286,20.101313786565576,1.0,33.6911,0,128.0,216.0,5.29663,18.2816,65.6168,51.719,43.6625,39.7802,37.7625,36.0318,34.8251,33.6911,32.6311,31.638,30.3489,29.0036,26.7911,23.2874,19.2187,15.5662,8.80375,20.899608,1.0,0.0,0.0,,turn,0.10081316232418253,0.6322305745489818,0.0,3,17.112,0.0
872,280.226,86.8023,0.309422,-0.106332,0.213872,JOIN_RACELINE,0.4537223740520044,0.4537223740520044,0.4537223740520044,0.4537223740520044,0.4537223740520044,-0.23985037405200438,-0.23985037405200438,0.07,0.0,90.71380945515999,0.026472500270855903,0.018099452871072588,20.66240492957748,1.0,33.9514,0,128.0,216.0,5.25135,18.5729,65.8193,51.9638,43.9354,40.0672,38.0568,36.3324,35.1223,33.9514,32.8572,31.8337,30.5072,29.1254,26.8588,23.284,19.1549,15.4911,8.82445,20.944184,1.0,0.0,0.0,,turn,0.09804415724026236,0.6104426713523072,0.0,3,17.134,0.0
873,280.77,87.3337,0.337736,-0.0984669,0.225128,JOIN_RACELINE,0.4556877803358613,0.4556877803358613,0.4556877803358613,0.4556877803358613,0.4556877803358613,-0.23055978033586133,-0.23055978033586133,0.07,0.0,90.70455315747279,0.02647924133261105,0.01808250812567714,21.220292253521126,1.0,34.1824,0,128.0,216.0,5.21324,18.8829,65.9528,52.1414,44.1434,40.2912,38.2893,36.5722,35.3673,34.1824,33.0552,32.0023,30.6399,29.2235,26.9057,23.2644,19.0803,15.3999,8.83666,20.986696,1.0,0.0,0.0,,turn,0.09641732253009247,0.5896481983643382,0.0,3,17.156,0.0
874,281.319,87.8452,0.372218,-0.0901845,0.235622,JOIN_RACELINE,0.45767125101570977,0.45767125101570977,0.45767125101570977,0.45767125101570977,0.45767125101570977,-0.22204925101570977,-0.22204925101570977,0.07,0.0,90.69521536640033,0.02648604435265439,0.01806540763813651,21.783307218309893,1.0,34.3846,0,128.0,216.0,5.18242,19.194,66.0317,52.2656,44.2999,40.4649,38.4723,36.7634,35.5643,34.3846,33.2328,32.1513,30.7541,29.304,26.937,23.2328,18.9979,15.2949,8.8409,21.027616000000002,1.0,0.0,0.0,,turn,0.09588649360693793,0.5696159756307818,0.0,3,17.178,0.0
875,281.872,88.3307,0.408986,-0.0816218,0.245312,JOIN_RACELINE,0.4596691732123511,0.4596691732123511,0.4596691732123511,0.4596691732123511,0.4596691732123511,-0.21435717321235112,-0.21435717321235112,0.07,0.0,90.68581317678778,0.026492896939328277,0.01804818255687974,22.350424295774683,1.0,34.5581,0,128.0,216.0,5.15868,19.4811,66.0774,52.3573,44.4248,40.6078,38.625,36.9247,35.7318,34.5581,33.4048,32.2948,30.8626,29.3789,26.963,23.1967,18.9126,15.185,8.8382,21.066456,1.0,0.0,0.0,,turn,0.09642967513913742,0.5505812760302993,0.0,3,17.2,0.0
876,282.429,88.7951,0.437157,-0.0729363,0.254169,JOIN_RACELINE,0.46168154692578545,0.46168154692578545,0.46168154692578545,0.46168154692578545,0.46168154692578545,-0.20751254692578547,-0.20751254692578547,0.07,0.0,90.67634666544492,0.02649979909263272,0.018030832881906825,22.921643485915485,1.0,34.723,0,128.0,216.0,5.14157,19.7186,66.1143,52.4402,44.541,40.7419,38.7689,37.0773,35.8905,34.723,33.5757,32.4516,30.9825,29.4635,26.9963,23.1655,18.8304,15.0776,8.82974,21.103608,1.0,0.0,0.0,,turn,0.09788008546017837,0.5323556409786507,0.0,3,17.222,0.0
877,282.99,89.2394,0.45997,-0.0642561,0.262144,JOIN_RACELINE,0.4637067827470631,0.4637067827470631,0.4637067827470631,0.4637067827470631,0.4637067827470631,-0.20156278274706313,-0.20156278274706313,0.07,0.0,90.66883485732899,0.02650527796661814,0.018011349019873377,23.49394732031015,1.0,34.8952,0,128.0,216.0,5.13095,19.891,66.162,52.5331,44.6664,40.8847,38.9211,37.2377,36.0569,34.8952,33.7537,32.6335,31.1287,29.5712,27.048,23.1469,18.7562,14.9753,8.8163,21.139152,1.0,0.0,0.0,,turn,0.10008940954460772,0.5149782637434225,0.0,3,17.244,0.0
878,283.554,89.6664,0.474363,-0.0556563,0.269238,JOIN_RACELINE,0.4657338755459254,0.4657338755459254,0.4657338755459254,0.4657338755459254,0.4657338755459254,-0.1964958755459254,-0.1964958755459254,0.07,0.0,98.0,0.02650247104648407,0.017980415614314252,24.0522761959576,1.0,35.0841,0,128.0,216.0,5.12659,19.9931,66.2314,52.6469,44.8113,41.046,39.0914,37.4157,36.2404,35.0841,33.9479,32.833,31.3121,29.7115,27.126,23.1465,18.6934,14.8805,8.79852,21.173312,1.0,0.0,0.0,,turn,0.1027993907496953,0.7349782637434225,0.0,3,17.266,0.0
879,284.122,90.2475,0.468103,-0.0472311,0.275443,JOIN_RACELINE,0.46777534488946076,0.46777534488946076,0.46777534488946076,0.46777534488946076,0.46777534488946076,-0.19233234488946077,-0.19233234488946077,0.07,0.0,98.0,0.02649964421911501,0.01794926282290009,24.61456485086504,1.0,35.3024,0,128.0,216.0,5.12818,20.0171,66.3378,52.7962,44.9898,41.2397,39.2931,37.6244,36.4539,35.3024,34.1709,33.0606,31.5433,29.898,27.2411,23.1718,18.6466,14.7955,8.77709,21.2198,1.0,0.0,0.0,,turn,0.10556561303059753,0.7581730769230768,0.0,3,17.288,0.0
880,284.695,90.933,0.439409,-0.0390475,0.280747,JOIN_RACELINE,0.46983478491383684,0.46983478491383684,0.46983478491383684,0.46983478491383684,0.46983478491383684,-0.18908778491383682,-0.18908778491383682,0.07,0.0,98.0,0.026496792507702205,0.017917835799167146,25.181803229847308,1.0,35.5606,0,128.0,216.0,5.13557,19.9607,66.4936,52.993,45.2134,41.4768,39.5372,37.8745,36.7081,35.5606,34.433,33.3263,31.8138,30.1444,27.404,23.2297,18.6198,14.7225,8.75243,21.27464,1.0,0.0,0.0,,turn,0.10833225526181489,0.731807692307692,0.0,3,17.31,0.0
881,285.273,91.6199,0.410295,-0.0309582,0.285135,JOIN_RACELINE,0.4719121956190541,0.4719121956190541,0.4719121956190541,0.4719121956190541,0.4719121956190541,-0.1867771956190541,-0.1867771956190541,0.07,0.0,98.0,0.026493915912245657,0.01788613454311541,25.753991332904516,1.0,35.8395,0,128.0,216.0,5.1499,19.8581,66.6757,53.2149,45.4608,41.7365,39.8034,38.1461,36.9834,35.8395,34.7153,33.6117,32.1033,30.4345,27.6049,23.3127,18.6079,14.6585,8.7234,21.329591999999998,1.0,0.0,0.0,,turn,0.1115609063650744,0.7053884615384616,0.0,3,17.332,0.0
882,285.856,92.2769,0.403898,-0.0229236,0.288618,JOIN_RACELINE,0.4740075770051122,0.4740075770051122,0.4740075770051122,0.4740075770051122,0.4740075770051122,-0.18538957700511222,-0.18538957700511222,0.07,0.0,98.0,0.02649101443274537,0.017854159054744894,26.331129160036554,1.0,36.1337,0,128.0,216.0,5.1715,19.7211,66.8773,53.4555,45.7256,42.0132,40.086,38.4337,37.2744,36.1337,35.0125,33.9118,32.407,30.7417,27.8434,23.4202,18.6102,14.6031,8.68984,21.382151999999998,1.0,0.0,0.0,,turn,0.11571520061888649,0.6801192307692309,0.0,3,17.354,0.0
883,286.443,92.9034,0.404019,-0.015007,0.291227,JOIN_RACELINE,0.4760905108342361,0.4760905108342361,0.4760905108342361,0.4760905108342361,0.4760905108342361,-0.18486351083423608,-0.18486351083423608,0.07,0.0,98.0,0.02643094069271398,0.01772090841684724,26.727144230769216,1.0,36.4514,0,128.0,216.0,5.19999,19.5448,67.1075,53.7236,46.0168,42.3151,40.3933,38.7455,37.5892,36.4514,35.3328,34.2344,32.7325,31.0699,28.1299,23.5591,18.631,14.5586,8.65242,21.432272,1.0,0.0,0.0,,turn,0.12064379157616602,0.6560230769230768,0.0,3,17.376,0.0
884,287.035,93.5012,0.407092,-0.00723279,0.29295,JOIN_RACELINE,0.47819105254604555,0.47819105254604555,0.47819105254604555,0.47819105254604555,0.47819105254604555,-0.18524105254604556,-0.18524105254604556,0.07,0.0,98.0,0.026370069078412783,0.017586016759209094,27.125605769230784,1.0,36.7949,0,128.0,216.0,5.23551,19.3321,67.3693,54.0222,46.3369,42.6451,40.7281,39.0841,37.9304,36.7949,35.6784,34.582,33.0823,31.4215,28.471,23.7335,18.6724,14.5264,8.61125,21.480096,1.0,0.0,0.0,,turn,0.12627832948891773,0.6330307692307694,0.0,3,17.398,0.0
885,287.63,94.0721,0.406994,0.000351548,0.29381,JOIN_RACELINE,0.48030223889490786,0.48030223889490786,0.48030223889490786,0.48030223889490786,0.48030223889490786,-0.18649223889490785,-0.18649223889490785,0.07,0.0,98.0,0.026308888993093176,0.01745044152898158,27.526086538461534,1.0,37.1702,0,128.0,216.0,5.27775,19.082,67.6691,54.3577,46.6923,43.0091,41.0963,39.4555,38.3039,37.1702,36.0553,34.9602,33.4619,31.8019,28.8507,23.9507,18.7383,14.5085,8.56678,21.525768,1.0,0.0,0.0,,turn,0.1325402789152303,0.6110730769230768,0.0,3,17.42,0.0
886,288.228,94.6177,0.408405,0.00768149,0.293803,JOIN_RACELINE,0.4824240698808234,0.4824240698808234,0.4824240698808234,0.4824240698808234,0.4824240698808234,-0.18862106988082344,-0.18862106988082344,0.07,0.0,98.0,0.026247400436755147,0.017314182726164678,27.92858653846154,1.0,37.585,0,128.0,216.0,5.3265,18.7933,68.016,54.7388,47.0913,43.4155,41.506,39.8677,38.7175,37.585,36.4711,35.3767,33.8787,32.2184,29.2641,24.2199,18.8335,14.5074,8.5194,21.569416,1.0,0.0,0.0,,turn,0.1395559691659941,0.5900884615384616,0.0,3,17.442,0.0
887,288.831,95.147,0.414143,0.0147343,0.29295,JOIN_RACELINE,0.484559514253792,0.484559514253792,0.484559514253792,0.484559514253792,0.484559514253792,-0.19160951425379202,-0.19160951425379202,0.07,0.0,98.0,0.02618043390438786,0.017165886071235086,28.33994505010836,1.0,38.0422,0,128.0,216.0,5.38157,18.4695,68.413,55.1685,47.5368,43.8671,41.9599,40.3233,39.1741,38.0422,36.9286,35.8341,34.3356,32.6738,29.714,24.5486,18.9618,14.5251,8.46934,21.61176,1.0,0.0,0.0,,turn,0.1471726944168754,0.569730769230769,0.0,3,17.464,0.0
888,289.436,95.6437,0.429191,0.0215896,0.291307,JOIN_RACELINE,0.48657119660752973,0.48657119660752973,0.48657119660752973,0.48657119660752973,0.48657119660752973,-0.19526419660752975,-0.19526419660752975,0.07,0.0,112.0,0.02595589402085591,0.016671619752166862,28.926796688786546,1.0,38.5316,0,128.0,216.0,5.44319,18.1237,68.847,55.6343,48.0174,44.3527,42.4475,40.8121,39.6633,38.5316,37.4179,36.323,34.8233,33.1592,30.1925,24.9374,19.1226,14.561,8.41642,21.651496,1.0,0.0,0.0,,turn,0.155282321758495,0.789730769230769,0.0,3,17.486,0.0
889,290.044,96.2908,0.401885,0.027968,0.28887,JOIN_RACELINE,0.48859285424566623,0.48859285424566623,0.48859285424566623,0.48859285424566623,0.48859285424566623,-0.19972285424566621,-0.19972285424566621,0.07,0.0,112.0,0.025730240716413874,0.01617490252573132,29.516558335590453,1.0,39.0899,0,128.0,216.0,5.50951,17.7331,69.3609,56.178,48.5729,44.9114,43.0069,41.3714,40.2222,39.0899,37.975,36.8787,35.3762,33.7081,30.7309,25.4198,19.3337,14.6245,8.36577,21.703264,1.0,0.0,0.0,,turn,0.16297394612540989,1.0,0.0,3,17.508,0.0
890,290.657,97.157,0.268305,0.0334103,0.2856,JOIN_RACELINE,0.4906311373578006,0.4906311373578006,0.4906311373578006,0.4906311373578006,0.4906311373578006,-0.2050311373578006,-0.2050311373578006,0.07,0.0,94.0,0.025502731710455043,0.01567410045368365,30.111169995937146,1.0,39.7787,0,128.0,216.0,5.57076,17.2654,70.0271,56.8697,49.2708,45.6087,43.7026,42.0648,40.9136,39.7787,38.6609,37.5611,36.0532,34.3775,31.3827,26.024,19.6265,14.7314,8.3269,21.77256,1.0,0.0,0.0,,turn,0.16911811758892634,0.4800000000000001,0.0,3,17.53,0.0
891,291.275,97.841,0.155794,0.0382392,0.281493,JOIN_RACELINE,0.4926860459439328,0.4926860459439328,0.4926860459439328,0.4926860459439328,0.4926860459439328,-0.2111930459439328,-0.2111930459439328,0.07,0.0,94.0,0.025273367002979424,0.01516921353602385,30.710631669826636,1.0,40.558,0,128.0,216.0,5.61866,16.7633,70.7961,57.6621,50.0662,46.4012,44.492,42.8508,41.6964,40.558,39.4362,38.3319,36.8167,35.1315,32.1151,26.6993,19.9935,14.8763,8.29855,21.827280000000002,1.0,0.0,0.0,,turn,0.17490779652020383,0.312269230769231,0.0,3,17.552,0.0
892,291.895,98.0838,0.194213,0.0437108,0.276745,JOIN_RACELINE,0.4946518872939025,0.4946518872939025,0.4946518872939025,0.4946518872939025,0.4946518872939025,-0.2179068872939025,-0.2179068872939025,0.07,0.0,94.0,0.024443937949013173,0.014531993905948497,31.147243795916992,1.0,41.262,0,128.0,216.0,5.6608,16.3281,71.4711,58.3647,50.7766,47.1117,45.2015,43.5586,42.4025,41.262,40.1377,39.0304,37.5102,35.8183,32.7859,27.3254,20.3684,15.0241,8.27418,21.846704,1.0,0.0,0.0,,turn,0.18312560362513297,0.3029307692307694,0.0,3,17.574,0.0
893,292.516,98.2507,0.250469,0.0491371,0.27141,JOIN_RACELINE,0.49625563445847587,0.49625563445847587,0.49625563445847587,0.49625563445847587,0.49625563445847587,-0.22484563445847588,-0.22484563445847588,0.07,0.0,94.0,0.02132611301757109,0.013394990147949995,30.95571080339912,1.0,41.9763,0,128.0,216.0,5.69212,15.9004,72.1535,59.0758,51.4961,47.8319,45.9208,44.2764,43.1188,41.9763,40.8497,39.7396,38.2148,36.5163,33.4686,27.9646,20.7926,15.1966,8.25869,21.860056,1.0,0.0,0.0,,turn,0.19222525097301546,0.29651153846153866,0.0,3,17.596,0.0
894,293.137,98.4072,0.292601,0.0539931,0.26548,JOIN_RACELINE,0.49785938162304905,0.49785938162304905,0.49785938162304905,0.49785938162304905,0.49785938162304905,-0.23237938162304905,-0.23237938162304905,0.07,0.0,94.0,0.018208288086129294,0.012257986389951597,30.76417781088127,1.0,42.7687,0,128.0,216.0,5.70942,15.4463,72.9222,59.8718,52.2985,48.6334,46.7206,45.0737,43.9139,42.7687,41.6389,40.5253,38.9946,37.2883,34.2222,28.6678,21.3067,15.4132,8.25589,21.872576000000002,1.0,0.0,0.0,,turn,0.20114892892548603,0.2904923076923076,0.0,3,17.618,0.0
895,293.758,98.5452,0.327339,0.0576966,0.25908,JOIN_RACELINE,0.4994631287876222,0.4994631287876222,0.4994631287876222,0.4994631287876222,0.4994631287876222,-0.24038312878762225,-0.24038312878762225,0.09,0.0,114.0,0.015090463154687496,0.0111209826319532,30.57264481836342,1.0,43.7171,0,128.0,216.0,5.70839,14.9358,73.8644,60.8388,53.2673,49.598,47.6813,46.0301,44.8665,43.7171,42.5825,41.4635,39.9244,38.207,35.116,29.4964,21.968,15.7006,8.27118,21.883616,1.0,0.0,0.0,,turn,0.20914381503957827,0.5104923076923076,0.0,3,17.64,0.0
896,294.38,98.8572,0.242934,0.0605839,0.252225,JOIN_RACELINE,0.50106945847581,0.50106945847581,0.50106945847581,0.50106945847581,0.50106945847581,-0.24884445847581,-0.24884445847581,0.09,0.0,114.0,0.011967617571182018,0.00998214795002882,30.380803399126528,1.0,44.7794,0,128.0,216.0,5.692,14.4006,74.9292,61.9276,54.3556,50.6804,48.7587,47.102,45.934,44.7794,43.6391,42.5138,40.9648,39.2345,36.115,30.4214,22.7344,16.0558,8.30329,21.908576,1.0,0.0,0.0,,turn,0.21452990682184508,0.7304923076923076,0.0,3,17.662,0.0
897,294.996,99.42,0.0419078,0.0557522,0.245036,JOIN_RACELINE,0.5022612788841833,0.5022612788841833,0.5022612788841833,0.5022612788841833,0.5022612788841833,-0.25722527888418323,-0.25722527888418323,0.09,0.0,114.0,0.008944267817017446,0.00855637023555365,30.19701942529139,1.0,45.9308,0,216.0,216.0,5.66275,13.8589,26.0546,63.1088,55.5355,51.8537,49.9265,48.2639,47.0909,45.9308,44.7843,43.6521,42.0924,40.3485,37.1984,31.4258,23.5684,16.4796,8.35135,21.9536,1.0,0.0,0.0,,turn,0.2139762436884254,0.9504923076923075,0.0,3,17.684,0.0
898,295.605,100.214,-0.308029,0.0417844,0.238843,JOIN_RACELINE,0.502954239928599,0.502954239928599,0.502954239928599,0.502954239928599,0.502954239928599,-0.264111239928599,-0.264111239928599,0.09,0.0,114.0,0.006039650512757707,0.006784427706415606,30.022873263098948,1.0,47.1684,0,216.0,216.0,5.62194,13.3168,23.3437,64.3783,56.8033,53.1143,51.1815,49.5126,48.3343,47.1684,46.0154,44.8761,43.3052,41.5468,38.3647,32.5091,24.4714,16.9807,8.41575,22.01712,1.0,0.0,0.0,,turn,0.2043742218268632,0.8902307692307693,0.0,3,17.706,0.0
899,296.22,101.135,-0.738214,0.0275396,0.233839,JOIN_RACELINE,0.5036540281754227,0.5036540281754227,0.5036540281754227,0.5036540281754227,0.5036540281754227,-0.2698150281754227,-0.2698150281754227,0.09,0.0,136.0,0.0031064162892443133,0.004995027615414215,29.847011375170627,1.0,48.4403,0,216.0,216.0,5.57315,12.7946,21.3852,65.6782,58.103,54.4079,52.4697,50.7949,49.6118,48.4403,47.2812,46.135,44.5536,42.7812,39.5681,33.6315,25.4141,17.552,8.49389,22.0908,1.0,0.0,0.0,,turn,0.18656719354528611,0.9,0.0,3,17.728,0.0
900,296.841,102.088,-0.974033,0.0148563,0.230073,JOIN_RACELINE,0.5043606436246544,0.5043606436246544,0.5043606436246544,0.5043606436246544,0.5043606436246544,-0.2742876436246544,-0.2742876436246544,0.09,0.0,136.0,0.00014456514647726536,0.0031881699625494796,29.669433761506426,1.0,49.4996,0,216.0,216.0,5.52692,12.3589,20.0021,66.7387,59.1719,55.4762,53.5364,51.8592,50.6738,49.4996,48.3372,47.1873,45.5996,43.8189,40.5862,34.5943,26.2439,18.1118,8.57154,22.16704,1.0,0.0,0.0,,turn,0.16730422415535318,0.9,0.0,3,17.75,0.0
901,297.468,102.928,-1.11353,0.00384927,0.22757,JOIN_RACELINE,0.5050740862762941,0.5050740862762941,0.5050740862762941,0.5050740862762941,0.5050740862762941,-0.27750408627629414,-0.27750408627629414,0.09,0.0,136.0,-0.002845902915543706,0.0013638547478212332,29.490140422106332,1.0,50.329,0,216.0,216.0,5.48305,11.997,18.9686,67.5443,59.9937,56.303,54.3649,52.6885,51.5034,50.329,49.1661,48.0153,46.4258,44.642,41.4004,35.3784,26.9421,18.6425,8.64701,22.23424,1.0,0.0,0.0,,turn,0.1490757438335784,0.9,0.0,3,17.772,0.0
902,298.099,103.723,-1.31612,-0.0069592,0.226214,JOIN_RACELINE,0.5048226566798503,0.5048226566798503,0.5048226566798503,0.5048226566798503,0.5048226566798503,-0.27860865667985024,-0.27860865667985024,0.112,0.0,136.0,-0.0031622783696755585,-0.0003896841202617096,29.31354075811138,1.0,51.1243,0,216.0,216.0,5.43381,11.6485,18.0467,68.311,60.778,57.0935,55.1576,53.4828,52.2982,51.1243,49.9614,48.8104,47.2198,45.4339,42.1857,36.1384,27.6259,19.1808,8.73162,22.29784,1.0,0.0,0.0,,accelerate,0.1308442183055237,0.9,0.0,3,17.794,0.0
903,298.736,104.516,-1.58779,-0.0188869,0.226005,JOIN_RACELINE,0.5043647105106577,0.5043647105106577,0.5043647105106577,0.5043647105106577,0.5043647105106577,-0.27835971051065767,-0.27835971051065767,0.11219060625328146,0.013614732377247534,135.891082140982,-0.0029145772041580757,-0.002142543313149602,29.13606989604845,1.0,52.0615,0,216.0,216.0,5.37246,11.2707,17.1095,69.2299,61.7116,58.0309,56.0959,54.4212,53.2362,52.0615,50.8976,49.7449,48.1515,46.3613,43.1017,37.0183,28.408,19.7868,8.83765,22.36128,1.0,0.0,0.0,,accelerate,0.1109140956283555,0.9,0.0,3,17.816,0.0
904,299.377,105.34,-2.06033,-0.0321293,0.22694,JOIN_RACELINE,0.5039038886983305,0.5039038886983305,0.5039038886983305,0.5039038886983305,0.5039038886983305,-0.27696388869833044,-0.27696388869833044,0.11278652563198835,0.056180402284881664,135.55055678172096,-0.0026653206153092355,-0.003906409471142024,28.957484617269262,1.0,53.1666,0,216.0,216.0,5.29887,10.8645,16.1605,70.3275,62.8207,59.1414,57.2058,55.5297,54.3433,53.1666,52.0002,50.8447,49.2464,47.4493,44.1732,38.0416,29.309,20.4756,8.96851,22.4272,1.0,0.0,0.0,,accelerate,0.09151532410416659,0.9,0.0,3,17.838,0.0
905,300.024,106.178,-2.62316,-0.0458368,0.228995,JOIN_RACELINE,0.5034387534213014,0.5034387534213014,0.5034387534213014,0.5034387534213014,0.5034387534213014,-0.2744437534213014,-0.2744437534213014,0.11338710421554447,0.09907887253889043,135.20736901968888,-0.0024137308914633816,-0.005686786076791083,28.77722771341571,1.0,54.3249,0,216.0,216.0,5.2182,10.46,15.2668,71.479,63.9837,60.3057,58.3693,56.6916,55.5037,54.3249,53.156,51.9974,50.394,48.5899,45.2967,39.1155,30.2568,21.2024,9.11766,22.494239999999998,1.0,0.0,0.0,,accelerate,0.06669220779096598,0.9,0.0,3,17.86,0.0
906,300.676,107.031,-3.19946,-0.0593033,0.23218,JOIN_RACELINE,0.5026582552148958,0.5026582552148958,0.5026582552148958,0.5026582552148958,0.5026582552148958,-0.2704782552148958,-0.2704782552148958,0.11399146628506318,0.1422475917902272,134.86201926567819,-0.002111812039759226,-0.007157011759764753,28.513507489850227,1.0,55.4411,0,216.0,216.0,5.13404,10.0754,14.4588,24.7248,65.1001,61.4248,59.4886,57.8102,56.6213,55.4411,54.2703,53.1095,51.5021,49.6922,46.3849,40.1605,31.188,21.9261,9.2791,22.56248,1.0,0.0,0.0,,accelerate,0.03807539187224025,0.9,0.0,3,17.882,0.0
907,301.333,107.946,-3.693,-0.0717809,0.236463,JOIN_RACELINE,0.5013395183396332,0.5013395183396332,0.5013395183396332,0.5013395183396332,0.5013395183396332,-0.2648765183396332,-0.2648765183396332,0.11451901507413711,0.1799296481526505,134.5605628147788,-0.0017249748915021653,-0.008085531289374224,28.107653856922855,1.0,56.4129,0,216.0,216.0,5.04986,9.72556,13.756,21.7367,66.0635,62.3936,60.4592,58.7818,57.5931,56.4129,55.2417,54.0801,52.471,50.6582,47.3424,41.0886,32.0298,22.5972,9.44481,22.63568,1.0,0.0,0.0,,accelerate,0.00824943412456822,0.9,0.0,3,17.904,0.0
908,301.996,108.974,-3.81418,-0.0814174,0.24197,JOIN_RACELINE,0.500008738205236,0.500008738205236,0.500008738205236,0.500008738205236,0.500008738205236,-0.25803873820523593,-0.25803873820523593,0.1149121546584832,0.20801104703451465,134.3359116237239,-0.001334604983900341,-0.009022530449390966,27.698093798124056,1.0,56.9913,0,216.0,216.0,4.97218,9.44265,13.2165,20.1964,66.6138,62.9554,61.0267,59.354,58.1685,56.9913,55.823,54.664,53.0584,51.2489,47.9379,41.6864,32.6057,23.0953,9.5941,22.71792,1.0,0.0,0.0,,accelerate,-0.016976732401524575,0.9,0.0,3,17.926,0.0
909,302.664,109.936,-3.57588,-0.08745,0.24874,JOIN_RACELINE,0.49866792202155963,0.49866792202155963,0.49866792202155963,0.49866792202155963,0.49866792202155963,-0.24992792202155964,-0.24992792202155964,0.11530004012050316,0.2357171514645107,134.11426278828392,-0.0009412911101778088,-0.009966595968080609,27.28544505109899,1.0,57.0773,0,216.0,216.0,4.90274,9.2314,12.841,19.4115,66.6485,63.0087,61.0903,59.4267,58.2478,57.0773,55.9157,54.7635,53.1674,51.3689,48.0784,41.8666,32.8409,23.3658,9.7156,22.79488,1.0,0.0,0.0,,accelerate,-0.03409259523434671,0.9,0.0,3,17.948,0.0
910,303.338,110.854,-3.15139,-0.0906003,0.256666,JOIN_RACELINE,0.4972997601414021,0.4972997601414021,0.4972997601414021,0.4972997601414021,0.4972997601414021,-0.2406337601414021,-0.2406337601414021,0.11568659399289015,0.2633281423492964,133.89337486120561,-0.0005451363970459449,-0.010841386405796082,26.794313044695627,1.0,56.7738,0,216.0,216.0,4.83826,9.06992,12.5832,19.071,66.2745,62.6594,60.755,59.1042,57.9347,56.7738,55.622,54.4799,52.8982,51.1167,47.8591,41.7165,32.8052,23.4522,9.81417,22.86832,1.0,0.0,0.0,,accelerate,-0.04314687124419146,0.9,0.0,3,17.97,0.0
911,304.018,111.767,-2.67392,-0.0918707,0.265567,JOIN_RACELINE,0.49571251433271507,0.49571251433271507,0.49571251433271507,0.49571251433271507,0.49571251433271507,-0.23014551433271507,-0.23014551433271507,0.11599879568418815,0.285628263156296,133.71497389474962,-0.00015481054215815075,-0.010672641874628127,25.287750446256766,1.0,56.2198,0,216.0,216.0,4.77528,8.93605,12.3994,19.0075,65.6364,62.0503,60.1626,58.5272,57.369,56.2198,55.0801,53.9503,52.3863,50.6259,47.4097,41.3555,32.5963,23.419,9.89878,22.94136,1.0,0.0,0.0,,accelerate,-0.04579737132233176,0.9,0.0,3,17.992,0.0
912,304.702,112.699,-2.18731,-0.0918779,0.275245,JOIN_RACELINE,0.4941159317839768,0.4941159317839768,0.4941159317839768,0.4941159317839768,0.4941159317839768,-0.21887093178397676,-0.21887093178397676,0.11617620293935343,0.2983002099538167,133.61359832036948,0.0002378113471702037,-0.01050290472857093,23.77232571488574,1.0,55.5006,0,216.0,216.0,4.71232,8.81815,12.2675,19.1667,64.8224,61.2689,59.4,57.7818,56.6365,55.5006,54.3744,53.2587,51.7149,49.9785,46.8096,40.8573,32.2748,23.3063,9.97457,23.01592,1.0,0.0,0.0,,accelerate,-0.04365401118864933,0.9,0.0,3,18.014,0.0
913,305.392,113.638,-1.71235,-0.0910509,0.285563,JOIN_RACELINE,0.4925053441251619,0.4925053441251619,0.4925053441251619,0.4925053441251619,0.4925053441251619,-0.20694234412516188,-0.20694234412516188,0.11635204927746719,0.3108606626762273,133.5131146985902,0.0006338772881593169,-0.010331678660179906,22.243607784116783,1.0,54.6749,0,216.0,216.0,4.64843,8.70859,12.1739,19.5464,63.8937,60.3754,58.5271,56.9278,55.7965,54.6749,53.5637,52.4632,50.9416,49.2313,46.1141,40.2729,31.8826,23.1421,10.0453,23.09104,1.0,0.0,0.0,,accelerate,-0.03844734407480979,0.9,0.0,3,18.036,0.0
914,306.088,114.573,-1.27797,-0.089823,0.29639,JOIN_RACELINE,0.4908807513562703,0.4908807513562703,0.4908807513562703,0.4908807513562703,0.4908807513562703,-0.1944907513562703,-0.1944907513562703,0.11652879038709288,0.3234850276494908,151.41211977880408,0.0010333872808092213,-0.010158963669455038,20.701596653949775,1.0,53.8005,0,216.0,216.0,4.58267,8.60009,12.105,20.1717,62.9104,59.4295,57.6028,56.0234,54.9069,53.8005,52.7049,51.6205,50.1221,48.4394,45.3762,39.6506,31.459,22.9526,10.115,23.16584,1.0,0.0,0.0,,turn,-0.03172504488044056,0.9,0.0,3,18.058,0.0
915,306.789,115.507,-0.915743,-0.0885373,0.307622,JOIN_RACELINE,0.4896356154626908,0.4896356154626908,0.4896356154626908,0.4896356154626908,0.4896356154626908,-0.1820136154626908,-0.1820136154626908,0.11665353711995627,0.33239550856830447,151.34083593145357,0.0015550728230435285,-0.008764023869522639,19.59457192356155,1.0,52.9209,0,216.0,216.0,4.51437,8.48716,12.0497,21.1526,61.9187,58.4764,56.672,55.113,54.0117,52.9209,51.8414,50.7734,49.2986,47.6439,44.6356,39.0266,31.033,22.757,10.1869,23.240560000000002,1.0,0.0,0.0,,turn,-0.02465760952935863,1.0,0.0,3,18.08,0.0
916,307.495,116.482,-0.640042,-0.0874561,0.319162,JOIN_RACELINE,0.48841867230155395,0.48841867230155395,0.48841867230155395,0.48841867230155395,0.48841867230155395,-0.16925667230155395,-0.16925667230155395,0.09471357051774427,0.33668360841030587,151.30653113271757,0.002091787998740032,-0.007243400881982341,18.52193227635446,1.0,52.0674,0,216.0,216.0,4.44315,8.36852,11.9996,23.042,60.9526,57.5492,55.7672,54.2288,53.1426,52.0674,51.0039,49.9523,48.5012,46.8743,43.9203,38.4259,30.6241,22.5682,10.2603,23.318559999999998,1.0,0.0,0.0,,turn,-0.018377724972008184,0.9,0.0,3,18.102,0.0
917,308.208,117.45,-0.448941,-0.086797,0.330965,JOIN_RACELINE,0.4871896631317373,0.4871896631317373,0.4871896631317373,0.4871896631317373,0.4871896631317373,-0.15622466313173727,-0.15622466313173727,0.09477207302625179,0.3408623590179858,151.2731011278561,0.002633824713005768,-0.005707700895982001,17.438657391852107,1.0,51.2646,0,216.0,216.0,4.36854,8.24831,11.9461,66.9784,60.0385,56.6738,54.9139,53.3957,52.3244,51.2646,50.2167,49.1811,47.753,46.1531,43.2517,37.8672,30.247,22.3959,10.3312,23.396,1.0,0.0,0.0,,turn,-0.013752602452902673,1.0,0.0,3,18.124,0.0
918,308.927,118.423,-0.327904,-0.0865207,0.342992,JOIN_RACELINE,0.48595031166876657,0.48595031166876657,0.48595031166876657,0.48595031166876657,0.48595031166876657,-0.14295831166876655,-0.14295831166876655,0.09483094395357315,0.345067425255225,151.2394605979582,0.0031804227460451072,-0.004159077768444552,16.34626658966815,1.0,50.5052,0,216.0,216.0,4.291,8.12888,11.8925,66.0441,59.1697,55.8431,54.1051,52.6067,51.55,50.5052,49.4726,48.4526,47.0469,45.4733,42.6227,37.3438,29.8955,22.2361,10.3989,23.473840000000003,1.0,0.0,0.0,,turn,-0.011145217458734208,0.9,0.0,3,18.146,0.0
919,309.651,119.366,-0.259983,-0.0865402,0.355202,JOIN_RACELINE,0.48589768979034687,0.48589768979034687,0.48589768979034687,0.48589768979034687,0.48589768979034687,-0.13069568979034685,-0.13069568979034685,0.09486308920375545,0.3473635145539612,151.2210918835683,0.0038367316894753665,-0.0010637755066324806,15.535885058275847,1.0,49.7764,0,216.0,216.0,4.21119,8.01304,11.845,65.1422,58.3329,55.0442,53.3276,51.8488,50.8065,49.7764,48.7588,47.7542,46.3704,44.8224,42.0213,36.8443,29.5606,22.0825,10.4617,23.54928,1.0,0.0,0.0,,turn,-0.010242358069063184,1.0,0.0,3,18.168,0.0
920,310.381,120.303,-0.216166,-0.0865604,0.367569,RACE,0.48599120419306285,0.48599120419306285,0.48599120419306285,0.48599120419306285,0.48599120419306285,-0.11842220419306287,-0.11842220419306287,0.0948789569106101,0.34849692218643585,151.21202462250852,0.004511466210493145,0.0022455101326519294,14.754298834482531,1.0,49.0427,0,216.0,216.0,4.13035,7.90761,11.8215,64.2328,57.4899,54.2395,52.5447,51.0857,50.0579,49.0427,48.0402,47.0511,45.6893,44.167,41.4155,36.3402,29.2192,21.9196,10.5161,23.62424,1.0,0.0,0.0,,turn,-0.010690776912743965,0.9,0.0,3,18.19,0.0
921,311.117,121.238,-0.182122,-0.0864117,0.380087,RACE,0.4860854872073081,0.4860854872073081,0.4860854872073081,0.4860854872073081,0.4860854872073081,-0.10599848720730809,-0.10599848720730809,0.09489461633088234,0.349615452205881,151.20307638235295,0.005191746494697451,0.005581995379930849,13.96628861432918,1.0,48.2844,0,216.0,216.0,4.0491,7.81698,11.8355,63.2935,56.6193,53.4084,51.736,50.2973,49.2845,48.2844,47.2975,46.3241,44.9849,43.489,40.788,35.816,28.8594,21.7395,10.56,23.69904,1.0,0.0,0.0,,turn,-0.012070499134011058,1.0,0.0,3,18.212,0.0
922,311.857,121.906,-0.166643,-0.0862411,0.392688,RACE,0.4861802826292394,0.4861802826292394,0.4861802826292394,0.4861802826292394,0.4861802826292394,-0.09349228262923942,-0.09349228262923942,0.09490086161381867,0.35006154384419075,151.19950764924647,0.005875723954359353,0.008936613699205675,13.173995729935903,1.0,47.5195,0,216.0,216.0,3.96737,7.74016,11.8855,62.3449,55.7405,52.5697,50.92,49.502,48.5042,47.5195,46.5483,45.5909,44.2743,42.8049,40.1545,35.2856,28.4918,21.5492,10.5947,23.75248,1.0,0.0,0.0,,turn,-0.01422396263917998,0.9,0.0,3,18.234,0.0
923,312.602,122.79,-0.215856,-0.0863796,0.405347,RACE,0.4887370177096457,0.4887370177096457,0.4887370177096457,0.4887370177096457,0.4887370177096457,-0.08339001770964571,-0.08339001770964571,0.09490762739383499,0.35054481384535596,151.19564148923715,0.007344276424471471,0.0132492881842362,12.431498390032218,1.0,46.7843,0,216.0,216.0,3.88534,7.67201,11.9572,61.4291,54.8937,51.7624,50.135,48.737,47.754,46.7843,45.8284,44.8865,43.592,42.1482,39.5468,34.777,28.1385,21.3637,10.6239,23.8232,1.0,0.0,0.0,,turn,-0.017166671131102332,0.9,0.0,3,18.256,0.0
924,313.353,123.794,-0.252495,-0.0862877,0.418058,RACE,0.49133313523729527,0.49133313523729527,0.49133313523729527,0.49133313523729527,0.49133313523729527,-0.07327513523729529,-0.07327513523729529,0.09491696608863547,0.35121186347396166,151.19030509220832,0.008830610877782454,0.017603837043259157,11.683442251154972,1.0,46.0172,0,216.0,216.0,3.81054,7.62493,12.0917,60.4747,54.011,50.9206,49.3162,47.9392,46.9714,46.0172,45.077,44.1511,42.8793,41.4618,38.9108,34.2424,27.7619,21.1577,10.6414,23.90352,1.0,0.0,0.0,,turn,-0.02038734170360179,0.9,0.0,3,18.278,0.0
925,314.11,124.825,-0.237156,-0.0855486,0.430809,RACE,0.49394999405011897,0.49394999405011897,0.49394999405011897,0.49394999405011897,0.49394999405011897,-0.06314099405011897,-0.06314099405011897,0.09492702099250873,0.35193007089348116,151.18455943285215,0.010328820173596528,0.021993175906481872,10.929409631807363,1.0,45.1743,0,216.0,216.0,3.74551,7.61006,12.335,59.4299,53.0437,49.9973,48.4178,47.0632,46.1118,45.1743,44.251,43.3422,42.0949,40.7057,38.2086,33.6486,27.3363,20.9139,10.6427,23.986,1.0,0.0,0.0,,turn,-0.022957232680886303,0.9,0.0,3,18.3,0.0
926,314.878,125.808,-0.159506,-0.0823646,0.443524,RACE,0.49711515184331007,0.49711515184331007,0.49711515184331007,0.49711515184331007,0.49711515184331007,-0.05359115184331009,-0.05359115184331009,0.1029073328551896,0.35052377537068524,151.1958097970345,0.011629539212540506,0.026079281560212456,10.221006651291843,1.0,44.2546,0,128.0,216.0,3.6911,7.63217,12.7241,58.2917,51.9895,48.9909,47.4383,46.1078,45.1741,44.2546,43.3495,42.4592,41.2381,39.8793,37.44,32.9956,26.8621,20.6326,10.6275,24.0,1.0,0.0,0.0,,turn,-0.023678174627452832,1.0,0.0,4,18.322,0.0
927,315.666,126.09,-0.0743391,-0.0717888,0.45526,RACE,0.5023808639326179,0.5023808639326179,0.5023808639326179,0.5023808639326179,0.5023808639326179,-0.04712086393261794,-0.04712086393261794,0.10288090258051774,0.3486358986084102,129.21091281113272,0.012096955770580555,0.02882025418630295,9.717955078712537,1.0,43.2942,0,128.0,216.0,3.64711,7.68927,13.2874,57.1013,50.8879,47.9396,46.4151,45.1101,44.1949,43.2942,42.4082,41.5371,40.3433,39.0162,36.6368,32.3117,26.3614,20.3287,10.599,24.0,1.0,0.0,0.0,,turn,-0.021006722559467114,0.580035108120489,0.0,4,18.344,0.0
928,316.454,125.967,-0.0029549,-0.0611913,0.465474,RACE,0.5076465760219259,0.5076465760219259,0.5076465760219259,0.5076465760219259,0.5076465760219259,-0.04217257602192587,-0.04217257602192587,0.10285447230584589,0.3467480218461349,129.22601582523092,0.012564372328620605,0.03156122681239344,9.21490350613323,1.0,42.3379,0,128.0,216.0,3.61316,7.77681,14.0646,55.9119,49.789,46.8916,45.3957,44.1163,43.2197,42.3379,41.471,40.6194,39.4529,38.1573,35.8376,31.6307,25.8601,20.0194,10.5615,24.0,1.0,0.0,0.0,,turn,-0.016076314499265016,0.5853467625088815,0.0,4,18.366,0.0
929,317.243,125.854,0.0409665,-0.0508951,0.474127,RACE,0.5129189704869814,0.5129189704869814,0.5129189704869814,0.5129189704869814,0.5129189704869814,-0.03879197048698141,-0.03879197048698141,0.10282800849021634,0.34485774930116664,129.24113800559067,0.013032382054881504,0.03430567783014134,8.711213543233407,1.0,41.417,0,128.0,216.0,3.58869,7.89067,15.1484,54.7616,48.7283,45.8811,44.4131,43.1588,42.2804,41.417,40.5688,39.7359,38.596,37.3311,35.0689,30.9754,25.376,19.7168,10.518,24.0,1.0,0.0,0.0,,turn,-0.009879288971155135,0.5902745386765643,0.0,4,18.388,0.0
930,318.033,126.11,0.0732394,-0.0410489,0.481288,RACE,0.5185244301136365,0.5185244301136365,0.5185244301136365,0.5185244301136365,0.5185244301136365,-0.037236430113636476,-0.037236430113636476,0.10280123299890617,0.34294521420758367,129.25643828633932,0.012596581363636351,0.035482829545454536,8.112499431818177,1.0,40.5444,0,128.0,216.0,3.57299,8.02832,16.8341,53.6669,47.7209,44.9222,43.4812,42.251,41.3902,40.5444,39.7141,38.8992,37.7847,36.5489,34.3415,30.3552,24.9161,19.4262,10.4706,24.0,1.0,0.0,0.0,,turn,-0.003209309074899429,0.5810168571668969,0.0,4,18.41,0.0
931,318.826,126.469,0.0957693,-0.0316515,0.487004,RACE,0.5246290988970589,0.5246290988970589,0.5246290988970589,0.5246290988970589,0.5246290988970589,-0.037625098897058895,-0.037625098897058895,0.10277461815325717,0.3410441538040834,151.27164676956733,0.010834806764705867,0.03436436029411764,7.373302573529406,1.0,39.7178,0,128.0,216.0,3.56593,8.19113,63.2686,52.626,46.7647,44.0127,42.5976,41.3906,40.5465,39.7178,38.9044,38.1068,37.0165,35.8083,33.6529,29.7676,24.4788,19.1464,10.4194,24.0,1.0,0.0,0.0,,turn,0.003320988544594861,0.8010168571668969,0.0,4,18.432,0.0
932,319.621,126.97,0.104796,-0.0226479,0.491339,RACE,0.5307491640708554,0.5307491640708554,0.5307491640708554,0.5307491640708554,0.5307491640708554,-0.03941016407085535,-0.03941016407085535,0.10274793618315509,0.3391382987967914,151.28689360962568,0.009068588850267465,0.03324307018716583,6.632241410427843,1.0,38.9298,0,128.0,216.0,3.56746,8.38179,62.167,51.6311,45.8519,43.1451,41.7551,40.5702,39.7423,38.9298,38.1328,37.3516,36.2844,35.1028,32.9967,29.2072,24.0597,18.8752,10.3642,24.0,1.0,0.0,0.0,,turn,0.009696258908691364,1.0,0.0,4,18.454,0.0
933,320.421,127.659,0.101088,-0.0140548,0.494305,RACE,0.536907720220588,0.536907720220588,0.536907720220588,0.536907720220588,0.536907720220588,-0.042602720220587975,-0.042602720220587975,0.10272108640192028,0.3372204572800195,151.30223634175985,0.007291262647058895,0.032114727941176514,5.886519485294148,1.0,38.1799,0,128.0,216.0,3.57763,8.6023,61.1144,50.6822,44.9823,42.319,40.9529,39.7894,38.9769,38.1799,37.3985,36.6329,35.5877,34.4313,32.3721,28.6729,23.6582,18.6121,10.3052,24.0,1.0,0.0,0.0,,turn,0.01590659621633543,1.0,0.0,4,18.476,0.0
934,321.226,128.445,0.0722842,-0.00590718,0.495973,RACE,0.5416916595588235,0.5416916595588235,0.5416916595588235,0.5416916595588235,0.5416916595588235,-0.04571865955882348,-0.04571865955882348,0.10269381406629802,0.33527243330700063,151.317820533544,0.0059455786530748945,0.0283493296122996,5.149229211229965,1.0,37.4696,0,128.0,216.0,3.59599,8.85282,60.1142,49.7821,44.1582,41.5363,40.193,39.0498,38.2519,37.4696,36.703,35.9523,34.9279,33.7952,31.78,28.1658,23.2751,18.358,10.2431,24.0,1.0,0.0,0.0,,turn,0.021466468995244244,1.0,0.0,4,18.498,0.0
935,322.036,129.247,0.0204338,0.00181723,0.496342,RACE,0.5457357036764705,0.5457357036764705,0.5457357036764705,0.5457357036764705,0.5457357036764705,-0.0493937036764705,-0.0493937036764705,0.10266664589055664,0.33333184932547405,151.3333452053962,0.004832667891042791,0.023128186564171174,4.414489906417119,1.0,36.7947,0,128.0,216.0,3.6228,9.13702,59.1624,48.9262,43.375,40.7926,39.471,38.3471,37.563,36.7947,36.0421,35.3054,34.3006,33.1903,31.2168,27.6822,22.9077,18.1112,10.1776,24.0,1.0,0.0,0.0,,turn,0.026237514626930733,1.0,0.0,4,18.52,0.0
936,322.851,130.043,-0.0428903,0.00915945,0.495428,RACE,0.5498047110294118,0.5498047110294118,0.5498047110294118,0.5498047110294118,0.5498047110294118,-0.05437671102941177,-0.05437671102941177,0.10263931001002674,0.3313792864304814,151.34896570855614,0.003712887309491978,0.017874814237967912,3.675215173796791,1.0,36.1496,0,128.0,216.0,3.65821,9.45964,58.2525,48.1086,42.6269,40.0821,38.7812,37.6756,36.9047,36.1496,35.4103,34.6869,33.7008,32.6117,30.6775,27.2181,22.5528,17.8696,10.1083,24.0,1.0,0.0,0.0,,turn,0.030446387035044972,1.0,0.0,4,18.542,0.0
937,323.671,130.832,-0.106744,0.0161531,0.493289,RACE,0.5538986816176471,0.5538986816176471,0.5538986816176471,0.5538986816176471,0.5538986816176471,-0.060609681617647126,-0.060609681617647126,0.10261153784820126,0.32939556058580455,151.36483551531356,0.002586236908422454,0.012589212633689815,2.9314050133689804,1.0,35.5304,0,128.0,216.0,3.70213,9.82523,57.3797,47.3245,41.9093,39.4006,38.1193,37.0312,36.2729,35.5304,34.8038,34.093,33.1246,32.0556,30.1588,26.7705,22.2083,17.6322,10.0352,24.0,1.0,0.0,0.0,,turn,0.03436944636035914,1.0,0.0,4,18.564,0.0
938,324.495,131.615,-0.132172,0.0220847,0.490048,RACE,0.5540057041109626,0.5540057041109626,0.5540057041109626,0.5540057041109626,0.5540057041109626,-0.06395770411096263,-0.06395770411096263,0.10258390009905202,0.32742143564657267,151.3806285148274,0.002822945330882357,0.006115209425133598,2.2015981283422357,1.0,34.996,0,128.0,216.0,3.75076,10.199,56.6303,46.6502,41.2915,38.8134,37.5488,36.4755,35.7278,34.996,34.2801,33.5801,32.6266,31.5747,29.7094,26.3813,21.9062,17.4208,9.96491,24.0,1.0,0.0,0.0,,turn,0.03811065976282646,1.0,0.0,4,18.586,0.0
939,325.324,132.408,-0.229116,0.0269246,0.485844,RACE,0.5539888027072193,0.5539888027072193,0.5539888027072193,0.5539888027072193,0.5539888027072193,-0.06814480270721929,-0.06814480270721929,0.10255609464511425,0.3254353317938745,151.39651734564902,0.003103647169117652,-0.0004342230614974383,1.4679109625668323,1.0,34.5466,0,128.0,216.0,3.80279,10.57,56.0066,46.0871,40.7743,38.321,37.07,36.0087,35.2697,34.5466,33.8395,33.1482,32.207,31.169,29.3294,26.0504,21.6465,17.2359,9.89818,24.0,1.0,0.0,0.0,,turn,0.04069741661410378,1.0,0.0,4,18.608,0.0
940,326.158,133.187,-0.34319,0.0313705,0.480728,RACE,0.5539717993649733,0.5539717993649733,0.5539717993649733,0.5539717993649733,0.5539717993649733,-0.07324379936497333,-0.07324379936497333,0.10252812148638794,0.3234372490277102,151.41250200777833,0.0033860420220588276,-0.007023157553476031,0.7297986631015938,1.0,34.1229,0,128.0,216.0,3.86069,10.9723,55.4236,45.5592,40.2883,37.8577,36.6193,35.5691,34.838,34.1229,33.4237,32.7405,31.8105,30.7853,28.9694,25.7355,21.3975,17.0561,9.82941,24.0,1.0,0.0,0.0,,turn,0.042356639793244166,1.0,0.0,4,18.63,0.0
941,326.997,134.102,-0.332712,0.0362575,0.474744,RACE,0.5525806246991979,0.5525806246991979,0.5525806246991979,0.5525806246991979,0.5525806246991979,-0.07783662469919789,-0.07783662469919789,0.10250407700109385,0.321719785792417,151.42624171366066,0.003946101574197868,-0.012969004512032117,-0.006639605614978061,1.0,33.6573,0,128.0,216.0,3.92794,11.4634,54.7812,44.9782,39.7539,37.3485,36.1239,35.0859,34.3636,33.6573,32.967,32.2926,31.375,30.3638,28.5739,25.3896,21.1235,16.8575,9.7522,24.0,1.0,0.0,0.0,,turn,0.04508797609980089,1.0,0.0,4,18.652,0.0
942,327.84,134.861,-0.0610438,0.0429775,0.467999,RACE,0.5488183990975938,0.5488183990975938,0.5488183990975938,0.5488183990975938,0.5488183990975938,-0.08081939909759378,-0.08081939909759378,0.10265909658665533,0.3327926133325232,151.33765909333982,0.004983707222593535,-0.017768638536096035,-0.7360938168448862,1.0,33.0429,0,128.0,216.0,4.01049,12.1722,53.9163,44.2019,39.0435,36.6734,35.4681,34.447,33.7369,33.0429,32.3648,31.7025,30.8019,29.81,28.0556,24.9385,20.769,16.6032,9.65671,24.0,1.0,0.0,0.0,,turn,0.052157513817429196,1.0,0.0,4,18.674,0.0
943,328.688,135.593,0.082749,0.0501318,0.460327,RACE,0.5450338589906418,0.5450338589906418,0.5450338589906418,0.5450338589906418,0.5450338589906418,-0.08470685899064184,-0.08470685899064184,0.10281503562408849,0.3439311160063202,151.24855107194944,0.006027467115641673,-0.022596740140374154,-1.4698745655079946,1.0,32.3927,0,128.0,216.0,4.10397,13.0717,52.9958,43.3779,38.2906,35.9585,34.7737,33.7708,33.0738,32.3927,31.7276,31.0784,30.1959,29.2245,27.5078,24.4617,20.3937,16.3329,9.55334,24.0,1.0,0.0,0.0,,turn,0.060676179576677404,1.0,0.0,4,18.696,0.0
944,329.539,136.277,0.080991,0.0568782,0.451526,RACE,0.5412359301804814,0.5412359301804814,0.5412359301804814,0.5412359301804814,0.5412359301804814,-0.08970993018048146,-0.08970993018048146,0.10297152633264464,0.3551090237603309,151.15912780991735,0.007074919555481238,-0.027441922292780536,-2.2062512366309837,1.0,31.7701,0,105.0,216.0,4.20617,14.1656,52.1167,42.5904,37.5707,35.2745,34.1093,33.1236,32.4389,31.7701,31.1174,30.4804,29.615,28.663,26.9817,24.0025,20.0301,16.0682,9.44728,24.0,1.0,0.0,0.0,,turn,0.06839036270142698,1.0,0.0,4,18.718,0.0
945,330.394,136.944,-0.0223469,0.0629795,0.441521,RACE,0.5357241647393048,0.5357241647393048,0.5357241647393048,0.5357241647393048,0.5357241647393048,-0.09420316473930485,-0.09420316473930485,0.10301754868254741,0.35839633446767133,151.13282932425864,0.007936210591577529,-0.030103474565507993,-2.6853887366310105,1.0,31.19,0,105.0,216.0,4.31655,15.5266,51.3043,41.8607,36.9022,34.6387,33.4911,32.5211,31.8475,31.19,30.5484,29.9226,29.0727,28.1382,26.4892,23.5707,19.6852,15.8136,9.33963,24.0,1.0,0.0,0.0,,turn,0.07422898997327261,1.0,0.0,4,18.74,0.0
946,331.252,137.557,-0.228743,0.0681345,0.430327,RACE,0.5298578191510694,0.5298578191510694,0.5298578191510694,0.5298578191510694,0.5298578191510694,-0.09953081915106943,-0.09953081915106943,0.10304207488575595,0.3601482061254247,151.11881435099662,0.00876275250334225,-0.03233823191844921,-3.1146755013369005,1.0,30.672,0,105.0,216.0,4.43319,17.3003,50.5917,41.2165,36.3094,34.0734,32.9409,31.9841,31.32,30.672,30.0399,29.4236,28.5869,27.6674,26.0459,23.1796,19.3688,15.5759,9.23239,24.0,1.0,0.0,0.0,,turn,0.0775014611121225,0.881608244269101,0.0,4,18.762,0.0
947,332.112,138.103,-0.57653,0.0718815,0.417976,RACE,0.5239777990975935,0.5239777990975935,0.5239777990975935,0.5239777990975935,0.5239777990975935,-0.10600179909759344,-0.10600179909759344,0.10306665825960136,0.36190416140009674,151.10476670879922,0.009591221086229975,-0.03457819849598938,-3.544962934491993,1.0,30.2469,0,105.0,216.0,4.55289,20.0201,50.03,40.7007,35.8299,33.6138,32.4922,31.545,30.8879,30.2469,29.6218,29.0125,28.1855,27.2772,25.6764,22.8495,19.0964,15.3653,9.12861,24.0,1.0,0.0,0.0,,turn,0.07719546840356013,0.8600679503384311,0.0,4,18.784,0.0
948,332.975,138.685,-1.05952,0.0740949,0.404547,RACE,0.5178510087901067,0.5178510087901067,0.5178510087901067,0.5178510087901067,0.5178510087901067,-0.11330400879010671,-0.11330400879010671,0.10307539014493193,0.3625278674951376,151.0997770600389,0.010247188746657766,-0.036246748897058846,-3.502743749999964,1.0,29.921,0,105.0,216.0,4.67361,64.6795,49.6323,40.3236,35.4722,33.2674,32.1522,31.2107,30.5578,29.921,29.3002,28.6952,27.8744,26.9731,25.3855,22.5845,18.8709,15.1841,9.02916,24.0,1.0,0.0,0.0,,turn,0.0726548677065683,0.8374914253861111,0.0,4,18.806,0.0
949,333.841,139.357,-1.51371,0.0755383,0.390187,JOIN_RACELINE,0.5112839386029411,0.5112839386029411,0.5112839386029411,0.5112839386029411,0.5112839386029411,-0.12109693860294107,-0.12109693860294107,0.10305540573195186,0.3611004094251331,151.11119672459893,0.01058065084558824,-0.03684849154411766,-2.5826187499999858,1.0,29.6391,0,105.0,216.0,4.79801,64.3695,49.3118,40.0103,35.1697,32.9719,31.8608,30.9231,30.273,29.6391,29.0212,28.4192,27.6027,26.7064,25.1284,22.3468,18.6641,15.0136,8.92939,24.0,1.0,0.0,0.0,,turn,0.0656132297381821,0.9120844894076511,0.0,4,18.828,0.0
950,334.71,140.008,-1.70446,0.0765808,0.375116,JOIN_RACELINE,0.5046941187500001,0.5046941187500001,0.5046941187500001,0.5046941187500001,0.5046941187500001,-0.12957811875000014,-0.12957811875000014,0.10303535208890374,0.3596680063502675,151.12265594919785,0.010915268124999992,-0.03745231874999999,-1.6593062500000215,1.0,29.3764,0,105.0,216.0,4.92632,64.1045,49.0283,39.7266,34.8922,32.6992,31.591,30.6562,30.0082,29.3764,28.7608,28.1611,27.348,26.4557,24.8855,22.1202,18.4643,14.8462,8.828,24.0,1.0,0.0,0.0,,turn,0.0613870350083196,0.8874867672768401,0.0,4,18.85,0.0
951,335.582,140.658,-1.86319,0.0763552,0.359731,JOIN_RACELINE,0.4980815492312835,0.4980815492312835,0.4980815492312835,0.4980815492312835,0.4980815492312835,-0.13835054923128348,-0.13835054923128348,0.10301522921578757,0.35823065827054024,151.1341547338357,0.011251040584893044,-0.038058230514705874,-0.7328062500000123,1.0,29.1995,0,105.0,216.0,5.04954,64.0016,48.8856,39.5622,34.7197,32.5241,31.4151,30.4797,29.8314,29.1995,28.5838,27.9843,27.1714,26.2796,24.7109,21.9507,18.3063,14.7063,8.73314,24.0,1.0,0.0,0.0,,turn,0.057696023858890125,0.86292902822445,0.0,4,18.872,0.0
952,336.457,141.27,-1.93389,0.0763955,0.344215,JOIN_RACELINE,0.4913772935494654,0.4913772935494654,0.4913772935494654,0.4913772935494654,0.4913772935494654,-0.14716229354946542,-0.14716229354946542,0.10298708947155659,0.3562206765397564,151.15023458768195,0.011344330735294117,-0.03813674151069519,-0.30343863636364377,1.0,29.0008,0,105.0,216.0,5.17564,63.862,48.7099,39.369,34.5212,32.3247,31.2155,30.2803,29.6323,29.0008,28.3856,27.7865,26.9746,26.0841,24.5185,21.7658,18.1368,14.5584,8.63564,24.0,1.0,0.0,0.0,,turn,0.05526510909585025,0.8400090226031516,0.0,4,18.894,0.0
953,337.336,141.928,-1.74148,0.0782604,0.328496,JOIN_RACELINE,0.4846352577874332,0.4846352577874332,0.4846352577874332,0.4846352577874332,0.4846352577874332,-0.1561392577874332,-0.1561392577874332,0.10295829337793726,0.3541638127098034,151.16668949832157,0.011412841029411765,-0.0381608317513369,0.07612954545454387,1.0,28.6684,0,105.0,216.0,5.31609,63.4801,48.3205,38.9928,34.1608,31.974,30.8704,29.9403,29.296,28.6684,28.0571,27.462,26.6558,25.7718,24.2186,21.4906,17.8999,14.3652,8.52498,24.0,1.0,0.0,0.0,,turn,0.056618496516657915,0.8153342114739068,0.0,4,18.916,0.0
954,338.217,142.489,-0.900622,0.084313,0.312848,JOIN_RACELINE,0.47787788178475965,0.47787788178475965,0.47787788178475965,0.47787788178475965,0.47787788178475965,-0.16502988178475964,-0.16502988178475964,0.10292943176419592,0.35210226887113616,151.18318184903092,0.01148150720588235,-0.03818497680481284,0.4565613636363476,1.0,28.0431,0,105.0,216.0,5.48677,62.5471,47.4501,38.2088,33.4418,31.2897,30.205,29.2914,28.659,28.0431,27.4436,26.8603,26.0704,25.2048,23.6853,21.0205,17.5191,14.0767,8.38851,24.0,1.0,0.0,0.0,,turn,0.06770831370903396,0.7943916095781121,0.0,4,18.938,0.0
955,339.101,142.984,-0.317561,0.0917196,0.296826,JOIN_RACELINE,0.47112160591577557,0.47112160591577557,0.47112160591577557,0.47112160591577557,0.47112160591577557,-0.1742956059157756,-0.1742956059157756,0.10289985322162129,0.3499895158300922,151.20008387335926,0.011516533449197862,-0.03815235093582888,0.6608830213903737,1.0,27.3282,0,105.0,216.0,5.67419,61.4325,46.4241,37.2959,32.6111,30.5022,29.4407,28.5475,27.9296,27.3282,26.743,26.174,25.4038,24.5606,23.0815,20.4917,17.095,13.7591,8.24274,24.0,1.0,0.0,0.0,,turn,0.08365616640794914,0.7760032258984328,0.0,4,18.96,0.0
956,339.986,143.418,-0.117719,0.0982099,0.279955,JOIN_RACELINE,0.464381467212567,0.464381467212567,0.464381467212567,0.464381467212567,0.464381467212567,-0.184426467212567,-0.184426467212567,0.10287016947405202,0.3478692481465728,151.21704601482742,0.01151818986631016,-0.03806361430481284,0.6904618983957214,1.0,26.6746,0,105.0,216.0,5.86613,60.4289,45.4958,36.4669,31.8549,29.7842,28.7433,27.8682,27.2632,26.6746,26.1022,25.5459,24.7932,23.9697,22.5266,20.0034,16.6999,13.4593,8.09894,24.0,1.0,0.0,0.0,,turn,0.09935305053415723,0.7599633082625927,0.0,4,18.982,0.0
957,340.873,143.836,-0.174135,0.103292,0.26209,JOIN_RACELINE,0.4576260965574867,0.4576260965574867,0.4576260965574867,0.4576260965574867,0.4576260965574867,-0.19553609655748672,-0.19553609655748672,0.10284041864456733,0.34574418889766645,151.23404648881868,0.011519850026737968,-0.03797467713903743,0.7201076203208554,1.0,26.1086,0,105.0,216.0,6.05901,59.598,44.7159,35.7621,31.207,29.1667,28.1423,27.2816,26.6869,26.1086,25.5464,25.0003,24.2618,23.4543,22.0404,19.5717,16.3452,13.1845,7.95863,24.0,1.0,0.0,0.0,,turn,0.11224389115932541,0.7445402495699487,0.0,4,19.004,0.0
958,341.761,144.221,-0.414627,0.10687,0.243196,JOIN_RACELINE,0.45087056985294094,0.45087056985294094,0.45087056985294094,0.45087056985294094,0.45087056985294094,-0.20767456985294094,-0.20767456985294094,0.10281036192452601,0.3435972803232862,133.2512217574137,0.01152072819852941,-0.03788454154411764,0.7457349264705881,1.0,25.6308,0,105.0,216.0,6.25102,58.9508,44.0911,35.1853,30.6698,28.6512,27.6387,26.7886,26.2014,25.6308,25.0763,24.5377,23.8099,23.0145,21.6228,19.1961,16.0303,12.9342,7.82155,24.0,1.0,0.0,0.0,,brake,0.12115912758063498,0.0,0.14213757720443573,4,19.026,0.0
959,342.648,143.933,-0.797113,0.108825,0.223393,JOIN_RACELINE,0.44417360127005323,0.44417360127005323,0.44417360127005323,0.44417360127005323,0.44417360127005323,-0.22078060127005322,-0.22078060127005322,0.10278059222958191,0.341470873541565,133.2682330116675,0.011516251694518717,-0.03778700711898395,0.7436597259358287,1.0,25.2462,0,105.0,216.0,6.43869,58.5036,43.6339,34.7455,30.2502,28.244,27.2385,26.3947,25.8122,25.2462,24.6965,24.1628,23.4418,22.6542,21.2772,18.8793,15.7572,12.71,7.68853,24.0,1.0,0.0,0.0,,brake,0.12571088744259887,0.0,0.1348754044841072,4,19.048,0.0
960,343.529,143.183,-1.32637,0.108823,0.202937,JOIN_RACELINE,0.43752193348930485,0.43752193348930485,0.43752193348930485,0.43752193348930485,0.43752193348930485,-0.23458493348930484,-0.23458493348930484,0.10275102390799709,0.3393588505712201,133.28512919543024,0.011511805471256685,-0.037690132453208555,0.7415985628342245,1.0,24.9767,0,105.0,216.0,6.6152,58.3033,43.3841,34.475,29.976,27.9704,26.9658,26.1231,25.5416,24.9767,24.4283,23.8959,23.1771,22.3921,21.0208,18.6357,15.5365,12.5191,7.56247,24.0,1.0,0.0,0.0,,brake,0.1254783117534809,0.0,0.11661597153737498,4,19.07,0.0
961,344.405,142.428,-1.95184,0.106774,0.182007,JOIN_RACELINE,0.4309080163770056,0.4309080163770056,0.4309080163770056,0.4309080163770056,0.4309080163770056,-0.2489010163770056,-0.2489010163770056,0.10272162339754497,0.3372588141103549,133.30192948711715,0.011507384481951871,-0.0375938075868984,0.739549097593583,1.0,24.8294,0,105.0,216.0,6.77656,58.3658,43.3554,34.3849,29.8564,27.8387,26.8285,25.9814,25.397,24.8294,24.2785,23.7438,23.022,22.2342,20.8586,18.4693,15.3713,12.3638,7.44445,24.0,1.0,0.0,0.0,,brake,0.12054151733274059,0.0,0.09823977411625828,4,19.092,0.0
962,345.275,141.679,-2.4484,0.102208,0.161012,JOIN_RACELINE,0.42438122964572217,0.42438122964572217,0.42438122964572217,0.42438122964572217,0.42438122964572217,-0.2633692296457222,-0.2633692296457222,0.10269217055937045,0.3351550399550317,133.31875968035973,0.011503036239973261,-0.037498142479946525,0.7375136697860963,1.0,24.8418,0,105.0,216.0,6.91339,58.762,43.6107,34.5287,29.938,27.8923,26.8681,26.0094,25.417,24.8418,24.2835,23.7418,23.0106,22.2128,20.8205,18.4048,15.2798,12.2564,7.33922,24.0,1.0,0.0,0.0,,brake,0.11296456857472995,0.0,0.08000572189619688,4,19.114,0.0
963,346.139,141.019,-3.13693,0.094247,0.140479,JOIN_RACELINE,0.4179148018382353,0.4179148018382353,0.4179148018382353,0.4179148018382353,0.4179148018382353,-0.27743580183823535,-0.27743580183823535,0.10266319117191298,0.3330850837080699,133.33531933033544,0.01149873356617647,-0.037403137132352944,0.7354922794117646,1.0,25.0861,0,105.0,216.0,7.01177,59.6221,44.2678,35.0073,30.3098,28.2137,27.1638,26.2834,25.676,25.0861,24.5136,23.958,23.2083,22.3904,20.9632,18.4894,15.2966,12.2204,7.25462,24.0,1.0,0.0,0.0,,brake,0.10093074482836659,0.0,0.06389715880153733,4,19.136,0.0
964,347.0,140.414,-3.95186,0.085126,0.120563,JOIN_RACELINE,0.41147082690508036,0.41147082690508036,0.41147082690508036,0.41147082690508036,0.41147082690508036,-0.2909078269050803,-0.2909078269050803,0.10263431240732863,0.3310223148091881,133.35182148152649,0.01149444583221925,-0.037308461664438505,0.7334779077540107,1.0,25.4282,0,105.0,216.0,7.09215,60.6579,45.0849,35.6238,30.8028,28.6475,27.5672,26.6609,26.0355,25.4282,24.8386,24.2665,23.4943,22.6518,21.1823,18.6368,15.3588,12.214,7.1797,24.0,1.0,0.0,0.0,,brake,0.08419020339729852,0.0,0.04909948853508338,4,19.158,0.0
965,347.856,139.839,-4.36801,0.0777012,0.101343,JOIN_RACELINE,0.40507904184492,0.40507904184492,0.40507904184492,0.40507904184492,0.40507904184492,-0.30373604184492,-0.30373604184492,0.10260533277102576,0.32895234078755475,133.36838127369955,0.011490190494652407,-0.037214335995989306,0.7314002673796792,1.0,25.6755,0,105.0,216.0,7.18157,61.4839,45.7284,36.1,31.176,28.9712,27.8655,26.9378,26.2974,25.6755,25.0717,24.4858,23.695,22.8323,21.3278,18.7236,15.3773,12.1798,7.09938,24.0,1.0,0.0,0.0,,turn,0.0635575786124376,0.0,0.035014731578581995,4,19.18,0.0
966,348.709,139.354,-3.52617,0.0771054,0.0833252,JOIN_RACELINE,0.39875110467914443,0.39875110467914443,0.39875110467914443,0.39875110467914443,0.39875110467914443,-0.31542590467914444,-0.31542590467914444,0.10257672233410306,0.3269087381502187,133.38473009479824,0.011485971109625669,-0.03712054020721925,0.7291195187165775,1.0,25.4636,0,105.0,216.0,7.32572,61.3939,45.5775,35.9124,30.9734,28.7637,27.6562,26.7271,26.0861,25.4636,24.8595,24.2734,23.4826,22.6203,21.1174,18.5194,15.1884,12.014,6.98875,24.0,1.0,0.0,0.0,,turn,0.06222874462229097,0.0,0.023077854885756432,4,19.202,0.0
967,349.559,138.948,-2.31957,0.0825247,0.0663132,JOIN_RACELINE,0.3924454228609624,0.3924454228609624,0.3924454228609624,0.3924454228609624,0.3924454228609624,-0.3261322228609624,-0.3261322228609624,0.10254821252005349,0.3248723228609626,133.4010214171123,0.011481766564171124,-0.03702707429812834,0.7268467914438502,1.0,24.8453,0,105.0,216.0,7.52215,60.4875,44.7172,35.1329,30.2588,28.0846,26.9963,26.0843,25.4555,24.8453,24.2534,23.6794,22.9055,22.0623,20.5941,18.0607,14.8193,11.735,6.85233,24.0,1.0,0.0,0.0,,turn,0.07913028801512563,0.0,0.013023299592564371,4,19.224,0.0
968,350.405,138.586,-1.49634,0.0892831,0.04953,JOIN_RACELINE,0.38616941483957234,0.38616941483957234,0.38616941483957234,0.38616941483957234,0.38616941483957234,-0.3366394148395723,-0.3366394148395723,0.10251983686983472,0.3228454907024794,133.41723607438016,0.011477581804812835,-0.03693404822860963,0.7245847593582888,1.0,24.1463,0,105.0,216.0,7.73471,59.3974,43.7017,34.228,29.4387,27.3095,26.2457,25.355,24.7414,24.1463,23.5694,23.0104,22.2572,21.4371,20.011,17.5543,14.4175,11.436,6.71165,24.0,1.0,0.0,0.0,,turn,0.1033212998487977,0.0,0.004018188705234679,4,19.246,0.0
969,351.249,138.249,-1.11535,0.0945313,0.0324249,JOIN_RACELINE,0.37994941487299444,0.37994941487299444,0.37994941487299444,0.37994941487299444,0.37994941487299444,-0.34752451487299446,-0.34752451487299446,0.10249124506228732,0.320803218734808,118.0,0.011473448736631017,-0.036841242078877,0.7354944852941183,1.0,23.5524,0,105.0,216.0,7.93832,58.508,42.8619,33.472,28.7487,26.6551,25.6106,24.7368,24.1354,23.5524,22.9875,22.4405,21.7038,20.9023,19.51,17.1155,14.0642,11.1677,6.57798,24.0,1.0,0.0,0.0,,brake,0.12644299905556902,0.0,0.3440181887052347,4,19.268,0.0
970,352.088,137.375,-1.12838,0.097633,0.0148819,JOIN_RACELINE,0.37378057764037415,0.37378057764037415,0.37378057764037415,0.37378057764037415,0.37378057764037415,-0.35889867764037414,-0.35889867764037414,0.1024630863542173,0.3187918824440933,118.0,0.011469354685828877,-0.03674898572860962,0.7509172794117652,1.0,23.0969,0,105.0,216.0,8.12482,57.9044,42.2677,32.9191,28.2337,26.1616,25.1291,24.266,23.6722,23.0969,22.5397,22.0004,21.2745,20.4853,19.1155,16.7634,13.7723,10.9383,6.45304,24.0,1.0,0.0,0.0,,brake,0.1437536531990749,0.0,0.33455882352941174,4,19.29,0.0
971,352.919,136.108,-1.41302,0.0990846,-0.00314331,JOIN_RACELINE,0.3676705612633691,0.3676705612633691,0.3676705612633691,0.3676705612633691,0.3676705612633691,-0.3708138712633691,-0.3708138712633691,0.10243519614395966,0.3167997245685464,118.0,0.011465299672459893,-0.036657609057486634,0.7661930147058821,1.0,22.7413,0,105.0,216.0,8.29817,57.5187,41.858,32.5164,27.8468,25.7854,24.7591,23.9018,23.3122,22.7413,22.1887,21.6539,20.9344,20.1527,18.797,16.4727,13.5235,10.7355,6.33344,24.0,1.0,0.0,0.0,,brake,0.15382488264781766,0.0,0.29729411764705893,4,19.312,0.0
972,353.74,134.776,-1.83063,0.0987746,-0.0215698,JOIN_RACELINE,0.3616422966911764,0.3616422966911764,0.3616422966911764,0.3616422966911764,0.3616422966911764,-0.3832120966911764,-0.3832120966911764,0.10240858566743595,0.31489897624542434,118.0,0.011461297610294118,-0.03656733198529412,0.7969886029411771,1.0,22.4914,0,105.0,216.0,8.45477,57.3683,41.647,32.2748,27.5965,25.5337,24.5075,23.6506,23.0616,22.4914,21.9396,21.4059,20.6882,19.9088,18.5582,16.2461,13.3194,10.5606,6.21975,24.0,1.0,0.0,0.0,,brake,0.1573072730520716,0.0,0.2803809523809526,4,19.334,0.0
973,354.553,133.457,-2.33011,0.0964057,-0.0402054,JOIN_RACELINE,0.3557184287098931,0.3557184287098931,0.3557184287098931,0.3557184287098931,0.3557184287098931,-0.3959238287098931,-0.3959238287098931,0.10248630824795123,0.3204505891393729,118.0,0.011457357603609625,-0.03647793459224599,0.914645354278073,1.0,22.3685,0,105.0,216.0,8.58802,57.4989,41.6746,32.2268,27.5103,25.4317,24.398,23.5352,22.9423,22.3685,21.8134,21.2765,20.5549,19.7715,18.4151,16.0965,13.1693,10.4195,6.11412,24.0,1.0,0.0,0.0,,brake,0.15512031882931934,0.0,0.24897619047619032,4,19.356,0.0
974,355.357,132.154,-2.82239,0.0918301,-0.058754,JOIN_RACELINE,0.3498601386029411,0.3498601386029411,0.3498601386029411,0.3498601386029411,0.3498601386029411,-0.40861413860294105,-0.40861413860294105,0.10256317043089623,0.325940745064016,118.0,0.011453461213235294,-0.03638952683823529,1.0309996323529431,1.0,22.3891,0,105.0,216.0,8.69252,57.9389,41.9683,32.3964,27.6092,25.4988,24.4492,23.5733,22.9715,22.3891,21.8257,21.2811,20.5491,19.7548,18.3803,16.0341,13.0805,10.3174,6.0188,24.0,1.0,0.0,0.0,,brake,0.14885203527029003,0.0,0.21795238095238087,4,19.378,0.0
975,356.152,130.971,-3.37463,0.0832903,-0.0767502,JOIN_RACELINE,0.3440674263703211,0.3440674263703211,0.3440674263703211,0.3440674263703211,0.3440674263703211,-0.4208176263703211,-0.4208176263703211,0.10263917221627095,0.3313694440193529,118.0,0.011449608439171123,-0.03630210872326203,1.1460514371657706,1.0,22.6853,0,105.0,216.0,8.74262,58.9465,42.7578,32.9774,28.0609,25.889,24.8081,23.9056,23.2854,22.6853,22.1046,21.5433,20.7889,19.9704,18.5545,16.1404,13.1105,10.2909,5.94466,24.0,1.0,0.0,0.0,,brake,0.1381300967831287,0.0,0.18978571428571436,4,19.4,0.0
976,356.941,129.954,-4.26394,0.0718236,-0.0939545,JOIN_RACELINE,0.33834037794117683,0.33834037794117683,0.33834037794117683,0.33834037794117683,0.33834037794117683,-0.4322948779411768,-0.4322948779411768,0.10271828920728004,0.3370206576628599,118.0,0.011445818161764706,-0.036215350367647066,1.3652823529411562,1.0,23.2125,0,105.0,216.0,8.7506,60.3919,43.9425,33.8952,28.8053,26.5485,25.4238,24.4841,23.838,23.2125,22.6072,22.0218,21.235,20.3811,18.9042,16.3881,13.2396,10.3271,5.88869,24.0,1.0,0.0,0.0,,brake,0.119528812227927,0.0,0.16557142857142876,4,19.422,0.0
977,357.724,129.013,-5.18159,0.0600029,-0.110349,JOIN_RACELINE,0.33268665735294134,0.33268665735294134,0.33268665735294134,0.33268665735294134,0.33268665735294134,-0.44303565735294137,-0.44303565735294137,0.1027998580514706,0.34284700367647153,118.0,0.011442102052139037,-0.036129251771390376,1.7253786096256598,1.0,23.808,0,105.0,216.0,8.74874,61.9173,45.2168,34.9011,29.6315,27.2854,26.1142,25.1347,24.4608,23.808,23.1761,22.5648,21.7428,20.8505,19.3068,16.6782,13.3977,10.3815,5.83937,24.0,1.0,0.0,0.0,,brake,0.09533087255626464,0.0,0.1431666666666668,4,19.444,0.0
978,358.501,128.12,-5.56642,0.0504793,-0.125789,JOIN_RACELINE,0.32707626029411785,0.32707626029411785,0.32707626029411785,0.32707626029411785,0.32707626029411785,-0.4528652602941179,-0.4528652602941179,0.10288080184704668,0.34862870336047674,118.0,0.011438414418449198,-0.03604381293449198,2.08271550802138,1.0,24.2768,0,105.0,216.0,8.76642,63.1398,46.2393,35.7074,30.2909,27.8713,26.6616,25.6492,24.9522,24.2768,23.6227,22.9898,22.1385,21.2142,19.6149,16.8928,13.5036,10.4041,5.78502,24.0,1.0,0.0,0.0,,brake,0.0745366910971796,0.0,0.12190476190476202,4,19.466,0.0
979,359.274,127.359,-5.01254,0.0471166,-0.139902,JOIN_RACELINE,0.3214947455882352,0.3214947455882352,0.3214947455882352,0.3214947455882352,0.3214947455882352,-0.4613967455882352,-0.4613967455882352,0.10296132894354643,0.35438063882474474,118.0,0.011434745768716576,-0.03595881393716577,2.438212834224605,1.0,24.3087,0,105.0,216.0,8.84304,63.4919,46.4929,35.8676,30.3928,27.9453,26.7215,25.6972,24.992,24.3087,23.647,23.0067,22.1457,21.211,19.5942,16.8453,13.4307,10.3192,5.7093,24.0,1.0,0.0,0.0,,brake,0.06877386389323534,0.0,0.10378571428571416,4,19.488,0.0
980,360.041,126.702,-4.06529,0.0489864,-0.15285,JOIN_RACELINE,0.3159853575654266,0.3159853575654266,0.3159853575654266,0.3159853575654266,0.3159853575654266,-0.4688353575654266,-0.4688353575654266,0.10304394652011424,0.36028189429387436,118.0,0.011431105524917277,-0.03587447307730873,2.913971122029484,1.0,23.9564,0,105.0,216.0,8.96981,63.0953,46.0784,35.4621,30.0047,27.5692,26.3525,25.3348,24.6346,23.9564,23.2999,22.6649,21.8114,20.8855,19.2855,16.5694,13.2034,10.1429,5.61605,24.0,1.0,0.0,0.0,,brake,0.07859430714641424,0.0,0.0881428571428571,4,19.51,0.0
981,360.805,126.113,-3.19285,0.053055,-0.165099,JOIN_RACELINE,0.3105186935726461,0.3105186935726461,0.3105186935726461,0.3105186935726461,0.3105186935726461,-0.4756176935726461,-0.4756176935726461,0.10312750089541808,0.3662500639584344,118.0,0.011427479467896655,-0.035790460911126705,3.478308165379863,1.0,23.4488,0,105.0,216.0,9.11788,62.3833,45.3843,34.8223,29.4155,27.0093,25.8091,24.8061,24.1164,23.4488,22.8031,22.1789,21.3404,20.4314,18.8625,16.2043,12.9172,9.93284,5.51748,24.0,1.0,0.0,0.0,,brake,0.09791743533292244,0.0,0.07411904761904761,4,19.532,0.0
982,361.564,125.568,-2.55333,0.0567942,-0.177017,JOIN_RACELINE,0.30508780617667697,0.30508780617667697,0.30508780617667697,0.30508780617667697,0.30508780617667697,-0.48210480617667695,-0.48210480617667695,0.10321050844889403,0.37217917492100144,92.0,0.011423877141615696,-0.03570699856278619,4.038951903472716,1.0,22.9749,0,105.0,216.0,9.26125,61.7204,44.7366,34.2248,28.8654,26.4866,25.3016,24.3123,23.6326,22.9749,22.3392,21.7249,20.9004,20.0072,18.4673,15.8627,12.6488,9.73483,5.42319,24.0,1.0,0.0,0.0,,brake,0.12032958346887554,0.0,0.4141190476190476,4,19.554,0.0
983,362.319,124.522,-2.26229,0.0592576,-0.188806,JOIN_RACELINE,0.2996855400581571,0.2996855400581571,0.2996855400581571,0.2996855400581571,0.2996855400581571,-0.4884915400581571,-0.4884915400581571,0.09526856913557366,0.37632636682669,92.0,0.011420293799926469,-0.03562397606871887,4.596640997359533,1.0,22.5996,0,105.0,216.0,9.38943,61.2426,44.2554,33.7694,28.4391,26.0783,24.9035,23.9235,23.2504,22.5996,21.9708,21.3634,20.5486,19.6667,18.1474,15.5819,12.4228,9.56339,5.3359,23.961759999999998,1.0,0.0,0.0,,brake,0.14038303172115368,0.0,0.7212352941176472,3,19.576,0.0
984,363.064,122.904,-2.33478,0.0610971,-0.200717,JOIN_RACELINE,0.29438620187165776,0.29438620187165776,0.29438620187165776,0.29438620187165776,0.29438620187165776,-0.4951032018716578,-0.4951032018716578,0.09526760784619594,0.3762577032997098,92.0,0.011416805360962567,-0.035542054946524064,5.013358823529411,1.0,22.2683,0,105.0,216.0,9.51183,60.853,43.8518,33.3792,28.0691,25.7215,24.5545,23.5815,22.9137,22.2683,21.6449,21.043,20.2361,19.3631,17.8607,15.3275,12.2148,9.40283,5.25084,23.83232,1.0,0.0,0.0,,brake,0.15467025743669682,0.0,0.6736470588235293,3,19.598,0.0
985,363.798,121.071,-2.56401,0.0630742,-0.21299,JOIN_RACELINE,0.2891829465240643,0.2891829465240643,0.2891829465240643,0.2891829465240643,0.2891829465240643,-0.5021729465240643,-0.5021729465240643,0.09525475031799951,0.3753393084285367,92.0,0.01141339540106952,-0.03546134438502674,5.347976470588231,1.0,21.9208,0,82.0,216.0,9.63988,60.4377,43.4236,32.9668,27.6794,25.3463,24.1878,23.2226,22.5605,21.9208,21.3033,20.7075,19.9089,19.0456,17.5612,15.0625,11.999,9.23659,5.16308,23.685679999999998,1.0,0.0,0.0,,brake,0.16361264159217093,0.0,0.619735294117647,3,19.62,0.0
986,364.521,119.172,-2.80434,0.0653003,-0.225726,JOIN_RACELINE,0.284057669117647,0.284057669117647,0.284057669117647,0.284057669117647,0.284057669117647,-0.509783669117647,-0.509783669117647,0.095237271975632,0.37409085540228654,92.0,0.011410036544117647,-0.03538184338235294,5.677579411764711,1.0,21.5477,0,82.0,216.0,9.7761,59.9793,42.9548,32.5186,27.2579,24.9417,23.7928,22.8365,22.1808,21.5477,20.9369,20.3477,19.5586,18.7061,17.2417,14.7811,11.7709,9.06182,5.07153,23.53376,1.0,0.0,0.0,,brake,0.16924567094775922,0.0,0.5638823529411764,3,19.642,0.0
987,365.23,117.225,-3.02635,0.0677097,-0.238918,JOIN_RACELINE,0.2790316363636362,0.2790316363636362,0.2790316363636362,0.2790316363636362,0.2790316363636362,-0.5179496363636362,-0.5179496363636362,0.09521576651829121,0.3725547513065148,92.0,0.011406742727272727,-0.035303881818181816,6.000800000000011,1.0,21.1543,0,82.0,216.0,9.91981,59.4872,42.4535,32.0418,26.8111,24.5135,23.3754,22.4287,21.7801,21.1543,20.5506,19.9687,19.1899,18.3491,16.9063,14.4864,11.5329,8.87997,4.97661,23.378,1.0,0.0,0.0,,brake,0.1732172819834222,0.0,0.5066176470588234,3,19.664,0.0
988,365.927,115.153,-3.18235,0.0701677,-0.252534,JOIN_RACELINE,0.27411339545454527,0.27411339545454527,0.27411339545454527,0.27411339545454527,0.27411339545454527,-0.5266473954545452,-0.5266473954545452,0.0951864907887093,0.3704636277649507,92.0,0.011403516136363636,-0.035227239772727265,6.051014772727263,1.0,20.7505,0,82.0,216.0,10.0692,58.9811,41.9376,31.5513,26.3518,24.0737,22.9468,22.0102,21.369,20.7505,20.1543,19.5801,18.8119,17.9831,16.5628,14.1847,11.2893,8.69379,4.87909,23.21224,1.0,0.0,0.0,,brake,0.17718882135283198,0.0,0.44567647058823545,3,19.686,0.0
989,366.611,113.035,-3.26245,0.0723245,-0.266423,JOIN_RACELINE,0.2693098500000001,0.2693098500000001,0.2693098500000001,0.2693098500000001,0.2693098500000001,-0.53573285,-0.53573285,0.09515220608440692,0.36801472031478,92.0,0.011400361323529411,-0.035152027205882355,5.829949264705885,1.0,20.3632,0,82.0,216.0,10.2179,58.5138,41.4543,31.0868,25.9144,23.6537,22.5368,21.6093,20.9748,20.3632,19.7739,19.2066,18.4482,17.6307,16.231,13.8922,11.0516,8.51059,4.78133,23.0428,1.0,0.0,0.0,,brake,0.18218603951130935,0.0,0.3833823529411764,3,19.708,0.0
990,367.282,111.059,-3.27257,0.0740049,-0.280458,JOIN_RACELINE,0.26459760000000015,0.26459760000000015,0.26459760000000015,0.26459760000000015,0.26459760000000015,-0.5450556000000002,-0.5450556000000002,0.09512041491911764,0.36574392279411744,92.0,0.011397266470588235,-0.03507824411764706,5.613085294117653,1.0,20.0056,0,82.0,216.0,10.3623,58.1128,41.028,30.6687,25.5161,23.2691,22.1604,21.2405,20.6116,20.0056,19.4222,18.8608,18.1107,17.3028,15.9212,13.6168,10.8253,8.33418,4.68473,22.88472,1.0,0.0,0.0,,brake,0.18858139501226742,0.0,0.32526470588235284,3,19.73,0.0
991,367.94,109.259,-3.20232,0.0749835,-0.294472,JOIN_RACELINE,0.2599766454545455,0.2599766454545455,0.2599766454545455,0.2599766454545455,0.2599766454545455,-0.5544486454545455,-0.5544486454545455,0.09509623361138797,0.364016686527712,92.0,0.011394231577540107,-0.035005890508021394,5.4004228609625695,1.0,19.6949,0,82.0,216.0,10.4971,57.8135,40.6902,30.3231,25.1792,22.9403,21.8369,20.922,20.2968,19.6949,19.1156,18.5584,17.8145,17.0138,15.6459,13.3689,10.6179,8.16937,4.59106,22.74072,1.0,0.0,0.0,,brake,0.19664360019575294,0.0,0.2918809523809524,3,19.752,0.0
992,368.588,107.651,-3.0448,0.0750294,-0.308263,JOIN_RACELINE,0.25542673048128334,0.25542673048128334,0.25542673048128334,0.25542673048128334,0.25542673048128334,-0.5636897304812833,-0.5636897304812833,0.09508031092969131,0.3628793521208078,92.0,0.011391243636363636,-0.034934636497326206,5.18680655080213,1.0,19.4492,0,82.0,216.0,10.6166,57.6531,40.4747,30.0783,24.9275,22.689,21.5867,20.6733,20.0496,19.4492,18.8717,18.3165,17.5756,16.7787,15.4188,13.1591,10.4368,8.02119,4.50232,22.61208,1.0,0.0,0.0,,brake,0.20651718520851248,0.0,0.253595238095238,3,19.774,0.0
993,369.227,106.243,-2.64919,0.074861,-0.321545,JOIN_RACELINE,0.2509810673796794,0.2509810673796794,0.2509810673796794,0.2509810673796794,0.2509810673796794,-0.5725260673796795,-0.5725260673796795,0.0950735504014949,0.3623964572496357,92.0,0.011388339090909092,-0.03486437212566845,4.76457961229949,1.0,19.2247,0,82.0,216.0,10.7286,57.5293,40.293,29.8628,24.7018,22.4618,21.3597,20.447,19.8241,19.2247,18.6484,18.0947,17.356,16.5621,15.2086,12.9637,10.267,7.88131,4.41756,22.49944,1.0,0.0,0.0,,brake,0.22024839076454938,0.0,0.22007142857142845,3,19.796,0.0
994,369.858,105.068,-2.18989,0.074546,-0.334143,JOIN_RACELINE,0.24659106203208564,0.24659106203208564,0.24659106203208564,0.24659106203208564,0.24659106203208564,-0.5807340620320857,-0.5807340620320857,0.09507776673596258,0.36269762399732663,92.0,0.011385470909090908,-0.03479498743315508,4.347638770053484,1.0,19.0201,0,82.0,216.0,10.8326,57.4343,40.1396,29.673,24.4994,22.2566,21.154,20.2415,19.6189,19.0201,18.4447,17.8919,17.1549,16.3633,15.0151,12.783,10.109,7.75051,4.33768,22.40544,1.0,0.0,0.0,,brake,0.2369423575751413,0.0,0.19209523809523804,3,19.818,0.0
995,370.482,104.041,-1.80562,0.073238,-0.346034,JOIN_RACELINE,0.24224975721925127,0.24224975721925127,0.24224975721925127,0.24224975721925127,0.24224975721925127,-0.5882837572192513,-0.5882837572192513,0.09508184118345893,0.3629886559613525,92.0,0.011382634545454545,-0.034726372459893046,3.935323262032081,1.0,18.8931,0,82.0,216.0,10.9151,57.4954,40.1266,29.601,24.3977,22.1433,21.0356,20.1191,19.4941,18.8931,18.3157,17.7613,17.0225,16.2293,14.8796,12.6488,9.98388,7.64145,4.2657,22.32328,1.0,0.0,0.0,,brake,0.2589347693803607,0.0,0.16764285714285707,3,19.84,0.0
996,371.1,103.123,-1.57891,0.0701454,-0.357214,JOIN_RACELINE,0.23795019572192513,0.23795019572192513,0.23795019572192513,0.23795019572192513,0.23795019572192513,-0.5951641957219251,-0.5951641957219251,0.09508491083829607,0.363207917021148,92.0,0.011379825454545455,-0.0346584172459893,3.5269723262032096,1.0,18.8988,0,82.0,216.0,10.9636,57.8332,40.3614,29.7353,24.4709,22.1887,21.0672,20.1396,19.5069,18.8988,18.3145,17.7536,17.0064,16.2046,14.8411,12.591,9.91125,7.56554,4.20425,22.24984,1.0,0.0,0.0,,brake,0.27586265840390467,0.0,0.1457857142857144,3,19.862,0.0
997,371.713,102.281,-1.52686,0.0648302,-0.367642,JOIN_RACELINE,0.23369499378342248,0.23369499378342248,0.23369499378342248,0.23369499378342248,0.23369499378342248,-0.6013369937834225,-0.6013369937834225,0.09509129437378464,0.3636638838417602,92.0,0.011377043950534758,-0.0345910118315508,3.155359425133691,1.0,19.0731,0,82.0,216.0,10.9713,58.5176,40.9092,30.132,24.7671,22.4365,21.2903,20.3419,19.695,19.0731,18.4756,17.9021,17.138,16.3183,14.9249,12.6289,9.90332,7.52975,4.15504,22.182479999999998,1.0,0.0,0.0,,brake,0.286376285722202,0.0,0.12573809523809537,3,19.884,0.0
998,372.321,101.503,-1.6224,0.0572704,-0.377254,JOIN_RACELINE,0.22950503656417104,0.22950503656417104,0.22950503656417104,0.22950503656417104,0.22950503656417104,-0.6067590365641711,-0.6067590365641711,0.09509835421025764,0.3641681578755462,92.0,0.011374300635026736,-0.03452415621657754,2.8934235962566808,1.0,19.4301,0,82.0,216.0,10.9385,59.5572,41.7836,30.8076,25.3029,22.9024,21.7201,20.7409,20.0728,19.4301,18.8125,18.2196,17.4295,16.5818,15.1411,12.7697,9.96438,7.53632,4.11857,22.120240000000003,1.0,0.0,0.0,,brake,0.29017348168837603,0.0,0.10721428571428572,3,19.906,0.0
999,372.925,100.787,-1.83291,0.0476775,-0.385995,JOIN_RACELINE,0.22534264485294114,0.22534264485294114,0.22534264485294114,0.22534264485294114,0.22534264485294114,-0.6113376448529411,-0.6113376448529411,0.09510135977613031,0.3643828411521648,92.0,0.011371575367647059,-0.03445774044117647,2.633211029411764,1.0,19.9718,0,82.0,216.0,10.8704,60.9251,42.968,31.7558,26.0768,23.5869,22.3576,21.3383,20.6419,19.9718,19.3274,18.7084,17.8832,16.9975,15.4918,13.015,10.0947,7.58486,4.0947,22.06296,1.0,0.0,0.0,,brake,0.2876789027112862,0.0,0.09016666666666681,3,19.928,0.0
1000,373.525,100.128,-2.12641,0.0364348,-0.393686,JOIN_RACELINE,0.22120781864973277,0.22120781864973277,0.22120781864973277,0.22120781864973277,0.22120781864973277,-0.6148938186497328,-0.6148938186497328,0.09510571900826446,0.36469421487603376,92.0,0.011368868148395722,-0.034391764505347595,2.3747217245989414,1.0,20.6922,0,82.0,216.0,10.7735,62.5681,44.4229,32.9521,27.0739,24.479,23.1938,22.1261,21.3958,20.6922,20.0151,19.364,18.4955,17.5624,15.9749,13.3634,10.2935,7.6747,4.08369,22.01024,1.0,0.0,0.0,,brake,0.2796601554327481,0.0,0.07447619047619047,3,19.95,0.0
1001,374.12,99.5212,-2.47492,0.0240016,-0.400317,JOIN_RACELINE,0.21710744933155074,0.21710744933155074,0.21710744933155074,0.21710744933155074,0.21710744933155074,-0.6174244493315507,-0.6174244493315507,0.09509557344664558,0.36396953190325615,92.0,0.011366183489304812,-0.03432633836898396,2.118386497326199,1.0,21.574,0,82.0,216.0,10.6566,64.4173,46.0911,34.3556,28.2644,25.5541,24.2066,23.0845,22.3157,21.574,20.8594,20.1714,19.2526,18.2642,16.5805,13.8076,10.5554,7.80213,4.08443,21.961696,1.0,0.0,0.0,,brake,0.2671590012543282,0.0,0.060028571428571265,3,19.972,0.0
1002,374.713,98.9625,-2.84125,0.0108777,-0.405815,JOIN_RACELINE,0.2130310142379677,0.2130310142379677,0.2130310142379677,0.2130310142379677,0.2130310142379677,-0.6188460142379677,-0.6188460142379677,0.09508745302807488,0.3633895020053491,92.0,0.011363523235294118,-0.034261132152406414,1.908030548128338,1.0,22.5924,0,105.0,216.0,10.5277,66.3957,47.906,35.9142,29.6081,26.7781,25.3649,24.1851,23.3751,22.5924,21.8371,21.109,20.135,19.0855,17.294,14.3376,10.8742,7.9633,4.09611,21.917,1.0,0.0,0.0,,turn,0.251422784135522,0.0,0.04672619047619061,3,19.994,0.0
1003,375.303,98.4478,-3.18777,-0.00244844,-0.410147,JOIN_RACELINE,0.20900414592245986,0.20900414592245986,0.20900414592245986,0.20900414592245986,0.20900414592245986,-0.6191511459224599,-0.6191511459224599,0.09508115349003401,0.36293953500242987,92.0,0.011360920294117647,-0.034196255815508024,1.8273788101604274,1.0,23.714,0,105.0,216.0,10.3938,68.7142,49.7961,37.5681,31.0556,28.1076,26.6289,25.3907,24.5387,23.714,22.9167,22.1469,21.1153,20.0013,18.0948,14.939,11.2408,8.15295,4.11756,21.875824,1.0,0.0,0.0,,turn,0.23387307032835528,0.0,0.03447142857142859,3,20.016,0.0
1004,375.889,97.9772,-3.48468,-0.0155513,-0.413264,JOIN_RACELINE,0.2050045784090908,0.2050045784090908,0.2050045784090908,0.2050045784090908,0.2050045784090908,-0.6182685784090909,-0.6182685784090909,0.09506795008688626,0.3619964347775901,92.0,0.011358334999999999,-0.034131819318181815,1.7472738636363618,1.0,24.9018,0,105.0,216.0,10.26,72.3524,51.6955,39.2585,32.5561,29.4967,27.9552,26.6606,25.7677,24.9018,24.0631,23.2519,22.1625,20.9835,18.9593,15.595,11.6458,8.36588,4.1478,21.838176,1.0,0.0,0.0,,turn,0.21588371220404834,0.0,0.023266666666666578,3,20.038,0.0
1005,376.474,97.549,-3.71215,-0.0280864,-0.415167,JOIN_RACELINE,0.20101183609625675,0.20101183609625675,0.20101183609625675,0.20101183609625675,0.20101183609625675,-0.6161788360962568,-0.6161788360962568,0.09502954194342489,0.35925299595892135,92.0,0.011355754117647058,-0.034067492780748665,1.6673056149732637,1.0,26.1172,0,105.0,216.0,10.1298,111.648,53.5468,40.9314,34.0605,30.8997,29.3003,27.9532,27.022,26.1172,25.2392,24.3885,23.2435,22.0013,19.8612,16.287,12.0781,8.59628,4.18571,21.80392,1.0,0.0,0.0,,turn,0.19865887989820535,0.0,0.013071428571428729,3,20.06,0.0
1006,377.055,97.1606,-3.85519,-0.0397984,-0.415858,JOIN_RACELINE,0.19704639458556147,0.19704639458556147,0.19704639458556147,0.19704639458556147,0.19704639458556147,-0.6129043945855615,-0.6129043945855615,0.09498387639631746,0.3559911711655328,92.0,0.011353190882352942,-0.0340036060828877,1.5878841577540104,1.0,27.3243,0,105.0,216.0,10.0054,108.384,55.3054,42.542,35.5259,32.276,30.6249,29.2305,28.2645,27.3243,26.4103,25.523,24.3264,23.0249,20.7747,16.9961,12.527,8.83871,4.23025,21.772848,1.0,0.0,0.0,,turn,0.18313369128359175,0.0,0.0038238095238095782,3,20.082,0.0
1007,377.635,96.8101,-3.90696,-0.0505204,-0.415353,JOIN_RACELINE,0.1930932695187167,0.1930932695187167,0.1930932695187167,0.1930932695187167,0.1930932695187167,-0.6084462695187167,-0.6084462695187167,0.0949337148021269,0.3524082001519213,92.0,0.011350632058823529,-0.033939829344919785,1.4352899064171298,1.0,28.4928,0,105.0,216.0,9.88755,105.147,56.9395,44.057,36.9191,33.5926,31.8967,30.461,29.4645,28.4928,27.5466,26.6267,25.3835,24.028,21.6763,17.7046,12.9822,9.08822,4.28061,21.744808,1.0,0.0,0.0,,brake,0.16996636690945144,0.0,0.14,3,20.104,0.0
1008,378.212,96.2361,-3.89746,-0.0601228,-0.413658,JOIN_RACELINE,0.1891931197860964,0.1891931197860964,0.1891931197860964,0.1891931197860964,0.1891931197860964,-0.6028511197860964,-0.6028511197860964,0.09487703810596743,0.34835986471195896,92.0,0.011348086470588235,-0.03387638248663102,0.8492260695187397,1.0,29.5952,0,105.0,216.0,9.77668,101.973,58.4244,45.4488,38.2113,34.821,33.0873,31.6166,30.5938,29.5952,28.6214,27.6729,26.389,24.9859,22.5434,18.3952,13.4334,9.33986,4.33605,21.698888,1.0,0.0,0.0,,brake,0.15940346087416307,0.0,0.14,3,20.126,0.0
1009,378.785,95.4959,-3.85376,-0.0686812,-0.410912,JOIN_RACELINE,0.18532000748663094,0.18532000748663094,0.18532000748663094,0.18532000748663094,0.18532000748663094,-0.596232007486631,-0.596232007486631,0.09481563748141708,0.34397410581550575,92.0,0.011345558529411765,-0.033813375467914436,0.2672250668449101,1.0,30.6252,0,105.0,216.0,9.67199,29.724,59.7656,46.7183,39.4003,35.9573,34.1919,32.6917,31.6469,30.6252,29.6276,28.6548,27.3356,25.891,23.3686,19.0611,13.8761,9.59129,4.39573,21.639672,1.0,0.0,0.0,,brake,0.1510812373309455,0.0,0.14,3,20.148,0.0
1010,379.353,94.7511,-3.77927,-0.0766519,-0.407207,JOIN_RACELINE,0.1814806919786097,0.1814806919786097,0.1814806919786097,0.1814806919786097,0.1814806919786097,-0.5886876919786097,-0.5886876919786097,0.09474239991293143,0.3387428509236743,92.0,0.011343052647058824,-0.0337509182486631,-0.3096973930481177,1.0,31.6251,0,105.0,216.0,9.56892,27.0779,61.0296,47.9249,40.5389,37.0504,35.2576,33.7314,32.6671,31.6251,30.6064,29.6117,28.2609,26.7787,24.1828,19.7265,14.326,9.85102,4.46099,21.580088,1.0,0.0,0.0,,brake,0.14441985518009698,0.0,0.13973823529411747,3,20.17,0.0
1011,379.917,94.0113,-3.68643,-0.0842825,-0.402547,JOIN_RACELINE,0.17766841390374366,0.17766841390374366,0.17766841390374366,0.17766841390374366,0.17766841390374366,-0.5802154139037436,-0.5802154139037436,0.09461593361798734,0.3297095441419527,92.0,0.011340564411764707,-0.03368890086898396,-0.8825570187165273,1.0,32.6187,0,128.0,216.0,9.46483,25.3181,62.2681,49.1014,41.6565,38.1278,36.3105,34.7611,33.679,32.6187,31.5808,30.5661,29.1862,27.6691,25.0047,20.406,14.793,10.1248,4.53299,21.520904,1.0,0.0,0.0,,brake,0.13882879924526753,0.0,0.11797941176470605,3,20.192,0.0
1012,380.477,93.3175,-3.56402,-0.0916368,-0.396989,JOIN_RACELINE,0.17388317326203243,0.17388317326203243,0.17388317326203243,0.17388317326203243,0.17388317326203243,-0.5708721732620324,-0.5708721732620324,0.09448459405756066,0.3203281469686182,92.0,0.011338093823529412,-0.03362732332887701,-1.4513538101603762,1.0,33.6092,0,128.0,216.0,9.35934,23.9552,63.7725,50.254,42.7581,39.1939,37.3546,35.7842,34.6863,33.6092,32.5537,31.5207,30.1138,28.5645,25.8358,21.1009,15.2782,10.4133,4.61169,21.4654,1.0,0.0,0.0,,brake,0.1340902985567299,0.0,0.09757352941176457,3,20.214,0.0
1013,381.032,92.6962,-3.402,-0.0986634,-0.390492,JOIN_RACELINE,0.17016388676470615,0.17016388676470615,0.17016388676470615,0.17016388676470615,0.17016388676470615,-0.5606558867647061,-0.5606558867647061,0.09435413303784301,0.3110095027030721,92.0,0.011333768088235295,-0.03356907058823529,-2.0867323529411324,1.0,34.5877,0,128.0,216.0,9.25248,22.8351,65.8505,51.3738,43.8349,40.2396,38.381,36.792,35.6799,34.5877,33.5165,32.467,31.0358,29.4569,26.6688,21.8054,15.7785,10.7156,4.69715,21.415696,1.0,0.0,0.0,,brake,0.13021294221483182,0.0,0.07930000000000013,3,20.236,0.0
1014,381.584,92.1459,-3.19054,-0.105207,-0.383064,JOIN_RACELINE,0.16646906590909097,0.16646906590909097,0.16646906590909097,0.16646906590909097,0.16646906590909097,-0.549533065909091,-0.549533065909091,0.09422474380307058,0.3017674145050418,92.0,0.011329211136363636,-0.03351150909090909,-2.728395454545443,1.0,35.5317,0,128.0,216.0,9.14547,21.8954,69.3132,52.436,44.8622,41.241,39.366,37.7612,36.6368,35.5317,34.4467,33.3828,31.9301,30.3251,27.4838,22.5032,16.283,11.0261,4.78853,21.371672,1.0,0.0,0.0,,brake,0.12739787316159962,0.0,0.06311470588235286,3,20.258,0.0
1015,382.133,91.6599,-2.92991,-0.111134,-0.374704,JOIN_RACELINE,0.16279432560160445,0.16279432560160445,0.16279432560160445,0.16279432560160445,0.16279432560160445,-0.5374983256016044,-0.5374983256016044,0.09409639004195194,0.29259928871085356,92.0,0.01132467895053476,-0.03345426042780748,-3.3665712566844634,1.0,36.4205,0,128.0,216.0,9.03913,21.0982,104.914,53.4189,45.8188,42.1771,40.2887,38.6709,37.5364,36.4205,35.3241,34.248,32.7772,31.1499,28.2627,23.1785,16.7814,11.3394,4.88499,21.332791999999998,1.0,0.0,0.0,,turn,0.12579903999924885,0.0,0.04882058823529392,3,20.28,0.0
1016,382.678,91.2297,-2.61995,-0.11636,-0.365428,JOIN_RACELINE,0.15914635935828877,0.15914635935828877,0.15914635935828877,0.15914635935828877,0.15914635935828877,-0.5245743593582888,-0.5245743593582888,0.09396925468580597,0.2835181918432837,92.0,0.011320179786096257,-0.03339742887700534,-4.000097326203206,1.0,37.2397,0,128.0,216.0,8.93393,20.4157,102.812,54.3084,46.6903,43.0332,41.1346,39.5067,38.3642,37.2397,36.1341,35.0482,33.5628,31.9172,28.9918,23.8191,17.2648,11.6509,4.98575,21.298375999999998,1.0,0.0,0.0,,turn,0.12554474927988,0.0,0.03616764705882335,3,20.302,0.0
1017,383.222,90.8505,-2.27187,-0.120874,-0.355249,JOIN_RACELINE,0.15550508663101612,0.15550508663101612,0.15550508663101612,0.15550508663101612,0.15550508663101612,-0.5107540866310161,-0.5107540866310161,0.09377585057729704,0.26970361266407394,92.0,0.011315688877005348,-0.03334070160427807,-4.632460962566831,1.0,37.9846,0,128.0,216.0,8.82971,19.824,100.786,55.1016,47.4729,43.8052,41.8993,40.2639,39.1155,37.9846,36.872,35.7785,34.2815,32.6215,29.6654,24.4193,17.7285,11.9578,5.09045,21.26804,1.0,0.0,0.0,,turn,0.12651306239277235,0.0,0.025014705882352845,3,20.324,0.0
1018,383.763,90.5163,-1.90623,-0.124754,-0.344234,JOIN_RACELINE,0.15189727092245997,0.15189727092245997,0.15189727092245997,0.15189727092245997,0.15189727092245997,-0.49613127092245995,-0.49613127092245995,0.09355066573924406,0.25361898137457545,92.0,0.011305849344919787,-0.033294851537433154,-5.298046590909074,1.0,38.6615,0,128.0,216.0,8.72595,19.3007,98.8307,55.8082,48.1754,44.5011,42.5903,40.9497,39.7971,38.6615,37.5437,36.4446,34.9389,33.2677,30.2873,24.9811,18.1728,12.2601,5.19878,21.241304,1.0,0.0,0.0,,turn,0.128327032663812,0.0,0.01518529411764709,3,20.346,0.0
1019,384.302,90.2219,-1.54943,-0.128139,-0.332423,JOIN_RACELINE,0.14832117165775383,0.14832117165775383,0.14832117165775383,0.14832117165775383,0.14832117165775383,-0.48074417165775385,-0.48074417165775385,0.09359634806423191,0.2568820045879937,92.0,0.01128866331550802,-0.03326368609625668,-6.011609090909128,1.0,39.2862,0,128.0,216.0,8.62162,18.8248,96.9269,56.4482,48.8163,45.1386,43.2248,41.5807,40.4252,39.2862,38.1647,37.0614,35.5492,33.8694,30.8699,25.5139,18.6035,12.5603,5.31107,21.217752,1.0,0.0,0.0,,turn,0.13035587030673532,0.0,0.006526470588235444,3,20.368,0.0
1020,384.839,89.9611,-1.22235,-0.131207,-0.319891,JOIN_RACELINE,0.14475834177807484,0.14475834177807484,0.14475834177807484,0.14475834177807484,0.14475834177807484,-0.4646493417780748,-0.4646493417780748,0.09364323953117404,0.2602313950838605,111.2202740028438,0.011271541056149732,-0.03323263629679144,-6.722523863636367,1.0,39.8796,0,128.0,216.0,8.51572,18.3783,95.0479,57.0513,49.4191,45.7403,43.8247,42.1784,41.0209,39.8796,38.7553,37.6488,36.1314,34.4449,31.4296,26.0312,19.0288,12.8627,5.4277,21.196888,1.0,0.0,0.0,,turn,0.13189978086137702,0.22,0.0,3,20.39,0.0
1021,385.375,89.9515,-0.932749,-0.133818,-0.30668,JOIN_RACELINE,0.14120214659090907,0.14120214659090907,0.14120214659090907,0.14120214659090907,0.14120214659090907,-0.4478821465909091,-0.4478821465909091,0.09370067648790716,0.26433403485051116,111.26719468559624,0.011254450681818183,-0.03320164431818182,-7.432114772727274,1.0,40.4218,0,128.0,216.0,8.40938,17.9665,93.2192,57.6936,49.9633,46.2858,44.37,42.7229,41.5644,40.4218,39.296,38.1877,36.6669,34.9757,31.9489,26.5173,19.4373,13.1606,5.54734,21.19612,1.0,0.0,0.0,,turn,0.13228850111382937,0.32,0.0,3,20.412,0.0
1022,385.912,90.0349,-0.652714,-0.135742,-0.292885,JOIN_RACELINE,0.13763931671123011,0.13763931671123011,0.13763931671123011,0.13763931671123011,0.13763931671123011,-0.43052431671123015,-0.43052431671123015,0.09376216549860233,0.26872610704302363,111.31558359149003,0.011237328422459895,-0.033170594518716574,-8.143029545454512,1.0,40.8812,0,128.0,216.0,8.30475,17.6002,91.4852,58.3865,50.4145,46.7416,44.8275,43.1815,42.0235,40.8812,39.7552,38.6467,37.125,35.4319,32.3994,26.947,19.81,13.4422,5.66745,21.202792,1.0,0.0,0.0,,turn,0.13188277574907484,0.52,0.0,3,20.434,0.0
1023,386.45,90.2993,-0.433741,-0.137389,-0.278546,JOIN_RACELINE,0.13406985213903755,0.13406985213903755,0.13406985213903755,0.13406985213903755,0.13406985213903755,-0.41261585213903756,-0.41261585213903756,0.0938317314397302,0.27369510283787174,111.71907263940778,0.011220174278074868,-0.03313948689839572,-8.85526818181816,1.0,41.31,0,128.0,216.0,8.19895,17.2506,89.7739,59.2389,50.8308,47.1639,45.2524,43.6084,42.4515,41.31,40.1848,39.0765,37.5549,35.8613,32.8256,27.358,20.1725,13.7218,5.79032,21.223944,1.0,0.0,0.0,,turn,0.1298286688015281,0.52,0.0,3,20.456,0.0
1024,386.99,90.6457,-0.310943,-0.138665,-0.263792,JOIN_RACELINE,0.1304919090909091,0.1304919090909091,0.1304919090909091,0.1304919090909091,0.1304919090909091,-0.39428390909090916,-0.39428390909090916,0.0939058239984079,0.2789874284577068,112.2134556317996,0.01117659090909091,-0.033185072727272724,-9.733663636363636,1.0,41.694,0,128.0,216.0,8.09339,16.9231,88.104,60.3095,51.1971,47.5379,45.6301,43.9889,42.8339,41.694,40.5702,39.4632,37.943,36.2502,33.2143,27.738,20.5155,13.9929,5.91408,21.251656,1.0,0.0,0.0,,turn,0.1253133956345049,0.52,0.0,3,20.478,0.0
1025,387.532,90.9931,-0.197171,-0.139228,-0.248746,JOIN_RACELINE,0.12690152139037453,0.12690152139037453,0.12690152139037453,0.12690152139037453,0.12690152139037453,-0.3756475213903745,-0.3756475213903745,0.09398023029456733,0.2843021638976668,112.71758272541825,0.011128405080213908,-0.03324376524064171,-10.642854144384975,1.0,41.9872,0,128.0,216.0,7.99106,16.636,86.5464,61.6357,51.4638,47.8152,45.9128,44.276,43.124,41.9872,40.8661,39.7617,38.245,36.5557,33.5248,28.0514,20.8121,14.2392,6.0352,21.279448000000002,1.0,0.0,0.0,,turn,0.11951278588410225,0.52,0.0,3,20.5,0.0
1026,388.076,91.3388,-0.0909087,-0.139379,-0.233475,JOIN_RACELINE,0.12329788502673794,0.12329788502673794,0.12329788502673794,0.12329788502673794,0.12329788502673794,-0.35677288502673793,-0.35677288502673793,0.09405478434432425,0.28962745316601834,113.23138349318931,0.011080041443850268,-0.033302674331550805,-11.55539959893049,1.0,42.228,0,128.0,216.0,7.89017,16.3709,85.0485,63.7992,51.6734,48.0368,46.1407,44.5094,43.3612,42.228,41.1106,40.0097,38.4975,36.8131,33.79,28.3261,21.0814,14.4709,6.15503,21.307104000000002,1.0,0.0,0.0,,turn,0.11300814630096719,0.52,0.0,3,20.522,0.0
1027,388.624,91.6847,-0.00831125,-0.139416,-0.218021,JOIN_RACELINE,0.11966775133689837,0.11966775133689837,0.11966775133689837,0.11966775133689837,0.11966775133689837,-0.33768875133689835,-0.33768875133689835,0.09412978699403256,0.29498478528804045,113.75718016212907,0.01103132219251337,-0.03336201657754011,-12.47465494652407,1.0,42.4547,0,128.0,216.0,7.78893,16.1112,83.5535,98.0937,51.8677,48.2437,46.3541,44.7284,43.5841,42.4547,41.3411,40.2438,38.7365,37.0573,34.0428,28.5902,21.3434,14.6993,6.27534,21.334776,1.0,0.0,0.0,,turn,0.10576838679089826,0.52,0.0,3,20.544,0.0
1028,389.173,92.0337,0.0400717,-0.139439,-0.202428,JOIN_RACELINE,0.11603099331550817,0.11603099331550817,0.11603099331550817,0.11603099331550817,0.11603099331550817,-0.3184589933155082,-0.3184589933155082,0.09420510827356589,0.30036487668327805,115.79881697368404,0.010982514037433158,-0.033421467112299465,-13.395587767379645,1.0,42.6796,0,128.0,216.0,7.68692,15.8522,82.0419,96.7658,52.0602,48.4486,46.5655,44.9454,43.805,42.6796,41.5696,40.476,38.9736,37.2996,34.2938,28.8524,21.6041,14.9275,6.39647,21.362696,1.0,0.0,0.0,,turn,0.09740672227605017,0.52,0.0,3,20.566,0.0
1029,389.725,92.3424,0.000101402,-0.139442,-0.186749,JOIN_RACELINE,0.11234559806149733,0.11234559806149733,0.11234559806149733,0.11234559806149733,0.11234559806149733,-0.2990945980614973,-0.2990945980614973,0.09427775189077539,0.30555370648395713,118.34608067102596,0.010924253836898396,-0.03354645975935829,-14.387319451871658,1.0,42.9011,0,128.0,216.0,7.58455,15.5949,80.5142,95.4286,52.2616,48.6504,46.7738,45.1593,44.0228,42.9011,41.795,40.7049,39.2073,37.5386,34.5414,29.1115,21.8624,15.1546,6.51797,21.387392,1.0,0.0,0.0,,turn,0.08704547088832817,0.74,0.0,3,20.588,0.0
1030,390.28,92.8366,-0.132827,-0.139721,-0.171112,JOIN_RACELINE,0.10859137179144414,0.10859137179144414,0.10859137179144414,0.10859137179144414,0.10859137179144414,-0.2797033717914441,-0.2797033717914441,0.09435551756996839,0.31110839785488525,121.25976534827957,0.010850093074866316,-0.033782779946524046,-15.496020989304727,1.0,43.1552,0,128.0,216.0,7.48077,15.3272,78.9078,94.0399,52.5695,48.8872,47.0164,45.4067,44.2736,43.1552,42.0521,40.9651,39.4716,37.8071,34.8164,29.3937,22.1371,15.3911,6.64116,21.426928,1.0,0.0,0.0,,turn,0.07393717590891237,0.96,0.0,3,20.61,0.0
1031,390.839,93.5734,-0.315812,-0.139907,-0.155548,JOIN_RACELINE,0.10481008803475943,0.10481008803475943,0.10481008803475943,0.10481008803475943,0.10481008803475943,-0.2603580880347594,-0.2603580880347594,0.09444402934118865,0.31743066722776064,124.66865220788343,0.010775397820855617,-0.034020803342245984,-16.61271316844918,1.0,43.3943,0,128.0,216.0,7.37816,15.0677,77.2949,92.6492,52.9553,49.1087,47.2437,45.6389,44.5093,43.3943,42.2944,41.2106,39.7212,38.0611,35.0775,29.6631,22.4016,15.6213,6.76295,21.485872,1.0,0.0,0.0,,turn,0.05849776692047933,0.9,0.0,3,20.632,0.0
1032,391.404,94.4561,-0.503277,-0.139615,-0.140085,JOIN_RACELINE,0.10098821804812837,0.10098821804812837,0.10098821804812837,0.10098821804812837,0.10098821804812837,-0.24107321804812837,-0.24107321804812837,0.09453937108710501,0.3242407919360728,125.0952509037433,0.010699900828877005,-0.03426138155080214,-17.74139131016042,1.0,43.5695,0,128.0,216.0,7.27921,14.834,75.7591,91.3118,53.3671,49.2631,47.4049,45.806,44.6805,43.5695,42.4737,41.3938,39.9097,38.2555,35.2819,29.8827,22.6285,15.8283,6.87999,21.556488,1.0,0.0,0.0,,turn,0.04178625505783452,0.9,0.0,3,20.654,0.0
1033,391.975,95.3794,-0.593665,-0.138191,-0.124718,JOIN_RACELINE,0.09712576183155061,0.09712576183155061,0.09712576183155061,0.09712576183155061,0.09712576183155061,-0.2218437618315506,-0.2218437618315506,0.09463685828112545,0.331204162937532,124.08730214438495,0.010623602098930478,-0.03450451457219253,-18.88205541443856,1.0,43.5996,0,128.0,216.0,7.18771,14.6535,74.4536,90.1258,53.6633,49.264,47.415,45.8243,44.7047,43.5996,42.5098,41.4358,39.96,38.3151,35.3587,29.9906,22.7718,15.9842,6.98679,21.630352000000002,1.0,0.0,0.0,,turn,0.025854874056467355,0.9,0.0,3,20.676,0.0
1034,392.552,96.2822,-0.573736,-0.135216,-0.109471,JOIN_RACELINE,0.09320775842245965,0.09320775842245965,0.09320775842245965,0.09320775842245965,0.09320775842245965,-0.20267875842245964,-0.20267875842245964,0.09473247443878222,0.3380338884844447,123.07553883957218,0.010548651256684489,-0.034762570855614995,-20.025172593582948,1.0,43.4339,0,128.0,216.0,7.1061,14.5435,73.4847,89.1568,53.6922,49.0584,47.221,45.6417,44.5304,43.4339,42.3527,41.2874,39.824,38.1934,35.264,29.9485,22.8026,16.0707,7.07938,21.702576,1.0,0.0,0.0,,turn,0.012751964036801565,1.0,0.0,3,20.698,0.0
1035,393.136,97.2066,-0.503212,-0.130814,-0.0944336,JOIN_RACELINE,0.08904109799465217,0.08904109799465217,0.08904109799465217,0.08904109799465217,0.08904109799465217,-0.18347469799465216,-0.18347469799465216,0.09481690430139766,0.34406459295697606,122.04911197326196,0.010501689224598928,-0.03519003074866313,-21.054004144385086,1.0,43.0912,0,128.0,216.0,7.03404,14.4996,72.8265,88.3869,53.4142,48.669,46.8423,45.2775,44.1769,43.0912,42.021,40.9671,39.5199,37.9081,35.0147,29.7713,22.7315,16.0931,7.15795,21.776528,1.0,0.0,0.0,,turn,0.002485676994591136,0.9,0.0,3,20.72,0.0
1036,393.726,98.1225,-0.425487,-0.125369,-0.0797531,JOIN_RACELINE,0.08483162941176467,0.08483162941176467,0.08483162941176467,0.08483162941176467,0.08483162941176467,-0.16458472941176466,-0.16458472941176466,0.09490143661430482,0.35010261530748754,121.01417205882349,0.010454244705882352,-0.03562188235294118,-22.09340588235295,1.0,42.6218,0,128.0,216.0,6.97019,14.5087,72.3859,87.7577,52.8877,48.1422,46.331,44.7831,43.6949,42.6218,41.5647,40.524,39.0956,37.506,34.6551,29.4976,22.5867,16.0676,7.22453,21.849800000000002,1.0,0.0,0.0,,turn,-0.005696319297248065,1.0,0.0,3,20.742,0.0
1037,394.322,99.0303,-0.348357,-0.119086,-0.0655212,JOIN_RACELINE,0.08057935267379676,0.08057935267379676,0.08057935267379676,0.08057935267379676,0.08057935267379676,-0.14610055267379676,-0.14610055267379676,0.09498608837964267,0.3561491699744768,151.1508066402042,0.010406317700534759,-0.0360581256684492,-23.14337780748664,1.0,42.0536,0,128.0,216.0,6.91396,14.5663,72.1085,87.2371,52.1591,47.5051,45.7159,44.1868,43.1124,42.0536,41.0109,39.985,38.5779,37.013,34.2099,29.149,22.3841,16.0033,7.28023,21.922424,1.0,0.0,0.0,,turn,-0.013572643322125499,0.9,0.0,3,20.764,0.0
1038,394.924,99.9298,-0.286868,-0.112154,-0.0518616,JOIN_RACELINE,0.07628426778074884,0.07628426778074884,0.07628426778074884,0.07628426778074884,0.07628426778074884,-0.12814586778074885,-0.12814586778074885,0.09374255898404232,0.26732564171730855,129.86139486626152,0.010357908208556152,-0.03649876069518715,-24.203919919786056,1.0,41.4115,0,128.0,216.0,6.8651,14.6691,71.9429,86.7946,51.2863,46.786,45.0231,43.5143,42.4549,41.4115,40.3846,39.3748,37.9906,36.4527,33.7011,28.7449,22.1379,15.9083,7.3259,19.494384,1.0,0.0,0.0,,turn,-0.014173951501578595,0.9,0.0,3,20.786,0.0
1039,395.533,100.785,-0.210553,-0.104785,-0.0388809,RACE,0.07192434351604271,0.07192434351604271,0.07192434351604271,0.07192434351604271,0.07192434351604271,-0.1108052435160427,-0.1108052435160427,0.09382503178992464,0.2732165564231893,151.81426754861448,0.010312762139037434,-0.03694554131016043,-25.213434558823526,1.0,40.7222,0,128.0,216.0,6.82322,14.8134,71.8386,86.3987,50.3335,46.0162,44.28,42.7928,41.7493,40.7222,39.7119,38.7191,37.3591,35.8495,33.1522,28.3053,21.8628,15.7912,7.36267,19.5628,1.0,0.0,0.0,,turn,-0.015447595585087352,0.9,0.0,3,20.808,0.0
1040,396.147,101.634,-0.146559,-0.097183,-0.0266083,RACE,0.06723253803475951,0.06723253803475951,0.06723253803475951,0.06723253803475951,0.06723253803475951,-0.09384083803475951,-0.09384083803475951,0.09388877793309432,0.2777698523638802,151.77784118108895,0.010343297967914437,-0.037416302005347575,-24.971897794117655,1.0,40.011,0,128.0,216.0,6.78738,14.9936,71.75,86.019,49.3559,45.2243,43.5133,42.0483,41.0213,40.011,39.0178,38.0424,36.7074,35.2268,32.585,27.8494,21.5731,15.6608,7.39219,19.63072,1.0,0.0,0.0,,turn,-0.017451359264000862,0.9,0.0,3,20.83,0.0
1041,396.768,102.485,-0.0983614,-0.0893693,-0.0151245,RACE,0.06248724291443882,0.06248724291443882,0.06248724291443882,0.06248724291443882,0.06248724291443882,-0.07761174291443883,-0.07761174291443883,0.09395257673492952,0.2823269096378231,151.7413847228974,0.010374181925133688,-0.03789242967914435,-24.72760735294119,1.0,39.2805,0,128.0,216.0,6.75811,15.2146,71.6714,85.6519,48.3612,44.4114,42.7256,41.2838,40.2736,39.2805,38.305,37.3474,36.038,34.587,32.0019,27.379,21.2698,15.5175,7.41426,19.6988,1.0,0.0,0.0,,turn,-0.01979713203793149,0.9,0.0,3,20.852,0.0
1042,397.394,103.343,-0.0543288,-0.0813749,-0.00448608,RACE,0.05770374090909101,0.05770374090909101,0.05770374090909101,0.05770374090909101,0.05770374090909101,-0.062189820909091004,-0.062189820909091004,0.09400473225972292,0.2860523042659228,151.71158156587262,0.010405314545454545,-0.0383723909090909,-24.481350000000003,1.0,38.5346,0,128.0,216.0,6.7358,15.4818,71.5962,85.2929,47.3575,43.5808,41.9211,40.5028,39.51,38.5346,37.5771,36.6378,35.3544,33.9337,31.406,26.897,20.955,15.3627,7.42889,19.76744,1.0,0.0,0.0,,turn,-0.021863790548745182,0.9,0.0,3,20.874,0.0
1043,398.027,104.195,-0.0159336,-0.073396,0.00529327,RACE,0.05286674926470615,0.05286674926470615,0.05286674926470615,0.05286674926470615,0.05286674926470615,-0.04757347926470615,-0.04757347926470615,0.09405683062834225,0.2897736163101611,129.68181106951872,0.010436795294117646,-0.03885771911764703,-24.23233897058825,1.0,37.7955,0,128.0,216.0,6.71943,15.7897,71.488,84.9148,46.3815,42.7566,41.1231,39.7285,38.7531,37.7955,36.856,35.935,34.6775,33.2869,30.8161,26.4191,20.6405,15.2036,7.43773,19.8356,1.0,0.0,0.0,,turn,-0.02418601592978685,0.9,0.0,3,20.896,0.0
1044,398.665,105.035,0.00176489,-0.0653622,0.0141571,RACE,0.04792179779411766,0.04792179779411766,0.04792179779411766,0.04792179779411766,0.04792179779411766,-0.033764697794117664,-0.033764697794117664,0.09802413256684493,0.5731523262032097,127.41478139037432,0.010478659264705882,-0.0393045875,-24.003498529411765,1.0,37.0545,0,128.0,216.0,6.71,16.151,71.3617,84.5281,45.4164,41.9295,40.3226,38.9521,37.9943,37.0545,36.1332,35.2306,33.9992,32.6387,30.2248,25.939,20.3214,15.0373,7.43995,19.9028,1.0,0.0,0.0,,turn,-0.026813685318958183,0.9,0.0,3,20.918,0.0
1045,399.309,105.877,0.00584801,-0.0570381,0.0220581,RACE,0.04273557453208547,0.04273557453208547,0.04273557453208547,0.04273557453208547,0.04273557453208547,-0.02067747453208547,-0.02067747453208547,0.09805924278706855,0.5756601990763257,127.39471840738939,0.010549215147058824,-0.03963756477272728,-23.834319385026735,1.0,36.2869,0,128.0,216.0,6.70957,16.5953,71.259,84.1637,44.4232,41.0724,39.4931,38.1476,37.2081,36.2869,35.3843,34.5008,33.2963,31.9668,29.6114,25.4393,19.9849,14.8558,7.43365,19.97016,1.0,0.0,0.0,,turn,-0.030067086428223342,0.9,0.0,3,20.94,0.0
1046,399.959,106.682,0.0169366,-0.0482223,0.0289215,RACE,0.03750103241978612,0.03750103241978612,0.03750103241978612,-0.12747012399064164,-0.12747012399064164,-0.00857953241978612,0.15639162399064163,0.09805452813520904,0.575323438229217,107.39741249416626,0.01062042838235294,-0.03997364431818182,-23.663564037433154,1.0,35.4725,0,128.0,216.0,6.72031,17.1622,71.2115,83.8467,43.3759,40.163,38.6132,37.2943,36.3741,35.4725,34.5898,33.7264,32.5503,31.2535,28.9595,24.9061,19.6213,14.6529,7.41708,20.03456,1.0,0.0,0.0,,turn,-0.061920919866059576,0.3875158651602407,0.0,3,20.962,0.0
1047,400.613,107.017,0.0448688,-0.0378294,0.0346039,RACE,0.03223427774064169,0.03223427774064169,0.03223427774064169,-0.13222184404411738,-0.13222184404411738,0.0023696222593583074,0.16682574404411737,0.09802175320448467,0.5729823717489049,107.41614102600876,0.010692079852941176,-0.04031179204545455,-23.491757887700533,1.0,34.5045,0,128.0,216.0,6.75127,18.0065,71.3943,83.7164,42.1351,39.0828,37.5678,36.2803,35.3829,34.5045,33.6452,32.8054,31.6626,30.4042,28.1817,24.2662,19.1773,14.3953,7.38192,20.06136,1.0,0.0,0.0,,accelerate,-0.08188237109995611,0.475351577923414,0.0,3,20.984,0.0
1048,401.269,107.411,0.12043,-0.0255554,0.0389069,RACE,0.026951416778074735,0.026951416778074735,0.026951416778074735,-0.13702046709224575,-0.13702046709224575,0.011955483221925266,0.17592736709224574,0.09799093806447494,0.5707812903196385,93.43374967744289,0.010763950441176472,-0.04065097386363637,-23.319426336898392,1.0,33.3632,0,128.0,216.0,6.80727,19.3227,71.8368,83.8033,40.7098,37.808,36.3347,35.0844,34.2142,33.3632,32.5316,31.7197,30.6162,29.4026,27.264,23.5086,18.6451,14.0771,7.32567,20.09288,1.0,0.0,0.0,,brake,-0.0927285764631208,0.0,0.21374405529897883,3,21.006,0.0
1049,401.926,106.937,0.202215,-0.0121491,0.0416168,JOIN_RACELINE,0.02156909712891471,0.02156909712891471,0.02156909712891471,-0.1413414054745986,-0.1413414054745986,0.02004770287108529,0.18295820547459862,0.09792339562022358,0.5659568300159696,93.47234535987224,0.01081982866071727,-0.04086539804137839,-23.67272067916709,1.0,32.1328,0,128.0,216.0,6.88625,21.4172,72.4056,84.0082,39.2332,36.4303,35.0031,33.7941,32.9537,32.1328,31.3316,30.5502,29.4894,28.3247,26.2765,22.6924,18.0673,13.7244,7.2533,20.05496,1.0,0.0,0.0,,brake,-0.09704743132087915,0.0,0.20153939619351813,3,21.028,0.0
1050,402.578,106.012,0.305918,0.00195098,0.0426315,JOIN_RACELINE,0.01618250800494675,0.01618250800494675,0.01618250800494675,-0.14508035893048096,-0.14508035893048096,0.026448991995053253,0.18771185893048098,0.09781854607770904,0.5584675769792169,93.53225938416627,0.010867313803937297,-0.041016199872990405,-24.283555265884548,1.0,30.8628,0,105.0,216.0,6.9873,26.2095,73.0371,46.2457,37.7175,35.0036,33.6256,32.4605,31.6518,30.8628,30.0936,29.3442,28.3283,27.2145,25.2602,21.8519,17.4684,13.3522,7.16795,19.98096,1.0,0.0,0.0,,brake,-0.09636297906932625,0.0,0.17808906228175556,3,21.05,0.0
1051,403.224,105.151,0.428713,0.0166051,0.0419464,JOIN_RACELINE,0.010845488719542676,0.010845488719542676,0.010845488719542676,-0.14777152812834213,-0.14777152812834213,0.031100911280457326,0.18971792812834212,0.09765017379941085,0.5464409856722037,93.62847211462237,0.010914361967311742,-0.041165613957685754,-24.888768675423655,1.0,29.5724,0,105.0,216.0,7.11103,52.1548,73.7065,43.1092,36.1682,33.5489,32.2228,31.1038,30.3282,29.5724,28.8365,28.1203,27.1507,26.0894,24.2309,21.0004,16.8581,12.9668,7.07121,19.91208,1.0,0.0,0.0,,brake,-0.09157299536759173,0.0,0.1552982829851816,3,21.072,0.0
1052,403.866,104.371,0.557474,0.0315039,0.039534,JOIN_RACELINE,0.005541515993181513,0.005541515993181513,0.005541515993181513,-0.1504742618181816,-0.1504742618181816,0.03399248400681849,0.1900082618181816,0.09748464040617764,0.5346171718698323,88.0,0.010961118810789131,-0.04131410287776998,-25.49023463351049,1.0,28.2928,0,105.0,216.0,7.25675,54.3542,74.369,40.6747,34.6223,32.101,30.8284,29.7565,29.0147,28.2928,27.5905,26.9079,25.985,24.9761,23.2132,20.158,16.2507,12.5773,6.96537,19.84968,1.0,0.0,0.0,,brake,-0.0813174591616592,0.0,0.2707380952380951,3,21.094,0.0
1053,404.501,103.395,0.708706,0.0460429,0.0354401,JOIN_RACELINE,0.0002938932152406163,0.0002938932152406163,0.0002938932152406163,-0.15307123636363612,-0.15307123636363612,0.03514620678475939,0.18851133636363612,0.09731596279138306,0.5225687708130761,93.8194498334954,0.011006242647058823,-0.04145765274064171,-26.092708556149738,1.0,27.0741,0,105.0,216.0,7.4202,56.0885,74.9483,38.67,33.1417,30.7176,29.4976,28.472,27.7632,27.0741,26.4045,25.7544,24.8763,23.9179,22.2461,19.3566,15.6689,12.1985,6.85456,19.7716,1.0,0.0,0.0,,brake,-0.06804008125542874,0.0,0.10894167063106186,3,21.116,0.0
1054,405.131,102.61,0.796761,0.0598176,0.0297424,JOIN_RACELINE,-0.004954352105614929,-0.004954352105614929,-0.004954352105614929,-0.15571614759358274,-0.15571614759358274,0.03469675210561493,0.18545854759358274,0.09715029607650703,0.5107354340362174,93.91411652771026,0.011019213235294117,-0.04150608188502674,-26.904633689839567,1.0,25.9431,0,105.0,216.0,7.59759,57.4458,75.4033,36.977,31.7616,29.4305,28.2607,27.2789,26.6012,25.9431,25.3042,24.6845,23.8484,22.9369,21.3495,18.6121,15.1244,11.8381,6.74139,19.7088,1.0,0.0,0.0,,brake,-0.05393312668702373,0.0,0.08799722553070802,3,21.138,0.0
1055,405.756,102.06,0.826453,0.0727174,0.0224945,JOIN_RACELINE,-0.010160944685828802,-0.010160944685828802,-0.010160944685828802,-0.15842540962566842,-0.15842540962566842,0.0326554446858288,0.18091990962566842,0.07699137504162616,0.4993839315447256,94.0049285476422,0.01103208088235294,-0.041554126671122994,-27.71011497326202,1.0,24.9,0,105.0,216.0,7.78754,58.4999,75.727,35.5077,30.4847,28.2416,27.1189,26.178,25.5293,24.9,24.2897,23.698,22.9006,22.0323,20.5222,17.9231,14.6161,11.4963,6.62641,19.6648,1.0,0.0,0.0,,brake,-0.04013158126758891,0.0,0.07273979648470971,3,21.16,0.0
1056,406.377,101.572,0.802183,0.0844235,0.0137466,RACE,-0.015334215073529616,-0.015334215073529616,-0.015334215073529616,-0.15932373345588238,-0.15932373345588238,0.029080815073529616,0.17307033345588238,0.07671933298796792,0.4799523562834217,94.16038114973263,0.011044866176470589,-0.04160186397058824,-28.51044117647062,1.0,23.9583,0,105.0,216.0,7.98596,59.2584,75.8906,34.1981,29.3308,27.168,26.088,25.1841,24.5617,23.9583,23.3737,22.8073,22.0446,21.2149,19.7736,17.2971,14.1496,11.1769,6.5111,19.62576,1.0,0.0,0.0,,brake,-0.027055357421453437,0.0,0.05741949643493747,3,21.182,0.0
1057,406.994,101.138,0.731108,0.0948639,0.00359955,RACE,-0.020474163268716906,-0.020474163268716906,-0.020474163268716906,-0.1602140847259359,-0.1602140847259359,0.024073713268716906,0.1638136347259359,0.07644890409273213,0.4606360066237227,94.31491194701022,0.01105756911764706,-0.04164929378342246,-29.30561229946529,1.0,23.1135,0,105.0,216.0,8.19034,59.7554,75.8956,33.023,28.2964,26.2057,25.1638,24.293,23.6939,23.1135,22.5515,22.0076,21.2756,20.4798,19.0991,16.7302,13.7223,10.879,6.39586,19.59104,1.0,0.0,0.0,,turn,-0.015161491796810707,0.0,0.04340685840451878,3,21.204,0.0
1058,407.609,100.761,0.641078,0.104091,-0.0078125,RACE,-0.02560057536764696,-0.02560057536764696,-0.02560057536764696,-0.16110835043449193,-0.16110835043449193,0.01778807536764696,0.15329585043449193,0.07617958568607196,0.44139897757656804,94.46880817938745,0.011067206985294117,-0.04169050367647059,-29.985430147058818,1.0,22.3541,0,105.0,216.0,8.39905,60.0299,75.7561,31.9697,27.369,25.3423,24.3342,23.4926,22.9141,22.3541,21.8122,21.2879,20.5828,19.817,18.4894,16.2148,13.3292,10.5999,6.28073,19.560879999999997,1.0,0.0,0.0,,turn,-0.0042279057223293184,0.0,0.030766471919346287,3,21.226,0.0
1059,408.22,100.446,0.552263,0.112013,-0.0203506,RACE,-0.030704426637700795,-0.030704426637700795,-0.030704426637700795,-0.16200408405748667,-0.16200408405748667,0.010353826637700795,0.14165348405748668,0.07591179638125911,0.42227117008993587,108.62183063928052,0.011066349298128343,-0.04171051637700535,-30.271734291443863,1.0,21.6793,0,82.0,216.0,8.60847,60.0904,75.4677,31.0404,26.5489,24.5776,23.5988,22.7825,22.2218,21.6793,21.1546,20.6473,19.9655,19.2254,17.9436,15.7501,12.9702,10.34,6.16642,19.53568,1.0,0.0,0.0,,turn,0.006162956037939083,0.22,0.0,3,21.248,0.0
1060,408.828,100.361,0.439543,0.118815,-0.0338913,RACE,-0.03578321808155059,-0.03578321808155059,-0.03578321808155059,-0.1629233654745989,-0.1629233654745989,0.001891918081550592,0.1290320654745989,0.07564710028864853,0.40336430633203774,108.7730855493437,0.011065495822192514,-0.04173043081550802,-30.556632687165763,1.0,21.0719,0,82.0,216.0,8.81846,59.9795,75.0558,30.212,25.8153,23.8922,22.9388,22.1444,21.5991,21.0719,20.5622,20.0697,19.4081,18.6903,17.4483,15.3253,12.6378,10.095,6.05239,19.52888,1.0,0.0,0.0,,turn,0.01584303296480748,0.44,0.0,3,21.27,0.0
1061,409.436,100.569,0.323715,0.12496,-0.0483749,RACE,-0.04086200952540086,-0.04086200952540086,-0.04086200952540086,-0.16213426908422462,-0.16213426908422462,-0.007512890474599139,0.11375936908422463,0.09527368924465242,0.37669208890374434,95.45865788872531,0.011064642346256684,-0.041750345254010696,-30.841531082887688,1.0,20.5002,0,82.0,216.0,9.03362,59.7693,74.5717,29.438,25.1282,23.2492,22.319,21.5447,21.0135,20.5002,20.0043,19.5252,18.8821,18.1848,16.9792,14.9209,12.3181,9.85614,5.93662,19.54552,1.0,0.0,0.0,,turn,0.02546156467537196,0.020000000000000018,0.0026271931255878586,3,21.292,0.0
1062,410.044,100.518,0.238854,0.130622,-0.0637176,RACE,-0.04594080096925113,-0.04594080096925113,-0.04594080096925113,-0.1611966994318182,-0.1611966994318182,-0.01777679903074887,0.09747909943181819,0.09556827022045448,0.39773358717532104,97.32140023922989,0.011063788870320857,-0.04177025969251337,-31.126429478609616,1.0,19.9526,0,82.0,216.0,9.2551,59.4884,74.0355,28.7011,24.4725,22.6348,21.7264,20.9708,20.4529,19.9526,19.4695,19.003,18.3772,17.699,16.5275,14.5297,12.0065,9.62069,5.8187,19.54144,1.0,0.0,0.0,,turn,0.03550752217211195,0.24000000000000002,0.0,3,21.314,0.0
1063,410.651,100.446,0.172361,0.135478,-0.0797714,RACE,-0.05101437249331553,-0.05101437249331553,-0.05101437249331553,-0.160263290407754,-0.160263290407754,-0.028757027506684477,0.080491890407754,0.09650867569140735,0.464905406529097,99.1793463451869,0.011066095220588235,-0.04178331066176471,-31.407287266042783,1.0,19.4467,0,82.0,216.0,9.47631,59.101,73.417,28.029,23.8715,22.07,21.1807,20.4417,19.9354,19.4467,18.9749,18.5197,17.9091,17.2479,16.1066,14.1627,11.7109,9.3942,5.70068,19.53568,1.0,0.0,0.0,,turn,0.04598280603305138,0.4112825517379578,0.0,3,21.336,0.0
1064,411.255,100.355,-0.00834943,0.138949,-0.0964996,RACE,-0.05606984441844916,-0.05606984441844916,-0.05606984441844916,-0.1593368985628343,-0.1593368985628343,-0.04042975558155085,0.0628372985628343,0.09745059440550559,0.532185314678971,100.46508460298892,0.01107542169117647,-0.04178109007352941,-31.67880464572192,1.0,19.0111,0,82.0,216.0,9.68683,58.5393,72.6575,27.4688,23.3634,21.5892,20.7146,19.9882,19.491,19.0111,18.5482,18.1016,17.503,16.8552,15.7378,13.8371,11.4435,9.18451,5.58478,19.5284,1.0,0.0,0.0,,turn,0.05466606067393677,0.3642340231918816,0.0,3,21.358,0.0
1065,411.86,100.781,-0.22427,0.141029,-0.113832,RACE,-0.061133686330214085,-0.061133686330214085,-0.061133686330214085,-0.1583062725868985,-0.1583062725868985,-0.05269831366978592,0.0444742725868985,0.09852455668496596,0.6088969060689977,102.01091262037461,0.011084763602941177,-0.04177886580882353,-31.95077155748664,1.0,18.6429,0,82.0,216.0,9.88401,57.8083,71.7565,27.0177,22.9453,21.1894,20.3248,19.6073,19.1164,18.6429,18.1863,17.746,17.1561,16.518,15.4184,13.5507,11.2028,8.99079,5.47104,19.56248,1.0,0.0,0.0,,turn,0.06163018880008179,0.5073043315528695,0.0,3,21.38,0.0
1066,412.467,101.264,-0.333091,0.142696,-0.13167,RACE,-0.06621426821524064,-0.06621426821524064,-0.06621426821524064,-0.1556458128409093,-0.1556458128409093,-0.06545573178475937,0.0239758128409093,0.09971889314318182,0.6942066530844154,103.67489912553586,0.011094136397058824,-0.04177663419117647,-32.22363753342246,1.0,18.2888,0,82.0,216.0,10.0812,57.0329,70.8147,26.5917,22.5471,20.8073,19.9514,19.2419,18.7566,18.2888,17.8378,17.4032,16.8212,16.192,15.1087,13.2714,10.9664,8.79882,5.35604,19.60112,1.0,0.0,0.0,,turn,0.06904546128965634,0.5527268894436871,0.0,3,21.402,0.0
1067,413.076,101.745,-0.305218,0.144574,-0.149849,RACE,-0.07131159007352979,-0.07131159007352979,-0.07131159007352979,-0.15297777108957225,-0.15297777108957225,-0.07853740992647022,0.003128771089572241,0.1009162286909942,0.779730620785301,105.446319520017,0.011103540073529412,-0.041774395220588234,-32.497402573529435,1.0,17.9178,0,82.0,216.0,10.2871,56.2894,69.896,26.1401,22.1272,20.4052,19.5593,18.8584,18.3794,17.9178,17.4731,17.0447,16.4712,15.8518,14.7861,12.9814,10.7219,8.60114,5.2384,19.6396,1.0,0.0,0.0,,turn,0.07895304589755983,0.6023584430775768,0.0,3,21.424,0.0
1068,413.688,102.251,-0.196472,0.146647,-0.16826,RACE,-0.07642920404411777,-0.07642920404411777,-0.07642920404411777,-0.21879108135567243,-0.21879108135567243,-0.09183079595588223,0.05053108135567244,0.10208708142575353,0.8633629589823946,107.56063468474208,0.011141726203208559,-0.04171417563502673,-32.39967697192512,1.0,17.5328,0,82.0,216.0,10.5006,55.5728,68.9971,25.6661,21.6886,19.9864,19.1513,18.4599,17.9877,17.5328,17.0948,16.6731,16.1089,15.4998,14.453,12.6829,10.4713,8.39919,5.11891,19.68008,1.0,0.0,0.0,,turn,0.07580058697180173,0.6642167186439262,0.0,3,21.446,0.0
1069,414.301,102.814,-0.121951,0.148857,-0.186925,RACE,-0.08154730330882362,-0.08154730330882362,-0.08154730330882362,-0.22149003973829268,-0.22149003973829268,-0.10537769669117639,0.03456503973829267,0.10323476626700293,0.9453404476430667,110.10282883328708,0.011226956149732622,-0.041559081717914434,-31.69222743983956,1.0,17.1368,0,82.0,216.0,10.7215,54.875,68.1116,25.1742,21.2354,19.5544,18.7308,18.0495,17.5844,17.1368,16.7059,16.2913,15.7368,15.1388,14.1117,12.3778,10.2157,8.19371,4.99769,19.72512,1.0,0.0,0.0,,turn,0.0799533211739652,0.7403395705110417,0.0,3,21.468,0.0
1070,414.918,103.448,-0.074469,0.151019,-0.205902,RACE,-0.08669879963235315,-0.08669879963235315,-0.08669879963235315,-0.22419140452309005,-0.22419140452309005,-0.11920320036764685,0.018289404523090053,0.104,1.0,110.84721569518713,0.011312742245989308,-0.04140297576871657,-30.980161597593554,1.0,16.7382,0,82.0,216.0,10.947,54.174,67.2204,24.6787,20.7789,19.1194,18.3074,17.6364,17.1786,16.7382,16.3146,15.907,15.3625,14.7754,13.7683,12.0708,9.95842,7.98667,4.87503,19.77584,1.0,0.0,0.0,,accelerate,0.08698887552213387,0.7445852190456592,0.0,3,21.49,0.0
1071,415.537,104.101,-0.0662458,0.152796,-0.225215,JOIN_RACELINE,-0.09186699448529406,-0.09186699448529406,-0.09186699448529406,-0.226825804070722,-0.226825804070722,-0.13334800551470594,0.001610804070722005,0.104,1.0,109.90586441176472,0.011398806417112299,-0.04124636380347593,-30.265787600267387,1.0,16.353,0,82.0,216.0,11.1712,53.4317,66.2902,24.2066,20.341,18.7008,17.8995,17.2377,16.7867,16.353,15.936,15.535,14.9996,14.4229,13.4344,11.771,9.70578,7.78205,4.75191,19.82808,1.0,0.0,0.0,,accelerate,0.09403870065657205,0.6832640158371048,0.0,3,21.512,0.0
1072,416.16,104.705,-0.0986171,0.154028,-0.244862,JOIN_RACELINE,-0.09706858639705912,-0.09706858639705912,-0.09706858639705912,-0.22927331466014145,-0.22927331466014145,-0.14779341360294088,-0.015588685339858549,0.104,1.0,108.96440093582885,0.01148542673796792,-0.04108873980614972,-29.546797292780706,1.0,15.9878,0,82.0,216.0,11.3902,52.6335,65.3068,23.7698,19.9311,18.307,17.5146,16.8609,16.4157,15.9878,15.5766,15.1814,14.6541,14.0864,13.1146,11.4821,9.46027,7.58137,4.62872,19.8764,1.0,0.0,0.0,,accelerate,0.10038188934757875,0.6238231129164943,0.0,3,21.534,0.0
1073,416.785,105.242,-0.152245,0.154761,-0.264796,JOIN_RACELINE,-0.10219133455882379,-0.10219133455882379,-0.10219133455882379,-0.23094838385292238,-0.23094838385292238,-0.1626046654411762,-0.0338476161470776,0.104,1.0,108.02764954545454,0.011672740407754024,-0.04063033405748659,-28.365609959892968,1.0,15.6398,0,82.0,216.0,11.6036,51.7879,64.277,23.3642,19.5457,17.9347,17.1499,16.5031,16.0627,15.6398,15.2337,14.8436,14.3234,13.7639,12.807,11.2026,9.22087,7.38407,4.50549,19.91936,1.0,0.0,0.0,,accelerate,0.10495845522273942,0.5671403671328666,0.0,3,21.556,0.0
1074,417.412,105.711,-0.209607,0.1551,-0.284953,JOIN_RACELINE,-0.1072488272058822,-0.1072488272058822,-0.1072488272058822,-0.23258721852935427,-0.23258721852935427,-0.17770417279411782,-0.052365781470645745,0.104,1.0,107.0957224331551,0.01194646614304812,-0.039913852439839595,-26.787632018716625,1.0,15.3043,0,82.0,216.0,11.8125,50.9095,63.2128,22.9819,19.1781,17.5779,16.7996,16.1587,15.7227,15.3043,14.9026,14.5171,14.0034,13.4511,12.5079,10.9297,8.98565,7.18905,4.38214,19.956879999999998,1.0,0.0,0.0,,accelerate,0.10969950469844225,0.5132585551213502,0.0,3,21.578,0.0
1075,418.041,106.114,-0.27417,0.155175,-0.305293,JOIN_RACELINE,-0.11232245220588233,-0.11232245220588233,-0.11232245220588233,-0.23648624463393791,-0.23648624463393791,-0.19297054779411765,-0.06880675536606207,0.104,1.0,106.1308293315508,0.01222106500668449,-0.03919508539438503,-25.204620655080223,1.0,14.9749,0,82.0,216.0,12.0186,50.0146,62.1287,22.6125,18.8199,17.2293,16.4567,15.8212,15.3892,14.9749,14.5774,14.1961,13.6884,13.1431,12.2129,10.6597,8.7523,6.99493,4.25845,19.98912,1.0,0.0,0.0,,accelerate,0.11163045006690336,0.4606472819827229,0.0,3,21.6,0.0
1076,418.671,106.48,-0.488389,0.156686,-0.325945,JOIN_RACELINE,-0.11740414338235285,-0.11740414338235285,-0.11740414338235285,-0.24043961673806344,-0.24043961673806344,-0.20854085661764715,-0.08550538326193655,0.104,1.0,105.16746965240647,0.012496100434491973,-0.038475175635026754,-23.619092580213934,1.0,14.5709,0,82.0,216.0,12.2598,49.2794,61.1866,22.1164,18.3595,16.7895,16.0283,15.4028,14.9781,14.5709,14.1806,13.8064,13.3085,12.7741,11.8638,10.3469,8.48891,6.78138,4.12871,20.0184,1.0,0.0,0.0,,accelerate,0.11025788066152492,0.40951806355409476,0.0,3,21.622,0.0
1077,419.303,106.788,-0.563123,0.161222,-0.347224,JOIN_RACELINE,-0.12250196691176463,-0.12250196691176463,-0.12250196691176463,-0.24337720822622222,-0.24337720822622222,-0.22472203308823535,-0.10384679177377776,0.104,1.0,104.20796762032086,0.012772008990641707,-0.037752980447860976,-22.028531082887728,1.0,14.0202,0,82.0,216.0,12.5783,48.8554,60.5313,21.3649,17.6954,16.1693,15.431,14.825,14.414,14.0202,13.6429,13.2816,12.801,12.2858,11.409,9.95037,8.1671,6.53004,3.98707,20.043039999999998,1.0,0.0,0.0,,accelerate,0.10960485698112175,0.3607679853969562,0.0,3,21.644,0.0
1078,419.934,107.035,-0.505963,0.167727,-0.369254,JOIN_RACELINE,-0.12705441828208566,-0.12705441828208566,-0.12705441828208566,-0.24598618320998866,-0.24598618320998866,-0.24219958171791436,-0.12326781679001136,0.084,1.0,103.25705762032088,0.013162379512032096,-0.03619233572860959,-20.452881851604243,0.8347259358288726,13.3788,0,60.0,216.0,12.9596,48.6205,60.0564,20.45,16.9034,15.4366,14.7286,14.1484,13.7552,13.3788,13.0184,12.6735,12.2151,11.7241,10.8893,9.5024,7.80889,6.25446,3.83665,20.0628,1.0,0.0,0.0,,turn,0.11185377203721839,0.3146945238584955,0.0,3,21.666,0.0
1079,420.566,107.208,-0.293396,0.174796,-0.392084,JOIN_RACELINE,-0.1314655332553473,-0.1314655332553473,-0.1314655332553473,-0.25035969025584365,-0.25035969025584365,-0.2606184667446527,-0.14172430974415634,0.084,1.0,97.05752029218519,0.01358513512700532,-0.034397092413101724,-18.878162600267483,0.6234959893048271,12.7136,0,60.0,216.0,13.3772,48.4303,59.6294,19.4874,16.0762,14.6736,13.9983,13.4457,13.0715,12.7136,12.3712,12.0437,11.6087,11.1432,10.3524,9.04044,7.43991,5.97063,3.68134,20.076639999999998,1.0,0.0,0.0,,brake,0.11828016721426038,0.0,0.12263046923368595,3,21.688,0.0
1080,421.195,106.884,-0.0977614,0.178763,-0.41534,JOIN_RACELINE,-0.13585570939171104,-0.13585570939171104,-0.13585570939171104,-0.25682413867662307,-0.25682413867662307,-0.27948429060828894,-0.15851586132337692,0.084,1.0,92.66695891375659,0.014005883990641694,-0.03261037082219259,-17.31091828208563,0.41326871657754927,12.1747,0,60.0,216.0,13.7321,47.9432,58.9263,18.7506,15.4267,14.0673,13.4143,12.8806,12.5197,12.1747,11.845,11.5298,11.1115,10.6641,9.90525,8.64852,7.11853,5.71599,3.5322,20.05072,1.0,0.0,0.0,,brake,0.12688851603152002,0.0,0.21945335919627174,3,21.71,0.0
1081,421.821,106.3,-0.47098,0.177841,-0.438826,JOIN_RACELINE,-0.1402249466911765,-0.1402249466911765,-0.1402249466911765,-0.2629585458766236,-0.2629585458766236,-0.29860105330882347,-0.1758674541233764,0.084,1.0,89.0718631649768,0.014424626102941178,-0.030832170955882345,-15.751148897058819,0.2040441176470582,11.8195,0,60.0,216.0,13.9626,47.0222,57.8086,18.3556,15.0408,13.6912,13.0445,12.5166,12.16,11.8195,11.4943,11.1837,10.7719,10.332,9.58712,8.35709,6.86557,5.50395,3.39338,20.003999999999998,1.0,0.0,0.0,,brake,0.12891014001292653,0.0,0.2911461151195998,3,21.732,0.0
1082,422.442,105.532,-1.38671,0.172158,-0.46261,JOIN_RACELINE,-0.14453496256684484,-0.14453496256684484,-0.14453496256684484,-0.2679387771532469,-0.2679387771532469,-0.3180750374331552,-0.19467122284675314,0.066,1.0,86.05017608012375,0.014837662533422452,-0.029050209558823623,-14.203981617647111,0.0,11.6338,0,60.0,216.0,14.0654,45.7125,56.3082,18.2912,14.9049,13.5314,12.8746,12.3394,11.9782,11.6338,11.3052,10.9916,10.5765,10.1337,9.38555,8.1552,6.67258,5.32856,3.26293,19.94256,1.0,0.0,0.0,,brake,0.11921604350923258,0.0,0.33770070352577203,3,21.754,0.0
1083,423.056,104.646,-2.7827,0.162414,-0.486681,JOIN_RACELINE,-0.1473981069518715,-0.1473981069518715,-0.1473981069518715,-0.2725027871090908,-0.2725027871090908,-0.3392828930481285,-0.21417821289090916,0.066,1.0,83.45770566791668,0.015110309725935814,-0.026255606617647226,-12.68252573529421,0.0,11.5952,0,60.0,216.0,14.0608,44.1053,54.5014,18.5362,14.9926,13.5628,12.8805,12.3256,11.9515,11.5952,11.2557,10.9322,10.5044,10.0491,9.28196,8.02709,6.52756,5.18163,3.13855,19.871679999999998,1.0,0.0,0.0,,brake,0.08877259837588013,0.0,0.38789100976715635,3,21.776,0.0
1084,423.662,102.92,-4.15365,0.150582,-0.510883,JOIN_RACELINE,-0.150223946524064,-0.150223946524064,-0.150223946524064,-0.27634893945454536,-0.27634893945454536,-0.36065905347593596,-0.23453406054545461,0.066,1.0,81.44681029686082,0.01537940451203207,-0.023497415441176627,-11.180893382353027,0.0,11.6392,0,60.0,216.0,14.0058,42.3953,52.5721,19.1319,15.2139,13.706,12.9881,12.405,12.0126,11.6392,11.284,10.9459,10.4996,10.0256,9.22952,7.93549,6.40459,5.04676,3.0164,19.733600000000003,1.0,0.0,0.0,,brake,0.05044470850889719,0.0,0.3962702853864466,3,21.798,0.0
1085,424.257,101.0,-4.95276,0.140635,-0.534645,JOIN_RACELINE,-0.15299849197860962,-0.15299849197860962,-0.15299849197860962,-0.28224867199375225,-0.28224867199375225,-0.38164650802139044,-0.2523963280062478,0.066,1.0,82.0812423775507,0.015643614739304815,-0.02078929044117647,-9.70651838235294,0.0,11.615,0,60.0,216.0,13.9976,40.9164,50.8563,19.921,15.3437,13.7673,13.0183,12.4109,12.0028,11.615,11.2465,10.8963,10.4347,9.94562,9.12677,7.8039,6.25409,4.89504,2.89133,19.58,1.0,0.0,0.0,,brake,0.019299061303493036,0.0,0.3211399300720384,3,21.82,0.0
1086,424.841,99.43,-5.00179,0.134538,-0.557544,JOIN_RACELINE,-0.15572174331550806,-0.15572174331550806,-0.15572174331550806,-0.2888472461513384,-0.2888472461513384,-0.401822256684492,-0.26869675384866165,0.066,1.0,83.25525004094304,0.015902940407754015,-0.018131231617647008,-8.25940073529409,0.0,11.4359,0,60.0,216.0,14.0768,39.8004,49.4993,20.6931,15.246,13.631,12.8655,12.246,11.8304,11.4359,11.0615,10.7062,10.2388,9.74434,8.91914,7.59333,6.05285,4.7144,2.76224,19.4544,1.0,0.0,0.0,,brake,0.005057033526245888,0.0,0.26606547521564206,3,21.842,0.0
1087,425.417,98.2431,-4.5301,0.132239,-0.579395,JOIN_RACELINE,-0.1584076898395721,-0.1584076898395721,-0.1584076898395721,-0.29581295277527464,-0.29581295277527464,-0.4209873101604279,-0.28358204722472535,0.066,1.0,84.55940480286486,0.01615871366978609,-0.015509584558823607,-6.832106617647101,0.0,11.1004,0,60.0,216.0,14.238,39.0084,48.4738,21.2314,14.9106,13.2906,12.5253,11.907,11.4929,11.1004,10.7284,10.3758,9.91269,9.42375,8.6099,7.30837,5.80595,4.50919,2.63114,19.359448,1.0,0.0,0.0,,brake,0.008948291006375892,0.0,0.20675464755083658,3,21.864,0.0
1088,425.987,97.3003,-3.80667,0.132644,-0.600194,JOIN_RACELINE,-0.15929963519385032,-0.15929963519385032,-0.15929963519385032,-0.30299931614696,-0.30299931614696,-0.4408943648061497,-0.29719468385304,0.066,1.0,85.9852401993536,0.016144517964572194,-0.012553642045454392,-6.225191343582856,0.0,10.6589,0,60.0,216.0,14.4562,38.4306,47.6746,21.2936,14.407,12.8081,12.0553,11.4485,11.0429,10.6589,10.2955,9.95149,9.50029,9.0248,8.23519,6.97738,5.53269,4.29139,2.50107,19.284024,1.0,0.0,0.0,,brake,0.027070414648005678,0.0,0.15035856668205702,3,21.886,0.0
1089,426.552,96.563,-3.04044,0.134324,-0.620068,JOIN_RACELINE,-0.16016356400401072,-0.16016356400401072,-0.16016356400401072,-0.3103721961838928,-0.3103721961838928,-0.45990443599598924,-0.3096958038161072,0.066,1.0,87.54323243044034,0.016127390457887702,-0.009619494318181696,-5.632809993315483,0.0,10.1766,-4,60.0,216.0,14.6993,37.9476,46.9801,20.8499,13.8312,12.2666,11.5327,10.9426,10.5488,10.1766,9.82472,9.4921,9.05641,8.59803,7.83858,6.63303,5.25403,4.07322,2.3745,19.22504,1.0,0.0,0.0,,brake,0.053646709111138245,0.0,0.09570875165618242,3,21.908,0.0
1090,427.113,96.004,-2.33311,0.136118,-0.639146,JOIN_RACELINE,-0.1610213765040107,-0.1610213765040107,-0.1610213765040107,-0.3168216970806298,-0.3168216970806298,-0.4781246234959893,-0.3223243029193702,0.084,1.0,89.24862808328912,0.016110384207887702,-0.006706119318181823,-5.044622493315509,0.0,9.70278,-4,60.0,216.0,14.9398,37.4705,46.2975,20.4536,13.2593,11.7311,11.0172,10.4444,10.0629,9.70278,9.3628,9.04185,8.62204,8.18107,7.45207,6.29876,4.98472,3.86299,2.25293,19.180320000000002,1.0,0.0,0.0,,turn,0.08368925442843143,0.0,0.04179456944549727,3,21.93,0.0
1091,427.671,95.6145,-1.73339,0.137291,-0.657545,JOIN_RACELINE,-0.16187460177139035,-0.16187460177139035,-0.16187460177139035,-0.3240647056896099,-0.3240647056896099,-0.4956703982286097,-0.33348029431039017,0.084,1.0,90.80006975583187,0.01609346890040107,-0.003808323863636425,-4.459580381016055,0.0,9.26454,-4,60.0,216.0,15.1587,36.949,45.5721,51.9942,12.7353,11.2385,10.542,9.98455,9.61389,9.26454,8.93524,8.62468,8.21914,7.79383,7.09236,5.98647,4.7318,3.6645,2.1368,19.149160000000002,1.0,0.0,0.0,,turn,0.11341983064258804,0.22,0.0,3,21.952,0.0
1092,428.227,95.5764,-1.24917,0.137673,-0.675351,JOIN_RACELINE,-0.16272476888368978,-0.16272476888368978,-0.16272476888368978,-0.2464260449506488,-0.2464260449506488,-0.5126262311163102,-0.42892495504935124,0.084,1.0,92.21609045308637,0.016076614221256686,-0.0009209147727274394,-3.876635193850301,0.0,8.86466,-4,60.0,216.0,15.3328,36.3742,44.7923,51.1034,12.266,10.7936,10.1112,9.56648,9.20491,8.86466,8.54439,8.24274,7.84946,7.43775,6.76032,5.69646,4.4951,3.47729,2.02567,19.146112000000002,1.0,0.0,0.0,,brake,0.16142424062539093,0.0,0.14,3,21.974,0.0
1093,428.783,95.2652,-0.99745,0.137824,-0.692682,JOIN_RACELINE,-0.1624424660762032,-0.1624424660762032,-0.1624424660762032,-0.2587430019688313,-0.2587430019688313,-0.5302395339237969,-0.4339389980311687,0.084,1.0,93.65700367531325,0.01596794595588235,0.0017929390040107166,-3.138558823529405,-0.12282754010695339,8.4777,-4,60.0,216.0,15.4713,35.7868,44.0009,50.2001,11.8125,10.3633,9.69444,9.16189,8.80916,8.4777,8.16612,7.87313,7.49175,7.09321,6.43911,5.41591,4.26611,3.29609,1.91781,19.121216,1.0,0.0,0.0,,brake,0.19369127178500944,0.0,0.10612342131431601,3,21.996,0.0
1094,429.336,94.9546,-0.98296,0.140578,-0.709985,JOIN_RACELINE,-0.16158394836229947,-0.16158394836229947,-0.16158394836229947,-0.27099149846493475,-0.27099149846493475,-0.5484010516377005,-0.4389935015350652,0.08393416241702484,0.9952973155017731,55.0,0.015813024632352943,0.004403609124331543,-2.325323529411767,-0.3076537433155075,7.99261,-4,42.0,55.0,15.6523,35.3706,43.3993,49.4917,11.1946,9.7972,9.15541,8.64571,8.3087,7.99261,7.69588,7.41722,7.05494,6.67702,6.05801,5.09249,4.01077,3.0999,1.80663,19.096368,1.0,0.0,0.0,,brake,0.21460185932834977,0.0,0.44612342131431604,3,22.018,0.0
1095,429.886,94.4395,-0.87247,0.145826,-0.727609,JOIN_RACELINE,-0.16073008806818181,-0.16073008806818181,-0.16073008806818181,-0.2827910126753251,-0.2827910126753251,-0.5668789119318182,-0.44481798732467487,0.08305379052231403,0.9324136087367159,55.0,0.015658943749999998,0.007000116477272756,-1.5164999999999909,-0.4914772727272748,7.41854,-4,42.0,55.0,15.8735,35.1104,42.9735,48.9658,10.4243,9.10676,8.5047,8.02789,7.71334,7.41854,7.14228,6.8831,6.54659,6.19596,5.62254,4.72964,3.73032,2.88857,1.69078,19.05516,1.0,0.0,0.0,,brake,0.23207887965834076,0.0,0.786123421314316,3,22.04,0.0
1096,430.432,93.676,-0.74306,0.15232,-0.745634,JOIN_RACELINE,-0.1598824376671123,-0.1598824376671123,-0.1598824376671123,-0.294036905753247,-0.294036905753247,-0.5857515623328877,-0.45159709424675304,0.08209644186528925,0.8640315618063749,55.0,0.015505983455882354,0.009577740140374309,-0.7135588235294188,-0.6739639037433139,6.80896,-4,42.0,55.0,16.1045,34.9243,42.6349,14.3111,9.58731,8.36399,7.80793,7.36876,7.07956,6.80896,6.55559,6.31815,6.01015,5.68957,5.16587,4.35129,3.43961,2.67036,1.5719,18.99408,1.0,0.0,0.0,,brake,0.24874979607507025,0.0,0.82,3,22.062,0.0
1097,430.971,92.6668,-0.601494,0.15948,-0.764108,JOIN_RACELINE,-0.15904565457887704,-0.15904565457887704,-0.15904565457887704,-0.3047555200935064,-0.3047555200935064,-0.605062345421123,-0.4593524799064936,0.08116162287008268,0.7972587764344762,55.0,0.015354984191176476,0.012122317346256585,0.07908823529408648,-0.8541109625668379,6.18854,-4,42.0,55.0,16.3324,34.776,42.3441,12.4815,8.72434,7.60295,7.09592,6.6965,6.43392,6.18854,5.95902,5.74412,5.4656,5.17599,4.70318,3.96826,3.14511,2.44897,1.45067,18.913344,1.0,0.0,0.0,,brake,0.26593885219830965,0.0,0.82,3,22.084,0.0
1098,431.502,91.2021,-0.386724,0.16762,-0.78295,JOIN_RACELINE,-0.15797859809491988,-0.15797859809491988,-0.15797859809491988,-0.3144967758233774,-0.3144967758233774,-0.6249714019050802,-0.46845322417662266,0.08034314223272725,0.7387958737662315,55.0,0.015117436530748683,0.014412554144384986,0.9478694852940779,-1.0,5.55702,-4,42.0,55.0,16.5656,34.6848,42.1231,10.9248,7.83279,6.82235,6.36774,6.0105,5.77593,5.55702,5.35241,5.16094,4.91299,4.6553,4.23472,3.58088,2.84734,2.22488,1.3275,18.796168,1.0,0.0,0.0,,brake,0.2857361634515171,0.0,0.82,3,22.106,0.0
1099,432.023,89.7909,-0.136931,0.176043,-0.802133,EDGE_GUARD,-0.15583173679812834,-0.15583173679812834,-0.15583173679812834,-0.3241033849818185,-0.3241033849818185,-0.6463012632018716,-0.4780296150181815,0.07953419398049587,0.6810138557497041,38.0,0.014481962800802132,0.01567813836898397,2.198652573529424,-1.0,4.93816,-4,42.0,38.0,16.7886,34.6089,41.9254,9.58051,6.95403,6.05573,5.65341,5.33791,5.13109,4.93816,4.75797,4.58943,4.37132,4.14463,3.77488,3.19958,2.55282,2.00198,1.20344,18.683272,1.0,0.0,0.0,,brake,0.30752087491670466,0.0,0.82,3,22.128,0.0
1100,432.535,88.4655,0.0261171,0.183342,-0.821637,EDGE_GUARD,-0.1537219613970588,-0.1537219613970588,-0.1537219613970588,-0.3336597135324686,-0.3336597135324686,-0.6679150386029411,-0.48797728646753136,0.07900694786316245,0.6433534187973173,38.0,0.013857466544117632,0.01692186029411768,3.427829044117676,-1.0,4.36062,-4,42.0,38.0,16.9702,34.4704,41.6632,8.45385,6.14095,5.34471,4.98972,4.71196,4.53009,4.36062,4.20249,4.05466,3.86337,3.66475,3.34081,2.83686,2.26952,1.78503,1.07969,18.57724,1.0,0.0,0.0,,brake,0.3287485534408978,0.0,0.82,3,22.15,0.0
1101,433.039,87.1801,-0.00608482,0.188445,-0.841443,EDGE_GUARD,-0.1516451512366311,-0.1516451512366311,-0.1516451512366311,-0.3431030519532462,-0.3431030519532462,-0.6897978487633689,-0.49833994804675386,0.07974004822742096,0.6957177305300686,38.0,0.013242728041443873,0.01814614906417108,4.637799632352895,-1.0,3.83345,-4,42.0,38.0,17.0883,34.2142,41.2735,7.50617,5.41277,4.70327,4.38871,4.1432,3.98279,3.83345,3.69423,3.56422,3.39619,3.22187,2.93784,2.49648,1.99989,1.57557,0.956726,18.474408,1.0,0.0,0.0,,brake,0.3460536757525491,0.0,0.82,3,22.172,0.0
1102,433.535,86.0565,-0.195003,0.191711,-0.861568,EDGE_GUARD,-0.14960130631684482,-0.14960130631684482,-0.14960130631684482,-0.3526627702077932,-0.3526627702077932,-0.7119666936831552,-0.5089052297922068,0.08047845679306036,0.7484611995043108,38.0,0.012637747292780718,0.019351004679144447,5.828564338235354,-1.0,3.33627,-4,42.0,38.0,17.1545,33.866,40.7837,6.63706,4.73545,4.10354,3.82519,3.60868,3.46745,3.33627,3.21413,3.10025,2.95323,2.80091,2.55321,2.16921,1.73808,1.37016,0.833664,18.384520000000002,1.0,0.0,0.0,,brake,0.35813119818558353,0.0,0.82,3,22.194,0.0
1103,434.024,85.1154,-0.525062,0.193238,-0.882022,EDGE_GUARD,-0.1475863059826203,-0.1475863059826203,-0.1475863059826203,-0.36240138950129913,-0.36240138950129913,-0.7344356940173797,-0.5196206104987009,0.08122641440573411,0.801886743266722,38.0,0.012041304578876996,0.020538856283422478,7.002523897058841,-1.0,2.85634,-4,42.0,38.0,17.1743,33.4362,40.2037,5.81318,4.08765,3.52787,3.28326,3.09378,2.97057,2.85634,2.75021,2.6514,2.52407,2.39243,2.17894,1.84915,1.48036,1.16652,0.709938,18.309232,1.0,0.0,0.0,,brake,0.3644895270059517,0.0,0.82,3,22.216,0.0
1104,434.506,83.7993,-1.04401,0.192091,-0.902789,EDGE_GUARD,-0.14556391460561505,-0.14556391460561505,-0.14556391460561505,-0.37125762520519395,-0.37125762520519395,-0.7572250853943849,-0.531531374794806,0.08191869067451867,0.8513350481799041,38.0,0.011262511463903797,0.021024466076203282,7.933401403743311,-1.0,2.39376,-4,42.0,38.0,17.1317,32.884,39.4856,5.0467,3.47228,2.97746,2.76364,2.59895,2.4923,2.39376,2.30241,2.21759,2.1086,1.99625,1.81478,1.53607,1.22649,0.964577,0.585571,18.203944,1.0,0.0,0.0,,brake,0.36470628385177306,0.0,0.82,2,22.238,0.0
1105,434.978,82.0421,-1.80681,0.187482,-0.923677,EDGE_GUARD,-0.14345837182486623,-0.14345837182486623,-0.14345837182486623,-0.37848094672207894,-0.37848094672207894,-0.7802186281751338,-0.545196053277921,0.08251234567527718,0.8937389768055123,38.0,0.009840800768716528,0.019134099766042717,8.063706216577545,-1.0,1.9444,-4,42.0,38.0,17.0163,32.1846,38.5987,4.33646,2.88306,2.44672,2.26121,2.11955,2.02834,1.9444,1.86695,1.79531,1.70366,1.60958,1.45851,1.22866,0.976116,0.764565,0.461288,18.063368,1.0,0.0,0.0,,brake,0.35771034723600004,0.0,0.82,2,22.26,0.0
1106,435.437,79.9828,-2.71808,0.180518,-0.944601,RECOVERY,-0.1414108206885026,-0.1414108206885026,-0.1414108206885026,-0.38489419891948073,-0.38489419891948073,-0.8031901793114974,-0.5597068010805193,0.08305076043288043,0.9321971737771733,38.0,0.00845824735962562,0.01729579862967908,8.190422125668453,-1.0,1.48057,-4,42.0,38.0,16.8579,31.4071,37.6199,3.59026,2.26559,1.89407,1.73962,1.62305,1.54863,1.48057,1.41817,1.36071,1.28757,1.21301,1.09426,0.915716,0.722462,0.562668,0.33651,17.898623999999998,1.0,0.0,0.0,,brake,0.48771034723600004,0.0,0.52,2,22.282,0.0
1107,435.884,77.7832,-3.65699,0.172551,-0.965471,RECOVERY,-0.13941680030080206,-0.13941680030080206,-0.13941680030080206,-0.39080128856104024,-0.39080128856104024,-0.8260541996991979,-0.5746697114389597,0.08355355834383335,0.9681113102738099,38.0,0.007111839137700486,0.01550555765374325,8.313825200534763,-1.0,0.977146,-4,42.0,38.0,16.6869,30.6239,36.6319,2.67967,1.55982,1.27723,1.16346,1.07889,1.02554,0.977146,0.933018,0.892719,0.841784,0.790247,0.708954,0.588604,0.460571,0.356331,0.21096,17.722656,1.0,0.0,0.0,,brake,0.617710347236,0.0,0.38,2,22.304,0.0
1108,436.318,75.7233,-4.61601,0.163537,-0.986249,RECOVERY,-0.13748077155748673,-0.13748077155748673,-0.13748077155748673,-0.396668624477922,-0.396668624477922,-0.8487682284425133,-0.5895803755220781,0.0801301360949368,0.7235811496383422,38.0,0.005804588201871711,0.013767381851604348,8.43363937165775,-1.0,0.41687,-4,42.0,38.0,16.5047,29.8356,35.6352,1.4101,0.70684,0.561114,0.505239,0.464692,0.439475,0.41687,0.396425,0.377932,0.354774,0.331572,0.295443,0.242966,0.188251,0.144512,0.0845718,17.557864,1.0,0.0,0.0,,brake,0.747710347236,0.0,0.38,2,22.326,0.0
1109,436.741,73.9317,-5.66122,0.152394,-1.00693,RECOVERY,-0.13559381266711237,-0.13559381266711237,-0.13559381266711237,-0.4027640212363637,-0.4027640212363637,-0.8713361873328878,-0.6041659787636364,0.10063810418167962,0.7598645844056878,45.0,0.004530470354278129,0.012073261196524137,8.550416778074862,-1.0,-1.0,-4,42.0,45.0,-1.0,-1.0,-1.0,-1.0,-1.0,-1.0,-1.0,-1.0,-1.0,-1.0,-1.0,-1.0,-1.0,-1.0,-1.0,-1.0,-1.0,-1.0,-1.0,17.414536000000002,1.0,0.0,0.0,,brake,0.84212993194968,0.0,0.38,2,22.348,0.0
1110,437.154,72.4141,-6.88001,0.138057,-1.02759,RECOVERY,-0.13375146273395727,-0.13375146273395727,-0.13375146273395727,-0.40911921207272817,-0.40911921207272817,-0.8938385372660427,-0.6184707879272718,0.1011597658670127,0.7971261333580495,45.0,0.0032864734959893345,0.01041919067513373,8.66443348930481,-1.0,-1.0,-4,42.0,45.0,-1.0,-1.0,-1.0,-1.0,-1.0,-1.0,-1.0,-1.0,-1.0,-1.0,-1.0,-1.0,-1.0,-1.0,-1.0,-1.0,-1.0,-1.0,-1.0,17.293128,1.0,0.0,0.0,,brake,0.8780093741408784,0.0,0.38,2,22.37,0.0
1111,437.558,71.0696,-8.29347,0.12036,-1.04824,RECOVERY,-0.13280413151737966,-0.13280413151737966,-0.13280413151737966,-0.4155800641246754,-0.4155800641246754,-0.9154358684826204,-0.6326599358753247,0.10163119571137336,0.830799693669526,45.0,0.0012466292279413043,0.007350467245989509,8.757545955882351,-1.0,-1.0,-4,42.0,45.0,-1.0,-1.0,-1.0,-1.0,-1.0,-1.0,-1.0,-1.0,-1.0,-1.0,-1.0,-1.0,-1.0,-1.0,-1.0,-1.0,-1.0,-1.0,-1.0,17.185568,1.0,0.0,0.0,,brake,0.8916435621735339,0.0,0.38,2,22.392,0.0
1112,437.956,69.8651,-9.89007,0.0996675,-1.06892,RECOVERY,-0.13307216961898397,-0.13307216961898397,-0.13307216961898397,-0.4221542491636369,-0.4221542491636369,-0.9358478303810162,-0.6467657508363631,0.09403249597102335,0.8594639979302405,45.0,-0.0019193729779412249,0.0022887372994651644,8.823391544117648,-1.0,-1.0,-4,42.0,45.0,-1.0,-1.0,-1.0,-1.0,-1.0,-1.0,-1.0,-1.0,-1.0,-1.0,-1.0,-1.0,-1.0,-1.0,-1.0,-1.0,-1.0,-1.0,-1.0,17.089208,1.0,0.0,0.0,,brake,0.8968245536259429,0.0,0.38,2,22.414,0.0
1113,438.348,68.5636,-11.575,0.0768158,-1.08965,RECOVERY,-0.13333616694518716,-0.13333616694518716,-0.13333616694518716,-0.4284285376831181,-0.4284285376831181,-0.9563138330548129,-0.661221462316882,0.09441496904695923,0.8867835033542315,45.0,-0.005037646507352937,-0.002696685160427802,8.888244485294118,-1.0,-1.0,-4,42.0,45.0,-1.0,-1.0,-1.0,-1.0,-1.0,-1.0,-1.0,-1.0,-1.0,-1.0,-1.0,-1.0,-1.0,-1.0,-1.0,-1.0,-1.0,-1.0,-1.0,16.985087999999998,1.0,0.0,0.0,,brake,0.8987933303778584,0.0,0.38,2,22.436,0.0
1114,438.732,66.796,-13.0547,0.0548573,-1.1103,RECOVERY,-0.1335947765708556,-0.1335947765708556,-0.1335947765708556,-0.4337157830649364,-0.4337157830649364,-0.9767052234291445,-0.6765842169350637,0.0947349731405324,0.9096409386094582,45.0,-0.008092281801470681,-0.007580364304812983,8.951773897058825,-1.0,-1.0,-4,42.0,45.0,-1.0,-1.0,-1.0,-1.0,-1.0,-1.0,-1.0,-1.0,-1.0,-1.0,-1.0,-1.0,-1.0,-1.0,-1.0,-1.0,-1.0,-1.0,-1.0,16.84368,1.0,0.0,0.0,,brake,0.8995414655435863,0.0,0.38,2,22.458,0.0
1115,439.106,64.8137,-14.2431,0.0351906,-1.13076,RECOVERY,-0.1338466515708556,-0.1338466515708556,-0.1338466515708556,-0.43837870946493523,-0.43837870946493523,-0.9969133484291444,-0.6923812905350648,0.09501567641144143,0.9296911722458167,45.0,-0.011067369301470398,-0.012336864304812529,9.01364889705882,-1.0,-1.0,-4,42.0,45.0,-1.0,-1.0,-1.0,-1.0,-1.0,-1.0,-1.0,-1.0,-1.0,-1.0,-1.0,-1.0,-1.0,-1.0,-1.0,-1.0,-1.0,-1.0,-1.0,16.685096,1.0,0.0,0.0,,brake,0.8998257569065629,0.0,0.38,2,22.48,0.0
1116,439.471,63.2059,-15.2156,0.0181911,-1.15097,RECOVERY,-0.134092465407754,-0.134092465407754,-0.134092465407754,-0.442546908592208,-0.442546908592208,-1.016877534592246,-0.708423091407792,0.09526528274810162,0.9475201962929728,45.0,-0.01397086378676457,-0.016978903074866093,9.074034926470585,-1.0,-1.0,-4,42.0,45.0,-1.0,-1.0,-1.0,-1.0,-1.0,-1.0,-1.0,-1.0,-1.0,-1.0,-1.0,-1.0,-1.0,-1.0,-1.0,-1.0,-1.0,-1.0,-1.0,16.556472,1.0,0.0,0.0,,brake,0.8999337876244939,0.0,0.38,2,22.502,0.0
1117,439.829,61.9454,-16.1931,0.0021441,-1.17106,RECOVERY,-0.13433356500668447,-0.13433356500668447,-0.13433356500668447,-0.4470816079168833,-0.4470816079168833,-1.0367264349933154,-0.7239783920831167,0.07553851182155812,0.9670365586827219,45.0,-0.01681867481617635,-0.021531916443850076,9.133262867647057,-1.0,-1.0,-4,42.0,45.0,-1.0,-1.0,-1.0,-1.0,-1.0,-1.0,-1.0,-1.0,-1.0,-1.0,-1.0,-1.0,-1.0,-1.0,-1.0,-1.0,-1.0,-1.0,-1.0,16.455632,1.0,0.0,0.0,,brake,0.8999748392973077,0.0,0.38,2,22.524,0.0
1118,440.181,60.9031,-17.2399,-0.014276,-1.19116,RECOVERY,-0.13457062383021387,-0.13457062383021387,-0.13457062383021387,-0.4518183196675327,-0.4518183196675327,-1.0565893761697862,-0.7393416803324673,0.07582485337146574,0.9874895265332674,45.0,-0.019618757169117314,-0.026008622326202675,9.191498161764699,-1.0,-1.0,-4,42.0,45.0,-1.0,-1.0,-1.0,-1.0,-1.0,-1.0,-1.0,-1.0,-1.0,-1.0,-1.0,-1.0,-1.0,-1.0,-1.0,-1.0,-1.0,-1.0,-1.0,16.372248,1.0,0.0,0.0,,brake,0.8999904389329769,0.0,0.38,2,22.546,0.0
1119,440.56,59.9267,-18.324,-0.0362728,-1.21126,RECOVERY,-0.13658122370129844,-0.13658122370129844,-0.13658122370129844,-0.45712410832207784,-0.45712410832207784,-1.0746787762987016,-0.7541358916779222,0.07600000000000001,1.0,45.0,-0.022023047727272625,-0.031239408116882767,9.261159577922072,-1.0,-1.0,-4,42.0,45.0,-1.0,-1.0,-1.0,-1.0,-1.0,-1.0,-1.0,-1.0,-1.0,-1.0,-1.0,-1.0,-1.0,-1.0,-1.0,-1.0,-1.0,-1.0,-1.0,16.294136,1.0,0.0,0.0,,brake,0.8999963667945312,0.0,0.38,2,22.568,0.0
1120,440.98,58.9061,-19.2997,-0.0642302,-1.2307,RECOVERY,-0.14104113279220773,-0.14104113279220773,-0.14104113279220773,-0.4630905283948058,-0.4630905283948058,-1.0896588672077923,-0.7676094716051941,0.07600000000000001,1.0,45.0,-0.023911138636363613,-0.037558226298701224,9.347205032467532,-1.0,-1.0,-4,42.0,45.0,-1.0,-1.0,-1.0,-1.0,-1.0,-1.0,-1.0,-1.0,-1.0,-1.0,-1.0,-1.0,-1.0,-1.0,-1.0,-1.0,-1.0,-1.0,-1.0,16.212488,1.0,0.0,0.0,,brake,0.8999986193819219,0.0,0.38,2,22.59,0.0
1121,441.396,57.8101,-20.0919,-0.0901594,-1.24931,RECOVERY,-0.1454585665584415,-0.1454585665584415,-0.1454585665584415,-0.4688800465246752,-0.4688800465246752,-1.1038514334415583,-0.7804299534753247,0.07600000000000001,1.0,45.0,-0.0257812477272727,-0.04381686525974017,9.432431006493506,-1.0,-1.0,-4,42.0,45.0,-1.0,-1.0,-1.0,-1.0,-1.0,-1.0,-1.0,-1.0,-1.0,-1.0,-1.0,-1.0,-1.0,-1.0,-1.0,-1.0,-1.0,-1.0,-1.0,16.124808,1.0,0.0,0.0,,brake,0.8999994753651304,0.0,0.38,2,22.612,0.0
1122,441.808,56.5344,-20.6727,-0.114161,-1.26707,RECOVERY,-0.14983352499999972,-0.14983352499999972,-0.14983352499999972,-0.47434552656623413,-0.47434552656623413,-1.1172364750000001,-0.7927244734337657,0.07600000000000001,1.0,45.0,-0.027633374999999884,-0.050015324999999604,9.516837499999994,-1.0,-1.0,-4,42.0,45.0,-1.0,-1.0,-1.0,-1.0,-1.0,-1.0,-1.0,-1.0,-1.0,-1.0,-1.0,-1.0,-1.0,-1.0,-1.0,-1.0,-1.0,-1.0,-1.0,16.022752,1.0,0.0,0.0,,brake,0.8999998006387495,0.0,0.38,2,22.634,0.0
1123,442.213,54.9357,-20.9537,-0.136215,-1.2839,RECOVERY,-0.15413415162337668,-0.15413415162337668,-0.15413415162337668,-0.4792319137246758,-0.4792319137246758,-1.1297658483766233,-0.8046680862753243,0.057999999999999996,1.0,45.0,-0.029454034090909114,-0.05610847110389619,9.599809902597404,-1.0,-1.0,-4,42.0,45.0,-1.0,-1.0,-1.0,-1.0,-1.0,-1.0,-1.0,-1.0,-1.0,-1.0,-1.0,-1.0,-1.0,-1.0,-1.0,-1.0,-1.0,-1.0,-1.0,15.894856,1.0,0.0,0.0,,brake,0.8999999242427248,0.0,0.38,2,22.656,0.0
1124,442.61,53.4263,-21.1452,-0.156523,-1.29975,RECOVERY,-0.1583498275974026,-0.1583498275974026,-0.1583498275974026,-0.48410320637922133,-0.48410320637922133,-1.1414001724025973,-0.8156467936207786,0.057999999999999996,1.0,45.0,-0.03123872954545454,-0.06208125876623375,9.681143344155844,-1.0,-1.0,-4,42.0,45.0,-1.0,-1.0,-1.0,-1.0,-1.0,-1.0,-1.0,-1.0,-1.0,-1.0,-1.0,-1.0,-1.0,-1.0,-1.0,-1.0,-1.0,-1.0,-1.0,15.774104000000001,1.0,0.0,0.0,,brake,0.8999999712122355,0.0,0.38,2,22.678,0.0
1125,443.0,52.1179,-21.3638,-0.175704,-1.31476,RECOVERY,-0.16249117175324662,-0.16249117175324662,-0.16249117175324662,-0.48913461363116917,-0.48913461363116917,-1.1522688282467533,-0.8256253863688308,0.057999999999999996,1.0,45.0,-0.03299195681818176,-0.0679487327922076,9.761042694805193,-1.0,-1.0,-4,42.0,45.0,-1.0,-1.0,-1.0,-1.0,-1.0,-1.0,-1.0,-1.0,-1.0,-1.0,-1.0,-1.0,-1.0,-1.0,-1.0,-1.0,-1.0,-1.0,-1.0,15.669432,1.0,0.0,0.0,,brake,0.8999999890606496,0.0,0.38,2,22.7,0.0
1126,443.384,51.0305,-21.6962,-0.194972,-1.32907,RECOVERY,-0.16656880292207796,-0.16656880292207796,-0.16656880292207796,-0.493734272727273,-0.493734272727273,-1.162501197077922,-0.835335727272727,0.057999999999999996,1.0,45.0,-0.03471821136363638,-0.07372593798701305,9.839712824675326,-1.0,-1.0,-4,42.0,45.0,-1.0,-1.0,-1.0,-1.0,-1.0,-1.0,-1.0,-1.0,-1.0,-1.0,-1.0,-1.0,-1.0,-1.0,-1.0,-1.0,-1.0,-1.0,-1.0,15.582439999999998,1.0,0.0,0.0,,brake,0.8999999958430469,0.0,0.38,2,22.722,0.0
1127,443.765,50.0933,-22.164,-0.21528,-1.34279,RECOVERY,-0.17326414987499547,-0.17326414987499547,-0.17326414987499547,-0.4972366577922078,-0.4972366577922078,-1.1695258501250045,-0.8455533422077921,0.057999999999999996,1.0,45.0,-0.0342761879086984,-0.07797341611740616,9.551357641481891,-1.0,-1.0,-4,42.0,45.0,-1.0,-1.0,-1.0,-1.0,-1.0,-1.0,-1.0,-1.0,-1.0,-1.0,-1.0,-1.0,-1.0,-1.0,-1.0,-1.0,-1.0,-1.0,-1.0,15.507463999999999,1.0,0.0,0.0,,brake,0.8999999984203579,0.0,0.38,2,22.744,0.0
1128,444.141,49.1277,-22.6676,-0.236527,-1.35599,RECOVERY,-0.18056110626968422,-0.18056110626968422,-0.18056110626968422,-0.5006558162337666,-0.5006558162337666,-1.175428893730316,-0.8553341837662334,0.057999999999999996,1.0,45.0,-0.03327924281307833,-0.08177883057891497,9.171438812948464,-1.0,-1.0,-4,42.0,45.0,-1.0,-1.0,-1.0,-1.0,-1.0,-1.0,-1.0,-1.0,-1.0,-1.0,-1.0,-1.0,-1.0,-1.0,-1.0,-1.0,-1.0,-1.0,-1.0,15.430216000000001,1.0,0.0,0.0,,brake,0.8999999993997361,0.0,0.38,2,22.766,0.0
1129,444.515,48.2235,-23.1522,-0.25759,-1.36868,RECOVERY,-0.1878192490665276,-0.1878192490665276,-0.1878192490665276,-0.504108301948052,-0.504108301948052,-1.1808607509334723,-0.8645716980519479,0.05776384881973337,0.9831320585523837,45.0,-0.032287600616903216,-0.0855640034741385,8.79354082924773,-1.0,-1.0,-4,42.0,45.0,-1.0,-1.0,-1.0,-1.0,-1.0,-1.0,-1.0,-1.0,-1.0,-1.0,-1.0,-1.0,-1.0,-1.0,-1.0,-1.0,-1.0,-1.0,-1.0,15.357880000000002,1.0,0.0,0.0,,brake,0.8999999997718997,0.0,0.38,2,22.788,0.0
1130,444.884,47.0356,-23.4457,-0.277952,-1.38082,RECOVERY,-0.19498035786876197,-0.19498035786876197,-0.19498035786876197,-0.5072438123376627,-0.5072438123376627,-1.185839642131238,-0.8735761876623372,0.05750767437529368,0.9648338839495486,45.0,-0.03130921566933991,-0.0892985724536511,8.420694957628495,-1.0,-1.0,-4,42.0,45.0,-1.0,-1.0,-1.0,-1.0,-1.0,-1.0,-1.0,-1.0,-1.0,-1.0,-1.0,-1.0,-1.0,-1.0,-1.0,-1.0,-1.0,-1.0,-1.0,15.262848000000002,1.0,0.0,0.0,,brake,0.8999999999133219,0.0,0.38,2,22.81,0.0
1131,445.246,45.789,-23.5992,-0.296905,-1.39237,RECOVERY,-0.20200561907854084,-0.20200561907854084,-0.20200561907854084,-0.5102454642857139,-0.5102454642857139,-1.1903643809214592,-0.8821245357142862,0.05725162651318374,0.9465447509416958,45.0,-0.03034939086983353,-0.0929622959511669,8.054922042923506,-1.0,-1.0,-4,42.0,45.0,-1.0,-1.0,-1.0,-1.0,-1.0,-1.0,-1.0,-1.0,-1.0,-1.0,-1.0,-1.0,-1.0,-1.0,-1.0,-1.0,-1.0,-1.0,-1.0,15.16312,1.0,0.0,0.0,,brake,0.8999999999670624,0.0,0.38,2,22.832,0.0
1132,445.602,44.5679,-23.6048,-0.313691,-1.40335,RECOVERY,-0.208914439494788,-0.208914439494788,-0.208914439494788,-0.5132017948051943,-0.5132017948051943,-1.1944355605052122,-0.8901482051948058,0.05700010442884404,0.9285788877745743,45.0,-0.02940547476866143,-0.09656529474982913,7.695211662716364,-1.0,-1.0,-4,42.0,45.0,-1.0,-1.0,-1.0,-1.0,-1.0,-1.0,-1.0,-1.0,-1.0,-1.0,-1.0,-1.0,-1.0,-1.0,-1.0,-1.0,-1.0,-1.0,-1.0,15.065432000000001,1.0,0.0,0.0,,brake,0.8999999999874837,0.0,0.38,1,22.854,0.0
1133,445.952,43.4278,-23.4859,-0.327987,-1.41373,RECOVERY,-0.21570681911750345,-0.21570681911750345,-0.21570681911750345,-0.5161636188311687,-0.5161636188311687,-1.1980231808824966,-0.8975663811688313,0.056756341799960516,0.911167271425751,45.0,-0.028477467365823617,-0.10010756884963778,7.341563817007065,-1.0,-1.0,-4,42.0,45.0,-1.0,-1.0,-1.0,-1.0,-1.0,-1.0,-1.0,-1.0,-1.0,-1.0,-1.0,-1.0,-1.0,-1.0,-1.0,-1.0,-1.0,-1.0,-1.0,14.974224,1.0,0.0,0.0,,brake,0.8999999999952439,0.0,0.38,1,22.876,0.0
1134,446.295,42.4146,-23.3215,-0.34025,-1.42357,RECOVERY,-0.22236335114776448,-0.22236335114776448,-0.22236335114776448,-0.5191615168831171,-0.5191615168831171,-1.2012066488522355,-0.9044084831168829,0.07452351963770426,0.8945371169788753,45.0,-0.027568020111042573,-0.10357899746745022,6.994988928211958,-1.0,-1.0,-4,42.0,45.0,-1.0,-1.0,-1.0,-1.0,-1.0,-1.0,-1.0,-1.0,-1.0,-1.0,-1.0,-1.0,-1.0,-1.0,-1.0,-1.0,-1.0,-1.0,-1.0,14.893168,1.0,0.0,0.0,,brake,0.8999999999981927,0.0,0.38,1,22.898,0.0
1135,446.632,41.501,-23.1805,-0.351676,-1.43294,RECOVERY,-0.22923874331168798,-0.22923874331168798,-0.22923874331168798,-0.5221819383116886,-0.5221819383116886,-1.203701256688312,-0.9107580616883115,0.07427820331818186,0.8770145227272754,45.0,-0.026749462616883143,-0.1063866169480519,6.614551948051968,-1.0,-1.0,-4,42.0,45.0,-1.0,-1.0,-1.0,-1.0,-1.0,-1.0,-1.0,-1.0,-1.0,-1.0,-1.0,-1.0,-1.0,-1.0,-1.0,-1.0,-1.0,-1.0,-1.0,14.82008,1.0,0.0,0.0,,brake,0.8999999999993133,0.0,0.38,1,22.92,0.0
1136,446.964,40.6013,-23.0836,-0.363502,-1.44189,RECOVERY,-0.2369382329220775,-0.2369382329220775,-0.2369382329220775,-0.5251578623376625,-0.5251578623376625,-1.2049517670779224,-0.9167321376623374,0.07397761278099178,0.8555437700708408,45.0,-0.026150148720779254,-0.10748685201298695,6.12948701298704,-1.0,-1.0,-4,42.0,45.0,-1.0,-1.0,-1.0,-1.0,-1.0,-1.0,-1.0,-1.0,-1.0,-1.0,-1.0,-1.0,-1.0,-1.0,-1.0,-1.0,-1.0,-1.0,-1.0,14.748104000000001,1.0,0.0,0.0,,brake,0.8999999999997391,0.0,0.38,1,22.942,0.0
1137,447.29,39.6131,-22.9837,-0.37589,-1.45045,RECOVERY,-0.24449857512987025,-0.24449857512987025,-0.24449857512987025,-0.5278631973506493,-0.5278631973506493,-1.2059514248701297,-0.9225868026493507,0.07366865777768594,0.8334755555489958,45.0,-0.02556166579870129,-0.10856720331168833,5.653188311688305,-1.0,-1.0,-4,42.0,45.0,-1.0,-1.0,-1.0,-1.0,-1.0,-1.0,-1.0,-1.0,-1.0,-1.0,-1.0,-1.0,-1.0,-1.0,-1.0,-1.0,-1.0,-1.0,-1.0,14.669048,1.0,0.0,0.0,,brake,0.8999999999999009,0.0,0.38,1,22.964,0.0
1138,447.61,38.4688,-22.8286,-0.388867,-1.45866,RECOVERY,-0.25191976993506493,-0.25191976993506493,-0.25191976993506493,-0.5287128608181818,-0.5287128608181818,-1.206740230064935,-0.9299471391818183,0.07325046941983472,0.8036049585596221,45.0,-0.024984013850649352,-0.10962767084415585,5.1856558441558445,-1.0,-1.0,-4,42.0,45.0,-1.0,-1.0,-1.0,-1.0,-1.0,-1.0,-1.0,-1.0,-1.0,-1.0,-1.0,-1.0,-1.0,-1.0,-1.0,-1.0,-1.0,-1.0,-1.0,14.577504000000001,1.0,0.0,0.0,,brake,0.8999999999999624,0.0,0.38,1,22.986,0.0
1139,447.922,37.1869,-22.5985,-0.401967,-1.46651,RECOVERY,-0.25915543487013015,-0.25915543487013015,-0.25915543487013015,-0.5294918305714288,-0.5294918305714288,-1.2073545651298698,-0.9370181694285712,0.07283958881735537,0.774256344096812,45.0,-0.024420803201298677,-0.11066162668831174,4.729811688311669,-1.0,-1.0,-4,42.0,45.0,-1.0,-1.0,-1.0,-1.0,-1.0,-1.0,-1.0,-1.0,-1.0,-1.0,-1.0,-1.0,-1.0,-1.0,-1.0,-1.0,-1.0,-1.0,-1.0,14.474952000000002,1.0,0.0,0.0,,brake,0.8999999999999857,0.0,0.38,1,23.008,0.0
1140,448.226,35.9406,-22.3564,-0.414655,-1.47401,RECOVERY,-0.26620556993506467,-0.26620556993506467,-0.26620556993506467,-0.5302516392337662,-0.5302516392337662,-1.2078044300649353,-0.9437583607662339,0.07243929531900828,0.7456639513577341,45.0,-0.02387203385064937,-0.11166907084415581,4.285655844155862,-1.0,-1.0,-4,42.0,45.0,-1.0,-1.0,-1.0,-1.0,-1.0,-1.0,-1.0,-1.0,-1.0,-1.0,-1.0,-1.0,-1.0,-1.0,-1.0,-1.0,-1.0,-1.0,-1.0,14.375248,1.0,0.0,0.0,,brake,0.8999999999999946,0.0,0.38,1,23.03,0.0
1141,448.523,34.7979,-22.1243,-0.426554,-1.4812,RECOVERY,-0.27309336636363674,-0.27309336636363674,-0.27309336636363674,-0.5310162381688314,-0.5310162381688314,-1.2081066336363633,-0.9501837618311687,0.07204963729669421,0.7178312354781574,45.0,-0.023335900636363607,-0.11265331727272733,3.85172727272725,-1.0,-1.0,-4,42.0,45.0,-1.0,-1.0,-1.0,-1.0,-1.0,-1.0,-1.0,-1.0,-1.0,-1.0,-1.0,-1.0,-1.0,-1.0,-1.0,-1.0,-1.0,-1.0,-1.0,14.283832,1.0,0.0,0.0,,brake,0.899999999999998,0.0,0.38,1,23.052,0.0
1142,448.812,33.7509,-21.8941,-0.437507,-1.48811,RECOVERY,-0.27979563292207804,-0.27979563292207804,-0.27979563292207804,-0.5317795577142856,-0.5317795577142856,-1.208314367077922,-0.9563304422857144,0.07167170430495867,0.6908360217827618,45.0,-0.022814208720779213,-0.11361105201298703,3.429487012987007,-1.0,-1.0,-4,42.0,45.0,-1.0,-1.0,-1.0,-1.0,-1.0,-1.0,-1.0,-1.0,-1.0,-1.0,-1.0,-1.0,-1.0,-1.0,-1.0,-1.0,-1.0,-1.0,-1.0,14.200071999999999,1.0,0.0,0.0,,brake,0.8999999999999992,0.0,0.38,1,23.074,0.0
1143,449.094,32.777,-21.6575,-0.447556,-1.49477,RECOVERY,-0.28633556084415557,-0.28633556084415557,-0.28633556084415557,-0.5325385927922078,-0.5325385927922078,-1.2084344391558444,-0.9622314072077921,0.07130382930578515,0.6645592361275102,45.0,-0.022305152941558465,-0.11454558902597399,3.017474025974044,-1.0,-1.0,-4,42.0,45.0,-1.0,-1.0,-1.0,-1.0,-1.0,-1.0,-1.0,-1.0,-1.0,-1.0,-1.0,-1.0,-1.0,-1.0,-1.0,-1.0,-1.0,-1.0,-1.0,14.122160000000001,1.0,0.0,0.0,,brake,0.8999999999999997,0.0,0.38,1,23.096,0.0
1144,449.371,31.8795,-21.4183,-0.456872,-1.5012,RECOVERY,-0.29275953259740206,-0.29275953259740206,-0.29275953259740206,-0.5333017635714286,-0.5333017635714286,-1.208440467402598,-0.9678982364285715,0.07094359651652897,0.6388283226092113,45.0,-0.021805122974026016,-0.11546355623376615,2.612766233766269,-1.0,-1.0,-4,42.0,45.0,-1.0,-1.0,-1.0,-1.0,-1.0,-1.0,-1.0,-1.0,-1.0,-1.0,-1.0,-1.0,-1.0,-1.0,-1.0,-1.0,-1.0,-1.0,-1.0,14.050360000000001,1.0,0.0,0.0,,brake,0.8999999999999999,0.0,0.38,1,23.118,0.0
1145,449.641,31.0604,-21.1831,-0.465642,-1.50742,RECOVERY,-0.29902729714285753,-0.29902729714285753,-0.29902729714285753,-0.5340622268051948,-0.5340622268051948,-1.2083927028571424,-0.9733577731948052,0.07059313188760329,0.6137951348288057,45.0,-0.02132987885714284,-0.11628031428571427,2.2151599999999743,-1.0,-1.0,-4,42.0,45.0,-1.0,-1.0,-1.0,-1.0,-1.0,-1.0,-1.0,-1.0,-1.0,-1.0,-1.0,-1.0,-1.0,-1.0,-1.0,-1.0,-1.0,-1.0,-1.0,13.984832,1.0,0.0,0.0,,brake,0.9,0.0,0.38,1,23.14,0.0
1146,449.907,30.3204,-20.9405,-0.473585,-1.5134,RECOVERY,-0.30528883350649305,-0.30528883350649305,-0.30528883350649305,-0.5348313482337662,-0.5348313482337662,-1.2081111664935071,-0.9785686517662339,0.07024361457355376,0.5888296123966962,45.0,-0.021033332038961062,-0.11598279155844159,1.7792827272727603,-1.0,-1.0,-4,42.0,45.0,-1.0,-1.0,-1.0,-1.0,-1.0,-1.0,-1.0,-1.0,-1.0,-1.0,-1.0,-1.0,-1.0,-1.0,-1.0,-1.0,-1.0,-1.0,-1.0,13.925632,1.0,0.0,0.0,,brake,0.9,0.0,0.38,1,23.162,0.0
1147,450.166,29.4451,-20.6568,-0.481852,-1.5192,RECOVERY,-0.3113855925974025,-0.3113855925974025,-0.3113855925974025,-0.5355341794285715,-0.5355341794285715,-1.2078144074025976,-0.9836658205714286,0.06990036461652895,0.5643117583234954,45.0,-0.02074458908441559,-0.11569309837662338,1.354875909090916,-1.0,-1.0,-4,42.0,45.0,-1.0,-1.0,-1.0,-1.0,-1.0,-1.0,-1.0,-1.0,-1.0,-1.0,-1.0,-1.0,-1.0,-1.0,-1.0,-1.0,-1.0,-1.0,-1.0,13.855608,1.0,0.0,0.0,,brake,0.9,0.0,0.38,1,23.184,0.0
1148,450.42,28.5153,-20.3648,-0.490517,-1.52483,RECOVERY,-0.317364653636364,-0.317364653636364,-0.317364653636364,-0.5362021993246754,-0.5362021993246754,-1.207465346363636,-0.9886278006753245,0.06956238927107436,0.5401706622195971,45.0,-0.0204614203181818,-0.11540899772727271,0.938662272727246,-1.0,-1.0,-4,42.0,45.0,-1.0,-1.0,-1.0,-1.0,-1.0,-1.0,-1.0,-1.0,-1.0,-1.0,-1.0,-1.0,-1.0,-1.0,-1.0,-1.0,-1.0,-1.0,-1.0,13.781224000000002,1.0,0.0,0.0,,brake,0.9,0.0,0.38,1,23.206,0.0
1149,450.667,27.5573,-20.0638,-0.499338,-1.53031,RECOVERY,-0.3231789374025968,-0.3231789374025968,-0.3231789374025968,-0.5368357947142857,-0.5368357947142857,-1.2071310625974032,-0.9934742052857144,0.06923270910165294,0.5166220786894948,45.0,-0.020186055415584443,-0.11513272662337665,0.5339190909091323,-1.0,-1.0,-4,42.0,45.0,-1.0,-1.0,-1.0,-1.0,-1.0,-1.0,-1.0,-1.0,-1.0,-1.0,-1.0,-1.0,-1.0,-1.0,-1.0,-1.0,-1.0,-1.0,-1.0,13.704584,1.0,0.0,0.0,,brake,0.9,0.0,0.38,1,23.228,0.0
1150,450.907,26.5903,-19.7513,-0.508069,-1.53566,RECOVERY,-0.32882844389610355,-0.32882844389610355,-0.32882844389610355,-0.5374406782207792,-0.5374406782207792,-1.2068315561038965,-0.9982193217792208,0.068911687638843,0.49369197420307126,45.0,-0.019918494376623394,-0.11486428506493508,0.14064636363638794,-1.0,-1.0,-4,42.0,45.0,-1.0,-1.0,-1.0,-1.0,-1.0,-1.0,-1.0,-1.0,-1.0,-1.0,-1.0,-1.0,-1.0,-1.0,-1.0,-1.0,-1.0,-1.0,-1.0,13.627223999999998,1.0,0.0,0.0,,brake,0.9,0.0,0.38,1,23.25,0.0
1151,451.14,25.6364,-19.4266,-0.516464,-1.5409,RECOVERY,-0.3343131731168829,-0.3343131731168829,-0.3343131731168829,-0.5380234253116882,-0.5380234253116882,-1.206586826883117,-1.0028765746883117,0.06859974332148762,0.47141023724911507,45.0,-0.019658737201298713,-0.11460367305194806,-0.24115590909089324,-1.0,-1.0,-4,42.0,45.0,-1.0,-1.0,-1.0,-1.0,-1.0,-1.0,-1.0,-1.0,-1.0,-1.0,-1.0,-1.0,-1.0,-1.0,-1.0,-1.0,-1.0,-1.0,-1.0,13.550912,1.0,0.0,0.0,,brake,0.9,0.0,0.38,1,23.272,0.0
1152,451.367,24.7146,-19.0897,-0.524274,-1.54605,RECOVERY,-0.33965666467532524,-0.33965666467532524,-0.33965666467532524,-0.5385934082597403,-0.5385934082597403,-1.2063933353246747,-1.0074565917402596,0.06829597459173552,0.44971247083825044,45.0,-0.019405669051948026,-0.11434977207792205,-0.613126363636403,-1.0,-1.0,-4,42.0,45.0,-1.0,-1.0,-1.0,-1.0,-1.0,-1.0,-1.0,-1.0,-1.0,-1.0,-1.0,-1.0,-1.0,-1.0,-1.0,-1.0,-1.0,-1.0,-1.0,13.477168,1.0,0.0,0.0,,brake,0.9,0.0,0.38,1,23.294,0.0
1153,451.587,23.8372,-18.7405,-0.531299,-1.55109,RECOVERY,-0.34483537896103883,-0.34483537896103883,-0.34483537896103883,-0.5391505675584415,-0.5391505675584415,-1.2062546210389613,-1.0119394324415585,0.06800187563801655,0.4287054027154666,45.0,-0.01916040476623377,-0.11410370064935066,-0.9736263636363565,-1.0,-1.0,-4,42.0,45.0,-1.0,-1.0,-1.0,-1.0,-1.0,-1.0,-1.0,-1.0,-1.0,-1.0,-1.0,-1.0,-1.0,-1.0,-1.0,-1.0,-1.0,-1.0,-1.0,13.406976,1.0,0.0,0.0,,brake,0.9,0.0,0.38,1,23.316,0.0
1154,451.801,23.0078,-18.3793,-0.537423,-1.55603,RECOVERY,-0.34987285558441544,-0.34987285558441544,-0.34987285558441544,-0.5387454952935065,-0.5387454952935065,-1.2061571444155845,-1.0172845047064936,0.06765553161785125,0.4039665441322319,45.0,-0.01892182950649351,-0.11386434025974027,-1.3242945454545376,-1.0,-1.0,-4,42.0,45.0,-1.0,-1.0,-1.0,-1.0,-1.0,-1.0,-1.0,-1.0,-1.0,-1.0,-1.0,-1.0,-1.0,-1.0,-1.0,-1.0,-1.0,-1.0,-1.0,13.340624,1.0,0.0,0.0,,brake,0.9,0.0,0.38,1,23.338,0.0
1155,452.009,22.1833,-17.9801,-0.542512,-1.5609,RECOVERY,-0.3547690945454551,-0.3547690945454551,-0.3547690945454551,-0.5381273445922078,-0.5381273445922078,-1.2061309054545448,-1.0227726554077923,0.06730461591206609,0.37890113657614866,45.0,-0.018689943272727248,-0.11363169090909088,-1.6651309090909474,-1.0,-1.0,-4,42.0,45.0,-1.0,-1.0,-1.0,-1.0,-1.0,-1.0,-1.0,-1.0,-1.0,-1.0,-1.0,-1.0,-1.0,-1.0,-1.0,-1.0,-1.0,-1.0,-1.0,13.274664,1.0,0.0,0.0,,brake,0.9,0.0,0.38,1,23.36,0.0
1156,452.21,21.3819,-17.5619,-0.546629,-1.5657,RECOVERY,-0.359500556233766,-0.359500556233766,-0.359500556233766,-0.5375316151272727,-0.5375316151272727,-1.2061994437662342,-1.0281683848727274,0.0669656128386777,0.35468663133412126,45.0,-0.018465860902597414,-0.1134068711038961,-1.9944968181818008,-1.0,-1.0,-4,42.0,45.0,-1.0,-1.0,-1.0,-1.0,-1.0,-1.0,-1.0,-1.0,-1.0,-1.0,-1.0,-1.0,-1.0,-1.0,-1.0,-1.0,-1.0,-1.0,-1.0,13.210552,1.0,0.0,0.0,,brake,0.9,0.0,0.38,1,23.382,0.0
1157,452.405,20.5838,-17.1309,-0.550231,-1.57042,RECOVERY,-0.36409078025973984,-0.36409078025973984,-0.36409078025973984,-0.5369608484363637,-0.5369608484363637,-1.20632921974026,-1.0334591515636362,0.06663718615669426,0.3312275826210176,45.0,-0.018248467558441575,-0.11318876233766235,-2.314030909090883,-1.0,-1.0,-4,42.0,45.0,-1.0,-1.0,-1.0,-1.0,-1.0,-1.0,-1.0,-1.0,-1.0,-1.0,-1.0,-1.0,-1.0,-1.0,-1.0,-1.0,-1.0,-1.0,-1.0,13.146704,1.0,0.0,0.0,,brake,0.9,0.0,0.38,1,23.404,0.0
1158,452.594,19.781,-16.6938,-0.553666,-1.57509,RECOVERY,-0.36853976662337673,-0.36853976662337673,-0.36853976662337673,-0.5364178297662339,-0.5364178297662339,-1.2065502333766234,-1.0386721702337662,0.06631951310909091,0.3085366506493506,45.0,-0.018037763240259734,-0.1129773646103896,-2.6237331818181917,-1.0,-1.0,-4,42.0,45.0,-1.0,-1.0,-1.0,-1.0,-1.0,-1.0,-1.0,-1.0,-1.0,-1.0,-1.0,-1.0,-1.0,-1.0,-1.0,-1.0,-1.0,-1.0,-1.0,13.08248,1.0,0.0,0.0,,brake,0.9,0.0,0.38,1,23.426,0.0
1159,452.776,18.9478,-16.2394,-0.55713,-1.57973,RECOVERY,-0.3726973028571433,-0.3726973028571433,-0.3726973028571433,-0.5359158586701297,-0.5359158586701297,-1.2070326971428567,-1.0438141413298703,0.06602299900628096,0.2873570718772108,45.0,-0.017817702785714255,-0.11251083357142846,-2.9930564285714887,-1.0,-1.0,-4,42.0,45.0,-1.0,-1.0,-1.0,-1.0,-1.0,-1.0,-1.0,-1.0,-1.0,-1.0,-1.0,-1.0,-1.0,-1.0,-1.0,-1.0,-1.0,-1.0,-1.0,13.015824,1.0,0.0,0.0,,brake,0.9,0.0,0.38,1,23.448,0.0
1160,452.951,18.1103,-15.7867,-0.560711,-1.58432,RECOVERY,-0.3765113937662345,-0.3765113937662345,-0.3765113937662345,-0.5354458482805193,-0.5354458482805193,-1.2078086062337654,-1.0488741517194806,0.06575037437818176,0.26788388415584014,45.0,-0.01758124255844151,-0.11168123129870113,-3.4511814285715205,-1.0,-1.0,-4,42.0,45.0,-1.0,-1.0,-1.0,-1.0,-1.0,-1.0,-1.0,-1.0,-1.0,-1.0,-1.0,-1.0,-1.0,-1.0,-1.0,-1.0,-1.0,-1.0,-1.0,12.948824,1.0,0.0,0.0,,brake,0.9,0.0,0.38,1,23.47,0.0
1161,453.12,17.2718,-15.3382,-0.56446,-1.58887,RECOVERY,-0.3801947158441562,-0.3801947158441562,-0.3801947158441562,-0.5350022977350648,-0.5350022977350648,-1.2086752841558437,-1.0538677022649352,0.06548775521123965,0.2491253722314027,45.0,-0.01735288953896101,-0.11088007253246744,-3.893599285714335,-1.0,-1.0,-4,42.0,45.0,-1.0,-1.0,-1.0,-1.0,-1.0,-1.0,-1.0,-1.0,-1.0,-1.0,-1.0,-1.0,-1.0,-1.0,-1.0,-1.0,-1.0,-1.0,-1.0,12.881744,1.0,0.0,0.0,,brake,0.9,0.0,0.38,1,23.492,0.0
1162,453.282,16.4292,-14.8902,-0.568355,-1.59343,RECOVERY,-0.3837254742857142,-0.3837254742857142,-0.3837254742857142,-0.534590638264935,-0.534590638264935,-1.2097045257142858,-1.0588393617350649,0.0653053681766942,0.23609772690672812,45.0,-0.01713399492857143,-0.11011209785714286,-4.317692142857136,-1.0,-1.0,-4,42.0,45.0,-1.0,-1.0,-1.0,-1.0,-1.0,-1.0,-1.0,-1.0,-1.0,-1.0,-1.0,-1.0,-1.0,-1.0,-1.0,-1.0,-1.0,-1.0,-1.0,12.814336,1.0,0.0,0.0,,brake,0.9,0.0,0.38,1,23.514,0.0
1163,453.437,15.5822,-14.4401,-0.572336,-1.59796,RECOVERY,-0.38710366909090965,-0.38710366909090965,-0.38710366909090965,-0.534210974316883,-0.534210974316883,-1.2108563309090905,-1.063749025683117,0.06529967872793391,0.23569133770956446,45.0,-0.01692455872727269,-0.10937730727272714,-4.723460000000072,-1.0,-1.0,-4,42.0,45.0,-1.0,-1.0,-1.0,-1.0,-1.0,-1.0,-1.0,-1.0,-1.0,-1.0,-1.0,-1.0,-1.0,-1.0,-1.0,-1.0,-1.0,-1.0,-1.0,12.746576000000001,1.0,0.0,0.0,,brake,0.9,0.0,0.38,1,23.536,0.0
1164,453.586,14.7323,-13.9861,-0.576326,-1.60248,RECOVERY,-0.3903510950649357,-0.3903510950649357,-0.3903510950649357,-0.5338584317090909,-0.5338584317090909,-1.212128904935064,-1.068621568290909,0.06528958600181821,0.23497042870129983,45.0,-0.016723229733766193,-0.10867096019480504,-5.113520714285791,-1.0,-1.0,-4,42.0,45.0,-1.0,-1.0,-1.0,-1.0,-1.0,-1.0,-1.0,-1.0,-1.0,-1.0,-1.0,-1.0,-1.0,-1.0,-1.0,-1.0,-1.0,-1.0,-1.0,12.678584,1.0,0.0,0.0,,brake,0.9,0.0,0.38,1,23.558,0.0
1165,453.727,13.8826,-13.5277,-0.580243,-1.60701,RECOVERY,-0.3934241625974024,-0.3934241625974024,-0.3934241625974024,-0.5335406350545455,-0.5335406350545455,-1.2135858374025976,-1.0734693649454545,0.06527414910446283,0.23386779317591572,45.0,-0.01653271035064936,-0.10800253779220782,-5.482638571428552,-1.0,-1.0,-4,42.0,45.0,-1.0,-1.0,-1.0,-1.0,-1.0,-1.0,-1.0,-1.0,-1.0,-1.0,-1.0,-1.0,-1.0,-1.0,-1.0,-1.0,-1.0,-1.0,-1.0,12.610608,1.0,0.0,0.0,,brake,0.9,0.0,0.38,1,23.58,0.0
1166,453.862,13.0352,-13.0644,-0.584013,-1.61154,RECOVERY,-0.3963664612987022,-0.3963664612987022,-0.3963664612987022,-0.53324814932987,-0.53324814932987,-1.2151735387012979,-1.07829185067013,0.06525498262628099,0.23249875902007033,45.0,-0.01635029817532462,-0.1073625588961037,-5.8360492857143935,-1.0,-1.0,-4,42.0,45.0,-1.0,-1.0,-1.0,-1.0,-1.0,-1.0,-1.0,-1.0,-1.0,-1.0,-1.0,-1.0,-1.0,-1.0,-1.0,-1.0,-1.0,-1.0,-1.0,12.542816,1.0,0.0,0.0,,brake,0.9,0.0,0.38,1,23.602,0.0
1167,453.99,12.1911,-12.5956,-0.587574,-1.61609,RECOVERY,-0.399156196363637,-0.399156196363637,-0.399156196363637,-0.5329849783272728,-0.5329849783272728,-1.216933803636363,-1.0831050216727274,0.06523154486396697,0.23082463314049767,45.0,-0.016177344409090872,-0.10675576409090895,-6.171135000000072,-1.0,-1.0,-4,42.0,45.0,-1.0,-1.0,-1.0,-1.0,-1.0,-1.0,-1.0,-1.0,-1.0,-1.0,-1.0,-1.0,-1.0,-1.0,-1.0,-1.0,-1.0,-1.0,-1.0,12.475288,1.0,0.0,0.0,,brake,0.9,0.0,0.38,1,23.624,0.0
1168,454.111,11.3388,-12.1149,-0.590886,-1.62066,RECOVERY,-0.401793367792208,-0.401793367792208,-0.401793367792208,-0.532755125838961,-0.532755125838961,-1.2188666322077921,-1.087904874161039,0.06520234591173554,0.22873899369539558,45.0,-0.01601384905194804,-0.10618215337662333,-6.487895714285738,-1.0,-1.0,-4,42.0,45.0,-1.0,-1.0,-1.0,-1.0,-1.0,-1.0,-1.0,-1.0,-1.0,-1.0,-1.0,-1.0,-1.0,-1.0,-1.0,-1.0,-1.0,-1.0,-1.0,12.407104,1.0,0.0,0.0,,brake,0.9,0.0,0.38,1,23.646,0.0
1169,454.225,10.5037,-11.6346,-0.593936,-1.62525,RECOVERY,-0.40427797558441647,-0.40427797558441647,-0.40427797558441647,-0.5325497487064933,-0.5325497487064933,-1.2209720244155835,-1.0927002512935067,0.08517067651801652,0.22647689414403818,45.0,-0.015859812103896045,-0.10564172675324654,-6.78633142857154,-1.0,-1.0,-4,42.0,45.0,-1.0,-1.0,-1.0,-1.0,-1.0,-1.0,-1.0,-1.0,-1.0,-1.0,-1.0,-1.0,-1.0,-1.0,-1.0,-1.0,-1.0,-1.0,-1.0,12.340296,1.0,0.0,0.0,,brake,0.9,0.0,0.38,1,23.668,0.0
1170,454.333,9.6813,-11.1519,-0.596691,-1.62986,RECOVERY,-0.40663181454545555,-0.40663181454545555,-0.40663181454545555,-0.5323660616831168,-0.5323660616831168,-1.2232281854545446,-1.0974939383168834,0.08513662493652896,0.22404463832349772,45.0,-0.0157138823636363,-0.1051297436363634,-7.069060000000124,-1.0,-1.0,-4,42.0,45.0,-1.0,-1.0,-1.0,-1.0,-1.0,-1.0,-1.0,-1.0,-1.0,-1.0,-1.0,-1.0,-1.0,-1.0,-1.0,-1.0,-1.0,-1.0,-1.0,12.274504,1.0,0.0,0.0,,brake,0.9,0.0,0.38,1,23.69,0.0
1171,454.433,8.87067,-10.6656,-0.599106,-1.6345,RECOVERY,-0.40881129506493535,-0.40881129506493535,-0.40881129506493535,-0.53221309244987,-0.53221309244987,-1.2256887049350647,-1.10228690755013,0.08509872815857848,0.2213377256127498,45.0,-0.015578762233766214,-0.10465568519480513,-7.33084571428575,-1.0,-1.0,-4,42.0,45.0,-1.0,-1.0,-1.0,-1.0,-1.0,-1.0,-1.0,-1.0,-1.0,-1.0,-1.0,-1.0,-1.0,-1.0,-1.0,-1.0,-1.0,-1.0,-1.0,12.2096536,1.0,0.0,0.0,,brake,0.9,0.0,0.38,1,23.712,0.0
1172,454.527,8.07069,-10.1744,-0.601141,-1.63916,RECOVERY,-0.4108600067532469,-0.4108600067532469,-0.4108600067532469,-0.5320825270451948,-0.5320825270451948,-1.228299993246753,-1.1070774729548052,0.08505818360095864,0.21844168578276105,45.0,-0.0154517493116883,-0.10421007025974022,-7.576924285714307,-1.0,-1.0,-4,42.0,45.0,-1.0,-1.0,-1.0,-1.0,-1.0,-1.0,-1.0,-1.0,-1.0,-1.0,-1.0,-1.0,-1.0,-1.0,-1.0,-1.0,-1.0,-1.0,-1.0,12.1456552,1.0,0.0,0.0,,brake,0.9,0.0,0.38,1,23.734,0.0
1173,454.614,7.28005,-9.67747,-0.60277,-1.64385,RECOVERY,-0.41275615480519473,-0.41275615480519473,-0.41275615480519473,-0.5319791735012989,-0.5319791735012989,-1.2310938451948052,-1.1118708264987012,0.08501415028363635,0.215296448831168,45.0,-0.015334194798701302,-0.10379763941558443,-7.804677857142851,-1.0,-1.0,-4,42.0,45.0,-1.0,-1.0,-1.0,-1.0,-1.0,-1.0,-1.0,-1.0,-1.0,-1.0,-1.0,-1.0,-1.0,-1.0,-1.0,-1.0,-1.0,-1.0,-1.0,12.082404,1.0,0.0,0.0,,brake,0.9,0.0,0.08000000000000002,1,23.756,0.0
1174,454.694,6.56973,-9.09917,-0.604124,-1.64852,RECOVERY,-0.41449973922078004,-0.41449973922078004,-0.41449973922078004,-0.5318783197163635,-0.5318783197163635,-1.23402026077922,-1.1166416802836365,0.08497582416423141,0.2125588688736727,45.0,-0.015226098694805141,-0.10341839266233747,-8.01410642857153,-1.0,-1.0,-4,42.0,45.0,-1.0,-1.0,-1.0,-1.0,-1.0,-1.0,-1.0,-1.0,-1.0,-1.0,-1.0,-1.0,-1.0,-1.0,-1.0,-1.0,-1.0,-1.0,-1.0,12.0255784,1.0,0.0,0.0,,turn,0.9,0.22,0.0,1,23.778,0.0
1175,454.768,6.21483,-8.30672,-0.605795,-1.65285,RECOVERY,-0.4161125548051947,-0.4161125548051947,-0.4161125548051947,-0.5316675914285716,-0.5316675914285716,-1.2367374451948052,-1.1211824085714284,0.08498407416115701,0.21314815436835824,45.0,-0.015126109798701305,-0.10306758941558443,-8.207827857142844,-1.0,-1.0,-4,42.0,45.0,-1.0,-1.0,-1.0,-1.0,-1.0,-1.0,-1.0,-1.0,-1.0,-1.0,-1.0,-1.0,-1.0,-1.0,-1.0,-1.0,-1.0,-1.0,-1.0,12.0,1.0,0.0,0.0,,turn,0.9,0.13999999999999999,0.0,1,23.8,0.0
1176,454.838,6.15825,-7.46478,-0.607937,-1.65643,RECOVERY,-0.41763819116883216,-0.41763819116883216,-0.41763819116883216,-0.5313629550649349,-0.5313629550649349,-1.2387918088311678,-1.125067044935065,0.08503106238429753,0.21650445602125265,45.0,-0.015031525707792147,-0.10273574850649328,-8.391077857142974,-1.0,-1.0,-4,42.0,45.0,-1.0,-1.0,-1.0,-1.0,-1.0,-1.0,-1.0,-1.0,-1.0,-1.0,-1.0,-1.0,-1.0,-1.0,-1.0,-1.0,-1.0,-1.0,-1.0,12.0,1.0,0.0,0.0,,turn,0.9,0.13999999999999999,0.0,1,23.822,0.0
1177,454.905,6.1465,-6.63269,-0.610142,-1.65916,RECOVERY,-0.41909844311688305,-0.41909844311688305,-0.41909844311688305,-0.5310713745454547,-0.5310713745454547,-1.2400615568831168,-1.1280886254545452,0.08507603682644625,0.21971691617473352,45.0,-0.014940995220779225,-0.10241812935064937,-8.566474285714275,-1.0,-1.0,-4,42.0,45.0,-1.0,-1.0,-1.0,-1.0,-1.0,-1.0,-1.0,-1.0,-1.0,-1.0,-1.0,-1.0,-1.0,-1.0,-1.0,-1.0,-1.0,-1.0,-1.0,12.0,1.0,0.0,0.0,,turn,0.9,0.13999999999999999,0.0,1,23.844,0.0
1178,454.968,6.15131,-5.80457,-0.612005,-1.66104,RECOVERY,-0.42047151584415676,-0.42047151584415676,-0.42047151584415676,-0.5307972018181818,-0.5307972018181818,-1.2405684841558433,-1.1302427981818184,0.08511832622727274,0.222737587662339,45.0,-0.014855869538960982,-0.10211947253246734,-8.731399285714394,-1.0,-1.0,-4,42.0,45.0,-1.0,-1.0,-1.0,-1.0,-1.0,-1.0,-1.0,-1.0,-1.0,-1.0,-1.0,-1.0,-1.0,-1.0,-1.0,-1.0,-1.0,-1.0,-1.0,12.0,1.0,0.0,0.0,,turn,0.9,0.13999999999999999,0.0,1,23.866,0.0
1179,455.027,6.16265,-4.9804,-0.613296,-1.66207,RECOVERY,-0.4217574093506496,-0.4217574093506496,-0.4217574093506496,-0.5305404368831169,-0.5305404368831169,-1.2403125906493504,-1.131529563116883,0.08515793058677684,0.22556647048406095,45.0,-0.014776148662337648,-0.101839778051948,-8.885852857142885,-1.0,-1.0,-4,42.0,45.0,-1.0,-1.0,-1.0,-1.0,-1.0,-1.0,-1.0,-1.0,-1.0,-1.0,-1.0,-1.0,-1.0,-1.0,-1.0,-1.0,-1.0,-1.0,-1.0,12.0,1.0,0.0,0.0,,turn,0.9,0.13999999999999999,0.0,1,23.888,0.0
1180,455.083,6.19794,-4.2115,-0.61363,-1.66229,RECOVERY,-0.4229779184415595,-0.4229779184415595,-0.4229779184415595,-0.5302967277922077,-0.5302967277922077,-1.2393120815584404,-1.1319932722077923,0.08519552116528926,0.22825151180637698,45.0,-0.014700481389610321,-0.10157430532467507,-9.03245285714299,-1.0,-1.0,-4,42.0,45.0,-1.0,-1.0,-1.0,-1.0,-1.0,-1.0,-1.0,-1.0,-1.0,-1.0,-1.0,-1.0,-1.0,-1.0,-1.0,-1.0,-1.0,-1.0,-1.0,12.0,1.0,0.0,0.0,,turn,0.9,0.13999999999999999,0.0,1,23.91,0.0
1181,455.136,6.2091,-3.39443,-0.613347,-1.66168,RECOVERY,-0.42413304311688416,-0.42413304311688416,-0.42413304311688416,-0.5300660745454545,-0.5300660745454545,-1.237546956883116,-1.1316139254545456,0.08523109796280993,0.2307927116292815,45.0,-0.014628867720779155,-0.10132305435064912,-9.171199285714412,-1.0,-1.0,-4,42.0,45.0,-1.0,-1.0,-1.0,-1.0,-1.0,-1.0,-1.0,-1.0,-1.0,-1.0,-1.0,-1.0,-1.0,-1.0,-1.0,-1.0,-1.0,-1.0,-1.0,12.0,1.0,0.0,0.0,,turn,0.9,0.13999999999999999,0.0,1,23.932,0.0
1182,455.186,6.21818,-2.5761,-0.612981,-1.66026,RECOVERY,-0.42522278337662345,-0.42522278337662345,-0.42522278337662345,-0.5298484771428572,-0.5298484771428572,-1.2350372166233767,-1.130411522857143,0.08526466097933882,0.23319006995277353,45.0,-0.01456130765584415,-0.10108602512987011,-9.302092142857152,-1.0,-1.0,-4,42.0,45.0,-1.0,-1.0,-1.0,-1.0,-1.0,-1.0,-1.0,-1.0,-1.0,-1.0,-1.0,-1.0,-1.0,-1.0,-1.0,-1.0,-1.0,-1.0,-1.0,12.0,1.0,0.0,0.0,,turn,0.9,0.13999999999999999,0.0,1,23.954,0.0
1183,455.232,6.22636,-1.76594,-0.612705,-1.65802,RECOVERY,-0.42622534441558557,-0.42622534441558557,-0.42622534441558557,-0.5296482875324674,-0.5296482875324674,-1.2317946555844146,-1.1283717124675325,0.08529553895454546,0.2353956396103909,45.0,-0.014499152396103825,-0.10086795824675299,-9.42251357142871,-1.0,-1.0,-4,42.0,45.0,-1.0,-1.0,-1.0,-1.0,-1.0,-1.0,-1.0,-1.0,-1.0,-1.0,-1.0,-1.0,-1.0,-1.0,-1.0,-1.0,-1.0,-1.0,-1.0,12.0,1.0,0.0,0.0,,turn,0.9,0.24,0.0,1,23.976,0.0
1184,455.276,6.30906,-1.01637,-0.612747,-1.65497,RECOVERY,-0.4271843158441566,-0.4271843158441566,-0.4271843158441566,-0.5294362397340259,-0.5294362397340259,-1.2277856841558434,-1.125533760265974,0.08533272604697519,0.23805186049822807,45.0,-0.01443969953896099,-0.10065937253246736,-9.537699285714378,-1.0,-1.0,-4,42.0,45.0,-1.0,-1.0,-1.0,-1.0,-1.0,-1.0,-1.0,-1.0,-1.0,-1.0,-1.0,-1.0,-1.0,-1.0,-1.0,-1.0,-1.0,-1.0,-1.0,12.0047248,1.0,0.0,0.0,,turn,0.9,0.24,0.0,1,23.998,0.0
1185,455.316,6.42627,-0.330998,-0.613448,-1.65113,RECOVERY,-0.42805610805194805,-0.42805610805194805,-0.42805610805194805,-0.5292213544654547,-0.5292213544654547,-1.223073891948052,-1.1219086455345453,0.08537476183907436,0.24105441707674083,45.0,-0.014385651487012988,-0.10046974915584415,-9.64241357142857,-1.0,-1.0,-4,42.0,45.0,-1.0,-1.0,-1.0,-1.0,-1.0,-1.0,-1.0,-1.0,-1.0,-1.0,-1.0,-1.0,-1.0,-1.0,-1.0,-1.0,-1.0,-1.0,-1.0,12.0141016,1.0,0.0,0.0,,turn,0.9,0.24,0.0,1,24.02,0.0
1186,455.355,6.52383,0.225243,-0.61515,-1.64657,RECOVERY,-0.4289061054545464,-0.4289061054545464,-0.4289061054545464,-0.5290176624072728,-0.5290176624072728,-1.2176638945454537,-1.1175523375927274,0.0854135805753058,0.2438271839504154,45.0,-0.014332954636363577,-0.10028486636363615,-9.744510000000114,-1.0,-1.0,-4,42.0,45.0,-1.0,-1.0,-1.0,-1.0,-1.0,-1.0,-1.0,-1.0,-1.0,-1.0,-1.0,-1.0,-1.0,-1.0,-1.0,-1.0,-1.0,-1.0,-1.0,12.0219064,1.0,0.0,0.0,,turn,0.9,0.24,0.0,1,24.042,0.0
1187,455.393,6.61439,0.630707,-0.618415,-1.64146,RECOVERY,-0.429734308051948,-0.429734308051948,-0.429734308051948,-0.5288207593880521,-0.5288207593880521,-1.211725691948052,-1.1126392406119479,0.08545082115203302,0.246487225145217,45.0,-0.01428160898701299,-0.10010472415584416,-9.843988571428566,-1.0,-1.0,-4,42.0,45.0,-1.0,-1.0,-1.0,-1.0,-1.0,-1.0,-1.0,-1.0,-1.0,-1.0,-1.0,-1.0,-1.0,-1.0,-1.0,-1.0,-1.0,-1.0,-1.0,12.0291512,1.0,0.0,0.0,,turn,0.9,0.24,0.0,1,24.064,0.0
1188,455.429,6.74269,0.878015,-0.622912,-1.63594,RECOVERY,-0.43051892103896106,-0.43051892103896106,-0.43051892103896106,-0.5286194208633768,-0.5286194208633768,-1.205421078961039,-1.1073205791366232,0.08549160869021485,0.2494006207296336,45.0,-0.01423296574025974,-0.0999340631168831,-9.938231428571427,-1.0,-1.0,-4,42.0,45.0,-1.0,-1.0,-1.0,-1.0,-1.0,-1.0,-1.0,-1.0,-1.0,-1.0,-1.0,-1.0,-1.0,-1.0,-1.0,-1.0,-1.0,-1.0,-1.0,12.0394152,1.0,0.0,0.0,,turn,0.9,0.24,0.0,1,24.086,0.0
1189,455.465,6.91323,0.953583,-0.627731,-1.63014,RECOVERY,-0.43130353402597404,-0.43130353402597404,-0.43130353402597404,-0.5284033762358443,-0.5284033762358443,-1.1988364659740258,-1.1017366237641557,0.08553786871712393,0.252704908365996,45.0,-0.014184322493506492,-0.09976340207792206,-10.032474285714288,-1.0,-1.0,-4,42.0,45.0,-1.0,-1.0,-1.0,-1.0,-1.0,-1.0,-1.0,-1.0,-1.0,-1.0,-1.0,-1.0,-1.0,-1.0,-1.0,-1.0,-1.0,-1.0,-1.0,12.0530584,1.0,0.0,0.0,,turn,0.9,0.24,0.0,1,24.108,0.0
1190,455.503,7.08995,0.985848,-0.632665,-1.62413,RECOVERY,-0.4321317366233769,-0.4321317366233769,-0.4321317366233769,-0.5281764761090909,-0.5281764761090909,-1.191998263376623,-1.095953523890909,0.0855862719271074,0.2561622805076722,45.0,-0.014132976844155827,-0.09958325987012981,-10.131952857142888,-1.0,-1.0,-4,42.0,45.0,-1.0,-1.0,-1.0,-1.0,-1.0,-1.0,-1.0,-1.0,-1.0,-1.0,-1.0,-1.0,-1.0,-1.0,-1.0,-1.0,-1.0,-1.0,-1.0,12.067196,1.0,0.0,0.0,,turn,0.9,0.24,0.0,1,24.13,0.0
1191,455.54,7.26719,1.01104,-0.637722,-1.61793,RECOVERY,-0.4329381444155854,-0.4329381444155854,-0.4329381444155854,-0.5279537468893505,-0.5279537468893505,-1.1849918555844146,-1.0899762531106496,0.08563407124641322,0.2595765176009443,45.0,-0.014082982396103831,-0.09940785824675302,-10.228813571428695,-1.0,-1.0,-4,42.0,45.0,-1.0,-1.0,-1.0,-1.0,-1.0,-1.0,-1.0,-1.0,-1.0,-1.0,-1.0,-1.0,-1.0,-1.0,-1.0,-1.0,-1.0,-1.0,-1.0,12.0813752,1.0,0.0,0.0,,turn,0.9,0.24,0.0,1,24.152,0.0
1192,455.579,7.44468,1.03501,-0.64291,-1.61156,RECOVERY,-0.4337881418181826,-0.4337881418181826,-0.4337881418181826,-0.5277222267345456,-0.5277222267345456,-1.1777718581818175,-1.0838377732654545,0.08568324547563637,0.2630889625454558,45.0,-0.014030285545454498,-0.09922297545454528,-10.33091000000009,-1.0,-1.0,-4,42.0,45.0,-1.0,-1.0,-1.0,-1.0,-1.0,-1.0,-1.0,-1.0,-1.0,-1.0,-1.0,-1.0,-1.0,-1.0,-1.0,-1.0,-1.0,-1.0,-1.0,12.0955744,1.0,0.0,0.0,,turn,0.9,0.24,0.0,1,24.174,0.0
1193,455.618,7.6225,1.05869,-0.648228,-1.60498,RECOVERY,-0.4346381392207797,-0.4346381392207797,-0.4346381392207797,-0.5274905916883117,-0.5274905916883117,-1.1703418607792204,-1.0774894083116884,0.08573246245867767,0.26660446133412063,45.0,-0.013977588694805164,-0.09903809266233755,-10.433006428571485,-1.0,-1.0,-4,42.0,45.0,-1.0,-1.0,-1.0,-1.0,-1.0,-1.0,-1.0,-1.0,-1.0,-1.0,-1.0,-1.0,-1.0,-1.0,-1.0,-1.0,-1.0,-1.0,-1.0,12.1098,1.0,0.0,0.0,,turn,0.9,0.24,0.0,1,24.196,0.0
1194,455.658,7.80054,1.08221,-0.653676,-1.59823,RECOVERY,-0.43550993142857236,-0.43550993142857236,-0.43550993142857236,-0.5272545280997402,-0.5272545280997402,-1.1627200685714276,-1.07097547190026,0.08578237920459501,0.27016994318535864,45.0,-0.013923540642857085,-0.09884846928571407,-10.537720714285825,-1.0,-1.0,-4,42.0,45.0,-1.0,-1.0,-1.0,-1.0,-1.0,-1.0,-1.0,-1.0,-1.0,-1.0,-1.0,-1.0,-1.0,-1.0,-1.0,-1.0,-1.0,-1.0,-1.0,12.1240432,1.0,0.0,0.0,,turn,0.9,0.24,0.0,1,24.218,0.0
1195,455.699,7.97901,1.10562,-0.659255,-1.59128,RECOVERY,-0.43640351844155933,-0.43640351844155933,-0.43640351844155933,-0.527013962856104,-0.527013962856104,-1.1548764815584407,-1.064266037143896,0.08583302292036364,0.27378735145454647,45.0,-0.013868141389610336,-0.09865410532467513,-10.64505285714296,-1.0,-1.0,-4,42.0,45.0,-1.0,-1.0,-1.0,-1.0,-1.0,-1.0,-1.0,-1.0,-1.0,-1.0,-1.0,-1.0,-1.0,-1.0,-1.0,-1.0,-1.0,-1.0,-1.0,12.1383208,1.0,0.0,0.0,,turn,0.9,0.24,0.0,1,24.24,0.0
1196,455.74,8.1578,1.12889,-0.664961,-1.58414,RECOVERY,-0.43729710545454625,-0.43729710545454625,-0.43729710545454625,-0.5267732862025974,-0.5267732862025974,-1.1468428945454539,-1.0573667137974025,0.08588370809438016,0.2774077210271553,45.0,-0.013812742136363586,-0.09845974136363618,-10.752385000000096,-1.0,-1.0,-4,42.0,45.0,-1.0,-1.0,-1.0,-1.0,-1.0,-1.0,-1.0,-1.0,-1.0,-1.0,-1.0,-1.0,-1.0,-1.0,-1.0,-1.0,-1.0,-1.0,-1.0,12.152624,1.0,0.0,0.0,,brake,0.9,0.0,0.34,1,24.262,0.0
1197,455.78,7.52351,0.982305,-0.670279,-1.57716,RECOVERY,-0.4381688976623377,-0.4381688976623377,-0.4381688976623377,-0.5268200400509092,-0.5268200400509092,-1.1389911023376622,-1.0503399599490906,0.08582838178234709,0.2734558415962206,45.0,-0.013758694084415584,-0.09827011798701298,-10.857099285714288,-1.0,-1.0,-4,42.0,45.0,-1.0,-1.0,-1.0,-1.0,-1.0,-1.0,-1.0,-1.0,-1.0,-1.0,-1.0,-1.0,-1.0,-1.0,-1.0,-1.0,-1.0,-1.0,-1.0,12.1018808,1.0,0.0,0.0,,turn,0.9,0.0,0.040000000000000036,1,24.284,0.0
1198,455.817,7.02675,0.804803,-0.674771,-1.57082,RECOVERY,-0.4388354945454552,-0.4388354945454552,-0.4388354945454552,-0.5268319678701299,-0.5268319678701299,-1.131984505454545,-1.0439880321298702,0.08578885966694214,0.2706328333530104,45.0,-0.013714060363636323,-0.09797379999999971,-10.908065454545499,-1.0,-1.0,-4,42.0,45.0,-1.0,-1.0,-1.0,-1.0,-1.0,-1.0,-1.0,-1.0,-1.0,-1.0,-1.0,-1.0,-1.0,-1.0,-1.0,-1.0,-1.0,-1.0,-1.0,12.06214,1.0,0.0,0.0,,turn,0.9,0.22,0.0,1,24.306,0.0
1199,455.853,7.09514,0.944647,-0.679681,-1.5646,RECOVERY,-0.43947031012987076,-0.43947031012987076,-0.43947031012987076,-0.526651487362078,-0.526651487362078,-1.1251296898701293,-1.037948512637922,0.08582188544376856,0.27299181741204115,45.0,-0.01367116075324671,-0.09767358571428542,-10.953135584415628,-1.0,-1.0,-4,42.0,45.0,-1.0,-1.0,-1.0,-1.0,-1.0,-1.0,-1.0,-1.0,-1.0,-1.0,-1.0,-1.0,-1.0,-1.0,-1.0,-1.0,-1.0,-1.0,-1.0,12.0676112,1.0,0.0,0.0,,turn,0.9,0.24,0.0,1,24.328,0.0
1200,455.889,7.26168,1.00184,-0.684818,-1.55812,RECOVERY,-0.44010512571428634,-0.44010512571428634,-0.44010512571428634,-0.5264368353579222,-0.5264368353579222,-1.1180148742857137,-1.0316831646420779,0.08586762724257849,0.27625908875560695,45.0,-0.013628261142857099,-0.09737337142857112,-10.99820571428576,-1.0,-1.0,-4,42.0,45.0,-1.0,-1.0,-1.0,-1.0,-1.0,-1.0,-1.0,-1.0,-1.0,-1.0,-1.0,-1.0,-1.0,-1.0,-1.0,-1.0,-1.0,-1.0,-1.0,12.0809344,1.0,0.0,0.0,,turn,0.9,0.24,0.0,1,24.35,0.0
1201,455.926,7.44924,1.0335,-0.690052,-1.55146,RECOVERY,-0.4407575750649353,-0.4407575750649353,-0.4407575750649353,-0.5262105131698703,-0.5262105131698703,-1.1107024249350648,-1.0252494868301296,0.08591676359038015,0.2797688278842973,45.0,-0.01358416987662336,-0.09706481785714273,-11.04452779220781,-1.0,-1.0,-4,42.0,45.0,-1.0,-1.0,-1.0,-1.0,-1.0,-1.0,-1.0,-1.0,-1.0,-1.0,-1.0,-1.0,-1.0,-1.0,-1.0,-1.0,-1.0,-1.0,-1.0,12.0959392,1.0,0.0,0.0,,turn,0.8950466340000003,0.24,0.0,1,24.372,0.0
1202,455.963,7.63554,1.0536,-0.695369,-1.54458,RECOVERY,-0.44141002441558524,-0.44141002441558524,-0.44141002441558524,-0.5259846296581819,-0.5259846296581819,-1.1031699755844149,-1.018595370341818,0.08596573669633059,0.28326690688075745,45.0,-0.013540078610389554,-0.09675626428571388,-11.09084987012993,-1.0,-1.0,-4,42.0,45.0,-1.0,-1.0,-1.0,-1.0,-1.0,-1.0,-1.0,-1.0,-1.0,-1.0,-1.0,-1.0,-1.0,-1.0,-1.0,-1.0,-1.0,-1.0,-1.0,12.1108432,1.0,0.0,0.0,,turn,0.8801550189200003,0.24,0.0,1,24.394,0.0
1203,456.001,7.8196,1.06098,-0.700723,-1.53751,RECOVERY,-0.44208010753246757,-0.44208010753246757,-0.44208010753246757,-0.5256122846753253,-0.5256122846753253,-1.0954298924675323,-1.0118977153246747,0.08600599789355369,0.286142706682407,45.0,-0.013494795688311686,-0.09643937142857141,-11.138423896103898,-1.0,-1.0,-4,42.0,45.0,-1.0,-1.0,-1.0,-1.0,-1.0,-1.0,-1.0,-1.0,-1.0,-1.0,-1.0,-1.0,-1.0,-1.0,-1.0,-1.0,-1.0,-1.0,-1.0,12.125568,1.0,0.0,0.0,,turn,0.8616273611896001,0.24,0.0,1,24.416,0.0
1204,456.039,8.00601,1.06392,-0.706101,-1.53027,RECOVERY,-0.44275019064935084,-0.44275019064935084,-0.44275019064935084,-0.5250556695064941,-0.5250556695064941,-1.087519809350649,-1.005214330493506,0.08603488933034711,0.2882063807390805,45.0,-0.013449512766233752,-0.09612247857142847,-11.185997922077936,-1.0,-1.0,-4,42.0,45.0,-1.0,-1.0,-1.0,-1.0,-1.0,-1.0,-1.0,-1.0,-1.0,-1.0,-1.0,-1.0,-1.0,-1.0,-1.0,-1.0,-1.0,-1.0,-1.0,12.1404808,1.0,0.0,0.0,,brake,0.841660781252048,0.0,0.34,1,24.438,0.0
1205,456.077,7.38347,0.918919,-0.711081,-1.52319,RECOVERY,-0.44342027376623416,-0.44342027376623416,-0.44342027376623416,-0.5251798330389613,-0.5251798330389613,-1.0797697262337658,-0.9980101669610387,0.08598437530482643,0.28459823605903106,45.0,-0.013404229844155818,-0.09580558571428552,-11.233571948051976,-1.0,-1.0,-4,42.0,45.0,-1.0,-1.0,-1.0,-1.0,-1.0,-1.0,-1.0,-1.0,-1.0,-1.0,-1.0,-1.0,-1.0,-1.0,-1.0,-1.0,-1.0,-1.0,-1.0,12.0906776,1.0,0.0,0.0,,turn,0.8258876487757784,0.0,0.040000000000000036,1,24.46,0.0
1206,456.112,6.89773,0.753156,-0.715332,-1.51675,RECOVERY,-0.44403745558441643,-0.44403745558441643,-0.44403745558441643,-0.5252204298181817,-0.5252204298181817,-1.0727125444155836,-0.9915295701818183,0.08594645304343801,0.281889503102716,45.0,-0.013362521889610334,-0.09551371071428531,-11.277390129870188,-1.0,-1.0,-4,42.0,45.0,-1.0,-1.0,-1.0,-1.0,-1.0,-1.0,-1.0,-1.0,-1.0,-1.0,-1.0,-1.0,-1.0,-1.0,-1.0,-1.0,-1.0,-1.0,-1.0,12.0518184,1.0,0.0,0.0,,turn,0.8137214081347959,0.22,0.0,1,24.482,0.0
1207,456.145,6.97249,0.859732,-0.719733,-1.51049,RECOVERY,-0.44461936987012995,-0.44461936987012995,-0.44461936987012995,-0.5248103720519487,-0.5248103720519487,-1.0658706301298702,-0.9856796279480514,0.0859629911589091,0.28307079706493654,45.0,-0.013323197246753241,-0.09523851428571424,-11.318704415584422,-1.0,-1.0,-4,42.0,45.0,-1.0,-1.0,-1.0,-1.0,-1.0,-1.0,-1.0,-1.0,-1.0,-1.0,-1.0,-1.0,-1.0,-1.0,-1.0,-1.0,-1.0,-1.0,-1.0,12.0577992,1.0,0.0,0.0,,turn,0.7953126482912225,0.24,0.0,1,24.504,0.0
1208,456.179,7.1441,0.881524,-0.724221,-1.50399,RECOVERY,-0.44521891792207785,-0.44521891792207785,-0.44521891792207785,-0.44521891792207785,-0.44521891792207785,-1.0587710820779221,-1.0587710820779221,0.08598931472330576,0.28495105166469836,45.0,-0.013282680948051953,-0.0949549785714286,-11.361270649350645,-1.0,-1.0,-4,42.0,45.0,-1.0,-1.0,-1.0,-1.0,-1.0,-1.0,-1.0,-1.0,-1.0,-1.0,-1.0,-1.0,-1.0,-1.0,-1.0,-1.0,-1.0,-1.0,-1.0,12.071528,1.0,0.0,0.0,,turn,0.7765789587506645,0.24,0.0,1,24.526,0.0
1209,456.214,7.32842,0.884717,-0.728681,-1.49731,RECOVERY,-0.4458360997402601,-0.4458360997402601,-0.4458360997402601,-0.4458360997402601,-0.4458360997402601,-1.0514739002597397,-1.0514739002597397,0.08601716466548757,0.28694033324911294,45.0,-0.013240972993506468,-0.09466310357142839,-11.405088831168857,-1.0,-1.0,-4,42.0,45.0,-1.0,-1.0,-1.0,-1.0,-1.0,-1.0,-1.0,-1.0,-1.0,-1.0,-1.0,-1.0,-1.0,-1.0,-1.0,-1.0,-1.0,-1.0,-1.0,12.0862736,1.0,0.0,0.0,,turn,0.7581118720252524,0.24,0.0,1,24.548,0.0
1210,456.25,7.52649,0.885745,-0.733142,-1.49043,RECOVERY,-0.4464709153246757,-0.4464709153246757,-0.4464709153246757,-0.4464709153246757,-0.4464709153246757,-1.0439590846753242,-1.0439590846753242,0.08604662714155371,0.2890447958252656,45.0,-0.013198073383116857,-0.0943628892857141,-11.450158961038987,-1.0,-1.0,-4,42.0,45.0,-1.0,-1.0,-1.0,-1.0,-1.0,-1.0,-1.0,-1.0,-1.0,-1.0,-1.0,-1.0,-1.0,-1.0,-1.0,-1.0,-1.0,-1.0,-1.0,12.1021192,1.0,0.0,0.0,,turn,0.739625519869596,0.24,0.0,1,24.57,0.0
1211,456.286,7.7184,0.884463,-0.737608,-1.48338,RECOVERY,-0.44710573090909134,-0.44710573090909134,-0.44710573090909134,-0.44710573090909134,-0.44710573090909134,-1.0362742690909086,-1.0362742690909086,0.08607546643371897,0.29110474526564134,45.0,-0.013155173772727246,-0.0940626749999998,-11.495229090909119,-1.0,-1.0,-4,42.0,45.0,-1.0,-1.0,-1.0,-1.0,-1.0,-1.0,-1.0,-1.0,-1.0,-1.0,-1.0,-1.0,-1.0,-1.0,-1.0,-1.0,-1.0,-1.0,-1.0,12.117472,1.0,0.0,0.0,,turn,0.7210375758504464,0.24,0.0,1,24.592,0.0
1212,456.323,7.90872,0.882434,-0.742082,-1.47613,RECOVERY,-0.44775818025974023,-0.44775818025974023,-0.44775818025974023,-0.44775818025974023,-0.44775818025974023,-1.0283718197402596,-1.0283718197402596,0.0861044280494545,0.29317343210389407,45.0,-0.013111082506493506,-0.09375412142857142,-11.541551168831168,-1.0,-1.0,-4,42.0,45.0,-1.0,-1.0,-1.0,-1.0,-1.0,-1.0,-1.0,-1.0,-1.0,-1.0,-1.0,-1.0,-1.0,-1.0,-1.0,-1.0,-1.0,-1.0,-1.0,12.1326976,1.0,0.0,0.0,,turn,0.7022426442231695,0.24,0.0,1,24.614,0.0
1213,456.361,8.10071,0.881253,-0.74658,-1.4687,RECOVERY,-0.44842826337662356,-0.44842826337662356,-0.44842826337662356,-0.44842826337662356,-0.44842826337662356,-1.0202717366233762,-1.0202717366233762,0.08613383171662808,0.2952736940448643,45.0,-0.013065799584415573,-0.09343722857142849,-11.589125194805208,-1.0,-1.0,-4,42.0,45.0,-1.0,-1.0,-1.0,-1.0,-1.0,-1.0,-1.0,-1.0,-1.0,-1.0,-1.0,-1.0,-1.0,-1.0,-1.0,-1.0,-1.0,-1.0,-1.0,12.148056799999999,1.0,0.0,0.0,,brake,0.6831553061048043,0.0,0.34,1,24.636,0.0
1214,456.398,7.4775,0.762561,-0.750769,-1.46146,RECOVERY,-0.4490807127272735,-0.4490807127272735,-0.4490807127272735,-0.4490807127272735,-0.4490807127272735,-1.0123792872727264,-1.0123792872727264,0.08608300553719005,0.29164325265643276,45.0,-0.013021708318181766,-0.09312867499999962,-11.635447272727328,-1.0,-1.0,-4,42.0,45.0,-1.0,-1.0,-1.0,-1.0,-1.0,-1.0,-1.0,-1.0,-1.0,-1.0,-1.0,-1.0,-1.0,-1.0,-1.0,-1.0,-1.0,-1.0,-1.0,12.0982,1.0,0.0,0.0,,turn,0.6677702224198254,0.0,0.040000000000000036,1,24.658,0.0
1215,456.433,6.98457,0.618001,-0.754314,-1.45484,RECOVERY,-0.4496978945454548,-0.4496978945454548,-0.4496978945454548,-0.4496978945454548,-0.4496978945454548,-1.005142105454545,-1.005142105454545,0.08604440017441317,0.2888857267437987,45.0,-0.012980000363636349,-0.09283679999999989,-11.679265454545469,-1.0,-1.0,-4,42.0,45.0,-1.0,-1.0,-1.0,-1.0,-1.0,-1.0,-1.0,-1.0,-1.0,-1.0,-1.0,-1.0,-1.0,-1.0,-1.0,-1.0,-1.0,-1.0,-1.0,12.0587656,1.0,0.0,0.0,,turn,0.6558297246195337,0.22,0.0,1,24.68,0.0
1216,456.466,7.07058,0.701925,-0.758033,-1.44841,RECOVERY,-0.4502798088311693,-0.4502798088311693,-0.4502798088311693,-0.4502798088311693,-0.4502798088311693,-0.9981301911688307,-0.9981301911688307,0.08606201842128924,0.2901441729492321,45.0,-0.012940675720779189,-0.09256160357142834,-11.720579740259774,-1.0,-1.0,-4,42.0,45.0,-1.0,-1.0,-1.0,-1.0,-1.0,-1.0,-1.0,-1.0,-1.0,-1.0,-1.0,-1.0,-1.0,-1.0,-1.0,-1.0,-1.0,-1.0,-1.0,12.0656464,1.0,0.0,0.0,,turn,0.6387893038554227,0.24,0.0,1,24.702,0.0
1217,456.499,7.25047,0.723828,-0.761797,-1.44174,RECOVERY,-0.4508617231168839,-0.4508617231168839,-0.4508617231168839,-0.4508617231168839,-0.4508617231168839,-0.9908782768831161,-0.9908782768831161,0.08608884404614874,0.2920602890106247,45.0,-0.012901351077922028,-0.09228640714285678,-11.761894025974078,-1.0,-1.0,-4,42.0,45.0,-1.0,-1.0,-1.0,-1.0,-1.0,-1.0,-1.0,-1.0,-1.0,-1.0,-1.0,-1.0,-1.0,-1.0,-1.0,-1.0,-1.0,-1.0,-1.0,12.0800376,1.0,0.0,0.0,,turn,0.6212725282650607,0.24,0.0,1,24.724,0.0
1218,456.534,7.45239,0.727015,-0.765564,-1.43488,RECOVERY,-0.4514789049350651,-0.4514789049350651,-0.4514789049350651,-0.4514789049350651,-0.4514789049350651,-0.9834010950649348,-0.9834010950649348,0.0861183868149421,0.29417048678158,45.0,-0.012859643123376611,-0.09199453214285705,-11.80571220779222,-1.0,-1.0,-4,42.0,45.0,-1.0,-1.0,-1.0,-1.0,-1.0,-1.0,-1.0,-1.0,-1.0,-1.0,-1.0,-1.0,-1.0,-1.0,-1.0,-1.0,-1.0,-1.0,-1.0,12.0961912,1.0,0.0,0.0,,turn,0.603922570240723,0.24,0.0,1,24.746,0.0
1219,456.569,7.65305,0.725879,-0.76933,-1.42783,RECOVERY,-0.45209608675324736,-0.45209608675324736,-0.45209608675324736,-0.45209608675324736,-0.45209608675324736,-0.9757339132467526,-0.9757339132467526,0.0861478060079339,0.2962718577095651,45.0,-0.012817935168831129,-0.09170265714285684,-11.849530389610432,-1.0,-1.0,-4,42.0,45.0,-1.0,-1.0,-1.0,-1.0,-1.0,-1.0,-1.0,-1.0,-1.0,-1.0,-1.0,-1.0,-1.0,-1.0,-1.0,-1.0,-1.0,-1.0,-1.0,12.112244,1.0,0.0,0.0,,turn,0.5865869825914749,0.24,0.0,1,24.768,0.0
1220,456.605,7.8468,0.721963,-0.773086,-1.42059,RECOVERY,-0.45273090233766294,-0.45273090233766294,-0.45273090233766294,-0.45273090233766294,-0.45273090233766294,-0.9678590976623371,-0.9678590976623371,0.08617682576,0.2983446971428581,45.0,-0.012775035558441516,-0.09140244285714255,-11.894600519480564,-1.0,-1.0,-4,42.0,45.0,-1.0,-1.0,-1.0,-1.0,-1.0,-1.0,-1.0,-1.0,-1.0,-1.0,-1.0,-1.0,-1.0,-1.0,-1.0,-1.0,-1.0,-1.0,-1.0,12.127744,1.0,0.0,0.0,,turn,0.5691753876847603,0.24,0.0,1,24.79,0.0
1221,456.642,8.0452,0.718269,-0.776823,-1.41315,RECOVERY,-0.4533833516883119,-0.4533833516883119,-0.4533833516883119,-0.4533833516883119,-0.4533833516883119,-0.959766648311688,-0.959766648311688,0.08620657983008265,0.30046998786304696,45.0,-0.012730944292207776,-0.09109388928571417,-11.940922597402613,-1.0,-1.0,-4,42.0,45.0,-1.0,-1.0,-1.0,-1.0,-1.0,-1.0,-1.0,-1.0,-1.0,-1.0,-1.0,-1.0,-1.0,-1.0,-1.0,-1.0,-1.0,-1.0,-1.0,12.143616,1.0,0.0,0.0,,brake,0.5515712982202086,0.0,0.34,1,24.812,0.0
1222,456.678,7.40353,0.615268,-0.78033,-1.4059,RECOVERY,-0.45401816727272754,-0.45401816727272754,-0.45401816727272754,-0.45401816727272754,-0.45401816727272754,-0.9518818327272724,-0.9518818327272724,0.08615366490261155,0.29669035018653944,45.0,-0.012688044681818165,-0.09079367499999988,-11.985992727272745,-1.0,-1.0,-4,42.0,45.0,-1.0,-1.0,-1.0,-1.0,-1.0,-1.0,-1.0,-1.0,-1.0,-1.0,-1.0,-1.0,-1.0,-1.0,-1.0,-1.0,-1.0,-1.0,-1.0,12.0922824,1.0,0.0,0.0,,turn,0.5371064761236791,0.0,0.040000000000000036,1,24.834,0.0
1223,456.711,6.91871,0.500358,-0.783324,-1.39928,RECOVERY,-0.45460008155844206,-0.45460008155844206,-0.45460008155844206,-0.45460008155844206,-0.45460008155844206,-0.944679918441558,-0.944679918441558,0.08611529840753719,0.29394988625265717,45.0,-0.012648720038961005,-0.09051847857142833,-12.027307012987048,-1.0,-1.0,-4,42.0,45.0,-1.0,-1.0,-1.0,-1.0,-1.0,-1.0,-1.0,-1.0,-1.0,-1.0,-1.0,-1.0,-1.0,-1.0,-1.0,-1.0,-1.0,-1.0,-1.0,12.0534968,1.0,0.0,0.0,,turn,0.5253375207269981,0.22,0.0,1,24.856,0.0
1224,456.743,7.01912,0.566135,-0.786397,-1.39286,RECOVERY,-0.45516436207792227,-0.45516436207792227,-0.45516436207792227,-0.45516436207792227,-0.45516436207792227,-0.9376956379220778,-0.9376956379220778,0.08613405068482642,0.29528933463045914,45.0,-0.012610587051948039,-0.09025162142857134,-12.067369350649363,-1.0,-1.0,-4,42.0,45.0,-1.0,-1.0,-1.0,-1.0,-1.0,-1.0,-1.0,-1.0,-1.0,-1.0,-1.0,-1.0,-1.0,-1.0,-1.0,-1.0,-1.0,-1.0,-1.0,12.0615296,1.0,0.0,0.0,,turn,0.5096385653762593,0.24,0.0,1,24.878,0.0
1225,456.776,7.19951,0.578875,-0.789498,-1.3862,RECOVERY,-0.4557462763636368,-0.4557462763636368,-0.4557462763636368,-0.4557462763636368,-0.4557462763636368,-0.9304537236363633,-0.9304537236363633,0.08616092534770244,0.2972089534073177,45.0,-0.012571262409090879,-0.08997642499999978,-12.108683636363669,-1.0,-1.0,-4,42.0,45.0,-1.0,-1.0,-1.0,-1.0,-1.0,-1.0,-1.0,-1.0,-1.0,-1.0,-1.0,-1.0,-1.0,-1.0,-1.0,-1.0,-1.0,-1.0,-1.0,12.0759608,1.0,0.0,0.0,,turn,0.49367719834297874,0.24,0.0,1,24.9,0.0
1226,456.81,7.40484,0.579341,-0.7926,-1.37934,RECOVERY,-0.4563458244155847,-0.4563458244155847,-0.4563458244155847,-0.4563458244155847,-0.4563458244155847,-0.9229941755844153,-0.9229941755844153,0.08619052429130575,0.29932316366469663,45.0,-0.01253074611038959,-0.08969288928571414,-12.15124987012989,-1.0,-1.0,-4,42.0,45.0,-1.0,-1.0,-1.0,-1.0,-1.0,-1.0,-1.0,-1.0,-1.0,-1.0,-1.0,-1.0,-1.0,-1.0,-1.0,-1.0,-1.0,-1.0,-1.0,12.0923872,1.0,0.0,0.0,,turn,0.4777775814703319,0.24,0.0,1,24.922,0.0
1227,456.844,7.61435,0.576975,-0.7957,-1.3723,RECOVERY,-0.45694537246753264,-0.45694537246753264,-0.45694537246753264,-0.45694537246753264,-0.45694537246753264,-0.9153546275324674,-0.9153546275324674,0.08622053319272727,0.301466656623377,45.0,-0.012490229811688302,-0.0894093535714285,-12.193816103896113,-1.0,-1.0,-4,42.0,45.0,-1.0,-1.0,-1.0,-1.0,-1.0,-1.0,-1.0,-1.0,-1.0,-1.0,-1.0,-1.0,-1.0,-1.0,-1.0,-1.0,-1.0,-1.0,-1.0,12.109148,1.0,0.0,0.0,,turn,0.4618209784587263,0.24,0.0,1,24.944,0.0
1228,456.879,7.81391,0.571668,-0.79879,-1.36506,RECOVERY,-0.45756255428571485,-0.45756255428571485,-0.45756255428571485,-0.45756255428571485,-0.45756255428571485,-0.907497445714285,-0.907497445714285,0.08624984450208266,0.30356032157733326,45.0,-0.012448521857142819,-0.0891174785714283,-12.237634285714327,-1.0,-1.0,-4,42.0,45.0,-1.0,-1.0,-1.0,-1.0,-1.0,-1.0,-1.0,-1.0,-1.0,-1.0,-1.0,-1.0,-1.0,-1.0,-1.0,-1.0,-1.0,-1.0,-1.0,12.1251128,1.0,0.0,0.0,,turn,0.4457567546143159,0.24,0.0,1,24.966,0.0
1229,456.916,8.01496,0.566008,-0.801875,-1.35764,RECOVERY,-0.4582150036363638,-0.4582150036363638,-0.4582150036363638,-0.4582150036363638,-0.4582150036363638,-0.8994249963636362,-0.8994249963636362,0.08627985847365287,0.3057041766894915,45.0,-0.01240443059090908,-0.08880892499999991,-12.283956363636376,-1.0,-1.0,-4,42.0,45.0,-1.0,-1.0,-1.0,-1.0,-1.0,-1.0,-1.0,-1.0,-1.0,-1.0,-1.0,-1.0,-1.0,-1.0,-1.0,-1.0,-1.0,-1.0,-1.0,12.1411968,1.0,0.0,0.0,,brake,0.42950555355344,0.0,0.34,1,24.988,0.0
1230,456.951,7.36999,0.488419,-0.804786,-1.35039,RECOVERY,-0.45883218545454607,-0.45883218545454607,-0.45883218545454607,-0.45883218545454607,-0.45883218545454607,-0.8915578145454539,-0.8915578145454539,0.08622634163080993,0.3018815450578526,45.0,-0.012362722636363595,-0.08851704999999971,-12.327774545454588,-1.0,-1.0,-4,42.0,45.0,-1.0,-1.0,-1.0,-1.0,-1.0,-1.0,-1.0,-1.0,-1.0,-1.0,-1.0,-1.0,-1.0,-1.0,-1.0,-1.0,-1.0,-1.0,-1.0,12.0895992,1.0,0.0,0.0,,turn,0.4155479222503073,0.0,0.040000000000000036,1,25.01,0.0
1231,456.983,6.87792,0.401785,-0.807305,-1.34377,RECOVERY,-0.4593964659740263,-0.4593964659740263,-0.4593964659740263,-0.4593964659740263,-0.4593964659740263,-0.8843735340259736,-0.8843735340259736,0.08618698582003306,0.2990704157166479,45.0,-0.01232458964935063,-0.08825019285714272,-12.367836883116903,-1.0,-1.0,-4,42.0,45.0,-1.0,-1.0,-1.0,-1.0,-1.0,-1.0,-1.0,-1.0,-1.0,-1.0,-1.0,-1.0,-1.0,-1.0,-1.0,-1.0,-1.0,-1.0,-1.0,12.0502336,1.0,0.0,0.0,,turn,0.4037423489551166,0.22,0.0,1,25.032,0.0
1232,457.015,6.99016,0.443724,-0.809807,-1.33732,RECOVERY,-0.4599607464935065,-0.4599607464935065,-0.4599607464935065,-0.4599607464935065,-0.4599607464935065,-0.8773592535064936,-0.8773592535064936,0.08620689833679339,0.30049273834238555,45.0,-0.012286456662337665,-0.08798333571428572,-12.407899220779218,-1.0,-1.0,-4,42.0,45.0,-1.0,-1.0,-1.0,-1.0,-1.0,-1.0,-1.0,-1.0,-1.0,-1.0,-1.0,-1.0,-1.0,-1.0,-1.0,-1.0,-1.0,-1.0,-1.0,12.059212800000001,1.0,0.0,0.0,,turn,0.38934022700294424,0.24,0.0,1,25.054,0.0
1233,457.047,7.17009,0.449424,-0.81233,-1.33067,RECOVERY,-0.46052502701298764,-0.46052502701298764,-0.46052502701298764,-0.46052502701298764,-0.46052502701298764,-0.8701449729870123,-0.8701449729870123,0.08623344962023138,0.3023892585879566,45.0,-0.012248323675324631,-0.08771647857142825,-12.447961558441603,-1.0,-1.0,-4,42.0,45.0,-1.0,-1.0,-1.0,-1.0,-1.0,-1.0,-1.0,-1.0,-1.0,-1.0,-1.0,-1.0,-1.0,-1.0,-1.0,-1.0,-1.0,-1.0,-1.0,12.0736072,1.0,0.0,0.0,,turn,0.3747579466611189,0.24,0.0,1,25.076,0.0
1234,457.08,7.41293,0.450626,-0.814842,-1.3238,RECOVERY,-0.4611069412987012,-0.4611069412987012,-0.4611069412987012,-0.4611069412987012,-0.4611069412987012,-0.8626930587012989,-0.8626930587012989,0.08626644913137185,0.3047463665265622,45.0,-0.012208999032467539,-0.08744128214285718,-12.489275844155838,-1.0,-1.0,-4,42.0,45.0,-1.0,-1.0,-1.0,-1.0,-1.0,-1.0,-1.0,-1.0,-1.0,-1.0,-1.0,-1.0,-1.0,-1.0,-1.0,-1.0,-1.0,-1.0,-1.0,12.0930344,1.0,0.0,0.0,,turn,0.3600478783312253,0.24,0.0,1,25.098,0.0
1235,457.114,7.58064,0.439702,-0.817369,-1.31674,RECOVERY,-0.4617064893506491,-0.4617064893506491,-0.4617064893506491,-0.4617064893506491,-0.4617064893506491,-0.855033510649351,-0.855033510649351,0.08629235845461158,0.30659703247225667,45.0,-0.01216848273376625,-0.08715774642857153,-12.531842077922061,-1.0,-1.0,-4,42.0,45.0,-1.0,-1.0,-1.0,-1.0,-1.0,-1.0,-1.0,-1.0,-1.0,-1.0,-1.0,-1.0,-1.0,-1.0,-1.0,-1.0,-1.0,-1.0,-1.0,12.1064512,1.0,0.0,0.0,,turn,0.3454390859658657,0.24,0.0,1,25.12,0.0
1236,457.148,7.78598,0.435744,-0.819969,-1.30949,RECOVERY,-0.462306037402598,-0.462306037402598,-0.462306037402598,-0.462306037402598,-0.462306037402598,-0.847183962597402,-0.847183962597402,0.08632195837897519,0.3087113127839432,45.0,-0.012127966435064894,-0.08687421071428542,-12.574408311688355,-1.0,-1.0,-4,42.0,45.0,-1.0,-1.0,-1.0,-1.0,-1.0,-1.0,-1.0,-1.0,-1.0,-1.0,-1.0,-1.0,-1.0,-1.0,-1.0,-1.0,-1.0,-1.0,-1.0,12.1228784,1.0,0.0,0.0,,turn,0.33041762306702915,0.24,0.0,1,25.142,0.0
1237,457.184,8.04948,0.410158,-0.822742,-1.30209,RECOVERY,-0.4629408529870136,-0.4629408529870136,-0.4629408529870136,-0.4629408529870136,-0.4629408529870136,-0.8391491470129864,-0.8391491470129864,0.08635781893434713,0.31127278102479555,45.0,-0.012085066824675283,-0.08657399642857112,-12.619478441558485,-1.0,-1.0,-4,42.0,45.0,-1.0,-1.0,-1.0,-1.0,-1.0,-1.0,-1.0,-1.0,-1.0,-1.0,-1.0,-1.0,-1.0,-1.0,-1.0,-1.0,-1.0,-1.0,-1.0,12.1439584,1.0,0.0,0.0,,brake,0.3155041225654711,0.0,0.34,1,25.164,0.0
1238,457.219,7.22319,0.36417,-0.825374,-1.29492,RECOVERY,-0.46355803480519486,-0.46355803480519486,-0.46355803480519486,-0.46355803480519486,-0.46355803480519486,-0.8313619651948052,-0.8313619651948052,0.08628651894519006,0.30617992465643323,45.0,-0.012043358870129866,-0.08628212142857139,-12.663296623376628,-1.0,-1.0,-4,42.0,45.0,-1.0,-1.0,-1.0,-1.0,-1.0,-1.0,-1.0,-1.0,-1.0,-1.0,-1.0,-1.0,-1.0,-1.0,-1.0,-1.0,-1.0,-1.0,-1.0,12.0778552,1.0,0.0,0.0,,turn,0.30157373157487904,0.0,0.040000000000000036,1,25.186,0.0
1239,457.25,6.87845,0.324478,-0.827457,-1.2883,RECOVERY,-0.4641046815584417,-0.4641046815584417,-0.4641046815584417,-0.4641046815584417,-0.4641046815584417,-0.8241953184415582,-0.8241953184415582,0.08626133441190081,0.30438102942148737,45.0,-0.012006417538961029,-0.08602360357142849,-12.702107012987023,-1.0,-1.0,-4,42.0,45.0,-1.0,-1.0,-1.0,-1.0,-1.0,-1.0,-1.0,-1.0,-1.0,-1.0,-1.0,-1.0,-1.0,-1.0,-1.0,-1.0,-1.0,-1.0,-1.0,12.050276,1.0,0.0,0.0,,turn,0.288982435798454,0.22,0.0,1,25.208,0.0
1240,457.282,7.02937,0.330873,-0.829361,-1.28176,RECOVERY,-0.4646689620779219,-0.4646689620779219,-0.4646689620779219,-0.4646689620779219,-0.4646689620779219,-0.8170910379220782,-0.8170910379220782,0.08628504050961983,0.3060743221157025,45.0,-0.011968284551948063,-0.0857567464285715,-12.742169350649338,-1.0,-1.0,-4,42.0,45.0,-1.0,-1.0,-1.0,-1.0,-1.0,-1.0,-1.0,-1.0,-1.0,-1.0,-1.0,-1.0,-1.0,-1.0,-1.0,-1.0,-1.0,-1.0,-1.0,12.0623496,1.0,0.0,0.0,,turn,0.2758969509034126,0.24,0.0,1,25.23,0.0
1241,457.314,7.23084,0.326861,-0.831336,-1.27505,RECOVERY,-0.4652332425974031,-0.4652332425974031,-0.4652332425974031,-0.4652332425974031,-0.4652332425974031,-0.809816757402597,-0.809816757402597,0.08631370435080994,0.3081217393435679,45.0,-0.011930151564935031,-0.08548988928571404,-12.782231688311725,-1.0,-1.0,-4,42.0,45.0,-1.0,-1.0,-1.0,-1.0,-1.0,-1.0,-1.0,-1.0,-1.0,-1.0,-1.0,-1.0,-1.0,-1.0,-1.0,-1.0,-1.0,-1.0,-1.0,12.0784672,1.0,0.0,0.0,,turn,0.26267756144329685,0.24,0.0,1,25.252,0.0
1242,457.347,7.4161,0.317489,-0.833337,-1.26813,RECOVERY,-0.4658151568831167,-0.4658151568831167,-0.4658151568831167,-0.4658151568831167,-0.4658151568831167,-0.8023148431168833,-0.8023148431168833,0.08634105664396695,0.3100754745690683,45.0,-0.011890826922077937,-0.08521469285714295,-12.823545974025958,-1.0,-1.0,-4,42.0,45.0,-1.0,-1.0,-1.0,-1.0,-1.0,-1.0,-1.0,-1.0,-1.0,-1.0,-1.0,-1.0,-1.0,-1.0,-1.0,-1.0,-1.0,-1.0,-1.0,12.093288,1.0,0.0,0.0,,turn,0.2493374142484528,0.24,0.0,1,25.274,0.0
1243,457.38,7.67334,0.314442,-0.835294,-1.26106,RECOVERY,-0.4663970711688312,-0.4663970711688312,-0.4663970711688312,-0.4663970711688312,-0.4663970711688312,-0.7946629288311688,-0.7946629288311688,0.08637546844998342,0.31253346071310284,45.0,-0.011851502279220777,-0.0849394964285714,-12.864860259740261,-1.0,-1.0,-4,42.0,45.0,-1.0,-1.0,-1.0,-1.0,-1.0,-1.0,-1.0,-1.0,-1.0,-1.0,-1.0,-1.0,-1.0,-1.0,-1.0,-1.0,-1.0,-1.0,-1.0,12.1138672,1.0,0.0,0.0,,turn,0.23569189361441212,0.24,0.0,1,25.296,0.0
1244,457.415,7.85348,0.304393,-0.837244,-1.25376,RECOVERY,-0.4670142529870135,-0.4670142529870135,-0.4670142529870135,-0.4670142529870135,-0.4670142529870135,-0.7867457470129865,-0.7867457470129865,0.08640287512277685,0.31449108019834743,45.0,-0.011809794324675292,-0.0846476214285712,-12.908678441558475,-1.0,-1.0,-4,42.0,45.0,-1.0,-1.0,-1.0,-1.0,-1.0,-1.0,-1.0,-1.0,-1.0,-1.0,-1.0,-1.0,-1.0,-1.0,-1.0,-1.0,-1.0,-1.0,-1.0,12.1282784,1.0,0.0,0.0,,turn,0.2219271628734767,0.24,0.0,1,25.318,0.0
1245,457.451,8.05159,0.293072,-0.839175,-1.24629,RECOVERY,-0.46764906857142907,-0.46764906857142907,-0.46764906857142907,-0.46764906857142907,-0.46764906857142907,-0.7786409314285708,-0.7786409314285708,0.08643232248634712,0.3165944633105094,45.0,-0.011766894714285681,-0.0843474071428569,-12.953748571428605,-1.0,-1.0,-4,42.0,45.0,-1.0,-1.0,-1.0,-1.0,-1.0,-1.0,-1.0,-1.0,-1.0,-1.0,-1.0,-1.0,-1.0,-1.0,-1.0,-1.0,-1.0,-1.0,-1.0,12.1441272,1.0,0.0,0.0,,brake,0.20802217309192114,0.0,0.34,1,25.34,0.0
1246,457.485,7.29462,0.255507,-0.841127,-1.23904,RECOVERY,-0.46824861662337697,-0.46824861662337697,-0.46824861662337697,-0.46824861662337697,-0.46824861662337697,-0.7707913833766229,-0.7707913833766229,0.08636754286333886,0.3119673473813482,45.0,-0.011726378415584392,-0.08406387142857126,-12.996314805194828,-1.0,-1.0,-4,42.0,45.0,-1.0,-1.0,-1.0,-1.0,-1.0,-1.0,-1.0,-1.0,-1.0,-1.0,-1.0,-1.0,-1.0,-1.0,-1.0,-1.0,-1.0,-1.0,-1.0,12.0835696,1.0,0.0,0.0,,turn,0.19496913447493003,0.0,0.040000000000000036,1,25.362,0.0
1247,457.517,6.89841,0.222079,-0.842713,-1.23245,RECOVERY,-0.4688128971428572,-0.4688128971428572,-0.4688128971428572,-0.4688128971428572,-0.4688128971428572,-0.7636371028571429,-0.7636371028571429,0.08633758862109091,0.3098277586493514,45.0,-0.011688245428571428,-0.08379701428571427,-13.036377142857145,-1.0,-1.0,-4,42.0,45.0,-1.0,-1.0,-1.0,-1.0,-1.0,-1.0,-1.0,-1.0,-1.0,-1.0,-1.0,-1.0,-1.0,-1.0,-1.0,-1.0,-1.0,-1.0,-1.0,12.0518728,1.0,0.0,0.0,,turn,0.18314890300047343,0.22,0.0,1,25.384,0.0
1248,457.548,7.00033,0.214924,-0.844183,-1.22596,RECOVERY,-0.469359543896104,-0.469359543896104,-0.469359543896104,-0.469359543896104,-0.469359543896104,-0.7566004561038959,-0.7566004561038959,0.08635621072872723,0.3111579091948037,45.0,-0.01165130409740259,-0.08353849642857136,-13.07518753246754,-1.0,-1.0,-4,42.0,45.0,-1.0,-1.0,-1.0,-1.0,-1.0,-1.0,-1.0,-1.0,-1.0,-1.0,-1.0,-1.0,-1.0,-1.0,-1.0,-1.0,-1.0,-1.0,-1.0,12.0600264,1.0,0.0,0.0,,turn,0.17129066954017985,0.24,0.0,1,25.406,0.0
1249,457.58,7.22492,0.204383,-0.845637,-1.21926,RECOVERY,-0.4699238244155842,-0.4699238244155842,-0.4699238244155842,-0.4699238244155842,-0.4699238244155842,-0.7493361755844158,-0.7493361755844158,0.0863871420878016,0.31336729198582935,45.0,-0.011613171110389625,-0.08327163928571438,-13.115249870129855,-1.0,-1.0,-4,42.0,45.0,-1.0,-1.0,-1.0,-1.0,-1.0,-1.0,-1.0,-1.0,-1.0,-1.0,-1.0,-1.0,-1.0,-1.0,-1.0,-1.0,-1.0,-1.0,-1.0,12.0779936,1.0,0.0,0.0,,turn,0.15934252272526847,0.24,0.0,1,25.428,0.0
1250,457.612,7.46246,0.198359,-0.847062,-1.21238,RECOVERY,-0.47048810493506543,-0.47048810493506543,-0.47048810493506543,-0.47048810493506543,-0.47048810493506543,-0.7418918950649346,-0.7418918950649346,0.08641934353150413,0.31566739510743835,45.0,-0.011575038123376591,-0.0830047821428569,-13.15531220779224,-1.0,-1.0,-4,42.0,45.0,-1.0,-1.0,-1.0,-1.0,-1.0,-1.0,-1.0,-1.0,-1.0,-1.0,-1.0,-1.0,-1.0,-1.0,-1.0,-1.0,-1.0,-1.0,-1.0,12.0969968,1.0,0.0,0.0,,turn,0.14710652653560213,0.24,0.0,1,25.45,0.0
1251,457.646,7.63241,0.186808,-0.848494,-1.20531,RECOVERY,-0.47108765298701333,-0.47108765298701333,-0.47108765298701333,-0.47108765298701333,-0.47108765298701333,-0.7342223470129867,-0.7342223470129867,0.08644547254505786,0.3175337532184187,45.0,-0.011534521824675303,-0.08272124642857127,-13.197878441558464,-1.0,-1.0,-4,42.0,45.0,-1.0,-1.0,-1.0,-1.0,-1.0,-1.0,-1.0,-1.0,-1.0,-1.0,-1.0,-1.0,-1.0,-1.0,-1.0,-1.0,-1.0,-1.0,-1.0,12.1105928,1.0,0.0,0.0,,turn,0.13473629488352895,0.24,0.0,1,25.472,0.0
1252,457.681,7.85977,0.176518,-0.849875,-1.19804,RECOVERY,-0.4717048348051946,-0.4717048348051946,-0.4717048348051946,-0.4717048348051946,-0.4717048348051946,-0.7263351651948053,-0.7263351651948053,0.0864775103681322,0.31982216915230055,45.0,-0.011492813870129886,-0.08242937142857154,-13.241696623376605,-1.0,-1.0,-4,42.0,45.0,-1.0,-1.0,-1.0,-1.0,-1.0,-1.0,-1.0,-1.0,-1.0,-1.0,-1.0,-1.0,-1.0,-1.0,-1.0,-1.0,-1.0,-1.0,-1.0,12.1287816,1.0,0.0,0.0,,turn,0.12216014985574093,0.24,0.0,1,25.494,0.0
1253,457.717,8.08368,0.165961,-0.851217,-1.19058,RECOVERY,-0.4723396503896102,-0.4723396503896102,-0.4723396503896102,-0.4723396503896102,-0.4723396503896102,-0.7182403496103897,-0.7182403496103897,0.08650948809335536,0.3221062923825267,45.0,-0.011449914259740276,-0.08212915714285725,-13.286766753246736,-1.0,-1.0,-4,42.0,45.0,-1.0,-1.0,-1.0,-1.0,-1.0,-1.0,-1.0,-1.0,-1.0,-1.0,-1.0,-1.0,-1.0,-1.0,-1.0,-1.0,-1.0,-1.0,-1.0,12.1466944,1.0,0.0,0.0,,brake,0.10938833904518147,0.0,0.34,1,25.516,0.0
1254,457.751,7.3137,0.146011,-0.852663,-1.18338,RECOVERY,-0.4729391984415581,-0.4729391984415581,-0.4729391984415581,-0.4729391984415581,-0.4729391984415581,-0.710440801558442,-0.710440801558442,0.08644343250115698,0.3173880357969279,45.0,-0.011409397961038988,-0.0818456214285716,-13.32933298701296,-1.0,-1.0,-4,42.0,45.0,-1.0,-1.0,-1.0,-1.0,-1.0,-1.0,-1.0,-1.0,-1.0,-1.0,-1.0,-1.0,-1.0,-1.0,-1.0,-1.0,-1.0,-1.0,-1.0,12.085096,1.0,0.0,0.0,,turn,0.09691546793716911,0.0,0.040000000000000036,1,25.538,0.0
1255,457.782,6.85456,0.136932,-0.853667,-1.1768,RECOVERY,-0.4734858451948049,-0.4734858451948049,-0.4734858451948049,-0.4734858451948049,-0.4734858451948049,-0.7033141548051951,-0.7033141548051951,0.08640702806968593,0.31478771926328186,45.0,-0.011372456629870149,-0.0815871035714287,-13.368143376623356,-1.0,-1.0,-4,42.0,45.0,-1.0,-1.0,-1.0,-1.0,-1.0,-1.0,-1.0,-1.0,-1.0,-1.0,-1.0,-1.0,-1.0,-1.0,-1.0,-1.0,-1.0,-1.0,-1.0,12.0483648,1.0,0.0,0.0,,turn,0.0853309490161244,0.22,0.0,1,25.56,0.0
1256,457.813,7.04004,0.10518,-0.854659,-1.17033,RECOVERY,-0.47403249194805175,-0.47403249194805175,-0.47403249194805175,-0.47403249194805175,-0.47403249194805175,-0.6962975080519483,-0.6962975080519483,0.08643384541064464,0.31670324361747504,45.0,-0.011335515298701311,-0.08132858571428579,-13.406953766233752,-1.0,-1.0,-4,42.0,45.0,-1.0,-1.0,-1.0,-1.0,-1.0,-1.0,-1.0,-1.0,-1.0,-1.0,-1.0,-1.0,-1.0,-1.0,-1.0,-1.0,-1.0,-1.0,-1.0,12.0632032,1.0,0.0,0.0,,turn,0.07482960662612742,0.24,0.0,1,25.582,0.0
1257,457.845,7.20558,0.0925492,-0.85565,-1.16366,RECOVERY,-0.47459677246753296,-0.47459677246753296,-0.47459677246753296,-0.47459677246753296,-0.47459677246753296,-0.689063227532467,-0.689063227532467,0.08645898537996695,0.31849895571192605,45.0,-0.011297382311688278,-0.08106172857142833,-13.44701610389614,-1.0,-1.0,-4,42.0,45.0,-1.0,-1.0,-1.0,-1.0,-1.0,-1.0,-1.0,-1.0,-1.0,-1.0,-1.0,-1.0,-1.0,-1.0,-1.0,-1.0,-1.0,-1.0,-1.0,12.0764464,1.0,0.0,0.0,,turn,0.06402776783792839,0.24,0.0,1,25.604,0.0
1258,457.878,7.45627,0.0818831,-0.856606,-1.15684,RECOVERY,-0.47517868675324654,-0.47517868675324654,-0.47517868675324654,-0.47517868675324654,-0.47517868675324654,-0.6816613132467535,-0.6816613132467535,0.08649275478796695,0.3209110562833536,45.0,-0.011258057668831185,-0.08078653214285725,-13.488330389610372,-1.0,-1.0,-4,42.0,45.0,-1.0,-1.0,-1.0,-1.0,-1.0,-1.0,-1.0,-1.0,-1.0,-1.0,-1.0,-1.0,-1.0,-1.0,-1.0,-1.0,-1.0,-1.0,-1.0,12.0965016,1.0,0.0,0.0,,turn,0.05296330528841285,0.24,0.0,1,25.626,0.0
1259,457.912,7.6403,0.0713465,-0.857497,-1.14979,RECOVERY,-0.47577823480519443,-0.47577823480519443,-0.47577823480519443,-0.47577823480519443,-0.47577823480519443,-0.6740117651948057,-0.6740117651948057,0.08652026471206609,0.3228760508618643,45.0,-0.011217541370129896,-0.08050299642857162,-13.530896623376595,-1.0,-1.0,-4,42.0,45.0,-1.0,-1.0,-1.0,-1.0,-1.0,-1.0,-1.0,-1.0,-1.0,-1.0,-1.0,-1.0,-1.0,-1.0,-1.0,-1.0,-1.0,-1.0,-1.0,12.111224,1.0,0.0,0.0,,turn,0.041665232659597,0.24,0.0,1,25.648,0.0
1260,457.946,7.86979,0.062425,-0.858435,-1.14255,RECOVERY,-0.47637778285714333,-0.47637778285714333,-0.47637778285714333,-0.47637778285714333,-0.47637778285714333,-0.6661722171428566,-0.6661722171428566,0.08655223317262811,0.3251595123305802,45.0,-0.01117702507142854,-0.0802194607142855,-13.57346285714289,-1.0,-1.0,-4,42.0,45.0,-1.0,-1.0,-1.0,-1.0,-1.0,-1.0,-1.0,-1.0,-1.0,-1.0,-1.0,-1.0,-1.0,-1.0,-1.0,-1.0,-1.0,-1.0,-1.0,12.1295832,1.0,0.0,0.0,,turn,0.03000715091064686,0.24,0.0,1,25.67,0.0
1261,457.982,8.05616,0.0462436,-0.859272,-1.13513,RECOVERY,-0.4770125984415589,-0.4770125984415589,-0.4770125984415589,-0.4770125984415589,-0.4770125984415589,-0.658117401558441,-0.658117401558441,0.08658052912357023,0.3271806516835882,45.0,-0.01113412546103893,-0.0799192464285712,-13.618532987013019,-1.0,-1.0,-4,42.0,45.0,-1.0,-1.0,-1.0,-1.0,-1.0,-1.0,-1.0,-1.0,-1.0,-1.0,-1.0,-1.0,-1.0,-1.0,-1.0,-1.0,-1.0,-1.0,-1.0,12.1444928,1.0,0.0,0.0,,brake,0.01837197490604573,0.0,0.34,1,25.692,0.0
1262,458.016,7.16879,0.0329342,-0.859956,-1.12798,RECOVERY,-0.4776121464935068,-0.4776121464935068,-0.4776121464935068,-0.4776121464935068,-0.4776121464935068,-0.6503678535064932,-0.6503678535064932,0.08650296038585124,0.32164002756080384,45.0,-0.01109360916233764,-0.07963571071428556,-13.661099220779242,-1.0,-1.0,-4,42.0,45.0,-1.0,-1.0,-1.0,-1.0,-1.0,-1.0,-1.0,-1.0,-1.0,-1.0,-1.0,-1.0,-1.0,-1.0,-1.0,-1.0,-1.0,-1.0,-1.0,12.0735032,1.0,0.0,0.0,,turn,0.007088338284297346,0.0,0.040000000000000036,1,25.714,0.0
1263,458.048,6.78977,0.0117757,-0.860679,-1.12154,RECOVERY,-0.478176427012987,-0.478176427012987,-0.478176427012987,-0.478176427012987,-0.478176427012987,-0.643363572987013,-0.643363572987013,0.08647469207061154,0.31962086218653946,45.0,-0.011055476175324676,-0.07936885357142856,-13.701161558441559,-1.0,-1.0,-4,42.0,45.0,-1.0,-1.0,-1.0,-1.0,-1.0,-1.0,-1.0,-1.0,-1.0,-1.0,-1.0,-1.0,-1.0,-1.0,-1.0,-1.0,-1.0,-1.0,-1.0,12.0431816,1.0,0.0,0.0,,turn,-0.0032503754819671014,0.22,0.0,1,25.736,0.0
1264,458.079,7.04933,0.00437317,-0.861278,-1.11512,RECOVERY,-0.47872307376623385,-0.47872307376623385,-0.47872307376623385,-0.47872307376623385,-0.47872307376623385,-0.6363969262337661,-0.6363969262337661,0.08650877488409914,0.32205534886422466,45.0,-0.011018534844155839,-0.07911033571428566,-13.739971948051954,-1.0,-1.0,-4,42.0,45.0,-1.0,-1.0,-1.0,-1.0,-1.0,-1.0,-1.0,-1.0,-1.0,-1.0,-1.0,-1.0,-1.0,-1.0,-1.0,-1.0,-1.0,-1.0,-1.0,12.0639464,1.0,0.0,0.0,,turn,-0.01344975812614755,0.24,0.0,1,25.758,0.0
1265,458.111,7.2178,-0.0103278,-0.861791,-1.1085,RECOVERY,-0.47928735428571406,-0.47928735428571406,-0.47928735428571406,-0.47928735428571406,-0.47928735428571406,-0.6292126457142859,-0.6292126457142859,0.08653420221619834,0.32387158687131135,45.0,-0.010980401857142873,-0.07884347857142868,-13.780034285714269,-1.0,-1.0,-4,42.0,45.0,-1.0,-1.0,-1.0,-1.0,-1.0,-1.0,-1.0,-1.0,-1.0,-1.0,-1.0,-1.0,-1.0,-1.0,-1.0,-1.0,-1.0,-1.0,-1.0,12.077424,1.0,0.0,0.0,,turn,-0.023471060467935925,0.24,0.0,1,25.78,0.0
1266,458.143,7.42982,-0.0178083,-0.862305,-1.10169,RECOVERY,-0.47985163480519427,-0.47985163480519427,-0.47985163480519427,-0.47985163480519427,-0.47985163480519427,-0.6218383651948058,-0.6218383651948058,0.08656390075953718,0.3259929113955142,45.0,-0.010942268870129907,-0.07857662142857168,-13.820096623376584,-1.0,-1.0,-4,42.0,45.0,-1.0,-1.0,-1.0,-1.0,-1.0,-1.0,-1.0,-1.0,-1.0,-1.0,-1.0,-1.0,-1.0,-1.0,-1.0,-1.0,-1.0,-1.0,-1.0,12.0943856,1.0,0.0,0.0,,turn,-0.03379813140781551,0.24,0.0,1,25.802,0.0
1267,458.177,7.69173,-0.0349378,-0.862848,-1.0947,RECOVERY,-0.48045118285714317,-0.48045118285714317,-0.48045118285714317,-0.48045118285714317,-0.48045118285714317,-0.6142488171428568,-0.6142488171428568,0.08659904884509094,0.328503488935068,45.0,-0.010901752571428551,-0.07829308571428556,-13.862662857142878,-1.0,-1.0,-4,42.0,45.0,-1.0,-1.0,-1.0,-1.0,-1.0,-1.0,-1.0,-1.0,-1.0,-1.0,-1.0,-1.0,-1.0,-1.0,-1.0,-1.0,-1.0,-1.0,-1.0,12.1153384,1.0,0.0,0.0,,turn,-0.04416816931496978,0.24,0.0,1,25.824,0.0
1268,458.212,7.8386,-0.0485915,-0.863254,-1.0875,RECOVERY,-0.48106836467532443,-0.48106836467532443,-0.48106836467532443,-0.48106836467532443,-0.48106836467532443,-0.6064316353246755,-0.6064316353246755,0.08662319252826448,0.3302280377331774,45.0,-0.010860044616883136,-0.07800121071428584,-13.906481038961019,-1.0,-1.0,-4,42.0,45.0,-1.0,-1.0,-1.0,-1.0,-1.0,-1.0,-1.0,-1.0,-1.0,-1.0,-1.0,-1.0,-1.0,-1.0,-1.0,-1.0,-1.0,-1.0,-1.0,12.127088,1.0,0.0,0.0,,turn,-0.0546789134896886,0.24,0.0,1,25.846,0.0
1269,458.248,8.07658,-0.0616664,-0.863653,-1.08016,RECOVERY,-0.48170318025974,-0.48170318025974,-0.48170318025974,-0.48170318025974,-0.48170318025974,-0.59845681974026,-0.59845681974026,0.08665655018327267,0.3326107273766208,45.0,-0.010817145006493525,-0.07770099642857153,-13.95155116883115,-1.0,-1.0,-4,42.0,45.0,-1.0,-1.0,-1.0,-1.0,-1.0,-1.0,-1.0,-1.0,-1.0,-1.0,-1.0,-1.0,-1.0,-1.0,-1.0,-1.0,-1.0,-1.0,-1.0,12.1461264,1.0,0.0,0.0,,brake,-0.06537688856608163,0.0,0.34,1,25.868,0.0
1270,458.283,7.18573,-0.0552029,-0.863961,-1.07307,RECOVERY,-0.4823203620779223,-0.4823203620779223,-0.4823203620779223,-0.4823203620779223,-0.4823203620779223,-0.5907496379220777,-0.5907496379220777,0.08657891840542152,0.3270656003872518,45.0,-0.01077543705194804,-0.07740912142857134,-13.995369350649362,-1.0,-1.0,-4,42.0,45.0,-1.0,-1.0,-1.0,-1.0,-1.0,-1.0,-1.0,-1.0,-1.0,-1.0,-1.0,-1.0,-1.0,-1.0,-1.0,-1.0,-1.0,-1.0,-1.0,12.0748584,1.0,0.0,0.0,,turn,-0.07635918474511105,0.0,0.040000000000000036,1,25.89,0.0
1271,458.314,6.87192,-0.0789067,-0.864233,-1.06667,RECOVERY,-0.4828670088311691,-0.4828670088311691,-0.4828670088311691,-0.4828670088311691,-0.4828670088311691,-0.5838029911688309,-0.5838029911688309,0.08655676736383473,0.3254833831310529,45.0,-0.010738495720779203,-0.07715060357142843,-14.03417974025976,-1.0,-1.0,-4,42.0,45.0,-1.0,-1.0,-1.0,-1.0,-1.0,-1.0,-1.0,-1.0,-1.0,-1.0,-1.0,-1.0,-1.0,-1.0,-1.0,-1.0,-1.0,-1.0,-1.0,12.0497536,1.0,0.0,0.0,,turn,-0.0859451372731422,0.22,0.0,1,25.912,0.0
1272,458.345,6.99609,-0.0881266,-0.864403,-1.06028,RECOVERY,-0.48341365558441596,-0.48341365558441596,-0.48341365558441596,-0.48341365558441596,-0.48341365558441596,-0.5768663444155839,-0.5768663444155839,0.08657757166320659,0.32696940451475737,45.0,-0.010701554389610365,-0.07689208571428553,-14.072990129870156,-1.0,-1.0,-4,42.0,45.0,-1.0,-1.0,-1.0,-1.0,-1.0,-1.0,-1.0,-1.0,-1.0,-1.0,-1.0,-1.0,-1.0,-1.0,-1.0,-1.0,-1.0,-1.0,-1.0,12.059687199999999,1.0,0.0,0.0,,turn,-0.09527543402379415,0.24,0.0,1,25.934,0.0
1273,458.377,7.26758,-0.102779,-0.864595,-1.0537,RECOVERY,-0.48397793610389617,-0.48397793610389617,-0.48397793610389617,-0.48397793610389617,-0.48397793610389617,-0.5697220638961039,-0.5697220638961039,0.0866131027882314,0.3295073420165287,45.0,-0.0106634214025974,-0.07662522857142853,-14.113052467532471,-1.0,-1.0,-4,42.0,45.0,-1.0,-1.0,-1.0,-1.0,-1.0,-1.0,-1.0,-1.0,-1.0,-1.0,-1.0,-1.0,-1.0,-1.0,-1.0,-1.0,-1.0,-1.0,-1.0,12.0814064,1.0,0.0,0.0,,turn,-0.10455374082904167,0.24,0.0,1,25.956,0.0
1274,458.411,7.46841,-0.120221,-0.864679,-1.04694,RECOVERY,-0.48457748415584406,-0.48457748415584406,-0.48457748415584406,-0.48457748415584406,-0.48457748415584406,-0.5623625158441559,-0.5623625158441559,0.08664226038968594,0.3315900278347102,45.0,-0.01062290510389611,-0.0763416928571429,-14.155618701298694,-1.0,-1.0,-4,42.0,45.0,-1.0,-1.0,-1.0,-1.0,-1.0,-1.0,-1.0,-1.0,-1.0,-1.0,-1.0,-1.0,-1.0,-1.0,-1.0,-1.0,-1.0,-1.0,-1.0,12.0974728,1.0,0.0,0.0,,turn,-0.11376905761503575,0.24,0.0,1,25.978,0.0
1275,458.445,7.65332,-0.132135,-0.86475,-1.03997,RECOVERY,-0.48517703220779196,-0.48517703220779196,-0.48517703220779196,-0.48517703220779196,-0.48517703220779196,-0.5547929677922081,-0.5547929677922081,0.08666985662069421,0.33356118719244415,45.0,-0.010582388805194822,-0.07605815714285726,-14.198184935064917,-1.0,-1.0,-4,42.0,45.0,-1.0,-1.0,-1.0,-1.0,-1.0,-1.0,-1.0,-1.0,-1.0,-1.0,-1.0,-1.0,-1.0,-1.0,-1.0,-1.0,-1.0,-1.0,-1.0,12.1122656,1.0,0.0,0.0,,turn,-0.12328814539371347,0.24,0.0,1,26.0,0.0
1276,458.48,7.92269,-0.151028,-0.864801,-1.03284,RECOVERY,-0.4857942140259742,-0.4857942140259742,-0.4857942140259742,-0.4857942140259742,-0.4857942140259742,-0.5470457859740258,-0.5470457859740258,0.08670601461791737,0.33614390127981314,45.0,-0.01054068085064934,-0.07576628214285705,-14.24200311688313,-1.0,-1.0,-4,42.0,45.0,-1.0,-1.0,-1.0,-1.0,-1.0,-1.0,-1.0,-1.0,-1.0,-1.0,-1.0,-1.0,-1.0,-1.0,-1.0,-1.0,-1.0,-1.0,-1.0,12.1338152,1.0,0.0,0.0,,turn,-0.13284823204961113,0.24,0.0,1,26.022,0.0
1277,458.516,8.09666,-0.167327,-0.864754,-1.0255,RECOVERY,-0.4864290296103898,-0.4864290296103898,-0.4864290296103898,-0.4864290296103898,-0.4864290296103898,-0.5390709703896103,-0.5390709703896103,0.08673309442604957,0.33807817328925527,45.0,-0.010497781240259726,-0.07546606785714276,-14.28707324675326,-1.0,-1.0,-4,42.0,45.0,-1.0,-1.0,-1.0,-1.0,-1.0,-1.0,-1.0,-1.0,-1.0,-1.0,-1.0,-1.0,-1.0,-1.0,-1.0,-1.0,-1.0,-1.0,-1.0,12.1477328,1.0,0.0,0.0,,brake,-0.1425696168788521,0.0,0.34,1,26.044,0.0
1278,458.551,7.15943,-0.140069,-0.864748,-1.01848,RECOVERY,-0.4870462114285711,-0.4870462114285711,-0.4870462114285711,-0.4870462114285711,-0.4870462114285711,-0.531433788571429,-0.531433788571429,0.08665091388178513,0.33220813441322383,45.0,-0.010456073285714311,-0.07517419285714302,-14.330891428571402,-1.0,-1.0,-4,42.0,45.0,-1.0,-1.0,-1.0,-1.0,-1.0,-1.0,-1.0,-1.0,-1.0,-1.0,-1.0,-1.0,-1.0,-1.0,-1.0,-1.0,-1.0,-1.0,-1.0,12.0727544,1.0,0.0,0.0,,turn,-0.15332815331396377,0.0,0.040000000000000036,1,26.066,0.0
1279,458.583,6.8868,-0.163136,-0.864616,-1.01213,RECOVERY,-0.4876104919480523,-0.4876104919480523,-0.4876104919480523,-0.4876104919480523,-0.4876104919480523,-0.5245195080519477,-0.5245195080519477,0.08663307987570244,0.3309342768358896,45.0,-0.010417940298701278,-0.07490733571428557,-14.370953766233788,-1.0,-1.0,-4,42.0,45.0,-1.0,-1.0,-1.0,-1.0,-1.0,-1.0,-1.0,-1.0,-1.0,-1.0,-1.0,-1.0,-1.0,-1.0,-1.0,-1.0,-1.0,-1.0,-1.0,12.050944,1.0,0.0,0.0,,turn,-0.1623259818593063,0.22,0.0,1,26.088,0.0
1280,458.614,7.0003,-0.173422,-0.864438,-1.00581,RECOVERY,-0.4881571387012981,-0.4881571387012981,-0.4881571387012981,-0.4881571387012981,-0.4881571387012981,-0.5176528612987019,-0.5176528612987019,0.08665283770380164,0.33234555027154616,45.0,-0.010380998967532508,-0.07464881785714314,-14.409764155844114,-1.0,-1.0,-4,42.0,45.0,-1.0,-1.0,-1.0,-1.0,-1.0,-1.0,-1.0,-1.0,-1.0,-1.0,-1.0,-1.0,-1.0,-1.0,-1.0,-1.0,-1.0,-1.0,-1.0,12.060024,1.0,0.0,0.0,,turn,-0.1709301733065364,0.24,0.0,1,26.11,0.0
1281,458.647,7.30246,-0.195959,-0.864232,-0.9993,RECOVERY,-0.4887390529870127,-0.4887390529870127,-0.4887390529870127,-0.4887390529870127,-0.4887390529870127,-0.5105609470129873,-0.5105609470129873,0.08669165508522311,0.33511822037308014,60.0,-0.010341674324675348,-0.07437362142857158,-14.451078441558419,-1.0,12.3682,0,60.0,60.0,10.022,10.5956,11.0835,11.5421,11.8677,12.046,12.1456,12.2355,12.3012,12.3682,12.4365,12.5062,12.6061,12.7237,12.9543,13.4575,14.4359,16.1594,28.2717,12.0841968,1.0,0.0,0.0,,turn,-0.17918080575648382,0.24,0.0,1,26.132,0.0
1282,458.68,7.4564,-0.208338,-0.863964,-0.992614,RECOVERY,-0.4893209672727272,-0.4893209672727272,-0.4893209672727272,-0.4893209672727272,-0.4893209672727272,-0.5032930327272728,-0.5032930327272728,0.08671593563702476,0.336852545501769,60.0,-0.010302349681818186,-0.07409842500000002,-14.492392727272723,-1.0,12.3312,0,60.0,60.0,9.98829,10.5615,11.0486,11.5064,11.8315,12.0096,12.109,12.1987,12.2643,12.3312,12.3995,12.469,12.5688,12.6862,12.9164,13.4189,14.3962,16.118,28.2327,12.096512,1.0,0.0,0.0,,turn,-0.18766568198746375,0.24,0.0,1,26.154,0.0
1283,458.715,7.66984,-0.223507,-0.863666,-0.985728,RECOVERY,-0.4899381490909085,-0.4899381490909085,-0.4899381490909085,-0.4899381490909085,-0.4899381490909085,-0.49578985090909156,-0.49578985090909156,0.08674660824171902,0.3390434458370742,60.0,-0.01026064172727277,-0.07380655000000029,-14.536210909090864,-1.0,12.2933,0,60.0,60.0,9.95361,10.5265,11.0128,11.4698,11.7943,11.9721,12.0714,12.161,12.2265,12.2933,12.3614,12.4309,12.5305,12.6478,12.8777,13.3795,14.3556,16.0758,28.1934,12.1135872,1.0,0.0,0.0,,turn,-0.19630618985523626,0.24,0.0,1,26.176,0.0
1284,458.75,7.93915,-0.24459,-0.86331,-0.97867,RECOVERY,-0.4905553309090907,-0.4905553309090907,-0.4905553309090907,-0.4905553309090907,-0.4905553309090907,-0.48811466909090934,-0.48811466909090934,0.08678276035438015,0.34162573959858344,60.0,-0.010218933772727286,-0.07351467500000008,-14.580029090909076,-1.0,12.2548,0,60.0,60.0,9.91802,10.4907,10.9763,11.4326,11.7566,11.9341,12.0333,12.1227,12.1881,12.2548,12.3228,12.3922,12.4917,12.6087,12.8383,13.3395,14.3145,16.0332,28.1549,12.135132,1.0,0.0,0.0,,turn,-0.20492714114498967,0.24,0.0,1,26.198,0.0
1285,458.787,8.08085,-0.25753,-0.862885,-0.971423,RECOVERY,-0.49120778025973966,-0.49120778025973966,-0.49120778025973966,-0.49120778025973966,-0.49120778025973966,-0.4802152197402604,-0.4802152197402604,0.0868069535133884,0.3433538223848861,60.0,-0.010174842506493547,-0.0732061214285717,-14.626351168831127,-1.0,12.2157,0,60.0,60.0,9.88144,10.4542,10.939,11.3946,11.7182,11.8954,11.9945,12.0837,12.149,12.2157,12.2836,12.3529,12.4522,12.5692,12.7984,13.299,14.273,15.9904,28.1177,12.146468,1.0,0.0,0.0,,brake,-0.21385647963509602,0.0,0.34,1,26.22,0.0
1286,458.822,7.18222,-0.216154,-0.862496,-0.964474,RECOVERY,-0.4918249620779219,-0.4918249620779219,-0.4918249620779219,-0.4918249620779219,-0.4918249620779219,-0.47264903792207813,-0.47264903792207813,0.086728558704,0.3377541931428574,60.0,-0.010133134551948064,-0.0729142464285715,-14.670169350649338,-1.0,12.178,0,60.0,60.0,9.84639,10.4192,10.9032,11.3582,11.6812,11.8582,11.9571,12.0463,12.1115,12.178,12.2459,12.3151,12.4143,12.531,12.76,13.26,14.2329,15.949,28.0812,12.0745776,1.0,0.0,0.0,,turn,-0.22419292766133647,0.0,0.040000000000000036,1,26.242,0.0
1287,458.854,6.89843,-0.240898,-0.862045,-0.958202,RECOVERY,-0.49238924259740213,-0.49238924259740213,-0.49238924259740213,-0.49238924259740213,-0.49238924259740213,-0.46581275740259787,-0.46581275740259787,0.08670963016938844,0.33640215495631787,60.0,-0.010095001564935098,-0.07264738928571451,-14.710231688311653,-1.0,12.1447,0,60.0,60.0,9.81469,10.3879,10.8714,11.3258,11.6485,11.8253,11.9241,12.0131,12.0783,12.1447,12.2125,12.2817,12.3808,12.4974,12.7262,13.2257,14.1979,15.9132,28.0522,12.051874399999999,1.0,0.0,0.0,,turn,-0.2325376703113078,0.22,0.0,1,26.264,0.0
1288,458.886,7.00986,-0.253066,-0.861514,-0.95195,RECOVERY,-0.49281365259740273,-0.49281365259740273,-0.49281365259740273,-0.49281365259740273,-0.49281365259740273,-0.45913634740259723,-0.45913634740259723,0.08672946324456199,0.3378188031830004,60.0,-0.01006261837012986,-0.07231455188311675,-14.716885649350646,-1.0,12.1122,0,60.0,60.0,9.78305,10.3569,10.84,11.294,11.6164,11.793,11.8917,11.9807,12.0458,12.1122,12.1799,12.249,12.348,12.4646,12.6932,13.1923,14.164,15.8787,28.0265,12.0607888,1.0,0.0,0.0,,turn,-0.24036421531829694,0.24,0.0,1,26.286,0.0
1289,458.919,7.28355,-0.27419,-0.861005,-0.945509,RECOVERY,-0.49319133116883085,-0.49319133116883085,-0.49319133116883085,-0.49319133116883085,-0.49319133116883085,-0.4523176688311692,-0.4523176688311692,0.08676548840132232,0.34039202866588086,60.0,-0.01003168944155847,-0.07194301259740293,-14.709417792207798,-1.0,12.0783,0,60.0,60.0,9.75047,10.3248,10.8075,11.261,11.583,11.7595,11.8581,11.947,12.012,12.0783,12.146,12.215,12.314,12.4304,12.6588,13.1575,14.1286,15.8426,27.9985,12.082684,1.0,0.0,0.0,,turn,-0.24793979982095277,0.24,0.0,1,26.308,0.0
1290,458.952,7.47508,-0.291179,-0.860379,-0.938901,RECOVERY,-0.4935690097402596,-0.4935690097402596,-0.4935690097402596,-0.4935690097402596,-0.4935690097402596,-0.4453319902597404,-0.4453319902597404,0.08679345563120663,0.34238968794333124,60.0,-0.010000760512987027,-0.07157147331168846,-14.701949935064938,-1.0,12.0444,0,60.0,60.0,9.71699,10.2923,10.7746,11.2277,11.5495,11.7258,11.8243,11.9131,11.9781,12.0444,12.112,12.181,12.2798,12.3962,12.6244,13.1229,14.0934,15.8071,27.9738,12.0980064,1.0,0.0,0.0,,turn,-0.25554769283196205,0.24,0.0,1,26.33,0.0
1291,458.987,7.65341,-0.30439,-0.859739,-0.932098,RECOVERY,-0.4939695779220781,-0.4939695779220781,-0.4939695779220781,-0.4939695779220781,-0.4939695779220781,-0.4381284220779219,-0.4381284220779219,0.08682068478638018,0.3443346275985853,60.0,-0.009967957103896094,-0.07117741649350637,-14.694029480519477,-1.0,12.0094,0,60.0,60.0,9.68253,10.2588,10.7407,11.1934,11.5149,11.691,11.7895,11.8782,11.9431,12.0094,12.0769,12.1458,12.2446,12.3609,12.589,13.0871,14.0571,15.7704,27.9482,12.1122728,1.0,0.0,0.0,,turn,-0.2634320822761456,0.24,0.0,1,26.352,0.0
1292,459.023,7.92382,-0.328469,-0.859051,-0.925153,RECOVERY,-0.49438159090909106,-0.49438159090909106,-0.49438159090909106,-0.49438159090909106,-0.49438159090909106,-0.43077140909090894,-0.43077140909090894,0.08685722304714048,0.3469445033671784,60.0,-0.009934216454545444,-0.07077210090909077,-14.685882727272723,-1.0,11.9738,0,60.0,60.0,9.64734,10.2246,10.7062,11.1585,11.4797,11.6558,11.7541,11.8428,11.9077,11.9738,12.0414,12.1102,12.2089,12.3251,12.553,13.0508,14.0204,15.7335,27.9233,12.1339056,1.0,0.0,0.0,,turn,-0.2711894371649352,0.24,0.0,1,26.374,0.0
1293,459.06,8.08588,-0.343566,-0.858273,-0.91801,RECOVERY,-0.4948050487012986,-0.4948050487012986,-0.4948050487012986,-0.4948050487012986,-0.4948050487012986,-0.4232049512987014,-0.4232049512987014,0.08687868209983472,0.3484772928453378,60.0,-0.009899538564935074,-0.07035552655844166,-14.677509675324677,-1.0,11.9378,0,60.0,60.0,9.61111,10.1898,10.671,11.123,11.444,11.62,11.7182,11.8069,11.8717,11.9378,12.0053,12.0741,12.1728,12.2889,12.5167,13.0142,13.9835,15.6965,27.9006,12.1468704,1.0,0.0,0.0,,brake,-0.2792210987226753,0.0,0.34,1,26.396,0.0
1294,459.096,7.15402,-0.283826,-0.857597,-0.911172,RECOVERY,-0.4952170616883116,-0.4952170616883116,-0.4952170616883116,-0.4952170616883116,-0.4952170616883116,-0.4159549383116884,-0.4159549383116884,0.0868020374226777,0.34300267304840737,60.0,-0.009865797915584423,-0.06995021097402605,-14.669362922077923,-1.0,11.9028,0,60.0,60.0,9.57647,10.1562,10.6371,11.0887,11.4094,11.5852,11.6834,11.7719,11.8367,11.9028,11.9702,12.039,12.1375,12.2536,12.4812,12.9785,13.9473,15.66,27.8759,12.0723216,1.0,0.0,0.0,,turn,-0.2892909101146166,0.0,0.040000000000000036,1,26.418,0.0
1295,459.128,6.87348,-0.30878,-0.85681,-0.905004,RECOVERY,-0.49558329545454516,-0.49558329545454516,-0.49558329545454516,-0.49558329545454516,-0.49558329545454516,-0.40942070454545487,-0.40942070454545487,0.08678342763517356,0.3416734025123977,60.0,-0.009835806227272752,-0.06958993045454574,-14.66212136363637,-1.0,11.8725,0,60.0,60.0,9.54513,10.1264,10.6072,11.0587,11.3793,11.555,11.6532,11.7417,11.8064,11.8725,11.9399,12.0086,12.1072,12.2232,12.4508,12.9479,13.9168,15.6298,27.8608,12.0498784,1.0,0.0,0.0,,turn,-0.2970391678435542,0.22,0.0,1,26.44,0.0
1296,459.16,6.98411,-0.325111,-0.856005,-0.898847,RECOVERY,-0.4959495292207794,-0.4959495292207794,-0.4959495292207794,-0.4959495292207794,-0.4959495292207794,-0.40289747077922056,-0.40289747077922056,0.08679606101454548,0.3425757867532498,60.0,-0.009805814538961026,-0.06922964993506478,-14.6548798051948,-1.0,11.8424,0,60.0,60.0,9.51385,10.0967,10.5775,11.0288,11.3493,11.525,11.6231,11.7116,11.7764,11.8424,11.9098,11.9785,12.077,12.193,12.4205,12.9176,13.8865,15.6,27.8466,12.0587288,1.0,0.0,0.0,,turn,-0.3041147238805508,0.24,0.0,1,26.462,0.0
1297,459.193,7.3031,-0.353977,-0.855122,-0.892521,RECOVERY,-0.4963272077922075,-0.4963272077922075,-0.4963272077922075,-0.4963272077922075,-0.4963272077922075,-0.3961937922077925,-0.3961937922077925,0.08682473328595042,0.34462380613931576,60.0,-0.009774885610389637,-0.06885811064935095,-14.647411948051953,-1.0,11.8119,0,60.0,60.0,9.48167,10.0665,10.5472,10.9984,11.3189,11.4945,11.5926,11.6811,11.7458,11.8119,11.8792,11.9479,12.0464,12.1624,12.3899,12.887,13.856,15.5702,27.8341,12.084248,1.0,0.0,0.0,,turn,-0.3106449737746093,0.24,0.0,1,26.484,0.0
1298,459.227,7.39883,-0.362422,-0.854215,-0.886037,RECOVERY,-0.4967163311688308,-0.4967163311688308,-0.4967163311688308,-0.4967163311688308,-0.4967163311688308,-0.38932066883116917,-0.38932066883116917,0.08683518600231406,0.34537042873671964,60.0,-0.009743019441558476,-0.068475312597403,-14.639717792207799,-1.0,11.7806,0,60.0,60.0,9.44872,10.0354,10.5161,10.9673,11.2877,11.4633,11.5614,11.6498,11.7145,11.7806,11.8479,11.9166,12.0151,12.1311,12.3586,12.8556,13.8247,15.5396,27.8215,12.0919064,1.0,0.0,0.0,,turn,-0.31765152323435153,0.24,0.0,1,26.506,0.0
1299,459.262,7.68699,-0.387611,-0.853239,-0.879359,RECOVERY,-0.49711689935064923,-0.49711689935064923,-0.49711689935064923,-0.49711689935064923,-0.49711689935064923,-0.38224210064935077,-0.38224210064935077,0.08686148513090908,0.3472489379220772,70.0,-0.009710216032467543,-0.06808125577922089,-14.63179733766234,-1.0,11.7486,0,60.0,70.0,9.41475,10.0036,10.4843,10.9354,11.2558,11.4313,11.5294,11.6179,11.6826,11.7486,11.8159,11.8846,11.9831,12.0991,12.3266,12.8237,13.7929,15.5087,27.8102,12.1149592,1.0,0.0,0.0,,turn,-0.3244650329290535,0.24,0.0,1,26.528,0.0
1300,459.299,7.92999,-0.406756,-0.85219,-0.8725,RECOVERY,-0.49754035714285677,-0.49754035714285677,-0.49754035714285677,-0.49754035714285677,-0.49754035714285677,-0.3749596428571433,-0.3749596428571433,0.08688248044727269,0.3487486033766213,70.0,-0.009675538142857173,-0.0676646814285718,-14.623424285714293,-1.0,11.7161,0,60.0,70.0,9.37985,9.97099,10.4518,10.9029,11.2232,11.3988,11.4969,11.5853,11.6501,11.7161,11.7834,11.8521,11.9506,12.0666,12.2941,12.7913,13.7608,15.4776,27.8004,12.1343992,1.0,0.0,0.0,,turn,-0.3314505401130402,0.24,0.0,1,26.55,0.0
1301,459.336,8.04726,-0.417606,-0.851111,-0.865494,RECOVERY,-0.497963814935065,-0.497963814935065,-0.497963814935065,-0.497963814935065,-0.497963814935065,-0.367530185064935,-0.367530185064935,0.08689340764363636,0.3495291174025978,70.0,-0.009640860253246751,-0.06724810707792205,-14.615051233766232,-1.0,11.6829,0,60.0,70.0,9.34421,9.93773,10.4187,10.8698,11.1901,11.3656,11.4637,11.5522,11.6169,11.6829,11.7502,11.819,11.9174,12.0334,12.2609,12.7582,13.7281,15.446,27.7907,12.1437808,1.0,0.0,0.0,,brake,-0.33882964984295527,0.0,0.34,1,26.572,0.0
1302,459.372,7.21431,-0.346393,-0.850088,-0.858731,RECOVERY,-0.49837582792207796,-0.49837582792207796,-0.49837582792207796,-0.49837582792207796,-0.49837582792207796,-0.36035517207792206,-0.36035517207792206,0.086830560911405,0.34504006510035756,70.0,-0.0096071196038961,-0.06684279149350644,-14.606904480519479,-1.0,11.6507,0,60.0,70.0,9.30983,9.90555,10.3866,10.8376,11.1579,11.3334,11.4315,11.52,11.5847,11.6507,11.718,11.7867,11.8852,12.0012,12.2287,12.7261,13.6962,15.4151,27.7807,12.0771448,1.0,0.0,0.0,,turn,-0.34849539724032297,0.0,0.040000000000000036,1,26.594,0.0
1303,459.404,6.85594,-0.371361,-0.849099,-0.852639,RECOVERY,-0.49874206168831153,-0.49874206168831153,-0.49874206168831153,-0.49874206168831153,-0.49874206168831153,-0.3538969383116885,-0.3538969383116885,0.08680427081851243,0.3431622013223172,70.0,-0.009577127915584429,-0.06648251097402612,-14.599662922077925,-1.0,11.6222,0,60.0,70.0,9.27884,9.87678,10.3579,10.809,11.1293,11.3049,11.403,11.4914,11.5561,11.6222,11.6895,11.7582,11.8567,11.9727,12.2003,12.6978,13.6683,15.3883,27.7743,12.0484752,1.0,0.0,0.0,,turn,-0.3557834400513228,0.22,0.0,1,26.616,0.0
1304,459.437,7.01443,-0.391572,-0.847951,-0.84658,RECOVERY,-0.4991197402597403,-0.4991197402597403,-0.4991197402597403,-0.4991197402597403,-0.4991197402597403,-0.3474602597402597,-0.3474602597402597,0.08681826526314046,0.34416180451003336,70.0,-0.009546198987012986,-0.06611097168831166,-14.592195064935064,-1.0,11.595,0,60.0,70.0,9.24795,9.84869,10.3302,10.7815,11.102,11.2776,11.3757,11.4642,11.529,11.595,11.6624,11.7312,11.8297,11.9457,12.1735,12.6712,13.6424,15.3642,27.7749,12.0611544,1.0,0.0,0.0,,turn,-0.36208370641950266,0.24,0.0,1,26.638,0.0
1305,459.47,7.24899,-0.413444,-0.84685,-0.84036,RECOVERY,-0.49949741883116905,-0.49949741883116905,-0.49949741883116905,-0.49949741883116905,-0.49949741883116905,-0.34086258116883095,-0.34086258116883095,0.08683809492661157,0.3455782090436844,70.0,-0.009515270058441543,-0.0657394324025972,-14.584727207792204,-1.0,11.5665,0,60.0,70.0,9.21628,9.8196,10.3013,10.7528,11.0733,11.249,11.3472,11.4357,11.5005,11.5665,11.6339,11.7027,11.8013,11.9174,12.1452,12.6431,13.6149,15.3382,27.7723,12.079919199999999,1.0,0.0,0.0,,turn,-0.368162380839411,0.24,0.0,1,26.66,0.0
1306,459.505,7.46774,-0.43102,-0.845634,-0.833957,RECOVERY,-0.4998979870129869,-0.4998979870129869,-0.4998979870129869,-0.4998979870129869,-0.4998979870129869,-0.33405901298701307,-0.33405901298701307,0.08685679678611569,0.3469140561511214,70.0,-0.009482466649350662,-0.06534537558441574,-14.576806753246757,-1.0,11.5378,0,60.0,70.0,9.18366,9.78992,10.272,10.7237,11.0444,11.2201,11.3183,11.4069,11.4717,11.5378,11.6053,11.6741,11.7727,11.8888,12.1168,12.6151,13.5876,15.3127,27.773,12.097419200000001,1.0,0.0,0.0,,turn,-0.37430575571897606,0.24,0.0,1,26.682,0.0
1307,459.541,7.65453,-0.448806,-0.844391,-0.827406,RECOVERY,-0.5003099999999998,-0.5003099999999998,-0.5003099999999998,-0.5003099999999998,-0.5003099999999998,-0.32709600000000016,-0.32709600000000016,0.06687306839371901,0.34807631383707205,70.0,-0.009448726000000011,-0.06494006000000013,-14.568660000000003,-1.0,11.5084,0,60.0,70.0,9.1503,9.75952,10.242,10.6939,11.0147,11.1906,11.2888,11.3774,11.4422,11.5084,11.5759,11.6447,11.7434,11.8596,12.0877,12.5863,13.5596,15.2866,27.7738,12.1123624,1.0,0.0,0.0,,turn,-0.38056910377321096,0.24,0.0,1,26.704,0.0
1308,459.578,7.90562,-0.476707,-0.843113,-0.820662,RECOVERY,-0.5007334577922075,-0.5007334577922075,-0.5007334577922075,-0.5007334577922075,-0.5007334577922075,-0.31992854220779254,-0.31992854220779254,0.06689437825256202,0.3495984466115723,70.0,-0.009414048110389643,-0.06452348564935104,-14.560286948051955,-1.0,11.478,0,60.0,70.0,9.11597,9.72822,10.211,10.6632,10.9841,11.1601,11.2584,11.347,11.4119,11.478,11.5456,11.6144,11.7132,11.8294,12.0576,12.5566,13.5307,15.2596,27.7746,12.1324496,1.0,0.0,0.0,,turn,-0.38672811013382014,0.24,0.0,1,26.726,0.0
1309,459.616,8.09353,-0.491299,-0.841687,-0.813743,RECOVERY,-0.5011683603896101,-0.5011683603896101,-0.5011683603896101,-0.5011683603896101,-0.5011683603896101,-0.3125746396103899,-0.3125746396103899,0.06691083560033059,0.3507739714521844,70.0,-0.009378432980519503,-0.0640956525324678,-14.551687597402603,-1.0,11.4478,0,60.0,70.0,9.08072,9.69648,10.1798,10.6323,10.9535,11.1296,11.2279,11.3166,11.3815,11.4478,11.5153,11.5842,11.6831,11.7994,12.0278,12.5272,13.5024,15.2337,27.7803,12.1474824,1.0,0.0,0.0,,brake,-0.39320176875085155,0.0,0.34,1,26.748,0.0
1310,459.652,7.17736,-0.401233,-0.840465,-0.807137,RECOVERY,-0.5015803733766231,-0.5015803733766231,-0.5015803733766231,-0.5015803733766231,-0.5015803733766231,-0.3055566266233769,-0.3055566266233769,0.06684153209652893,0.345823721180638,70.0,-0.009344692331168853,-0.06369033694805219,-14.54354084415585,-1.0,11.4178,0,60.0,70.0,9.04715,9.6657,10.1493,10.602,10.9233,11.0994,11.1978,11.2866,11.3515,11.4178,11.4853,11.5543,11.6532,11.7696,11.9981,12.4977,13.4736,15.2067,27.7799,12.0741888,1.0,0.0,0.0,,turn,-0.40267387842532354,0.0,0.040000000000000036,1,26.77,0.0
1311,459.685,6.85923,-0.431922,-0.83916,-0.80116,RECOVERY,-0.5019580519480519,-0.5019580519480519,-0.5019580519480519,-0.5019580519480519,-0.5019580519480519,-0.2992019480519481,-0.2992019480519481,0.06681848032429752,0.3441771660212512,70.0,-0.00931376340259741,-0.06331879766233774,-14.536072987012988,-1.0,11.3921,0,60.0,70.0,9.01669,9.6385,10.1226,10.5757,10.8973,11.0735,11.172,11.2608,11.3258,11.3921,11.4597,11.5287,11.6277,11.7442,11.9729,12.473,13.4499,15.1854,27.788,12.0487384,1.0,0.0,0.0,,turn,-0.409253090001623,0.22,0.0,1,26.792,0.0
1312,459.718,6.96621,-0.446071,-0.837847,-0.795234,RECOVERY,-0.5023357305194807,-0.5023357305194807,-0.5023357305194807,-0.5023357305194807,-0.5023357305194807,-0.29289826948051934,-0.29289826948051934,0.06682841146677684,0.3448865333412022,70.0,-0.009282834474025966,-0.06294725837662327,-14.528605129870128,-1.0,11.3668,0,60.0,70.0,8.98651,9.61159,10.0963,10.5497,10.8715,11.0479,11.1465,11.2354,11.3004,11.3668,11.4345,11.5035,11.6026,11.7192,11.9481,12.4487,13.4267,15.1647,27.797,12.0572968,1.0,0.0,0.0,,turn,-0.41513919330061677,0.24,0.0,1,26.814,0.0
1313,459.752,7.28661,-0.478024,-0.836432,-0.789137,RECOVERY,-0.5027248538961039,-0.5027248538961039,-0.5027248538961039,-0.5027248538961039,-0.5027248538961039,-0.2864121461038961,-0.2864121461038961,0.06685495060066116,0.3467821857615109,70.0,-0.009250968305194803,-0.0625644603246753,-14.520910974025973,-1.0,11.3412,0,60.0,70.0,8.95544,9.58411,10.0694,10.5233,10.8455,11.022,11.1207,11.2097,11.2748,11.3412,11.409,11.4781,11.5772,11.694,11.9231,12.4243,13.4036,15.1443,27.8089,12.0829288,1.0,0.0,0.0,,turn,-0.4202987568542343,0.24,0.0,1,26.836,0.0
1314,459.787,7.3862,-0.484608,-0.835011,-0.782881,RECOVERY,-0.5031254220779218,-0.5031254220779218,-0.5031254220779218,-0.5031254220779218,-0.5031254220779218,-0.2797555779220783,-0.2797555779220783,0.06686440721983476,0.3474576585596251,70.0,-0.009218164896103925,-0.062170403506493846,-14.512990519480526,-1.0,11.3147,0,60.0,70.0,8.9236,9.55581,10.0417,10.4961,10.8185,10.9952,11.094,11.183,11.2482,11.3147,11.3825,11.4517,11.5509,11.6678,11.8972,12.3989,13.3794,15.1228,27.82,12.090896,1.0,0.0,0.0,,turn,-0.4260259034046089,0.24,0.0,1,26.858,0.0
1315,459.823,7.67965,-0.514513,-0.833493,-0.776455,RECOVERY,-0.5035374350649348,-0.5035374350649348,-0.5035374350649348,-0.5035374350649348,-0.5035374350649348,-0.27291756493506525,-0.27291756493506525,0.06688895423305787,0.3492110166469897,70.0,-0.009184424246753274,-0.06176508792207824,-14.504843766233773,-1.0,11.2879,0,60.0,70.0,8.8909,9.52692,10.0135,10.4684,10.7911,10.9681,11.0669,11.1561,11.2213,11.2879,11.3558,11.425,11.5244,11.6414,11.871,12.3734,13.3552,15.1017,27.834,12.114372,1.0,0.0,0.0,,turn,-0.43135663959375137,0.24,0.0,1,26.88,0.0
1316,459.86,7.89293,-0.534687,-0.831916,-0.769857,RECOVERY,-0.503960892857143,-0.503960892857143,-0.503960892857143,-0.503960892857143,-0.503960892857143,-0.26589610714285705,-0.26589610714285705,0.06690733053586777,0.3505236097048403,70.0,-0.009149746357142852,-0.0613485135714285,-14.496470714285712,-1.0,11.2604,0,60.0,70.0,8.85732,9.4973,9.98462,10.44,10.7631,10.9403,11.0392,11.1285,11.1938,11.2604,11.3284,11.3978,11.4972,11.6144,11.8443,12.3473,13.3306,15.0803,27.8492,12.1314344,1.0,0.0,0.0,,turn,-0.43689336074562546,0.24,0.0,1,26.902,0.0
1317,459.898,8.02892,-0.546473,-0.830301,-0.763094,RECOVERY,-0.5043957954545456,-0.5043957954545456,-0.5043957954545456,-0.5043957954545456,-0.5043957954545456,-0.25869820454545445,-0.25869820454545445,0.0669197595781818,0.35141139844155683,70.0,-0.009114131227272712,-0.06092068045454526,-14.48787136363636,-1.0,11.2323,0,60.0,70.0,8.82294,9.46693,9.95498,10.4109,10.7344,10.9117,11.0108,11.1002,11.1656,11.2323,11.3003,11.3698,11.4694,11.5866,11.8169,12.3205,13.3054,15.0582,27.8649,12.1423136,1.0,0.0,0.0,,brake,-0.44284595238333757,0.0,0.34,1,26.924,0.0
1318,459.935,7.19037,-0.444505,-0.828811,-0.756597,RECOVERY,-0.5048192532467531,-0.5048192532467531,-0.5048192532467531,-0.5048192532467531,-0.5048192532467531,-0.2517777467532468,-0.2517777467532468,0.06685652778148761,0.3468948415348292,70.0,-0.009079453337662342,-0.06050410610389616,-14.479498311688312,-1.0,11.2047,0,60.0,70.0,8.78994,9.43754,9.9262,10.3826,10.7064,10.8839,10.983,11.0725,11.1379,11.2047,11.2728,11.3424,11.442,11.5594,11.7899,12.2942,13.2803,15.036,27.8775,12.0752296,1.0,0.0,0.0,,turn,-0.4520384274056682,0.0,0.040000000000000036,1,26.946,0.0
1319,459.968,6.85873,-0.482783,-0.827303,-0.75073,RECOVERY,-0.5051969318181819,-0.5051969318181819,-0.5051969318181819,-0.5051969318181819,-0.5051969318181819,-0.24553306818181808,-0.24553306818181808,0.06683242781190087,0.34517341513577576,70.0,-0.009048524409090899,-0.060132566818181694,-14.472030454545452,-1.0,11.1811,0,60.0,70.0,8.76012,9.41153,9.90095,10.3579,10.6821,10.8598,10.9591,11.0487,11.1142,11.1811,11.2493,11.3189,11.4187,11.5362,11.767,12.272,13.2596,15.0186,27.8959,12.0486984,1.0,0.0,0.0,,turn,-0.4579616207141538,0.22,0.0,1,26.968,0.0
1320,460.001,6.94023,-0.49713,-0.825776,-0.744931,RECOVERY,-0.50557461038961,-0.50557461038961,-0.50557461038961,-0.50557461038961,-0.50557461038961,-0.23935638961038996,-0.23935638961038996,0.0668403820433058,0.3457415745218423,70.0,-0.00901759548051951,-0.05976102753246787,-14.464562597402605,-1.0,11.1579,0,60.0,70.0,8.73064,9.38594,9.87616,10.3338,10.6584,10.8363,10.9357,11.0254,11.091,11.1579,11.2262,11.2959,11.3959,11.5136,11.7447,12.2504,13.2396,15.002,27.9159,12.0552184,1.0,0.0,0.0,,turn,-0.46322664787137835,0.24,0.0,1,26.99,0.0
1321,460.036,7.26628,-0.531363,-0.824176,-0.738971,RECOVERY,-0.5059751785714285,-0.5059751785714285,-0.5059751785714285,-0.5059751785714285,-0.5059751785714285,-0.23299582142857156,-0.23299582142857156,0.06686740896396692,0.34767206885477997,70.0,-0.008984792071428577,-0.059366970714285774,-14.456642142857143,-1.0,11.1344,0,60.0,70.0,8.70036,9.35975,9.85081,10.3091,10.6341,10.8123,10.9118,11.0016,11.0673,11.1344,11.2028,11.2726,11.3727,11.4906,11.722,12.2285,13.2194,14.9854,27.9379,12.0813024,1.0,0.0,0.0,,turn,-0.46774549749112376,0.24,0.0,1,27.012,0.0
1322,460.071,7.39681,-0.538678,-0.822512,-0.732838,RECOVERY,-0.506375746753247,-0.506375746753247,-0.506375746753247,-0.506375746753247,-0.506375746753247,-0.22646225324675295,-0.22646225324675295,0.06687926611801656,0.34851900842975364,70.0,-0.008951988662337644,-0.05897291389610367,-14.448721688311684,-1.0,11.1103,0,60.0,70.0,8.66922,9.33285,9.82479,10.2838,10.6093,10.7877,10.8874,10.9773,11.0431,11.1103,11.1788,11.2487,11.3489,11.467,11.6988,12.2061,13.1988,14.9686,27.9615,12.0917448,1.0,0.0,0.0,,turn,-0.4728119468466271,0.24,0.0,1,27.034,0.0
1323,460.108,7.61549,-0.563241,-0.820801,-0.726571,RECOVERY,-0.5067992045454546,-0.5067992045454546,-0.5067992045454546,-0.5067992045454546,-0.5067992045454546,-0.2197717954545454,-0.2197717954545454,0.06689806138942149,0.34986152781582025,70.0,-0.008917310772727276,-0.05855633954545457,-14.440348636363638,-1.0,11.0857,0,60.0,70.0,8.63742,9.30538,9.79824,10.2579,10.5839,10.7626,10.8625,10.9525,11.0184,11.0857,11.1543,11.2243,11.3247,11.4429,11.6751,12.1833,13.1779,14.9516,27.9862,12.1092392,1.0,0.0,0.0,,turn,-0.47767036490171844,0.24,0.0,1,27.056,0.0
1324,460.145,7.89257,-0.589877,-0.818983,-0.720116,RECOVERY,-0.5072226623376621,-0.5072226623376621,-0.5072226623376621,-0.5072226623376621,-0.5072226623376621,-0.21289333766233787,-0.21289333766233787,0.06692138772859504,0.35152769489964575,70.0,-0.008882632883116906,-0.058139765194805466,-14.43197558441559,-1.0,11.0607,0,60.0,70.0,8.60467,9.27727,9.77113,10.2316,10.5581,10.7371,10.8371,10.9274,10.9934,11.0607,11.1295,11.1996,11.3002,11.4186,11.6512,12.1603,13.157,14.9349,28.0143,12.1314056,1.0,0.0,0.0,,turn,-0.4824348603626531,0.24,0.0,1,27.078,0.0
1325,460.184,8.00258,-0.598365,-0.817155,-0.713523,RECOVERY,-0.50766900974026,-0.50766900974026,-0.50766900974026,-0.50766900974026,-0.50766900974026,-0.20585399025974005,-0.20585399025974005,0.0669318504879339,0.35227503485242145,72.0,-0.008846080512986994,-0.057700673311688086,-14.42314993506493,-1.0,11.035,0,60.0,216.0,8.57126,9.24846,9.74331,10.2045,10.5316,10.7109,10.8111,10.9014,10.9676,11.035,11.1039,11.1741,11.2749,11.3935,11.6265,12.1366,13.1352,14.9174,28.0419,12.1402064,1.0,0.0,0.0,,brake,-0.48778227643780814,0.0,0.34,1,27.1,0.0
1326,460.221,7.14473,-0.484573,-0.81551,-0.707191,RECOVERY,-0.5080924675324675,-0.5080924675324675,-0.5080924675324675,-0.5080924675324675,-0.5080924675324675,-0.1990985324675325,-0.1990985324675325,0.06686712126644626,0.34765151903187524,72.0,-0.008811402623376626,-0.05728409896103898,-14.414776883116884,-1.0,11.0095,0,60.0,216.0,8.53923,9.2204,9.71604,10.1779,10.5054,10.6849,10.7852,10.8757,10.9419,11.0095,11.0784,11.1487,11.2496,11.3684,11.6017,12.1126,13.1129,14.8987,28.0638,12.0715784,1.0,0.0,0.0,,turn,-0.496743749346367,0.0,0.040000000000000036,1,27.122,0.0
1327,460.255,6.8448,-0.531592,-0.813753,-0.701488,RECOVERY,-0.5084815909090908,-0.5084815909090908,-0.5084815909090908,-0.5084815909090908,-0.5084815909090908,-0.19300640909090916,-0.19300640909090916,0.06684553099504131,0.3461093567886644,72.0,-0.008779536454545465,-0.05690130090909103,-14.40708272727273,-1.0,10.9885,0,60.0,216.0,8.51033,9.19606,9.69277,10.1555,10.4836,10.6634,10.7639,10.8545,10.9209,10.9885,11.0576,11.1281,11.2291,11.3482,11.5819,12.0938,13.0963,14.8865,28.0958,12.047584,1.0,0.0,0.0,,turn,-0.5018945299516193,0.22,0.0,1,27.144,0.0
1328,460.288,6.9215,-0.533336,-0.812125,-0.695813,RECOVERY,-0.5088592694805195,-0.5088592694805195,-0.5088592694805195,-0.5088592694805195,-0.5088592694805195,-0.1869537305194805,-0.1869537305194805,0.06685311280991736,0.3466509149940969,72.0,-0.008748607525974022,-0.056529761623376557,-14.399614870129868,-1.0,10.9668,0,60.0,216.0,8.48162,9.17143,9.66903,10.1324,10.461,10.6411,10.7418,10.8325,10.899,10.9668,11.0359,11.1065,11.2077,11.327,11.5611,12.0738,13.0782,14.8723,28.1226,12.05372,1.0,0.0,0.0,,turn,-0.5069872099816153,0.24,0.0,1,27.166,0.0
1329,460.323,7.26048,-0.571162,-0.810435,-0.689981,RECOVERY,-0.5092598376623374,-0.5092598376623374,-0.5092598376623374,-0.5092598376623374,-0.5092598376623374,-0.18072116233766256,-0.18072116233766256,0.06688114292760332,0.3486530662573795,72.0,-0.008715804116883141,-0.0561357048051951,-14.391694415584421,-1.0,10.9445,0,60.0,216.0,8.45215,9.14616,9.6447,10.1089,10.4379,10.6183,10.7191,10.8101,10.8766,10.9445,11.0138,11.0845,11.1859,11.3053,11.5398,12.0535,13.0598,14.858,28.151,12.0808384,1.0,0.0,0.0,,turn,-0.5111192309930138,0.24,0.0,1,27.188,0.0
1330,460.359,7.34779,-0.573602,-0.808743,-0.683982,RECOVERY,-0.5096718506493504,-0.5096718506493504,-0.5096718506493504,-0.5096718506493504,-0.5096718506493504,-0.1743101493506496,-0.1743101493506496,0.06688969620264464,0.34926401447461675,72.0,-0.00868206346753249,-0.0557303892207795,-14.383547662337667,-1.0,10.9212,0,60.0,216.0,8.42185,9.12001,9.61944,10.0843,10.4139,10.5945,10.6955,10.7866,10.8532,10.9212,10.9906,11.0614,11.163,11.2826,11.5175,12.032,13.0402,14.8425,28.1783,12.0878232,1.0,0.0,0.0,,turn,-0.5160212479773452,0.24,0.0,1,27.21,0.0
1331,460.396,7.60593,-0.602012,-0.806948,-0.677847,RECOVERY,-0.5100953084415586,-0.5100953084415586,-0.5100953084415586,-0.5100953084415586,-0.5100953084415586,-0.16775169155844138,-0.16775169155844138,0.0669115530482645,0.35082521773317865,72.0,-0.008647385577922068,-0.055313814870129756,-14.375174610389609,-1.0,10.8979,0,60.0,216.0,8.39088,9.09348,9.5939,10.0596,10.3897,10.5706,10.6718,10.763,10.8297,10.8979,10.9674,11.0383,11.14,11.2599,11.4952,12.0107,13.0211,14.8277,28.2094,12.1084744,1.0,0.0,0.0,,turn,-0.5204922304313911,0.24,0.0,1,27.232,0.0
1332,460.434,7.86823,-0.627828,-0.805078,-0.671562,RECOVERY,-0.5105302110389612,-0.5105302110389612,-0.5105302110389612,-0.5105302110389612,-0.5105302110389612,-0.16103178896103876,-0.16103178896103876,0.06693378207636368,0.35241300545454796,72.0,-0.008611770448051928,-0.054885981753246514,-14.366575259740255,-1.0,10.8742,0,60.0,216.0,8.35918,9.0664,9.56788,10.0344,10.3651,10.5464,10.6477,10.7391,10.8059,10.8742,10.9438,11.0149,11.1168,11.2368,11.4726,11.9892,13.0018,14.8131,28.2429,12.1294584,1.0,0.0,0.0,,turn,-0.5249182923639285,0.24,0.0,1,27.254,0.0
1333,460.473,7.94957,-0.635433,-0.803189,-0.665128,RECOVERY,-0.5109765584415585,-0.5109765584415585,-0.5109765584415585,-0.5109765584415585,-0.5109765584415585,-0.15415144155844152,-0.15415144155844152,0.06694202042280989,0.3530014587721348,72.0,-0.00857521807792207,-0.05444688987012977,-14.35774961038961,-1.0,10.8497,0,60.0,216.0,8.32676,9.03858,9.54109,10.0084,10.3397,10.5213,10.6228,10.7143,10.7813,10.8497,10.9195,10.9906,11.0928,11.213,11.4493,11.9668,12.9817,14.7977,28.2763,12.1359656,1.0,0.0,0.0,,turn,-0.5299469403982928,0.24,0.0,1,27.276,0.0
1334,460.513,8.25965,-0.669065,-0.80119,-0.65853,RECOVERY,-0.5114343506493503,-0.5114343506493503,-0.5114343506493503,-0.5114343506493503,-0.5114343506493503,-0.14709564935064967,-0.14709564935064967,0.06696805539008266,0.35486109929161824,72.0,-0.008537728467532493,-0.05399653922077953,-14.348697662337669,-1.0,10.825,0,60.0,216.0,8.29353,9.01026,9.5139,9.98217,10.3141,10.496,10.5977,10.6894,10.7565,10.825,10.8949,10.9663,11.0686,11.1891,11.4259,11.9445,12.9618,14.7829,28.3135,12.160772,1.0,0.0,0.0,,brake,-0.5344962738513512,0.0,0.34,1,27.298,0.0
1335,460.551,7.29421,-0.535401,-0.799249,-0.652223,RECOVERY,-0.511869253246753,-0.511869253246753,-0.511869253246753,-0.511869253246753,-0.511869253246753,-0.14035374675324697,-0.14035374675324697,0.06689502802876034,0.34964485919716604,72.0,-0.008502113337662353,-0.05356870610389629,-14.340098311688315,-1.0,10.8017,0,60.0,216.0,8.26179,8.98328,9.48804,9.95722,10.2898,10.472,10.5739,10.6658,10.7331,10.8017,10.8717,10.9432,11.0457,11.1665,11.4037,11.9235,12.9432,14.7693,28.3508,12.0835368,1.0,0.0,0.0,,turn,-0.5433377411635135,0.0,0.040000000000000036,1,27.32,0.0
1336,460.586,6.9506,-0.583788,-0.797245,-0.646521,RECOVERY,-0.5122698214285715,-0.5122698214285715,-0.5122698214285715,-0.5122698214285715,-0.5122698214285715,-0.13425117857142854,-0.13425117857142854,0.06687009818842979,0.3478641563164132,72.0,-0.00846930992857142,-0.053174649285714186,-14.332177857142856,-1.0,10.7826,0,60.0,216.0,8.2331,8.95977,9.46586,9.93614,10.2694,10.4521,10.5542,10.6464,10.7138,10.7826,10.8528,10.9244,11.0272,11.1482,11.386,11.9071,12.9296,14.7613,28.3962,12.056048,1.0,0.0,0.0,,turn,-0.5481128874421352,0.22,0.0,1,27.342,0.0
1337,460.621,7.09875,-0.598898,-0.795374,-0.64089,RECOVERY,-0.5126703896103894,-0.5126703896103894,-0.5126703896103894,-0.5126703896103894,-0.5126703896103894,-0.1282196103896106,-0.1282196103896106,0.06688332242148762,0.3488087443919724,72.0,-0.008436506519480542,-0.05278059246753272,-14.324257402597407,-1.0,10.7628,0,60.0,216.0,8.2048,8.93616,9.44341,9.91465,10.2486,10.4317,10.534,10.6263,10.6938,10.7628,10.8331,10.9049,11.0079,11.1292,11.3675,11.8898,12.9147,14.7515,28.4364,12.0679,1.0,0.0,0.0,,turn,-0.5523641050280115,0.24,0.0,1,27.364,0.0
1338,460.657,7.40839,-0.630187,-0.793458,-0.635066,RECOVERY,-0.5130824025974023,-0.5130824025974023,-0.5130824025974023,-0.5130824025974023,-0.5130824025974023,-0.12198359740259768,-0.12198359740259768,0.06690912556462815,0.35065182604486705,72.0,-0.00840276587012989,-0.05237527688311712,-14.316110649350653,-1.0,10.7422,0,60.0,216.0,8.17556,8.91166,9.42009,9.89231,10.2269,10.4104,10.5129,10.6054,10.6731,10.7422,10.8126,10.8846,10.9878,11.1094,11.3482,11.8716,12.8991,14.7411,28.4773,12.0926712,1.0,0.0,0.0,,turn,-0.5560853326106443,0.24,0.0,1,27.386,0.0
1339,460.694,7.48821,-0.635317,-0.791544,-0.62911,RECOVERY,-0.5135058603896105,-0.5135058603896105,-0.5135058603896105,-0.5135058603896105,-0.5135058603896105,-0.1156041396103894,-0.1156041396103894,0.06691714713619834,0.35122479544273777,72.0,-0.008368087980519467,-0.05195870253246738,-14.307737597402594,-1.0,10.7207,0,60.0,216.0,8.14568,8.88646,9.39602,9.86916,10.2044,10.3882,10.4909,10.5836,10.6515,10.7207,10.7913,10.8634,10.9668,11.0886,11.328,11.8526,12.8825,14.7297,28.5173,12.0990568,1.0,0.0,0.0,,turn,-0.5604560240920449,0.24,0.0,1,27.408,0.0
1340,460.732,7.77548,-0.664422,-0.789521,-0.623032,RECOVERY,-0.5139407629870133,-0.5139407629870133,-0.5139407629870133,-0.5139407629870133,-0.5139407629870133,-0.10909123701298673,-0.10909123701298673,0.06694131350611572,0.35295096472255133,72.0,-0.008332472850649328,-0.051530869415584137,-14.299138246753241,-1.0,10.6993,0,60.0,216.0,8.11522,8.86098,9.37179,9.84595,10.1819,10.3661,10.4691,10.5619,10.6299,10.6993,10.7701,10.8423,10.946,11.0681,11.308,11.8339,12.8665,14.7192,28.5617,12.1220384,1.0,0.0,0.0,,turn,-0.5643858853549771,0.24,0.0,1,27.43,0.0
1341,460.771,7.98389,-0.690625,-0.787433,-0.616809,RECOVERY,-0.5143871103896105,-0.5143871103896105,-0.5143871103896105,-0.5143871103896105,-0.5143871103896105,-0.10242188961038956,-0.10242188961038956,0.06695941080429753,0.354243628878394,72.0,-0.00829592048051947,-0.051091777532467395,-14.290312597402595,-1.0,10.6775,0,60.0,216.0,8.08406,8.83494,9.34703,9.82226,10.159,10.3436,10.4468,10.5398,10.608,10.6775,10.7485,10.8209,10.9248,11.0471,11.2876,11.8148,12.8503,14.7088,28.6082,12.1387112,1.0,0.0,0.0,,turn,-0.5682829819348912,0.24,0.0,1,27.452,0.0
1342,460.812,8.09497,-0.698212,-0.785324,-0.61044,RECOVERY,-0.5148563474025974,-0.5148563474025974,-0.5148563474025974,-0.5148563474025974,-0.5148563474025974,-0.09558365259740254,-0.09558365259740254,0.06697005542446285,0.3550039588902037,72.0,-0.00825749362987012,-0.05063016811688301,-14.28103435064935,-1.0,10.655,0,60.0,216.0,8.0522,8.80818,9.32154,9.79782,10.1353,10.3203,10.4237,10.517,10.5853,10.655,10.7261,10.7987,10.9028,11.0255,11.2665,11.795,12.8333,14.6977,28.6549,12.1475976,1.0,0.0,0.0,,brake,-0.5727935303352587,0.0,0.34,1,27.474,0.0
1343,460.85,7.23719,-0.569929,-0.783178,-0.604337,RECOVERY,-0.5152912500000002,-0.5152912500000002,-0.5152912500000002,-0.5152912500000002,-0.5152912500000002,-0.08904574999999981,-0.08904574999999981,0.0669053810555372,0.3503843611097998,72.0,-0.00822187849999998,-0.05020233499999977,-14.272434999999996,-1.0,10.6344,0,60.0,216.0,8.0217,8.78298,9.29773,9.77516,10.1134,10.2989,10.4025,10.496,10.5645,10.6344,10.7057,10.7784,10.8828,11.0058,11.2475,11.7774,12.8187,14.6893,28.7059,12.0789752,1.0,0.0,0.0,,turn,-0.5810452434273983,0.0,0.040000000000000036,1,27.496,0.0
1344,460.885,6.89787,-0.618987,-0.781041,-0.59883,RECOVERY,-0.5156918181818181,-0.5156918181818181,-0.5156918181818181,-0.5156918181818181,-0.5156918181818181,-0.08313818181818189,-0.08313818181818189,0.06688078406247931,0.3486274330342362,72.0,-0.008189075090909102,-0.04980827818181831,-14.264514545454547,-1.0,10.6174,0,60.0,216.0,7.99421,8.76096,9.27721,9.75591,10.0951,10.281,10.3849,10.4787,10.5473,10.6174,10.6889,10.7618,10.8665,10.9898,11.2322,11.7636,12.8082,14.6852,28.7617,12.0518296,1.0,0.0,0.0,,turn,-0.5852455832024114,0.22,0.0,1,27.518,0.0
1345,460.92,7.01525,-0.629002,-0.779037,-0.593377,RECOVERY,-0.5160923863636365,-0.5160923863636365,-0.5160923863636365,-0.5160923863636365,-0.5160923863636365,-0.07728461363636352,-0.07728461363636352,0.06689162095041323,0.3494014964580871,72.0,-0.00815627168181817,-0.04941422136363621,-14.256594090909088,-1.0,10.5996,0,60.0,216.0,7.96702,8.73875,9.25633,9.73616,10.0761,10.2625,10.3666,10.4606,10.5294,10.5996,10.6713,10.7444,10.8493,10.973,11.2159,11.7488,12.7962,14.6793,28.8119,12.06122,1.0,0.0,0.0,,turn,-0.5891038288169163,0.24,0.0,1,27.54,0.0
1346,460.956,7.32801,-0.664812,-0.776986,-0.587783,RECOVERY,-0.5165043993506495,-0.5165043993506495,-0.5165043993506495,-0.5165043993506495,-0.5165043993506495,-0.07127860064935054,-0.07127860064935054,0.06691766616429756,0.35126186887839733,72.0,-0.008122531032467517,-0.04900890577922061,-14.248447337662334,-1.0,10.5814,0,60.0,216.0,7.93916,8.71594,9.23489,9.71585,10.0566,10.2434,10.3478,10.442,10.511,10.5814,10.6532,10.7265,10.8317,10.9556,11.1992,11.7335,12.7839,14.6731,28.8636,12.0862408,1.0,0.0,0.0,,turn,-0.592183791150428,0.24,0.0,1,27.562,0.0
1347,460.994,7.41414,-0.668852,-0.774944,-0.582045,RECOVERY,-0.5169393019480523,-0.5169393019480523,-0.5169393019480523,-0.5169393019480523,-0.5169393019480523,-0.06510569805194777,-0.06510569805194777,0.06692622672991733,0.3518733378512373,72.0,-0.008086915902597377,-0.04858107266233737,-14.23984798701298,-1.0,10.5621,0,60.0,216.0,7.91059,8.69232,9.21257,9.69464,10.0361,10.2234,10.328,10.4225,10.4916,10.5621,10.6341,10.7076,10.8131,10.9373,11.1815,11.7171,12.7705,14.6657,28.914,12.0931312,1.0,0.0,0.0,,turn,-0.5959944468371626,0.24,0.0,1,27.584,0.0
1348,461.032,7.67976,-0.698234,-0.772789,-0.576168,RECOVERY,-0.5173742045454544,-0.5173742045454544,-0.5173742045454544,-0.5173742045454544,-0.5173742045454544,-0.05879379545454566,-0.05879379545454566,0.0669487133461157,0.35347952472254984,72.0,-0.008051300772727291,-0.048153239545454765,-14.231248636363642,-1.0,10.5429,0,60.0,216.0,7.88138,8.66836,9.19003,9.67328,10.0156,10.2033,10.3082,10.4029,10.4722,10.5429,10.6151,10.6888,10.7945,10.9191,11.1639,11.701,12.7576,14.6593,28.969,12.1143808,1.0,0.0,0.0,,turn,-0.5993675711981218,0.24,0.0,1,27.606,0.0
1349,461.071,7.89933,-0.724884,-0.77057,-0.570158,RECOVERY,-0.5178205519480522,-0.5178205519480522,-0.5178205519480522,-0.5178205519480522,-0.5178205519480522,-0.052337448051947844,-0.052337448051947844,0.06696767651272728,0.35483403662337726,72.0,-0.00801474840259738,-0.047714147662337385,-14.222422987012981,-1.0,10.5234,0,60.0,216.0,7.85153,8.64391,9.16703,9.65152,9.99472,10.1829,10.2881,10.383,10.4525,10.5234,10.5958,10.6697,10.7757,10.9006,11.1461,11.6847,12.7446,14.653,29.0265,12.1319464,1.0,0.0,0.0,,turn,-0.602694831455286,0.24,0.0,1,27.628,0.0
1350,461.112,8.00453,-0.732789,-0.768329,-0.564034,RECOVERY,-0.5182897889610392,-0.5182897889610392,-0.5182897889610392,-0.5182897889610392,-0.5182897889610392,-0.04574421103896087,-0.04574421103896087,0.0669778649226446,0.35556178018889967,72.0,-0.00797632155194803,-0.047252538246753004,-14.213144740259736,-1.0,10.5033,0,60.0,216.0,7.82115,8.61892,9.1435,9.62922,9.97329,10.1619,10.2674,10.3626,10.4322,10.5033,10.5759,10.65,10.7563,10.8815,11.1277,11.6679,12.7311,14.6463,29.0844,12.1403624,1.0,0.0,0.0,,brake,-0.6066042188530087,0.0,0.34,1,27.65,0.0
1351,461.15,7.14044,-0.597043,-0.766047,-0.558148,RECOVERY,-0.5187246915584413,-0.5187246915584413,-0.5187246915584413,-0.5187246915584413,-0.5187246915584413,-0.039423308441558724,-0.039423308441558724,0.06691270098115702,0.35090721293978694,72.0,-0.007940706422077944,-0.0468247051298704,-14.204545389610395,-1.0,10.4851,0,60.0,216.0,7.79199,8.59536,9.1215,9.60854,9.95355,10.1427,10.2485,10.3439,10.4138,10.4851,10.5578,10.6321,10.7387,10.8643,11.1112,11.6531,12.7198,14.6422,29.1468,12.0712352,1.0,0.0,0.0,,turn,-0.6144804174641433,0.0,0.040000000000000036,1,27.672,0.0
1352,461.185,6.8024,-0.644483,-0.763797,-0.552852,RECOVERY,-0.5191252597402597,-0.5191252597402597,-0.5191252597402597,-0.5191252597402597,-0.5191252597402597,-0.03372674025974032,-0.03372674025974032,0.06688820329917358,0.34915737851239775,72.0,-0.007907903012987012,-0.0464306483116883,-14.196624935064936,-1.0,10.4703,0,60.0,216.0,7.76581,8.57488,9.1027,9.59117,9.93717,10.1269,10.233,10.3287,10.3988,10.4703,10.5433,10.6178,10.7247,10.8507,11.0984,11.642,12.7124,14.6422,29.2129,12.044192,1.0,0.0,0.0,,turn,-0.6182604009363742,0.22,0.0,1,27.694,0.0
1353,461.22,6.92289,-0.655998,-0.761681,-0.547626,RECOVERY,-0.5195258279220782,-0.5195258279220782,-0.5195258279220782,-0.5195258279220782,-0.5195258279220782,-0.028100172077921703,-0.028100172077921703,0.06689928148198347,0.34994867728453355,72.0,-0.007875099603896079,-0.046036591493506196,-14.188704480519474,-1.0,10.4548,0,60.0,216.0,7.74,8.5543,9.08361,9.57336,9.92028,10.1105,10.2169,10.3128,10.3831,10.4548,10.528,10.6027,10.7099,10.8363,11.0846,11.6299,12.7036,14.6403,29.2735,12.0538312,1.0,0.0,0.0,,turn,-0.6215810521558224,0.24,0.0,1,27.716,0.0
1354,461.256,7.22708,-0.691553,-0.759522,-0.542249,RECOVERY,-0.5199378409090906,-0.5199378409090906,-0.5199378409090906,-0.5199378409090906,-0.5199378409090906,-0.022311159090909416,-0.022311159090909416,0.06692466177719007,0.35176155551357635,72.0,-0.00784135895454548,-0.04563127590909123,-14.180557727272735,-1.0,10.4387,0,60.0,216.0,7.71347,8.53304,9.06387,9.55493,9.90274,10.0935,10.2001,10.2964,10.3668,10.4387,10.5121,10.587,10.6945,10.8212,11.0703,11.6172,12.6944,14.6381,29.3352,12.0781664,1.0,0.0,0.0,,turn,-0.6241415361192125,0.24,0.0,1,27.738,0.0
1355,461.294,7.31265,-0.694848,-0.757373,-0.536756,RECOVERY,-0.5203727435064933,-0.5203727435064933,-0.5203727435064933,-0.5203727435064933,-0.5203727435064933,-0.016383256493506693,-0.016383256493506693,0.06693317889421489,0.3523699210153491,72.0,-0.007805743824675341,-0.04520344279220799,-14.171958376623381,-1.0,10.4218,0,60.0,216.0,7.68638,8.51112,9.04342,9.53572,9.88443,10.0757,10.1826,10.2791,10.3497,10.4218,10.4954,10.5705,10.6783,10.8054,11.0552,11.6036,12.6842,14.6349,29.396,12.085012,1.0,0.0,0.0,,turn,-0.6274292745253006,0.24,0.0,1,27.76,0.0
1356,461.332,7.58092,-0.724027,-0.755115,-0.531114,RECOVERY,-0.520807646103896,-0.520807646103896,-0.520807646103896,-0.520807646103896,-0.520807646103896,-0.010306353896104015,-0.010306353896104015,0.06695587111537188,0.35399079395513355,72.0,-0.007770128694805201,-0.04477560967532475,-14.163359025974028,-1.0,10.4048,0,60.0,216.0,7.65859,8.4888,9.02266,9.51631,9.86598,10.0577,10.165,10.2617,10.3325,10.4048,10.4786,10.554,10.6621,10.7895,11.0401,11.5902,12.6745,14.6325,29.4614,12.1064736,1.0,0.0,0.0,,turn,-0.6302767550196141,0.24,0.0,1,27.782,0.0
1357,461.371,7.78622,-0.751115,-0.752791,-0.525346,RECOVERY,-0.5212539935064933,-0.5212539935064933,-0.5212539935064933,-0.5212539935064933,-0.5212539935064933,-0.004092006493506717,-0.004092006493506717,0.06697372711867769,0.35526622276269126,72.0,-0.007733576324675343,-0.044336517792208006,-14.15453337662338,-1.0,10.3876,0,60.0,216.0,7.63022,8.46603,9.00151,9.49656,9.84721,10.0395,10.147,10.2441,10.3151,10.3876,10.4617,10.5372,10.6456,10.7735,11.0248,11.5767,12.6647,14.6305,29.5294,12.1228976,1.0,0.0,0.0,,turn,-0.6330508024074533,0.24,0.0,1,27.804,0.0
1358,461.412,7.89772,-0.75836,-0.750446,-0.51946,RECOVERY,-0.5217232305194802,-0.5217232305194802,-0.5217232305194802,-0.5217232305194802,-0.5217232305194802,0.002263230519480186,0.002263230519480186,0.06698440432528929,0.3560288803778063,72.0,-0.007695149474025994,-0.043874908376623625,-14.145255129870135,-1.0,10.3698,0,60.0,216.0,7.6013,8.44268,8.97978,9.47622,9.82785,10.0207,10.1285,10.2259,10.2971,10.3698,10.4441,10.5199,10.6286,10.7568,11.0089,11.5626,12.6545,14.6279,29.598,12.1318176,1.0,0.0,0.0,,turn,-0.6364319089148321,0.24,0.0,1,27.826,0.0
1359,461.453,8.18439,-0.795835,-0.747968,-0.513444,RECOVERY,-0.5221924675324672,-0.5221924675324672,-0.5221924675324672,-0.5221924675324672,-0.5221924675324672,0.008748467532467163,0.008748467532467163,0.06700867240760328,0.35776231482880544,72.0,-0.007656722623376647,-0.04341329896103924,-14.13597688311689,-1.0,10.3523,0,60.0,216.0,7.57179,8.41914,8.95798,9.45593,9.80863,10.0021,10.1103,10.2079,10.2794,10.3523,10.4268,10.5028,10.6119,10.7406,10.9935,11.5492,12.6451,14.6269,29.6727,12.1547512,1.0,0.0,0.0,,brake,-0.6391604768876361,0.0,0.34,1,27.848,0.0
1360,461.493,7.19197,-0.637015,-0.745579,-0.507689,RECOVERY,-0.5226502597402597,-0.5226502597402597,-0.5226502597402597,-0.5226502597402597,-0.5226502597402597,0.014961259740259747,0.014961259740259747,0.06693365059801651,0.35240361414403537,72.0,-0.007619233012987017,-0.042962948311688356,-14.126924935064936,-1.0,10.3357,0,60.0,216.0,7.5436,8.39668,8.93721,9.43663,9.79038,9.98441,10.0929,10.1908,10.2625,10.3357,10.4104,10.4867,10.5961,10.7252,10.9789,11.5365,12.6364,14.6264,29.7456,12.0753576,1.0,0.0,0.0,,turn,-0.6469879137173018,0.0,0.040000000000000036,1,27.87,0.0
1361,461.529,6.8546,-0.685613,-0.74314,-0.502502,RECOVERY,-0.5230622727272727,-0.5230622727272727,-0.5230622727272727,-0.5230622727272727,-0.5230622727272727,0.020560272727272677,0.020560272727272677,0.06690925432066121,0.35066102290437107,72.0,-0.007585492363636366,-0.042557632727272754,-14.118778181818183,-1.0,10.3232,0,60.0,216.0,7.5183,8.37751,8.91996,9.42104,9.77597,9.97065,10.0795,10.1778,10.2497,10.3232,10.3981,10.4747,10.5845,10.714,10.9687,11.5283,12.6326,14.6314,29.8263,12.048368,1.0,0.0,0.0,,turn,-0.6503964265125747,0.22,0.0,1,27.892,0.0
1362,461.565,7.0262,-0.710296,-0.74082,-0.497385,RECOVERY,-0.5234742857142857,-0.5234742857142857,-0.5234742857142857,-0.5234742857142857,-0.5234742857142857,0.026089285714285648,0.026089285714285648,0.06692434738512398,0.35173909893742644,72.0,-0.0075517517142857146,-0.04215231714285716,-14.110631428571429,-1.0,10.3101,0,60.0,216.0,7.49335,8.35828,8.9025,9.40513,9.76115,9.95644,10.0656,10.1642,10.2364,10.3101,10.3853,10.4621,10.5723,10.7022,10.9577,11.5193,12.6277,14.6348,29.9021,12.062096,1.0,0.0,0.0,,turn,-0.6528702286747785,0.24,0.0,1,27.914,0.0
1363,461.602,7.28993,-0.73264,-0.738508,-0.492132,RECOVERY,-0.5238977435064932,-0.5238977435064932,-0.5238977435064932,-0.5238977435064932,-0.5238977435064932,0.031765743506493194,0.031765743506493194,0.06694663794082643,0.3533312814876017,72.0,-0.007517073824675346,-0.041735742792208055,-14.102258376623382,-1.0,10.296,0,60.0,216.0,7.46775,8.33828,8.88422,9.38834,9.74542,9.94131,10.0509,10.1497,10.2221,10.296,10.3715,10.4485,10.5591,10.6894,10.9458,11.5092,12.6217,14.637,29.9768,12.0831944,1.0,0.0,0.0,,turn,-0.6551857868964159,0.24,0.0,1,27.936,0.0
1364,461.64,7.37343,-0.734917,-0.736214,-0.486745,RECOVERY,-0.524332646103896,-0.524332646103896,-0.524332646103896,-0.524332646103896,-0.524332646103896,0.03758764610389598,0.03758764610389598,0.06695499445322313,0.35392817523022346,72.0,-0.007481458694805206,-0.041307909675324814,-14.093659025974029,-1.0,10.281,0,60.0,216.0,7.44151,8.31747,8.86506,9.37062,9.72872,9.92519,10.035,10.1342,10.2068,10.281,10.3566,10.4339,10.5448,10.6755,10.9327,11.4981,12.6145,14.6379,30.0499,12.0898744,1.0,0.0,0.0,,turn,-0.658142751720638,0.24,0.0,1,27.958,0.0
1365,461.679,7.66135,-0.768965,-0.733798,-0.481234,RECOVERY,-0.5247789935064932,-0.5247789935064932,-0.5247789935064932,-0.5247789935064932,-0.5247789935064932,0.04354499350649316,0.04354499350649316,0.06697926067603308,0.35566147685950456,72.0,-0.007444906324675348,-0.04086881779220807,-14.084833376623383,-1.0,10.2662,0,60.0,216.0,7.41471,8.29647,8.84582,9.35294,9.71216,9.90924,10.0195,10.1189,10.1918,10.2662,10.3421,10.4196,10.5309,10.6621,10.9201,11.4875,12.6082,14.6403,30.1288,12.112908000000001,1.0,0.0,0.0,,turn,-0.6604248001538423,0.24,0.0,1,27.98,0.0
1366,461.719,7.82451,-0.788539,-0.731339,-0.475634,RECOVERY,-0.5252367857142857,-0.5252367857142857,-0.5252367857142857,-0.5252367857142857,-0.5252367857142857,0.04960278571428567,0.04960278571428567,0.06699389659404963,0.35670689957497254,72.0,-0.007407416714285717,-0.04041846714285719,-14.07578142857143,-1.0,10.2511,0,60.0,216.0,7.38751,8.27512,8.82629,9.33499,9.69534,9.89305,10.0036,10.1034,10.1765,10.2511,10.3273,10.4051,10.5167,10.6484,10.9073,11.4767,12.6018,14.6429,30.2097,12.1259608,1.0,0.0,0.0,,turn,-0.6628835619584601,0.24,0.0,1,28.002,0.0
1367,461.761,7.96322,-0.80016,-0.728835,-0.469916,RECOVERY,-0.5257174675324678,-0.5257174675324678,-0.5257174675324678,-0.5257174675324678,-0.5257174675324678,0.05580146753246784,0.05580146753246784,0.06700673435834711,0.357623882739079,72.0,-0.0073680526233765985,-0.03994559896103867,-14.066276883116878,-1.0,10.2357,0,60.0,216.0,7.35978,8.2533,8.8063,9.31662,9.67812,9.87647,9.98741,10.0875,10.1609,10.2357,10.3122,10.3902,10.5022,10.6343,10.8942,11.4657,12.5953,14.6455,30.2926,12.1370576,1.0,0.0,0.0,,turn,-0.6656844355442149,0.24,0.0,1,28.024,0.0
1368,461.803,8.24091,-0.841119,-0.726193,-0.464067,RECOVERY,-0.5261981493506493,-0.5261981493506493,-0.5261981493506493,-0.5261981493506493,-0.5261981493506493,0.06213114935064934,0.06213114935064934,0.06703035513289257,0.35931108092089714,72.0,-0.007328688532467533,-0.03947273077922078,-14.056772337662338,-1.0,10.2207,0,60.0,216.0,7.33147,8.2313,8.78627,9.29833,9.66109,9.86012,9.97146,10.072,10.1455,10.2207,10.2974,10.3757,10.4882,10.6208,10.8816,11.4554,12.5898,14.6498,30.3822,12.1592728,1.0,0.0,0.0,,brake,-0.6677519864068016,0.0,0.34,1,28.046,0.0
1369,461.843,7.22823,-0.674346,-0.723662,-0.458474,RECOVERY,-0.5266559415584418,-0.5266559415584418,-0.5266559415584418,-0.5266559415584418,-0.5266559415584418,0.06818194155844176,0.06818194155844176,0.06695376141520666,0.35384010108618924,72.0,-0.007291198922077902,-0.0390223801298699,-14.047720389610385,-1.0,10.2063,0,60.0,216.0,7.30444,8.21028,8.76715,9.28088,9.64482,9.84454,9.95626,10.0571,10.1309,10.2063,10.2833,10.3619,10.4748,10.6078,10.8697,11.4456,12.5847,14.6541,30.4688,12.0782584,1.0,0.0,0.0,,turn,-0.6752372114345846,0.0,0.040000000000000036,1,28.068,0.0
1370,461.88,6.89673,-0.715606,-0.721089,-0.453423,RECOVERY,-0.5270793993506493,-0.5270793993506493,-0.5270793993506493,-0.5270793993506493,-0.5270793993506493,0.07365639935064927,0.07365639935064927,0.06692986999371905,0.3521335709799316,72.0,-0.007256521032467534,-0.0386058057792208,-14.039347337662338,-1.0,10.1959,0,60.0,216.0,7.28017,8.19241,8.7514,9.26699,9.63228,9.83273,9.94487,10.0461,10.1202,10.1959,10.2732,10.3521,10.4654,10.599,10.8619,11.4402,12.5843,14.6638,30.5626,12.0517384,1.0,0.0,0.0,,turn,-0.678440297945142,0.22,0.0,1,28.09,0.0
1371,461.917,7.10132,-0.744236,-0.718613,-0.448444,RECOVERY,-0.5275028571428568,-0.5275028571428568,-0.5275028571428568,-0.5275028571428568,-0.5275028571428568,0.07905885714285682,0.07905885714285682,0.066947572067438,0.3533980048169992,72.0,-0.007221843142857165,-0.0381892314285717,-14.030974285714292,-1.0,10.1851,0,60.0,216.0,7.25626,8.17458,8.73556,9.25294,9.61948,9.82063,9.93316,10.0347,10.1091,10.1851,10.2627,10.3419,10.4556,10.5897,10.8535,11.4341,12.583,14.6723,30.6526,12.068105599999999,1.0,0.0,0.0,,turn,-0.6804180868191538,0.24,0.0,1,28.112,0.0
1372,461.955,7.30865,-0.763474,-0.716207,-0.443353,RECOVERY,-0.5278481422077921,-0.5278481422077921,-0.5278481422077921,-0.5278481422077921,-0.5278481422077921,0.08449514220779208,0.08449514220779208,0.0682922012104132,0.44944294360094184,72.0,-0.007194531051948054,-0.03774333168831186,-14.02290220779221,-1.0,10.173,0,60.0,216.0,7.2318,8.15585,8.7187,9.23771,9.60544,9.80726,9.92017,10.0221,10.0967,10.173,10.2508,10.3303,10.4444,10.5789,10.8438,11.4265,12.58,14.6786,30.7385,14.584692,1.0,0.0,0.0,,turn,-0.6823754473912784,0.24,0.0,1,28.134,0.0
1373,461.994,7.42597,-0.770392,-0.713777,-0.438142,RECOVERY,-0.5279931892857144,-0.5279931892857144,-0.5279931892857144,-0.5279931892857144,-0.5279931892857144,0.0898511892857144,0.0898511892857144,0.06827723463130576,0.4483739022361255,72.0,-0.007185894071428564,-0.03724349857142817,-14.01584928571428,-1.0,10.1603,0,60.0,216.0,7.20677,8.13655,8.70126,9.22193,9.59085,9.79333,9.90661,10.0089,10.0838,10.1603,10.2384,10.3181,10.4326,10.5676,10.8334,11.4184,12.5765,14.6845,30.8252,14.5940776,1.0,0.0,0.0,,turn,-0.6847483812086859,0.24,0.0,1,28.156,0.0
1374,462.034,7.71149,-0.805713,-0.711217,-0.432813,RECOVERY,-0.5281419555194805,-0.5281419555194805,-0.5281419555194805,-0.5281419555194805,-0.5281419555194805,0.09532895551948051,0.09532895551948051,0.06826338658343804,0.44738475595985955,72.0,-0.007177035629870131,-0.03673084922077928,-14.008615519480522,-1.0,10.1479,0,60.0,216.0,7.18124,8.11712,8.68383,9.20628,9.57648,9.77968,9.89337,9.99601,10.0712,10.1479,10.2263,10.3064,10.4213,10.5568,10.8236,11.4109,12.5741,14.6922,30.9185,14.6169192,1.0,0.0,0.0,,turn,-0.6864397311593007,0.24,0.0,1,28.178,0.0
1375,462.075,7.84477,-0.820561,-0.708647,-0.427368,RECOVERY,-0.5282944409090908,-0.5282944409090908,-0.5282944409090908,-0.5282944409090908,-0.5282944409090908,0.10092644090909081,0.10092644090909081,0.06824774291659506,0.4462673511853614,72.0,-0.007167955727272728,-0.03620538363636373,-14.00120090909091,-1.0,10.135,0,60.0,216.0,7.15517,8.09709,8.66577,9.18999,9.56145,9.76537,9.87946,9.98247,10.0579,10.135,10.2136,10.294,10.4093,10.5454,10.8132,11.4028,12.571,14.6993,31.012,14.6275816,1.0,0.0,0.0,,turn,-0.6885357799405343,0.24,0.0,1,28.2,0.0
1376,462.117,8.01695,-0.837766,-0.706003,-0.421824,RECOVERY,-0.5284506454545455,-0.5284506454545455,-0.5284506454545455,-0.5284506454545455,-0.5284506454545455,0.10662664545454548,0.10662664545454548,0.06823204189900828,0.4451458499291621,72.0,-0.007158654363636358,-0.03566710181818153,-13.99360545454545,-1.0,10.122,0,60.0,216.0,7.12867,8.0768,8.64753,9.17358,9.54637,9.75101,9.86553,9.96892,10.0446,10.122,10.2009,10.2816,10.3974,10.534,10.8029,11.3949,12.5683,14.7072,31.1093,14.641356,1.0,0.0,0.0,,brake,-0.690721682977403,0.0,0.34,1,28.222,0.0
1377,462.157,7.15362,-0.67549,-0.703354,-0.416502,RECOVERY,-0.5285994116883116,-0.5285994116883116,-0.5285994116883116,-0.5285994116883116,-0.5285994116883116,0.11209741168831161,0.11209741168831161,0.06820774596238019,0.4434104258842989,72.0,-0.007149795922077925,-0.03515445246753264,-13.98637168831169,-1.0,10.1105,0,60.0,216.0,7.10332,8.05777,8.63063,9.15857,9.53272,9.73815,9.85308,9.95687,10.0329,10.1105,10.1898,10.2708,10.387,10.5242,10.7942,11.3887,12.5674,14.7172,31.2095,14.5722896,1.0,0.0,0.0,,turn,-0.6977437825314132,0.0,0.040000000000000036,1,28.244,0.0
1378,462.193,6.80932,-0.738105,-0.700761,-0.411715,RECOVERY,-0.5287333012987012,-0.5287333012987012,-0.5287333012987012,-0.5287333012987012,-0.5287333012987012,0.11701830129870122,0.11701830129870122,0.0681898146589091,0.44212961849350596,72.0,-0.007141823324675327,-0.03469306805194821,-13.979861298701302,-1.0,10.1021,0,60.0,216.0,7.08067,8.0415,8.61657,9.14649,9.52207,9.72829,9.84368,9.94788,10.0242,10.1021,10.1817,10.263,10.3798,10.5175,10.7886,11.3857,12.5698,14.7306,31.3116,14.5447456,1.0,0.0,0.0,,turn,-0.6999141808619369,0.22,0.0,1,28.266,0.0
1379,462.23,6.89461,-0.739088,-0.698314,-0.407015,RECOVERY,-0.5288709100649351,-0.5288709100649351,-0.5288709100649351,-0.5288709100649351,-0.5288709100649351,0.12185591006493512,0.12185591006493512,0.06817537902350415,0.441098501678867,72.0,-0.007133629266233761,-0.034218867402597115,-13.973170064935061,-1.0,10.093,0,60.0,216.0,7.0584,8.02514,8.60223,9.13398,9.51087,9.71782,9.83362,9.9382,10.0148,10.093,10.1729,10.2545,10.3717,10.5099,10.7821,11.3816,12.5709,14.7419,31.4071,14.5515688,1.0,0.0,0.0,,turn,-0.7020542405275361,0.24,0.0,1,28.288,0.0
1380,462.267,7.18852,-0.7766,-0.695834,-0.40218,RECOVERY,-0.5290085188311688,-0.5290085188311688,-0.5290085188311688,-0.5290085188311688,-0.5290085188311688,0.12682851883116886,0.12682851883116886,0.06816284062320663,0.440202901657616,72.0,-0.007125435207792207,-0.03374466675324675,-13.966478831168832,-1.0,10.0833,0,60.0,216.0,7.0355,8.00817,8.58729,9.12087,9.49907,9.70677,9.82299,9.92795,10.0048,10.0833,10.1635,10.2454,10.363,10.5018,10.775,11.377,12.5714,14.753,31.504,14.5750816,1.0,0.0,0.0,,turn,-0.7032461034004638,0.24,0.0,1,28.31,0.0
1381,462.306,7.27803,-0.778459,-0.693369,-0.39725,RECOVERY,-0.5291535659090908,-0.5291535659090908,-0.5291535659090908,-0.5291535659090908,-0.5291535659090908,0.1319035659090908,0.1319035659090908,0.0681476211339835,0.439115795284535,72.0,-0.00711679822727273,-0.03324483363636379,-13.959425909090912,-1.0,10.0729,0,60.0,216.0,7.01215,7.9906,8.57171,9.10706,9.48656,9.69497,9.81161,9.91694,9.99409,10.0729,10.1534,10.2356,10.3536,10.4929,10.7672,11.3716,12.5711,14.763,31.5997,14.5822424,1.0,0.0,0.0,,turn,-0.7051754451921762,0.24,0.0,1,28.332,0.0
1382,462.345,7.52429,-0.807863,-0.690799,-0.392209,RECOVERY,-0.5292986129870131,-0.5292986129870131,-0.5292986129870131,-0.5292986129870131,-0.5292986129870131,0.1370896129870131,0.1370896129870131,0.06813382716294213,0.43813051163872313,72.0,-0.007108161246753239,-0.03274500051948011,-13.952372987012982,-1.0,10.0627,0,60.0,216.0,6.98833,7.97285,8.55604,9.09328,9.47415,9.68333,9.8004,9.90613,9.98358,10.0627,10.1435,10.226,10.3445,10.4843,10.7597,11.3666,12.5715,14.7745,31.7016,14.601943200000001,1.0,0.0,0.0,,turn,-0.706592622473027,0.24,0.0,1,28.354,0.0
1383,462.386,7.72788,-0.835462,-0.68816,-0.387051,RECOVERY,-0.5294510983766234,-0.5294510983766234,-0.5294510983766234,-0.5294510983766234,-0.5294510983766234,0.14240009837662343,0.14240009837662343,0.06811882291034706,0.437058779310504,72.0,-0.007099081344155838,-0.03221953493506456,-13.944958376623372,-1.0,10.0523,0,60.0,216.0,6.964,7.95473,8.54007,9.07926,9.46154,9.67152,9.78905,9.89518,9.97293,10.0523,10.1335,10.2163,10.3353,10.4757,10.7522,11.3618,12.5723,14.7866,31.808,14.6182304,1.0,0.0,0.0,,turn,-0.7078894377397502,0.24,0.0,1,28.376,0.0
1384,462.428,7.83805,-0.841817,-0.685502,-0.381806,RECOVERY,-0.5296073029220779,-0.5296073029220779,-0.5296073029220779,-0.5296073029220779,-0.5296073029220779,0.14780130292207794,0.14780130292207794,0.06810255796049586,0.4358969971782753,72.0,-0.00708977998051948,-0.03168125311688308,-13.937362922077922,-1.0,10.0416,0,60.0,216.0,6.93927,7.93621,8.5237,9.06484,9.44854,9.65931,9.77729,9.88383,9.96189,10.0416,10.123,10.2062,10.3257,10.4667,10.7444,11.3565,12.5727,14.7986,31.9166,14.627044,1.0,0.0,0.0,,turn,-0.7097890540411051,0.24,0.0,1,28.398,0.0
1385,462.471,8.10615,-0.879538,-0.682707,-0.376447,RECOVERY,-0.5297672266233766,-0.5297672266233766,-0.5297672266233766,-0.5297672266233766,-0.5297672266233766,0.15332022662337663,0.15332022662337663,0.06808731814429754,0.43480843887839515,72.0,-0.007080257155844153,-0.031130155064934946,-13.929586623376622,-1.0,10.0314,0,60.0,216.0,6.91409,7.91761,8.50741,9.05065,9.43587,9.6475,9.76596,9.87295,9.95133,10.0314,10.1132,10.1967,10.3167,10.4583,10.7372,11.3522,12.5745,14.8126,32.0339,14.648492,1.0,0.0,0.0,,brake,-0.71098372333562,0.0,0.34,1,28.42,0.0
1386,462.511,7.12247,-0.700028,-0.68003,-0.371333,RECOVERY,-0.529915992857143,-0.529915992857143,-0.529915992857143,-0.529915992857143,-0.529915992857143,0.15858299285714295,0.15858299285714295,0.06806192771890904,0.4329948370649312,72.0,-0.007071398714285707,-0.03061750571428533,-13.922352857142853,-1.0,10.0218,0,60.0,216.0,6.8901,7.8999,8.49193,9.03718,9.42387,9.63632,9.75524,9.86266,9.94136,10.0218,10.1039,10.1878,10.3082,10.4504,10.7305,11.3483,12.5764,14.8265,32.1483,14.5697976,1.0,0.0,0.0,,turn,-0.7178900066675356,0.0,0.040000000000000036,1,28.442,0.0
1387,462.548,6.77559,-0.748389,-0.677329,-0.36671,RECOVERY,-0.5300536016233767,-0.5300536016233767,-0.5300536016233767,-0.5300536016233767,-0.5300536016233767,0.1633436016233767,0.1633436016233767,0.06804356183666115,0.4316829883329386,72.0,-0.007063204655844154,-0.030143305064934962,-13.915661623376621,-1.0,10.0157,0,60.0,216.0,6.86863,7.88507,8.47952,9.02698,9.41525,9.6286,9.74803,9.85591,9.93495,10.0157,10.0982,10.1824,10.3035,10.4463,10.7277,11.3483,12.5826,14.8452,32.2701,14.5420472,1.0,0.0,0.0,,turn,-0.7201394214336635,0.22,0.0,1,28.464,0.0
1388,462.585,6.95405,-0.767021,-0.674723,-0.362177,RECOVERY,-0.5301912103896103,-0.5301912103896103,-0.5301912103896103,-0.5301912103896103,-0.5301912103896103,0.16801421038961023,0.16801421038961023,0.06802997350925617,0.43071239351829727,72.0,-0.0070550105974026,-0.029669104415584596,-13.908970389610392,-1.0,10.0094,0,60.0,216.0,6.84758,7.87037,8.46712,9.01668,9.4065,9.6207,9.74063,9.84894,9.92831,10.0094,10.0922,10.1768,10.2984,10.4418,10.7244,11.3479,12.5882,14.8629,32.3888,14.556324,1.0,0.0,0.0,,turn,-0.7214796652447919,0.24,0.0,1,28.486,0.0
1389,462.624,7.17003,-0.794191,-0.672196,-0.357532,RECOVERY,-0.5303362574675325,-0.5303362574675325,-0.5303362574675325,-0.5303362574675325,-0.5303362574675325,0.17280425746753253,0.17280425746753253,0.06801590416538839,0.42970744038488423,72.0,-0.00704637361688311,-0.029169271298700915,-13.901917467532462,-1.0,10.0016,0,60.0,216.0,6.82594,7.85471,8.45362,9.00515,9.39639,9.6114,9.73178,9.84053,9.9202,10.0016,10.0847,10.1697,10.2917,10.4357,10.7195,11.3457,12.5917,14.878,32.5037,14.5736024,1.0,0.0,0.0,,turn,-0.7224299638930209,0.24,0.0,1,28.508,0.0
1390,462.663,7.28804,-0.798658,-0.669655,-0.352782,RECOVERY,-0.5304813045454546,-0.5304813045454546,-0.5304813045454546,-0.5304813045454546,-0.5304813045454546,0.17769930454545463,0.17769930454545463,0.06800094386128921,0.42863884723494355,72.0,-0.007037736636363632,-0.028669438181817955,-13.894864545454542,-1.0,9.99326,0,60.0,216.0,6.80382,7.83852,8.43957,8.99307,9.38575,9.60156,9.7224,9.83156,9.91155,9.99326,10.0767,10.162,10.2845,10.4291,10.7141,11.343,12.5948,14.8928,32.6204,14.5830432,1.0,0.0,0.0,,turn,-0.723943400079348,0.24,0.0,1,28.53,0.0
1391,462.703,7.56131,-0.834377,-0.666981,-0.347935,RECOVERY,-0.5306300707792206,-0.5306300707792206,-0.5306300707792206,-0.5306300707792206,-0.5306300707792206,0.18269507077922065,0.18269507077922065,0.06798698440928926,0.42764174352066053,72.0,-0.007028878194805199,-0.02815678883116907,-13.887630779220784,-1.0,9.98555,0,60.0,216.0,6.78133,7.82235,8.42571,8.98132,9.37555,9.59223,9.71356,9.82318,9.90349,9.98555,10.0694,10.155,10.2781,10.4233,10.7095,11.3413,12.5993,14.9099,32.7465,14.6049048,1.0,0.0,0.0,,turn,-0.7247294267301523,0.24,0.0,1,28.552,0.0
1392,462.744,7.70168,-0.851801,-0.664296,-0.34298,RECOVERY,-0.5307825561688313,-0.5307825561688313,-0.5307825561688313,-0.5307825561688313,-0.5307825561688313,0.1878025561688313,0.1878025561688313,0.06797119949795036,0.426514249853597,72.0,-0.007019798292207784,-0.02763132324675279,-13.880216168831163,-1.0,9.97723,0,60.0,216.0,6.75834,7.80563,8.41127,8.96899,9.36474,9.58229,9.70411,9.81419,9.89483,9.97723,10.0614,10.1474,10.271,10.4168,10.7043,11.339,12.6032,14.9265,32.8745,14.6161344,1.0,0.0,0.0,,turn,-0.7258336022574579,0.24,0.0,1,28.574,0.0
1393,462.786,7.86426,-0.865442,-0.661546,-0.337932,RECOVERY,-0.5309387607142857,-0.5309387607142857,-0.5309387607142857,-0.5309387607142857,-0.5309387607142857,0.19300676071428569,0.19300676071428569,0.06795473496085946,0.42533821148996137,72.0,-0.007010496928571426,-0.027093041428571316,-13.872620714285713,-1.0,9.96891,0,60.0,216.0,6.73495,7.78864,8.39664,8.95652,9.35386,9.57231,9.69465,9.80516,9.88616,9.96891,10.0535,10.1398,10.2639,10.4105,10.6993,11.3369,12.6075,14.9439,33.0081,14.6291408,1.0,0.0,0.0,,turn,-0.7271712570578339,0.24,0.0,1,28.596,0.0
1394,462.83,8.11726,-0.904093,-0.658669,-0.332788,RECOVERY,-0.5311024035714285,-0.5311024035714285,-0.5311024035714285,-0.5311024035714285,-0.5311024035714285,0.1983144035714285,0.1983144035714285,0.06793815697904129,0.4241540699315205,72.0,-0.007000752642857144,-0.02652912714285725,-13.864663571428574,-1.0,9.96119,0,60.0,216.0,6.71122,7.77168,8.38218,8.94438,9.34341,9.56282,9.68569,9.79671,9.87807,9.96119,10.0461,10.1329,10.2576,10.4048,10.695,11.3358,12.6133,14.9636,33.1515,14.6493808,1.0,0.0,0.0,,brake,-0.7278365529819768,0.0,0.34,1,28.618,0.0
1395,462.871,7.09766,-0.72212,-0.655945,-0.327898,RECOVERY,-0.5312548889610389,-0.5312548889610389,-0.5312548889610389,-0.5312548889610389,-0.5312548889610389,0.20335688896103887,0.20335688896103887,0.06791252749193388,0.42232339228099136,72.0,-0.006991672740259742,-0.026003661558441703,-13.857248961038962,-1.0,9.95378,0,60.0,216.0,6.68868,7.7555,8.36838,8.93277,9.3334,9.55371,9.6771,9.78859,9.8703,9.95378,10.0391,10.1262,10.2515,10.3993,10.6909,11.3347,12.6187,14.9822,33.2894,14.5678128,1.0,0.0,0.0,,turn,-0.7343536501331511,0.0,0.040000000000000036,1,28.64,0.0
1396,462.909,6.7832,-0.765376,-0.653148,-0.323488,RECOVERY,-0.5313962168831169,-0.5313962168831169,-0.5313962168831169,-0.5313962168831169,-0.5313962168831169,0.2079082168831169,0.2079082168831169,0.06789388744198344,0.4209919601416737,72.0,-0.006983257220779221,-0.025516644675324676,-13.850376883116883,-1.0,9.95043,0,60.0,216.0,6.66864,7.7424,8.35793,8.92476,9.32718,9.54849,9.67245,9.78446,9.86655,9.95043,10.0361,10.1237,10.2496,10.3981,10.6911,11.3383,12.6293,15.007,33.4387,14.542656000000001,1.0,0.0,0.0,,turn,-0.7362930286505973,0.22,0.0,1,28.662,0.0
1397,462.946,6.99014,-0.797353,-0.65049,-0.319145,RECOVERY,-0.5315338256493507,-0.5315338256493507,-0.5315338256493507,-0.5315338256493507,-0.5315338256493507,0.2123888256493507,0.2123888256493507,0.06787989974294213,0.41999283878158017,72.0,-0.006975063162337655,-0.02504244402597358,-13.843685649350643,-1.0,9.94625,0,60.0,216.0,6.64887,7.72909,8.34709,8.9162,9.3203,9.54256,9.66705,9.77954,9.862,9.94625,10.0323,10.1203,10.2467,10.396,10.6903,11.3406,12.6383,15.0295,33.5817,14.5592112,1.0,0.0,0.0,,turn,-0.736911067187227,0.24,0.0,1,28.684,0.0
1398,462.985,7.16665,-0.811385,-0.647908,-0.31471,RECOVERY,-0.5316788727272728,-0.5316788727272728,-0.5316788727272728,-0.5316788727272728,-0.5316788727272728,0.21696887272727278,0.21696887272727278,0.06786481841578511,0.41891560112750736,72.0,-0.006966426181818176,-0.02454261090909063,-13.836632727272724,-1.0,9.94072,0,60.0,216.0,6.6286,7.71493,8.33526,8.90653,9.3122,9.53535,9.66036,9.77331,9.85612,9.94072,10.0272,10.1155,10.2425,10.3924,10.688,11.3414,12.6455,15.0497,33.7212,14.573332,1.0,0.0,0.0,,turn,-0.7376998980311462,0.24,0.0,1,28.706,0.0
1399,463.024,7.29412,-0.818227,-0.645297,-0.310172,RECOVERY,-0.5318239198051948,-0.5318239198051948,-0.5318239198051948,-0.5318239198051948,-0.5318239198051948,0.22165191980519483,0.22165191980519483,0.06784933933775203,0.4178099526965732,72.0,-0.006957789201298699,-0.02404277779220767,-13.829579805194804,-1.0,9.93479,0,60.0,216.0,6.60786,7.70032,8.32298,8.89642,9.3037,9.52774,9.65326,9.76668,9.84983,9.93479,10.0216,10.1103,10.2378,10.3884,10.6854,11.3417,12.6523,15.0698,33.8641,14.5835296,1.0,0.0,0.0,,turn,-0.7388126659518356,0.24,0.0,1,28.728,0.0
1400,463.065,7.56823,-0.853957,-0.642556,-0.305518,RECOVERY,-0.5319764051948052,-0.5319764051948052,-0.5319764051948052,-0.5319764051948052,-0.5319764051948052,0.22645840519480515,0.22645840519480515,0.06783420280100828,0.4167287715005916,72.0,-0.006948709298701297,-0.023517312207792126,-13.822165194805194,-1.0,9.92938,0,60.0,216.0,6.58668,7.68561,8.31077,8.88654,9.29552,9.52052,9.64659,9.76052,9.84404,9.92938,10.0166,10.1057,10.2338,10.3851,10.6835,11.3431,12.6606,15.0922,34.0177,14.6054584,1.0,0.0,0.0,,turn,-0.7391936987616975,0.24,0.0,1,28.75,0.0
1401,463.107,7.68331,-0.863791,-0.639821,-0.300785,RECOVERY,-0.5321326097402599,-0.5321326097402599,-0.5321326097402599,-0.5321326097402599,-0.5321326097402599,0.23134760974025986,0.23134760974025986,0.06781735300358673,0.4155252145419089,72.0,-0.006939407935064926,-0.022979030389609918,-13.814569740259733,-1.0,9.9234,0,60.0,216.0,6.56512,7.67045,8.29807,8.87612,9.28679,9.51275,9.63937,9.75379,9.83768,9.9234,10.011,10.1005,10.2292,10.3812,10.6809,11.3438,12.6683,15.114,34.1731,14.6146648,1.0,0.0,0.0,,turn,-0.7400972596294451,0.24,0.0,1,28.772,0.0
1402,463.149,7.87444,-0.88412,-0.636997,-0.295966,RECOVERY,-0.5322888142857143,-0.5322888142857143,-0.5322888142857143,-0.5322888142857143,-0.5322888142857143,0.23632281428571428,0.23632281428571428,0.06780112002823144,0.41436571630224456,72.0,-0.006930106571428569,-0.022440748571428443,-13.806974285714285,-1.0,9.91774,0,60.0,216.0,6.54324,7.65519,8.28537,8.86582,9.27826,9.50523,9.63241,9.74735,9.83161,9.91774,10.0057,10.0957,10.225,10.3777,10.6789,11.3451,12.6769,15.1374,34.337,14.6299552,1.0,0.0,0.0,,turn,-0.7408790426591891,0.24,0.0,1,28.794,0.0
1403,463.193,8.11076,-0.921613,-0.634061,-0.291056,RECOVERY,-0.532452457142857,-0.532452457142857,-0.532452457142857,-0.532452457142857,-0.532452457142857,0.24139645714285707,0.24139645714285707,0.06778440675920659,0.41317191137189885,72.0,-0.006920362285714287,-0.021876834285714377,-13.799017142857144,-1.0,9.91259,0,60.0,216.0,6.52103,7.6399,8.27279,8.85577,9.27008,9.4981,9.62588,9.74138,9.82606,9.91259,10.001,10.0914,10.2214,10.3748,10.6776,11.3474,12.6868,15.1629,34.5114,14.6488608,1.0,0.0,0.0,,brake,-0.7410855475104918,0.0,0.34,1,28.816,0.0
1404,463.235,7.0858,-0.739404,-0.63127,-0.286386,RECOVERY,-0.5326086616883118,-0.5326086616883118,-0.5326086616883118,-0.5326086616883118,-0.5326086616883118,0.2462226616883118,0.2462226616883118,0.06775831038942148,0.41130788495867654,72.0,-0.006911060922077917,-0.02133855246753217,-13.791421688311685,-1.0,9.90773,0,60.0,216.0,6.49993,7.62537,8.26084,8.84624,9.26232,9.49136,9.61971,9.73573,9.82079,9.90773,9.99659,10.0874,10.218,10.3722,10.6764,11.3497,12.6964,15.1875,34.6803,14.566864,1.0,0.0,0.0,,turn,-0.7471581824539868,0.0,0.040000000000000036,1,28.838,0.0
1405,463.273,6.799,-0.782037,-0.628407,-0.282169,RECOVERY,-0.5327499896103897,-0.5327499896103897,-0.5327499896103897,-0.5327499896103897,-0.5327499896103897,0.25058098961038966,0.25058098961038966,0.06773989468264462,0.40999247733175787,72.0,-0.0069026454025973944,-0.020851535584415142,-13.784549610389604,-1.0,9.90684,0,60.0,216.0,6.48121,7.61378,8.25213,8.84021,9.25825,9.48839,9.61738,9.73398,9.81947,9.90684,9.99615,10.0874,10.2187,10.3737,10.6796,11.3565,12.7111,15.2181,34.8615,14.54392,1.0,0.0,0.0,,turn,-0.7486947920325151,0.22,0.0,1,28.86,0.0
1406,463.311,6.9542,-0.797921,-0.625735,-0.278012,RECOVERY,-0.5328913175324674,-0.5328913175324674,-0.5328913175324674,-0.5328913175324674,-0.5328913175324674,0.25487931753246745,0.25487931753246745,0.06772506392462811,0.40893313747343574,72.0,-0.006894229883116885,-0.020364518701298847,-13.777677532467536,-1.0,9.90452,0,60.0,216.0,6.46266,7.60172,8.24266,8.83318,9.25302,9.48417,9.61375,9.73087,9.81675,9.90452,9.99426,10.086,10.2178,10.3736,10.6809,11.3613,12.7232,15.245,35.032,14.556336,1.0,0.0,0.0,,turn,-0.7494250670723558,0.24,0.0,1,28.882,0.0
1407,463.35,7.19811,-0.832389,-0.623065,-0.273751,RECOVERY,-0.5330363646103897,-0.5330363646103897,-0.5330363646103897,-0.5330363646103897,-0.5330363646103897,0.2592853646103897,0.2592853646103897,0.06771052926160327,0.40789494725737574,72.0,-0.0068855929025973955,-0.019864685584415162,-13.770624610389605,-1.0,9.90149,0,60.0,216.0,6.44361,7.58905,8.23256,8.82548,9.2471,9.47926,9.60941,9.72705,9.81332,9.90149,9.99163,10.0838,10.2162,10.3727,10.6816,11.3653,12.7346,15.2711,35.2045,14.5758488,1.0,0.0,0.0,,turn,-0.7494262933874951,0.24,0.0,1,28.904,0.0
1408,463.39,7.29174,-0.829509,-0.620426,-0.269412,RECOVERY,-0.5331851308441558,-0.5331851308441558,-0.5331851308441558,-0.5331851308441558,-0.5331851308441558,0.26377313084415577,0.26377313084415577,0.0676943523069091,0.4067394504935067,72.0,-0.006876734461038961,-0.019352036233766273,-13.763390844155845,-1.0,9.89764,0,60.0,216.0,6.42416,7.5758,8.22179,8.81706,9.24042,9.47356,9.60426,9.72243,9.80907,9.89764,9.98818,10.0807,10.2138,10.371,10.6813,11.3684,12.7449,15.2961,35.3772,14.5833392,1.0,0.0,0.0,,turn,-0.7502991303872482,0.24,0.0,1,28.926,0.0
1409,463.431,7.55551,-0.864723,-0.617652,-0.264974,JOIN_RACELINE,-0.5333376162337662,-0.5333376162337662,-0.5333376162337662,-0.5333376162337662,-0.5333376162337662,0.2683636162337662,0.2683636162337662,0.06767913190507437,0.40565227893388245,72.0,-0.0068676545584415594,-0.018826570649350727,-13.755976233766235,-1.0,9.89451,0,60.0,216.0,6.40437,7.5626,8.21126,8.80903,9.23425,9.46846,9.59976,9.71847,9.80552,9.89451,9.98548,10.0785,10.2122,10.3702,10.682,11.3727,12.7569,15.3238,35.563,14.6044408,1.0,0.0,0.0,,brake,-0.7987375999781341,0.0,0.12,1,28.948,0.0
1410,463.472,7.17966,-0.873836,-0.614399,-0.260661,JOIN_RACELINE,-0.5334901016233765,-0.5334901016233765,-0.5334901016233765,-0.5334901016233765,-0.5334901016233765,0.27282910162337654,0.27282910162337654,0.06765872370928927,0.40419455066351845,72.0,-0.006858574655844158,-0.018301105064935184,-13.748561623376625,-1.0,9.8973,0,60.0,216.0,6.3857,7.55233,8.20446,8.80552,9.23314,9.46871,9.60078,9.7202,9.80777,9.8973,9.98882,10.0824,10.2169,10.3759,10.6897,11.3849,12.7787,15.3648,35.7925,14.5743728,1.0,0.0,0.0,,brake,-0.8210192959899416,0.0,0.12,1,28.97,0.0
1411,463.511,6.74375,-0.852968,-0.611224,-0.256657,JOIN_RACELINE,-0.5336351487012988,-0.5336351487012988,-0.5336351487012988,-0.5336351487012988,-0.5336351487012988,0.2769781487012988,0.2769781487012988,0.06763867520041324,0.402762514315231,72.0,-0.006849937675324667,-0.0178012719480515,-13.741508701298695,-1.0,9.9016,0,60.0,216.0,6.36857,7.54354,8.19918,8.80351,9.23356,9.47047,9.60332,9.72344,9.81155,9.9016,9.99368,10.0878,10.2232,10.3831,10.6989,11.3987,12.802,15.4072,36.023,14.5395,1.0,0.0,0.0,,brake,-0.831268876155373,0.0,0.12,1,28.992,0.0
1412,463.547,6.33114,-0.803766,-0.60805,-0.25292,JOIN_RACELINE,-0.5337690383116884,-0.5337690383116884,-0.5337690383116884,-0.5337690383116884,-0.5337690383116884,0.28084903831168845,0.28084903831168845,0.06762008589914045,0.40143470708146084,72.0,-0.00684196507792207,-0.017339887532467062,-13.734998311688305,-1.0,9.90794,0,60.0,216.0,6.35282,7.53634,8.1956,8.80333,9.23586,9.47419,9.60783,9.72869,9.81732,9.90794,10.0006,10.0953,10.2315,10.3925,10.7103,11.4147,12.8279,15.4525,36.2603,14.5064912,1.0,0.0,0.0,,brake,-0.8359836830314715,0.0,0.12,1,29.014,0.0
1413,463.581,5.89995,-0.755016,-0.605142,-0.249432,JOIN_RACELINE,-0.5338954896103897,-0.5338954896103897,-0.5338954896103897,-0.5338954896103897,-0.5338954896103897,0.2844634896103897,0.2844634896103897,0.06760219271842974,0.4001566227449813,72.0,-0.006834435402597396,-0.016904135584415215,-13.728849610389606,-1.0,9.91339,0,60.0,216.0,6.33812,7.52941,8.19198,8.80282,9.23763,9.47725,9.61162,9.73314,9.82227,9.91339,10.0066,10.1018,10.2388,10.4007,10.7204,11.429,12.8513,15.4939,36.4817,14.471996,1.0,0.0,0.0,,brake,-0.8381524941944769,0.0,0.12,1,29.036,0.0
1414,463.614,5.54777,-0.717657,-0.602469,-0.246209,JOIN_RACELINE,-0.5340182217532466,-0.5340182217532466,-0.5340182217532466,-0.5340182217532466,-0.5340182217532466,0.28780922175324664,0.28780922175324664,0.06758536377667772,0.3989545554769798,72.0,-0.006827127188311691,-0.016481199870130032,-13.722881753246755,-1.0,9.91837,0,60.0,216.0,6.32454,7.52297,8.18858,8.80228,9.2392,9.48001,9.61506,9.7372,9.82678,9.91837,10.012,10.1078,10.2455,10.4082,10.7297,11.4423,12.8729,15.5321,36.689,14.4438216,1.0,0.0,0.0,,brake,-0.8391501473294594,0.0,0.12,1,29.058,0.0
1415,463.644,5.20161,-0.678707,-0.599945,-0.243236,JOIN_RACELINE,-0.5341297964285715,-0.5341297964285715,-0.5341297964285715,-0.5341297964285715,-0.5341297964285715,0.2908937964285715,0.2908937964285715,0.067569853888876,0.3978467063482856,72.0,-0.006820483357142853,-0.016096712857142634,-13.717456428571426,-1.0,9.92367,0,60.0,216.0,6.3121,7.51733,8.18585,8.80229,9.24123,9.48319,9.61888,9.74161,9.83164,9.92367,10.0178,10.114,10.2524,10.416,10.7391,11.4554,12.8941,15.5692,36.8887,14.4161288,1.0,0.0,0.0,,brake,-0.8396090677715513,0.0,0.12,1,29.08,0.0
1416,463.671,4.78052,-0.628787,-0.59755,-0.240484,JOIN_RACELINE,-0.5342302136363636,-0.5342302136363636,-0.5342302136363636,-0.5342302136363636,-0.5342302136363636,0.29374621363636355,0.29374621363636355,0.06755500649031405,0.3967861778795747,72.0,-0.006814503909090908,-0.01575067454545449,-13.712573636363636,-1.0,9.92928,0,60.0,216.0,6.30067,7.5124,8.18373,8.80281,9.2437,9.48674,9.62306,9.74637,9.83681,9.92928,10.0238,10.1205,10.2596,10.424,10.7486,11.4686,12.915,15.6054,37.0819,14.3824416,1.0,0.0,0.0,,brake,-0.8398201711749136,0.0,0.12,1,29.102,0.0
1417,463.697,4.30295,-0.573262,-0.59537,-0.237974,JOIN_RACELINE,-0.5343269116883117,-0.5343269116883117,-0.5343269116883117,-0.5343269116883117,-0.5343269116883117,0.2963529116883117,0.2963529116883117,0.06754012440603303,0.3957231718595016,72.0,-0.006808745922077919,-0.015417452467532278,-13.707871688311686,-1.0,9.93441,0,60.0,216.0,6.29026,7.50791,8.1818,8.8033,9.24596,9.49,9.6269,9.75073,9.84154,9.93441,10.0294,10.1265,10.2662,10.4312,10.7574,11.4807,12.9341,15.6385,37.2604,14.344236,1.0,0.0,0.0,,brake,-0.8399172787404603,0.0,0.12,1,29.124,0.0
1418,463.72,3.87172,-0.516151,-0.593468,-0.2357,JOIN_RACELINE,-0.5344124522727274,-0.5344124522727274,-0.5344124522727274,-0.5344124522727274,-0.5344124522727274,0.29871245227272736,0.29871245227272736,0.06752688840089255,0.39477774292089596,72.0,-0.006803652318181809,-0.015122679090908586,-13.703712272727266,-1.0,9.93834,0,60.0,216.0,6.28078,7.50352,8.17962,8.80319,9.24739,9.4923,9.62969,9.75396,9.84512,9.93834,10.0336,10.1311,10.2713,10.437,10.7644,11.4907,12.9502,15.6668,37.4178,14.3097376,1.0,0.0,0.0,,brake,-0.8399619482206118,0.0,0.12,1,29.146,0.0
1419,463.741,3.53399,-0.465854,-0.591831,-0.233658,JOIN_RACELINE,-0.5344905545454545,-0.5344905545454545,-0.5344905545454545,-0.5344905545454545,-0.5344905545454545,0.30083255454545443,0.30083255454545443,0.06751525756847937,0.3939469691770976,72.0,-0.006799001636363637,-0.01485353818181821,-13.699914545454545,-1.0,9.94112,0,60.0,216.0,6.27219,7.49925,8.17721,8.80255,9.24806,9.49371,9.63152,9.75617,9.84761,9.94112,10.0367,10.1345,10.2752,10.4414,10.7699,11.4986,12.9634,15.6905,37.5544,14.2827192,1.0,0.0,0.0,,brake,-0.8399824961814815,0.0,0.12,1,29.168,0.0
1420,463.76,3.1883,-0.421904,-0.590352,-0.231845,JOIN_RACELINE,-0.5345612185064935,-0.5345612185064935,-0.5345612185064935,-0.5345612185064935,-0.5345612185064935,0.30271621850649355,0.30271621850649355,0.06750440899272728,0.3931720709090907,72.0,-0.006794793876623376,-0.014610029740259697,-13.696478506493506,-1.0,9.94391,0,60.0,216.0,6.26461,7.49559,8.17526,8.80221,9.24891,9.49523,9.63344,9.75844,9.85013,9.94391,10.0398,10.1379,10.2789,10.4457,10.7751,11.5061,12.9757,15.7124,37.6795,14.255064,1.0,0.0,0.0,,brake,-0.8399919482434814,0.0,0.12,1,29.19,0.0
1421,463.777,2.77719,-0.394117,-0.588959,-0.230274,JOIN_RACELINE,-0.5346244441558441,-0.5346244441558441,-0.5346244441558441,-0.5346244441558441,-0.5346244441558441,0.3043504441558441,0.3043504441558441,0.06749387663029756,0.3924197593069677,72.0,-0.006791029038961039,-0.014392153766233776,-13.693404155844156,-1.0,9.94755,0,60.0,216.0,6.25816,7.49296,8.17429,8.80281,9.25066,9.49765,9.63621,9.76156,9.85352,9.94755,10.0437,10.142,10.2835,10.4507,10.7812,11.5143,12.9885,15.7343,37.7993,14.2221752,1.0,0.0,0.0,,brake,-0.8399962961920014,0.0,0.12,1,29.212,0.0
1422,463.791,2.33561,-0.3061,-0.587786,-0.228927,JOIN_RACELINE,-0.5346765123376623,-0.5346765123376623,-0.5346765123376623,-0.5346765123376623,-0.5346765123376623,0.30574951233766234,0.30574951233766234,0.06748436736077686,0.39174052576977536,72.0,-0.006787928584415582,-0.01421272649350637,-13.690872337662336,-1.0,9.95046,0,60.0,216.0,6.25262,7.49061,8.17332,8.80316,9.252,9.49954,9.63842,9.76405,9.85621,9.95046,10.0468,10.1454,10.2872,10.4548,10.7861,11.521,12.9991,15.7527,37.9011,14.1868488,1.0,0.0,0.0,,brake,-0.8399982962483206,0.0,0.12,1,29.234,0.0
1423,463.803,1.82928,-0.24734,-0.586763,-0.227811,JOIN_RACELINE,-0.5347211422077922,-0.5347211422077922,-0.5347211422077922,-0.5347211422077922,-0.5347211422077922,0.3069101422077922,0.3069101422077922,0.06747517973877688,0.3910842670554915,72.0,-0.00678527105194805,-0.01405893168831156,-13.688702207792206,-1.0,9.95345,0,60.0,216.0,6.24809,7.4889,8.17286,8.80389,9.25359,9.50161,9.64076,9.76665,9.85901,9.95345,10.05,10.1488,10.2909,10.4589,10.7908,11.5274,13.0089,15.7693,37.9909,14.1463424,1.0,0.0,0.0,,brake,-0.8399992162742274,0.0,0.12,1,29.256,0.0
1424,463.813,1.59859,-0.213767,-0.585888,-0.226889,JOIN_RACELINE,-0.5347583337662337,-0.5347583337662337,-0.5347583337662337,-0.5347583337662337,-0.5347583337662337,0.3078693337662337,0.3078693337662337,0.06746907458038019,0.3906481843128706,72.0,-0.006783056441558441,-0.013930769350649339,-13.686893766233766,-1.0,9.95625,0,60.0,216.0,6.24438,7.48765,8.17269,8.80472,9.25518,9.50362,9.64302,9.76913,9.86164,9.95625,10.053,10.152,10.2943,10.4626,10.7951,11.5331,13.0177,15.7839,38.0685,14.1278872,1.0,0.0,0.0,,brake,-0.8399996394861445,0.0,0.12,1,29.278,0.0
1425,463.82,1.26436,-0.195725,-0.58524,-0.226197,JOIN_RACELINE,-0.5347843678571429,-0.5347843678571429,-0.5347843678571429,-0.5347843678571429,-0.5347843678571429,0.3085873678571429,0.3085873678571429,0.067463399862843,0.39024284734592823,72.0,-0.006781506214285713,-0.013841055714285639,-13.685627857142856,-1.0,9.95828,0,60.0,216.0,6.2416,7.48667,8.1725,8.8053,9.2563,9.50507,9.64464,9.77092,9.86356,9.95828,10.0552,10.1542,10.2968,10.4653,10.7983,11.5373,13.0241,15.7946,38.1263,14.1011488,1.0,0.0,0.0,,brake,-0.8399998341636264,0.0,0.12,1,29.3,0.0
1426,463.826,0.951967,-0.143724,-0.584772,-0.225684,JOIN_RACELINE,-0.5348066827922079,-0.5348066827922079,-0.5348066827922079,-0.5348066827922079,-0.5348066827922079,0.3091226827922079,0.3091226827922079,0.06745832566870905,0.3898804049077889,72.0,-0.00678017744805194,-0.013764158311687869,-13.684542792207786,-1.0,9.95965,0,60.0,216.0,6.23951,7.48588,8.17228,8.80562,9.25702,9.506,9.64571,9.7721,9.86482,9.95965,10.0566,10.1558,10.2985,10.4671,10.8005,11.5403,13.0286,15.8022,38.1682,14.07615736,1.0,0.0,0.0,,brake,-0.8399999237152682,0.0,0.12,1,29.322,0.0
1427,463.831,0.680144,-0.0662061,-0.584382,-0.225242,JOIN_RACELINE,-0.5348252785714287,-0.5348252785714287,-0.5348252785714287,-0.5348252785714287,-0.5348252785714287,0.3095832785714287,0.3095832785714287,0.06745400393654216,0.3895717097530115,72.0,-0.006779070142857136,-0.013700077142856756,-13.683638571428567,-1.0,9.96068,0,60.0,216.0,6.23771,7.48514,8.17202,8.8058,9.25753,9.50671,9.64651,9.773,9.86579,9.96068,10.0577,10.157,10.2998,10.4686,10.8022,11.5426,13.0322,15.8085,38.203,14.05441152,1.0,0.0,0.0,,brake,-0.8399999649090233,0.0,0.12,1,29.344,0.0
1428,463.834,0.529696,-0.0955378,-0.584132,-0.22492,JOIN_RACELINE,-0.534836436038961,-0.534836436038961,-0.534836436038961,-0.534836436038961,-0.534836436038961,0.309916436038961,0.309916436038961,0.06745151346408591,0.38939381886327934,72.0,-0.006778405759740256,-0.013661628441558236,-13.683096038961036,-1.0,9.96106,0,60.0,216.0,6.23635,7.48444,8.17159,8.80564,9.25757,9.50686,9.64674,9.77327,9.86611,9.96106,10.0582,10.1575,10.3003,10.4692,10.803,11.5438,13.0342,15.8121,38.225,14.04237568,1.0,0.0,0.0,,brake,-0.8399999838581507,0.0,0.12,1,29.366,0.0
1429,463.837,0.356284,-0.0782657,-0.583748,-0.224721,JOIN_RACELINE,-0.5348475935064935,-0.5348475935064935,-0.5348475935064935,-0.5348475935064935,-0.5348475935064935,0.31012659350649346,0.31012659350649346,0.06744883673650909,0.38920262403636335,72.0,-0.006777741376623376,-0.013623179740259714,-13.682553506493507,-1.0,9.96382,0,60.0,216.0,6.23577,7.48511,8.17283,8.8074,9.25973,9.50923,9.64922,9.77587,9.86879,9.96382,10.061,10.1604,10.3034,10.4724,10.8065,11.548,13.0398,15.8205,38.2611,14.02850272,1.0,0.0,0.0,,brake,-0.8399999925747492,0.0,0.12,1,29.388,0.0
1430,463.839,0.286446,-0.062691,-0.583318,-0.224567,JOIN_RACELINE,-0.5348550318181818,-0.5348550318181818,-0.5348550318181818,-0.5348550318181818,-0.5348550318181818,0.3102880318181819,0.3102880318181819,0.06744742348020168,0.38910167715726224,72.0,-0.006777298454545452,-0.013597547272727124,-13.682191818181817,-1.0,9.96742,0,60.0,216.0,6.23548,7.48627,8.17465,8.80985,9.26262,9.51237,9.6525,9.77929,9.8723,9.96742,10.0647,10.1642,10.3073,10.4766,10.811,11.5533,13.0468,15.8306,38.302,14.02291568,1.0,0.0,0.0,,brake,-0.8399999965843846,0.0,0.12,1,29.41,0.0
1431,463.84,0.298325,-0.0801243,-0.582943,-0.224452,JOIN_RACELINE,-0.5348587509740259,-0.5348587509740259,-0.5348587509740259,-0.5348587509740259,-0.5348587509740259,0.3104067509740259,0.3104067509740259,0.06744709641863637,0.38907831561688316,72.0,-0.006777076993506496,-0.013584731038961195,-13.682010974025976,-1.0,9.97071,0,60.0,216.0,6.23532,7.4874,8.17637,8.8121,9.26527,9.51524,9.6555,9.7824,9.8755,9.97071,10.0681,10.1677,10.3109,10.4803,10.815,11.558,13.053,15.8395,38.3379,14.023866,1.0,0.0,0.0,,brake,-0.8399999984288169,0.0,0.12,1,29.432,0.0
1432,463.842,0.263763,-0.0743713,-0.582692,-0.224329,JOIN_RACELINE,-0.5348661892857143,-0.5348661892857143,-0.5348661892857143,-0.5348661892857143,-0.5348661892857143,0.3105371892857143,0.3105371892857143,0.06744596927692725,0.38899780549480295,72.0,-0.0067766340714285715,-0.013559098571428608,-13.681649285714286,-1.0,9.97257,0,60.0,216.0,6.23498,7.48789,8.17723,8.81332,9.26673,9.51685,9.6572,9.78417,9.87732,9.97257,10.07,10.1696,10.313,10.4825,10.8174,11.5608,13.0567,15.8451,38.3617,14.02110104,1.0,0.0,0.0,,brake,-0.8399999992772558,0.0,0.12,1,29.454,0.0
1433,463.843,0.170972,-0.0413029,-0.582455,-0.224255,JOIN_RACELINE,-0.5348699084415586,-0.5348699084415586,-0.5348699084415586,-0.5348699084415586,-0.5348699084415586,0.3106149084415586,0.3106149084415586,0.06744479326380826,0.3889138045577319,72.0,-0.006776412610389603,-0.013546282337661947,-13.681468441558437,-1.0,9.97465,0,60.0,216.0,6.23487,7.48859,8.17831,8.81474,9.26841,9.51865,9.65909,9.78612,9.87934,9.97465,10.0721,10.1718,10.3153,10.4848,10.82,11.5639,13.0607,15.8507,38.3846,14.01367776,1.0,0.0,0.0,,brake,-0.8399999996675376,0.0,0.12,1,29.476,0.0
1434,463.845,0.149552,-0.0370312,-0.582144,-0.224171,JOIN_RACELINE,-0.5348773467532468,-0.5348773467532468,-0.5348773467532468,-0.5348773467532468,-0.5348773467532468,0.3107063467532468,0.3107063467532468,0.0674437727134942,0.3888409081067281,72.0,-0.006775969688311679,-0.013520649870129353,-13.681106753246747,-1.0,9.97747,0,60.0,216.0,6.2348,7.48959,8.17981,8.81669,9.27069,9.52114,9.66166,9.7888,9.88208,9.97747,10.075,10.1748,10.3183,10.488,10.8235,11.5679,13.0659,15.8583,38.4146,14.01196416,1.0,0.0,0.0,,brake,-0.8399999998470673,0.0,0.12,1,29.498,0.0
1435,463.846,0.199037,-0.0597688,-0.581865,-0.224103,JOIN_RACELINE,-0.5348810659090909,-0.5348810659090909,-0.5348810659090909,-0.5348810659090909,-0.5348810659090909,0.3107780659090909,0.3107780659090909,0.06744375066456032,0.38883933318287994,72.0,-0.006775748227272723,-0.013507833636363424,-13.680925909090906,-1.0,9.98004,0,60.0,216.0,6.23477,7.49054,8.1812,8.8185,9.27279,9.5234,9.66403,9.79125,9.88459,9.98004,10.0777,10.1775,10.3211,10.491,10.8266,11.5716,13.0707,15.8651,38.4416,14.01592296,1.0,0.0,0.0,,brake,-0.8399999999296509,0.0,0.12,1,29.52,0.0
1436,463.847,0.182251,-0.0525167,-0.581723,-0.22406,JOIN_RACELINE,-0.534884785064935,-0.534884785064935,-0.534884785064935,-0.534884785064935,-0.534884785064935,0.31082478506493494,0.31082478506493494,0.067443191108524,0.3887993648945709,72.0,-0.006775526766233768,-0.013495017402597495,-13.680745064935067,-1.0,9.98131,0,60.0,216.0,6.23471,7.49098,8.18185,8.81937,9.27381,9.52451,9.66518,9.79245,9.88581,9.98131,10.079,10.1788,10.3225,10.4924,10.8282,11.5734,13.0731,15.8686,38.4555,14.01458008,1.0,0.0,0.0,,brake,-0.8399999999676394,0.0,0.12,1,29.542,0.0
1437,463.847,0.0965946,-0.0147607,-0.581644,-0.224001,JOIN_RACELINE,-0.534884785064935,-0.534884785064935,-0.534884785064935,-0.534884785064935,-0.534884785064935,0.31088378506493497,0.31088378506493497,0.0674424963714086,0.38874974081489966,72.0,-0.006775526766233768,-0.013495017402597495,-13.680745064935067,-1.0,9.98173,0,60.0,216.0,6.2345,7.49101,8.18199,8.8196,9.27412,9.52486,9.66556,9.79284,9.88622,9.98173,10.0794,10.1793,10.323,10.4929,10.8287,11.5741,13.0741,15.8701,38.463,14.007727568,1.0,0.0,0.0,,brake,-0.8399999999851141,0.0,0.12,1,29.564,0.0
1438,463.848,0.0808143,-0.00171594,-0.581589,-0.223935,JOIN_RACELINE,-0.5348885042207793,-0.5348885042207793,-0.5348885042207793,-0.5348885042207793,-0.5348885042207793,0.3109535042207793,0.3109535042207793,0.06744194497234726,0.3887103551676614,72.0,-0.006775305305194799,-0.013482201168830834,-13.680564220779216,-1.0,9.98186,0,60.0,216.0,6.23423,7.49088,8.18193,8.8196,9.27417,9.52493,9.66564,9.79294,9.88634,9.98186,10.0795,10.1794,10.3232,10.4931,10.829,11.5744,13.0746,15.871,38.4679,14.006465144,1.0,0.0,0.0,,brake,-0.8399999999931524,0.0,0.12,1,29.586,0.0
1439,463.849,0.135223,-0.026549,-0.581618,-0.223861,JOIN_RACELINE,-0.5348922233766233,-0.5348922233766233,-0.5348922233766233,-0.5348922233766233,-0.5348922233766233,0.31103122337662337,0.31103122337662337,0.06744196285828262,0.3887116327344723,72.0,-0.006775083844155844,-0.013469384935064901,-13.680383376623377,-1.0,9.98099,0,60.0,216.0,6.23382,7.4903,8.18127,8.81887,9.27339,9.52412,9.66481,9.7921,9.88549,9.98099,10.0787,10.1786,10.3223,10.4922,10.828,11.5734,13.0734,15.8695,38.4646,14.01081784,1.0,0.0,0.0,,brake,-0.8399999999968502,0.0,0.12,1,29.608,0.0
1440,463.849,0.117594,-0.0226179,-0.581753,-0.223833,JOIN_RACELINE,-0.5348922233766233,-0.5348922233766233,-0.5348922233766233,-0.5348922233766233,-0.5348922233766233,0.31105922337662334,0.31105922337662334,0.06744181987398014,0.3887014195700094,72.0,-0.006775083844155844,-0.013469384935064901,-13.680383376623377,-1.0,9.97929,0,60.0,216.0,6.23352,7.48948,8.18021,8.81759,9.27194,9.52258,9.66323,9.79046,9.88382,9.97929,10.0769,10.1768,10.3204,10.4903,10.826,11.5711,13.0705,15.8656,38.4513,14.00940752,1.0,0.0,0.0,,brake,-0.839999999998551,0.0,0.12,1,29.63,0.0
1441,463.85,0.0279111,0.0114308,-0.581894,-0.223798,JOIN_RACELINE,-0.5348959425324676,-0.5348959425324676,-0.5348959425324676,-0.5348959425324676,-0.5348959425324676,0.31109794253246764,0.31109794253246764,0.06744066906986398,0.38861921927599813,72.0,-0.0067748623831168754,-0.013456568701298247,-13.680202532467526,-1.0,9.97748,0,60.0,216.0,6.23319,7.4886,8.17907,8.81621,9.2704,9.52095,9.66154,9.78873,9.88205,9.97748,10.0751,10.1749,10.3185,10.4883,10.8239,11.5687,13.0675,15.8615,38.4373,14.002232888,1.0,0.0,0.0,,brake,-0.8399999999993335,0.0,0.12,1,29.652,0.0
1442,463.85,0.0104449,0.0222282,-0.581962,-0.223752,JOIN_RACELINE,-0.5348959425324676,-0.5348959425324676,-0.5348959425324676,-0.5348959425324676,-0.5348959425324676,0.31114394253246763,0.31114394253246763,0.06744052740599056,0.38860910042789704,72.0,-0.0067748623831168754,-0.013456568701298247,-13.680202532467526,-1.0,9.97638,0,60.0,216.0,6.23287,7.48799,8.17833,8.81535,9.26944,9.51994,9.66051,9.78768,9.88097,9.97638,10.074,10.1738,10.3173,10.4871,10.8226,11.5673,13.0658,15.8592,38.4303,14.000835592,1.0,0.0,0.0,,brake,-0.8399999999996934,0.0,0.12,1,29.674,0.0
1443,463.85,0.0660785,0.0118046,-0.582043,-0.223692,JOIN_RACELINE,-0.5348959425324676,-0.5348959425324676,-0.5348959425324676,-0.5348959425324676,-0.5348959425324676,0.31120394253246764,0.31120394253246764,0.06744097863586693,0.3886413311333517,72.0,-0.0067748623831168754,-0.013456568701298247,-13.680202532467526,-1.0,9.97505,0,60.0,216.0,6.23248,7.48724,8.17741,8.81428,9.26828,9.51871,9.65924,9.78638,9.87966,9.97505,10.0726,10.1724,10.3159,10.4856,10.8211,11.5655,13.0637,15.8565,38.4217,14.00528628,1.0,0.0,0.0,,brake,-0.839999999999859,0.0,0.12,1,29.696,0.0
1444,463.85,0.04601,0.018174,-0.582174,-0.223645,JOIN_RACELINE,-0.5348959425324676,-0.5348959425324676,-0.5348959425324676,-0.5348959425324676,-0.5348959425324676,0.31125094253246766,0.31125094253246766,0.06744081586540497,0.38862970467178337,72.0,-0.0067748623831168754,-0.013456568701298247,-13.680202532467526,-1.0,9.97326,0,60.0,216.0,6.23209,7.48633,8.17626,8.81291,9.26674,9.51709,9.65756,9.78465,9.8779,9.97326,10.0708,10.1705,10.314,10.4837,10.819,11.5632,13.0608,15.8525,38.4084,14.0036808,1.0,0.0,0.0,,brake,-0.839999999999935,0.0,0.12,1,29.718,0.0
1445,463.85,-0.0488306,0.0321174,-0.582197,-0.223625,JOIN_RACELINE,-0.5348959425324676,-0.5348959425324676,-0.5348959425324676,-0.5348959425324676,-0.5348959425324676,0.3112709425324677,0.3112709425324677,0.06744004663759635,0.38857475982831025,72.0,-0.0067748623831168754,-0.013456568701298247,-13.680202532467526,-1.0,9.97286,0,60.0,216.0,6.23196,7.48611,8.17598,8.81258,9.26638,9.51671,9.65719,9.78427,9.8775,9.97286,10.0704,10.1701,10.3136,10.4832,10.8185,11.5627,13.0602,15.8517,38.4058,13.996093552,1.0,0.0,0.0,,brake,-0.8399999999999701,0.0,0.12,1,29.74,0.0
1446,463.85,-0.0702811,0.0135333,-0.582072,-0.22362,JOIN_RACELINE,-0.5348959425324676,-0.5348959425324676,-0.5348959425324676,-0.5348959425324676,-0.5348959425324676,0.3112759425324676,0.3112759425324676,0.0674398726580864,0.388562332720457,72.0,-0.0067748623831168754,-0.013456568701298247,-13.680202532467526,-1.0,9.9742,0,60.0,216.0,6.23208,7.48668,8.17677,8.81357,9.26749,9.51791,9.65843,9.78555,9.87882,9.9742,10.0718,10.1715,10.315,10.4847,10.8201,11.5645,13.0625,15.855,38.4179,13.994377512,1.0,0.0,0.0,,brake,-0.8399999999999862,0.0,0.12,1,29.762,0.0
1447,463.849,-0.0149087,-0.0131561,-0.581914,-0.223658,JOIN_RACELINE,-0.5348922233766233,-0.5348922233766233,-0.5348922233766233,-0.5348922233766233,-0.5348922233766233,0.3112342233766233,0.3112342233766233,0.06744074517852741,0.38862465560910026,72.0,-0.006775083844155844,-0.013469384935064901,-13.680383376623377,-1.0,9.97622,0,60.0,216.0,6.23245,7.48767,8.17803,8.8151,9.26922,9.51974,9.66031,9.78749,9.88079,9.97622,10.0738,10.1736,10.3172,10.487,10.8225,11.5672,13.0659,15.8596,38.4336,13.998807304,1.0,0.0,0.0,,brake,-0.8399999999999936,0.0,0.12,1,29.784,0.0
1448,463.849,-0.0318392,-0.00771904,-0.581848,-0.223699,JOIN_RACELINE,-0.5348922233766233,-0.5348922233766233,-0.5348922233766233,-0.5348922233766233,-0.5348922233766233,0.31119322337662336,0.31119322337662336,0.06744060785957948,0.3886148471128194,72.0,-0.006775083844155844,-0.013469384935064901,-13.680383376623377,-1.0,9.97725,0,60.0,216.0,6.23274,7.48823,8.17873,8.81592,9.27013,9.52069,9.66129,9.7885,9.88182,9.97725,10.0749,10.1747,10.3183,10.4881,10.8237,11.5686,13.0675,15.8618,38.4404,13.997452864,1.0,0.0,0.0,,brake,-0.839999999999997,0.0,0.12,1,29.806,0.0
1449,463.849,-0.121172,0.0273808,-0.581793,-0.223734,JOIN_RACELINE,-0.5348922233766233,-0.5348922233766233,-0.5348922233766233,-0.5348922233766233,-0.5348922233766233,0.31115822337662336,0.31115822337662336,0.06743988330412562,0.3885630931518294,72.0,-0.006775083844155844,-0.013469384935064901,-13.680383376623377,-1.0,9.97812,0,60.0,216.0,6.23298,7.4887,8.17932,8.81659,9.27087,9.52148,9.6621,9.78932,9.88266,9.97812,10.0757,10.1756,10.3192,10.4891,10.8247,11.5697,13.0689,15.8636,38.446,13.99030624,1.0,0.0,0.0,,brake,-0.8399999999999985,0.0,0.12,1,29.828,0.0
1450,463.848,-0.138076,0.0383234,-0.581662,-0.22376,JOIN_RACELINE,-0.5348885042207793,-0.5348885042207793,-0.5348885042207793,-0.5348885042207793,-0.5348885042207793,0.3111285042207793,0.3111285042207793,0.06744016960920327,0.3885835435145189,72.0,-0.006775305305194799,-0.013482201168830834,-13.680564220779216,-1.0,9.97976,0,60.0,216.0,6.23326,7.48949,8.18034,8.81784,9.27228,9.52297,9.66364,9.7909,9.88428,9.97976,10.0774,10.1773,10.321,10.4909,10.8266,11.5719,13.0716,15.8674,38.4589,13.98895392,1.0,0.0,0.0,,brake,-0.8399999999999993,0.0,0.12,1,29.85,0.0
1451,463.847,-0.0831245,0.0163101,-0.581539,-0.223826,JOIN_RACELINE,-0.534884785064935,-0.534884785064935,-0.534884785064935,-0.534884785064935,-0.534884785064935,0.311058785064935,0.311058785064935,0.06744103871583224,0.388645622559445,72.0,-0.006775526766233768,-0.013495017402597495,-13.680745064935067,-1.0,9.98162,0,60.0,216.0,6.23373,7.49048,8.18157,8.81928,9.27388,9.52466,9.66538,9.79268,9.88609,9.98162,10.0793,10.1792,10.3229,10.4929,10.8288,11.5743,13.0746,15.8713,38.4713,13.99335004,1.0,0.0,0.0,,brake,-0.8399999999999996,0.0,0.12,1,29.872,0.0
1452,463.847,-0.099744,0.0149981,-0.581531,-0.223882,JOIN_RACELINE,-0.534884785064935,-0.534884785064935,-0.534884785064935,-0.534884785064935,-0.534884785064935,0.31100278506493495,0.31100278506493495,0.06744090391932563,0.38863599423754425,72.0,-0.006775526766233768,-0.013495017402597495,-13.680745064935067,-1.0,9.98211,0,60.0,216.0,6.23403,7.49085,8.18197,8.81973,9.27434,9.52514,9.66586,9.79318,9.88659,9.98211,10.0798,10.1797,10.3235,10.4934,10.8293,11.5749,13.0752,15.872,38.4723,13.99202048,1.0,0.0,0.0,,brake,-0.8399999999999999,0.0,0.12,1,29.894,0.0
1453,463.846,-0.184121,0.0468891,-0.58159,-0.223937,JOIN_RACELINE,-0.5348810659090909,-0.5348810659090909,-0.5348810659090909,-0.5348810659090909,-0.5348810659090909,0.3109440659090909,0.3109440659090909,0.0674406429681868,0.3886173548704853,72.0,-0.006775748227272723,-0.013507833636363424,-13.680925909090906,-1.0,9.98186,0,60.0,216.0,6.23424,7.49089,8.18194,8.81962,9.27418,9.52495,9.66566,9.79296,9.88636,9.98186,10.0795,10.1795,10.3232,10.4931,10.829,11.5744,13.0746,15.871,38.4667,13.98527032,1.0,0.0,0.0,,brake,-0.8399999999999999,0.0,0.12,1,29.916,0.0
1454,463.845,-0.196658,0.0582763,-0.581653,-0.223985,JOIN_RACELINE,-0.5348773467532468,-0.5348773467532468,-0.5348773467532468,-0.5348773467532468,-0.5348773467532468,0.31089234675324684,0.31089234675324684,0.06744096469288263,0.38864033520590147,72.0,-0.006775969688311679,-0.013520649870129353,-13.681106753246747,-1.0,9.98153,0,60.0,216.0,6.23441,7.49088,8.18183,8.81943,9.27394,9.52467,9.66536,9.79264,9.88603,9.98153,10.0792,10.1791,10.3228,10.4927,10.8285,11.5739,13.0738,15.8697,38.4607,13.98426736,1.0,0.0,0.0,,brake,-0.8399999999999999,0.0,0.12,1,29.938,0.0
1455,463.844,-0.141719,0.0389619,-0.58179,-0.224026,JOIN_RACELINE,-0.5348736275974025,-0.5348736275974025,-0.5348736275974025,-0.5348736275974025,-0.5348736275974025,0.31084762759740253,0.31084762759740253,0.06744183369812724,0.3887024070090883,72.0,-0.006776191149350647,-0.013533466103896014,-13.681287597402596,-1.0,9.98031,0,60.0,216.0,6.23446,7.49045,8.1812,8.81859,9.27295,9.5236,9.66424,9.79149,9.88484,9.98031,10.0779,10.1778,10.3215,10.4913,10.827,11.5721,13.0715,15.8664,38.4473,13.98866248,1.0,0.0,0.0,,brake,-0.8399999999999999,0.0,0.12,1,29.96,0.0
1456,463.843,-0.157228,0.0448306,-0.582061,-0.224111,JOIN_RACELINE,-0.5348699084415586,-0.5348699084415586,-0.5348699084415586,-0.5348699084415586,-0.5348699084415586,0.31075890844155857,0.31075890844155857,0.06744213131769253,0.38872366554946547,72.0,-0.006776412610389603,-0.013546282337661947,-13.681468441558437,-1.0,9.97794,0,60.0,216.0,6.23459,7.48964,8.17997,8.81696,9.27104,9.52152,9.66209,9.78925,9.88254,9.97794,10.0755,10.1753,10.3189,10.4886,10.8241,11.5687,13.067,15.86,38.4212,13.98742176,1.0,0.0,0.0,,brake,-0.8399999999999999,0.0,0.12,1,29.982,0.0
1457,463.841,-0.241406,0.0775271,-0.582362,-0.224192,JOIN_RACELINE,-0.5348624701298702,-0.5348624701298702,-0.5348624701298702,-0.5348624701298702,-0.5348624701298702,0.3106704701298702,0.3106704701298702,0.06744229538968263,0.38873538497733073,72.0,-0.006776855532467528,-0.013571914805194537,-13.681830129870127,-1.0,9.97521,0,60.0,216.0,6.23466,7.48866,8.17852,8.81506,9.26882,9.51913,9.65958,9.78665,9.87988,9.97521,10.0727,10.1724,10.3159,10.4855,10.8207,11.5647,13.0619,15.8526,38.3921,13.98068752,1.0,0.0,0.0,,brake,-0.8399999999999999,0.0,0.12,1,30.004,0.0
1458,463.84,-0.253725,0.0797566,-0.582585,-0.224265,JOIN_RACELINE,-0.5348587509740259,-0.5348587509740259,-0.5348587509740259,-0.5348587509740259,-0.5348587509740259,0.3105937509740259,0.3105937509740259,0.06744261888252069,0.3887584916086205,72.0,-0.006777076993506496,-0.013584731038961195,-13.682010974025976,-1.0,9.97329,0,60.0,216.0,6.23478,7.48802,8.17753,8.81375,9.26728,9.51745,9.65783,9.78483,9.878,9.97329,10.0707,10.1704,10.3138,10.4833,10.8183,11.562,13.0582,15.8474,38.3706,13.979702,1.0,0.0,0.0,,brake,-0.8399999999999999,0.0,0.12,1,30.026,0.0
1459,463.839,-0.195682,0.053165,-0.582815,-0.224331,JOIN_RACELINE,-0.5348550318181818,-0.5348550318181818,-0.5348550318181818,-0.5348550318181818,-0.5348550318181818,0.31052403181818183,0.31052403181818183,0.06744351306351402,0.3888223616795723,72.0,-0.006777298454545452,-0.013597547272727124,-13.682191818181817,-1.0,9.97123,0,60.0,216.0,6.23485,7.4873,8.17644,8.81233,9.2656,9.51564,9.65594,9.78287,9.87599,9.97123,10.0686,10.1682,10.3115,10.481,10.8158,11.559,13.0544,15.8418,38.3482,13.98434544,1.0,0.0,0.0,,brake,-0.8399999999999999,0.0,0.12,1,30.048,0.0
1460,463.837,-0.203752,0.0545638,-0.583151,-0.224403,JOIN_RACELINE,-0.5348475935064935,-0.5348475935064935,-0.5348475935064935,-0.5348475935064935,-0.5348475935064935,0.31044459350649345,0.31044459350649345,0.06744429442799339,0.3888781734280987,72.0,-0.006777741376623376,-0.013623179740259714,-13.682553506493507,-1.0,9.96805,0,60.0,216.0,6.23483,7.4861,8.1747,8.81009,9.26301,9.51284,9.65303,9.77985,9.8729,9.96805,10.0654,10.1649,10.3081,10.4774,10.8119,11.5545,13.0485,15.8335,38.3156,13.98369984,1.0,0.0,0.0,,brake,-0.8399999999999999,0.0,0.12,1,30.07,0.0
1461,463.836,-0.276777,0.083848,-0.583491,-0.224516,JOIN_RACELINE,-0.5348438743506494,-0.5348438743506494,-0.5348438743506494,-0.5348438743506494,-0.5348438743506494,0.3103278743506494,0.3103278743506494,0.06744412555001818,0.38886611071558336,72.0,-0.006777962837662332,-0.013635995974025646,-13.682734350649346,-1.0,9.96514,0,60.0,216.0,6.23502,7.48513,8.1732,8.8081,9.26066,9.5103,9.65037,9.77709,9.87007,9.96514,10.0624,10.1618,10.3049,10.474,10.8083,11.5502,13.043,15.8255,38.2832,13.97785784,1.0,0.0,0.0,,brake,-0.8399999999999999,0.0,0.12,1,30.092,0.0
1462,463.834,-0.280481,0.0843496,-0.583734,-0.224632,JOIN_RACELINE,-0.534836436038961,-0.534836436038961,-0.534836436038961,-0.534836436038961,-0.534836436038961,0.31020443603896103,0.31020443603896103,0.06744494232600495,0.3889244518574962,72.0,-0.006778405759740256,-0.013661628441558236,-13.683096038961036,-1.0,9.96332,0,60.0,216.0,6.23534,7.48465,8.17235,8.80691,9.25923,9.50873,9.64872,9.77537,9.86829,9.96332,10.0605,10.1599,10.3029,10.4719,10.806,11.5475,13.0393,15.82,38.2602,13.97756152,1.0,0.0,0.0,,brake,-0.8399999999999999,0.0,0.12,1,30.114,0.0
1463,463.833,-0.216071,0.0564068,-0.583978,-0.224749,JOIN_RACELINE,-0.534832716883117,-0.534832716883117,-0.534832716883117,-0.534832716883117,-0.534832716883117,0.310083716883117,0.310083716883117,0.0674458881481041,0.388992010578863,72.0,-0.0067786272207792115,-0.013674444675324166,-13.683276883116877,-1.0,9.96149,0,60.0,216.0,6.23566,7.48417,8.17151,8.80574,9.2578,9.50716,9.64708,9.77366,9.86653,9.96149,10.0586,10.158,10.3008,10.4698,10.8037,11.5447,13.0357,15.8146,38.2372,13.98271432,1.0,0.0,0.0,,brake,-0.8399999999999999,0.0,0.12,1,30.136,0.0
1464,463.831,-0.217514,0.0566113,-0.584322,-0.224862,JOIN_RACELINE,-0.5348252785714287,-0.5348252785714287,-0.5348252785714287,-0.5348252785714287,-0.5348252785714287,0.3099632785714287,0.3099632785714287,0.06744672326248263,0.3890516616059019,72.0,-0.006779070142857136,-0.013700077142856756,-13.683638571428567,-1.0,9.95854,0,60.0,216.0,6.23585,7.48317,8.16998,8.80372,9.25542,9.50458,9.64438,9.77086,9.86365,9.95854,10.0556,10.1548,10.2976,10.4664,10.8,11.5404,13.03,15.8065,38.2044,13.98259888,1.0,0.0,0.0,,brake,-0.8399999999999999,0.0,0.12,1,30.158,0.0
1465,463.829,-0.284573,0.0848075,-0.584668,-0.224975,JOIN_RACELINE,-0.5348178402597403,-0.5348178402597403,-0.5348178402597403,-0.5348178402597403,-0.5348178402597403,0.3098428402597403,0.3098428402597403,0.06744702618229584,0.3890732987354161,72.0,-0.00677951306493506,-0.01372570961038935,-13.684000259740255,-1.0,9.95557,0,60.0,216.0,6.23603,7.48218,8.16845,8.80169,9.25302,9.50198,9.64167,9.76804,9.86076,9.95557,10.0525,10.1517,10.2944,10.463,10.7963,11.5361,13.0244,15.7983,38.1717,13.97723416,1.0,0.0,0.0,,brake,-0.8399999999999999,0.0,0.12,1,30.18,0.0
1466,463.828,-0.284927,0.0848596,-0.584913,-0.225092,JOIN_RACELINE,-0.534814121103896,-0.534814121103896,-0.534814121103896,-0.534814121103896,-0.534814121103896,0.3097221211038961,0.3097221211038961,0.06744744672018348,0.38910333715596235,72.0,-0.006779734525974029,-0.013738525844156007,-13.684181103896107,-1.0,9.95374,0,60.0,216.0,6.23635,7.48169,8.16761,8.80049,9.25159,9.5004,9.64002,9.76632,9.85899,9.95374,10.0506,10.1498,10.2923,10.4609,10.794,11.5333,13.0207,15.7929,38.1486,13.97720584,1.0,0.0,0.0,,brake,-0.8399999999999999,0.0,0.12,1,30.202,0.0
1467,463.826,-0.21878,0.0566349,-0.585159,-0.225208,JOIN_RACELINE,-0.5348066827922079,-0.5348066827922079,-0.5348066827922079,-0.5348066827922079,-0.5348066827922079,0.3095986827922079,0.3095986827922079,0.06744883003973552,0.38920214569539413,72.0,-0.00678017744805194,-0.013764158311687869,-13.684542792207786,-1.0,9.9519,0,60.0,216.0,6.23666,7.48121,8.16675,8.7993,9.25014,9.49882,9.63835,9.76459,9.8572,9.9519,10.0487,10.1478,10.2903,10.4588,10.7917,11.5306,13.017,15.7875,38.1256,13.9824976,1.0,0.0,0.0,,brake,-0.8399999999999999,0.0,0.12,1,30.224,0.0
1468,463.824,-0.219202,0.0566835,-0.585505,-0.225321,JOIN_RACELINE,-0.5347992444805195,-0.5347992444805195,-0.5347992444805195,-0.5347992444805195,-0.5347992444805195,0.3094782444805195,0.3094782444805195,0.06744967343518349,0.38926238822739145,72.0,-0.0067806203701298645,-0.013789790779220455,-13.684904480519476,-1.0,9.94894,0,60.0,216.0,6.23685,7.48021,8.16521,8.79727,9.24776,9.49623,9.63565,9.76178,9.85432,9.94894,10.0457,10.1447,10.2871,10.4554,10.788,11.5263,13.0114,15.7793,38.093,13.98246384,1.0,0.0,0.0,,brake,-0.8399999999999999,0.0,0.12,1,30.246,0.0
1469,463.823,-0.285521,0.0848864,-0.58585,-0.225435,JOIN_RACELINE,-0.5347955253246752,-0.5347955253246752,-0.5347955253246752,-0.5347955253246752,-0.5347955253246752,0.30936052532467523,0.30936052532467523,0.0674495589478562,0.3892542105611568,72.0,-0.006780841831168833,-0.01380260701298712,-13.685085324675326,-1.0,9.94598,0,60.0,216.0,6.23704,7.47922,8.1637,8.79526,9.24538,9.49365,9.63296,9.75898,9.85143,9.94598,10.0427,10.1416,10.2838,10.452,10.7844,11.522,13.0058,15.7712,38.0604,13.97715832,1.0,0.0,0.0,,brake,-0.8399999999999999,0.0,0.12,1,30.268,0.0
1470,463.821,-0.285781,0.0849395,-0.586097,-0.225551,JOIN_RACELINE,-0.5347880870129871,-0.5347880870129871,-0.5347880870129871,-0.5347880870129871,-0.5347880870129871,0.3092370870129871,0.3092370870129871,0.06745040365724461,0.38931454694604306,72.0,-0.006781284753246745,-0.013828239480518978,-13.685447012987005,-1.0,9.94413,0,60.0,216.0,6.23735,7.47872,8.16284,8.79405,9.24393,9.49207,9.63128,9.75724,9.84963,9.94413,10.0408,10.1396,10.2818,10.4499,10.782,11.5192,13.0021,15.7657,38.0374,13.97713752,1.0,0.0,0.0,,brake,-0.8399999999999999,0.0,0.12,1,30.29,0.0
1471,463.82,-0.219768,0.0566565,-0.586343,-0.225668,JOIN_RACELINE,-0.5347843678571429,-0.5347843678571429,-0.5347843678571429,-0.5347843678571429,-0.5347843678571429,0.3091163678571429,0.3091163678571429,0.06745136248086614,0.38938303434758104,72.0,-0.006781506214285713,-0.013841055714285639,-13.685627857142856,-1.0,9.9423,0,60.0,216.0,6.23767,7.47823,8.16198,8.79286,9.24249,9.49049,9.62963,9.75551,9.84786,9.9423,10.0389,10.1377,10.2797,10.4477,10.7797,11.5164,12.9984,15.7603,38.0145,13.98241856,1.0,0.0,0.0,,brake,-0.8399999999999999,0.0,0.12,1,30.312,0.0
1472,463.818,-0.219769,0.0567059,-0.586689,-0.22578,JOIN_RACELINE,-0.5347769295454545,-0.5347769295454545,-0.5347769295454545,-0.5347769295454545,-0.5347769295454545,0.30899692954545455,0.30899692954545455,0.06745220929093722,0.3894435207812297,72.0,-0.006781949136363637,-0.01386668818181823,-13.685989545454547,-1.0,9.93935,0,60.0,216.0,6.23786,7.47725,8.16047,8.79084,9.24011,9.48791,9.62693,9.75271,9.845,9.93935,10.0359,10.1345,10.2765,10.4444,10.776,11.5121,12.9928,15.7522,37.9821,13.98241848,1.0,0.0,0.0,,brake,-0.8399999999999999,0.0,0.12,1,30.334,0.0
1473,463.816,-0.286088,0.0849801,-0.587036,-0.225893,JOIN_RACELINE,-0.5347694912337662,-0.5347694912337662,-0.5347694912337662,-0.5347694912337662,-0.5347694912337662,0.30887649123376615,0.30887649123376615,0.06745251821270083,0.38946558662148756,72.0,-0.006782392058441561,-0.013892320649350816,-13.686351233766237,-1.0,9.93639,0,60.0,216.0,6.23805,7.47625,8.15894,8.78881,9.23772,9.48531,9.62423,9.74991,9.8421,9.93639,10.0328,10.1314,10.2733,10.441,10.7724,11.5078,12.9872,15.7441,37.9497,13.97711296,1.0,0.0,0.0,,brake,-0.8399999999999999,0.0,0.12,1,30.356,0.0
1474,463.815,-0.28633,0.0850048,-0.587282,-0.226009,JOIN_RACELINE,-0.5347657720779221,-0.5347657720779221,-0.5347657720779221,-0.5347657720779221,-0.5347657720779221,0.30875677207792207,0.30875677207792207,0.06745293965899173,0.3894956899279802,72.0,-0.006782613519480517,-0.013905136883116748,-13.686532077922076,-1.0,9.93454,0,60.0,216.0,6.23837,7.47576,8.15807,8.78761,9.23628,9.48373,9.62257,9.74817,9.84031,9.93454,10.0309,10.1295,10.2712,10.4388,10.77,11.505,12.9835,15.7386,37.9268,13.9770936,1.0,0.0,0.0,,brake,-0.8399999999999999,0.0,0.12,1,30.378,0.0
1475,463.813,-0.219892,0.0568112,-0.587528,-0.226126,JOIN_RACELINE,-0.5347583337662337,-0.5347583337662337,-0.5347583337662337,-0.5347583337662337,-0.5347583337662337,0.3086323337662337,0.3086323337662337,0.06745432533877022,0.38959466705501533,72.0,-0.006783056441558441,-0.013930769350649339,-13.686893766233766,-1.0,9.93271,0,60.0,216.0,6.23869,7.47527,8.15723,8.78643,9.23484,9.48216,9.62092,9.74645,9.83855,9.93271,10.029,10.1275,10.2692,10.4367,10.7677,11.5023,12.9798,15.7332,37.9041,13.98240864,1.0,0.0,0.0,,brake,-0.8399999999999999,0.0,0.12,1,30.4,0.0
1476,463.812,-0.219838,0.056784,-0.587874,-0.226239,JOIN_RACELINE,-0.5347546146103896,-0.5347546146103896,-0.5347546146103896,-0.5347546146103896,-0.5347546146103896,0.3085156146103897,0.3085156146103897,0.06745474918584134,0.3896249418458095,72.0,-0.006783277902597397,-0.013943585584415268,-13.687074610389606,-1.0,9.92977,0,60.0,216.0,6.23888,7.47429,8.15571,8.78442,9.23247,9.47959,9.61824,9.74366,9.83568,9.92977,10.026,10.1244,10.266,10.4334,10.7641,11.498,12.9742,15.7251,37.8719,13.98241296,1.0,0.0,0.0,,brake,-0.8399999999999999,0.0,0.12,1,30.422,0.0
1477,463.81,-0.286065,0.0849894,-0.588221,-0.226352,JOIN_RACELINE,-0.5347471762987013,-0.5347471762987013,-0.5347471762987013,-0.5347471762987013,-0.5347471762987013,0.3083951762987013,0.3083951762987013,0.06745505885379341,0.38964706098524327,72.0,-0.006783720824675321,-0.013969218051947861,-13.687436298701297,-1.0,9.92682,0,60.0,216.0,6.23907,7.4733,8.15419,8.7824,9.23009,9.477,9.61554,9.74086,9.8328,9.92682,10.023,10.1213,10.2628,10.43,10.7604,11.4937,12.9686,15.717,37.8397,13.9771148,1.0,0.0,0.0,,brake,-0.8399999999999999,0.0,0.12,1,30.444,0.0
1478,463.808,-0.28616,0.0848848,-0.588467,-0.226468,JOIN_RACELINE,-0.534739737987013,-0.534739737987013,-0.534739737987013,-0.534739737987013,-0.534739737987013,0.308271737987013,0.308271737987013,0.06745590490145457,0.3897074929610403,72.0,-0.006784163746753245,-0.013994850519480451,-13.687797987012987,-1.0,9.92498,0,60.0,216.0,6.23939,7.47281,8.15333,8.7812,9.22865,9.47543,9.61388,9.73913,9.83102,9.92498,10.0211,10.1194,10.2607,10.4279,10.7581,11.4909,12.965,15.7116,37.8171,13.9771072,1.0,0.0,0.0,,brake,-0.8399999999999999,0.0,0.12,1,30.466,0.0
1479,463.807,-0.219928,0.0567644,-0.588713,-0.226585,JOIN_RACELINE,-0.534736018831169,-0.534736018831169,-0.534736018831169,-0.534736018831169,-0.534736018831169,0.3081510188311689,0.3081510188311689,0.06745686550132891,0.3897761072377793,72.0,-0.006784385207792201,-0.01400766675324638,-13.687978831168826,-1.0,9.92317,0,60.0,216.0,6.23971,7.47233,8.15248,8.78001,9.22721,9.47385,9.61225,9.73742,9.82926,9.92317,10.0192,10.1174,10.2587,10.4257,10.7558,11.4882,12.9613,15.7062,37.7945,13.98240576,1.0,0.0,0.0,,brake,-0.8399999999999999,0.0,0.12,1,30.488,0.0
1480,463.805,-0.219863,0.0567554,-0.58906,-0.226698,JOIN_RACELINE,-0.5347285805194806,-0.5347285805194806,-0.5347285805194806,-0.5347285805194806,-0.5347285805194806,0.30803058051948057,0.30803058051948057,0.06745771284670911,0.3898366319077931,72.0,-0.006784828129870126,-0.01403329922077897,-13.688340519480516,-1.0,9.92023,0,60.0,216.0,6.2399,7.47134,8.15097,8.77801,9.22485,9.47129,9.60956,9.73463,9.82639,9.92023,10.0162,10.1143,10.2555,10.4224,10.7522,11.4839,12.9557,15.6981,37.7625,13.98241096,1.0,0.0,0.0,,brake,-0.8399999999999999,0.0,0.12,1,30.51,0.0
1481,463.803,-0.286062,0.0849682,-0.589406,-0.226811,JOIN_RACELINE,-0.5347211422077922,-0.5347211422077922,-0.5347211422077922,-0.5347211422077922,-0.5347211422077922,0.3079101422077922,0.3079101422077922,0.06745802274176198,0.38985876726871244,72.0,-0.00678527105194805,-0.01405893168831156,-13.688702207792206,-1.0,9.91729,0,60.0,216.0,6.2401,7.47036,8.14946,8.776,9.22248,9.46872,9.60688,9.73186,9.82354,9.91729,10.0132,10.1112,10.2523,10.419,10.7485,11.4797,12.9501,15.69,37.7305,13.97711504,1.0,0.0,0.0,,brake,-0.8399999999999999,0.0,0.12,1,30.532,0.0
1482,463.802,-0.286077,0.0848497,-0.589653,-0.226927,JOIN_RACELINE,-0.5347174230519481,-0.5347174230519481,-0.5347174230519481,-0.5347174230519481,-0.5347174230519481,0.30779042305194815,0.30779042305194815,0.0674584460291917,0.3898890020851204,72.0,-0.006785492512987005,-0.014071747922077493,-13.688883051948046,-1.0,9.91546,0,60.0,216.0,6.24041,7.46987,8.14861,8.77481,9.22104,9.46716,9.60522,9.73014,9.82176,9.91546,10.0113,10.1093,10.2503,10.4169,10.7462,11.4769,12.9465,15.6846,37.708,13.97711384,1.0,0.0,0.0,,brake,-0.8399999999999999,0.0,0.12,1,30.554,0.0
1483,463.8,-0.219803,0.0566774,-0.5899,-0.227043,JOIN_RACELINE,-0.5347099847402598,-0.5347099847402598,-0.5347099847402598,-0.5347099847402598,-0.5347099847402598,0.3076669847402598,0.3076669847402598,0.06745983037880829,0.3899878842005911,72.0,-0.006785935435064929,-0.01409738038961008,-13.689244740259737,-1.0,9.91363,0,60.0,216.0,6.24073,7.46938,8.14774,8.77362,9.2196,9.46557,9.60356,9.7284,9.81998,9.91363,10.0094,10.1073,10.2482,10.4148,10.7439,11.4741,12.9428,15.6792,37.6855,13.98241576,1.0,0.0,0.0,,brake,-0.8399999999999999,0.0,0.12,1,30.576,0.0
1484,463.799,-0.219617,0.0566832,-0.590246,-0.227156,JOIN_RACELINE,-0.5347062655844155,-0.5347062655844155,-0.5347062655844155,-0.5347062655844155,-0.5347062655844155,0.30755026558441545,0.30755026558441545,0.06746025529649749,0.39001823546410647,72.0,-0.006786156896103898,-0.014110196623376741,-13.689425584415586,-1.0,9.9107,0,60.0,216.0,6.24093,7.46841,8.14624,8.77162,9.21725,9.46302,9.6009,9.72564,9.81713,9.9107,10.0064,10.1043,10.245,10.4114,10.7403,11.4699,12.9372,15.6712,37.6538,13.98243064,1.0,0.0,0.0,,brake,-0.8399999999999999,0.0,0.12,1,30.598,0.0
1485,463.797,-0.285991,0.0849445,-0.590593,-0.227269,JOIN_RACELINE,-0.5346988272727273,-0.5346988272727273,-0.5346988272727273,-0.5346988272727273,-0.5346988272727273,0.30742982727272733,0.30742982727272733,0.0674605637721702,0.3900402694407285,72.0,-0.0067865998181818096,-0.014135829090908603,-13.689787272727266,-1.0,9.90778,0,60.0,216.0,6.24112,7.46743,8.14474,8.76962,9.21489,9.46046,9.59823,9.72286,9.81429,9.90778,10.0034,10.1012,10.2418,10.4081,10.7366,11.4656,12.9317,15.6632,37.622,13.97712072,1.0,0.0,0.0,,brake,-0.8399999999999999,0.0,0.12,1,30.62,0.0
1486,463.795,-0.285956,0.0849493,-0.590839,-0.227386,JOIN_RACELINE,-0.5346913889610391,-0.5346913889610391,-0.5346913889610391,-0.5346913889610391,-0.5346913889610391,0.3073053889610391,0.3073053889610391,0.06746141087422806,0.39010077673057536,72.0,-0.006787042740259734,-0.014161461558441193,-13.690148961038956,-1.0,9.90596,0,60.0,216.0,6.24145,7.46695,8.14389,8.76843,9.21347,9.4589,9.59659,9.72115,9.81253,9.90596,10.0015,10.0992,10.2398,10.406,10.7344,11.4629,12.9281,15.6578,37.5997,13.97712352,1.0,0.0,0.0,,brake,-0.8399999999999999,0.0,0.12,1,30.642,0.0
1487,463.794,-0.219767,0.0567539,-0.591086,-0.227502,JOIN_RACELINE,-0.5346876698051948,-0.5346876698051948,-0.5346876698051948,-0.5346876698051948,-0.5346876698051948,0.3071856698051948,0.3071856698051948,0.0674623711253405,0.3901693660957492,72.0,-0.006787264201298702,-0.014174277792207854,-13.690329805194807,-1.0,9.90415,0,60.0,216.0,6.24176,7.46646,8.14305,8.76725,9.21204,9.45734,9.59495,9.71943,9.81076,9.90415,9.99964,10.0973,10.2378,10.4039,10.732,11.4602,12.9244,15.6524,37.5774,13.98241864,1.0,0.0,0.0,,brake,-0.8399999999999999,0.0,0.12,1,30.664,0.0
1488,463.792,-0.219688,0.0567494,-0.591432,-0.227615,JOIN_RACELINE,-0.5346802314935064,-0.5346802314935064,-0.5346802314935064,-0.5346802314935064,-0.5346802314935064,0.3070652314935064,0.3070652314935064,0.06746321858427108,0.39022989887650517,72.0,-0.006787707123376626,-0.01419991025974044,-13.690691493506495,-1.0,9.90122,0,60.0,216.0,6.24197,7.46548,8.14153,8.76525,9.20968,9.45478,9.59228,9.71667,9.80791,9.90122,9.99663,10.0942,10.2346,10.4005,10.7284,11.4559,12.9188,15.6444,37.5458,13.98242496,1.0,0.0,0.0,,brake,-0.8399999999999999,0.0,0.12,1,30.686,0.0
1489,463.791,-0.286077,0.0849781,-0.591779,-0.227728,JOIN_RACELINE,-0.5346765123376623,-0.5346765123376623,-0.5346765123376623,-0.5346765123376623,-0.5346765123376623,0.3069485123376623,0.3069485123376623,0.0674631035291917,0.3902216806565498,72.0,-0.006787928584415582,-0.01421272649350637,-13.690872337662336,-1.0,9.89831,0,60.0,216.0,6.24216,7.46451,8.14003,8.76326,9.20733,9.45223,9.58962,9.71391,9.80508,9.89831,9.99365,10.0911,10.2314,10.3972,10.7248,11.4517,12.9133,15.6364,37.5143,13.97711384,1.0,0.0,0.0,,brake,-0.8399999999999999,0.0,0.12,1,30.708,0.0
1490,463.789,-0.286144,0.0849405,-0.592025,-0.227843,JOIN_RACELINE,-0.534669074025974,-0.534669074025974,-0.534669074025974,-0.534669074025974,-0.534669074025974,0.30682607402597395,0.30682607402597395,0.06746394980395369,0.3902821288538347,72.0,-0.0067883715064935065,-0.014238358961038963,-13.691234025974026,-1.0,9.89649,0,60.0,216.0,6.24248,7.46402,8.13919,8.76208,9.2059,9.45067,9.58798,9.71219,9.80332,9.89649,9.99178,10.0892,10.2294,10.3951,10.7225,11.4489,12.9097,15.631,37.4921,13.97710848,1.0,0.0,0.0,,brake,-0.8399999999999999,0.0,0.12,1,30.73,0.0
1491,463.787,-0.219932,0.0568114,-0.592271,-0.22796,JOIN_RACELINE,-0.5346616357142856,-0.5346616357142856,-0.5346616357142856,-0.5346616357142856,-0.5346616357142856,0.3067016357142856,0.3067016357142856,0.06746533365070416,0.39038097505029695,72.0,-0.006788814428571431,-0.014263991428571553,-13.691595714285716,-1.0,9.89469,0,60.0,216.0,6.24281,7.46355,8.13835,8.76091,9.20449,9.44911,9.58635,9.71049,9.80156,9.89469,9.98991,10.0873,10.2274,10.393,10.7202,11.4462,12.9061,15.6256,37.47,13.98240544,1.0,0.0,0.0,,brake,-0.8399999999999999,0.0,0.12,1,30.752,0.0
1492,463.786,-0.219888,0.0567977,-0.592618,-0.228072,JOIN_RACELINE,-0.5346579165584415,-0.5346579165584415,-0.5346579165584415,-0.5346579165584415,-0.5346579165584415,0.30658591655844153,0.30658591655844153,0.0674657574166678,0.39041124404769895,72.0,-0.006789035889610386,-0.014276807662337482,-13.691776558441557,-1.0,9.89176,0,60.0,216.0,6.243,7.46257,8.13684,8.75891,9.20213,9.44656,9.58368,9.70772,9.79872,9.89176,9.98692,10.0842,10.2242,10.3897,10.7166,11.442,12.9005,15.6176,37.4386,13.98240896,1.0,0.0,0.0,,brake,-0.8399999999999999,0.0,0.12,1,30.774,0.0
1493,463.784,-0.28609,0.084999,-0.592964,-0.228185,JOIN_RACELINE,-0.5346504782467533,-0.5346504782467533,-0.5346504782467533,-0.5346504782467533,-0.5346504782467533,0.3064654782467533,0.3064654782467533,0.06746606728738842,0.3904333776706014,72.0,-0.00678947881168831,-0.014302440129870076,-13.692138246753245,-1.0,9.88886,0,60.0,216.0,6.24321,7.4616,8.13534,8.75692,9.19979,9.44402,9.58103,9.70496,9.79589,9.88886,9.98393,10.0812,10.221,10.3863,10.713,11.4378,12.895,15.6097,37.4074,13.9771128,1.0,0.0,0.0,,brake,-0.8399999999999999,0.0,0.12,1,30.796,0.0
1494,463.782,-0.286129,0.084994,-0.593211,-0.228302,JOIN_RACELINE,-0.5346430399350649,-0.5346430399350649,-0.5346430399350649,-0.5346430399350649,-0.5346430399350649,0.3063410399350649,0.3063410399350649,0.06746691378925124,0.3904938420893741,72.0,-0.006789921733766234,-0.014328072597402666,-13.692499935064935,-1.0,9.88706,0,60.0,216.0,6.24353,7.46112,8.13451,8.75575,9.19838,9.44247,9.5794,9.70327,9.79413,9.88706,9.98207,10.0793,10.219,10.3843,10.7107,11.435,12.8914,15.6043,37.3854,13.97710968,1.0,0.0,0.0,,brake,-0.8399999999999999,0.0,0.12,1,30.818,0.0
1495,463.781,-0.219748,0.0567463,-0.593457,-0.228418,JOIN_RACELINE,-0.5346393207792208,-0.5346393207792208,-0.5346393207792208,-0.5346393207792208,-0.5346393207792208,0.3062213207792208,0.3062213207792208,0.06746787559762644,0.39056254268760243,72.0,-0.00679014319480519,-0.014340888831168595,-13.692680779220776,-1.0,9.88525,0,60.0,216.0,6.24385,7.46065,8.13368,8.75458,9.19697,9.44092,9.57778,9.70157,9.79239,9.88525,9.98023,10.0773,10.217,10.3822,10.7085,11.4323,12.8878,15.599,37.3635,13.98242016,1.0,0.0,0.0,,brake,-0.8399999999999999,0.0,0.12,1,30.84,0.0
1496,463.779,-0.219604,0.05681,-0.593803,-0.228531,JOIN_RACELINE,-0.5346318824675325,-0.5346318824675325,-0.5346318824675325,-0.5346318824675325,-0.5346318824675325,0.3061008824675324,0.3061008824675324,0.06746872358375537,0.39062311312538295,72.0,-0.006790586116883115,-0.014366521298701182,-13.693042467532466,-1.0,9.88236,0,60.0,216.0,6.24405,7.45967,8.13218,8.75259,9.19464,9.43839,9.57513,9.69882,9.78957,9.88236,9.97725,10.0743,10.2139,10.3789,10.7049,11.4281,12.8823,15.591,37.3324,13.98243168,1.0,0.0,0.0,,brake,-0.8399999999999999,0.0,0.12,1,30.862,0.0
1497,463.778,-0.285998,0.0850284,-0.594149,-0.228644,JOIN_RACELINE,-0.5346281633116884,-0.5346281633116884,-0.5346281633116884,-0.5346281633116884,-0.5346281633116884,0.30598416331168843,0.30598416331168843,0.06746860848812228,0.3906148920087333,72.0,-0.006790807577922071,-0.014379337532467118,-13.693223311688305,-1.0,9.87946,0,60.0,216.0,6.24426,7.4587,8.13069,8.75062,9.19229,9.43586,9.57248,9.69609,9.78675,9.87946,9.97427,10.0712,10.2107,10.3755,10.7013,11.4239,12.8768,15.5831,37.3013,13.97712016,1.0,0.0,0.0,,brake,-0.8399999999999999,0.0,0.12,1,30.884,0.0
1498,463.776,-0.285998,0.085014,-0.594395,-0.22876,JOIN_RACELINE,-0.534620725,-0.534620725,-0.534620725,-0.534620725,-0.534620725,0.30586072500000006,0.30586072500000006,0.06746945530630409,0.3906753790217207,72.0,-0.006791250499999995,-0.014404969999999705,-13.693584999999995,-1.0,9.87767,0,60.0,216.0,6.24458,7.45823,8.12985,8.74945,9.19089,9.43431,9.57087,9.69439,9.78501,9.87767,9.97242,10.0693,10.2087,10.3735,10.699,11.4212,12.8732,15.5778,37.2795,13.97712016,1.0,0.0,0.0,,brake,-0.8399999999999999,0.0,0.12,1,30.906,0.0
1499,463.774,-0.219771,0.0568042,-0.594642,-0.228876,JOIN_RACELINE,-0.5346132866883117,-0.5346132866883117,-0.5346132866883117,-0.5346132866883117,-0.5346132866883117,0.3057372866883117,0.3057372866883117,0.06747083927471567,0.3907742339082615,72.0,-0.006791693422077919,-0.014430602467532295,-13.693946688311685,-1.0,9.87588,0,60.0,216.0,6.24491,7.45776,8.12901,8.74828,9.18948,9.43276,9.56925,9.6927,9.78326,9.87588,9.97058,10.0674,10.2067,10.3714,10.6967,11.4185,12.8696,15.5724,37.2577,13.98241832,1.0,0.0,0.0,,brake,-0.8399999999999999,0.0,0.12,1,30.928,0.0
1500,463.773,-0.219745,0.0567827,-0.594988,-0.228989,JOIN_RACELINE,-0.5346095675324677,-0.5346095675324677,-0.5346095675324677,-0.5346095675324677,-0.5346095675324677,0.3056205675324677,0.3056205675324677,0.06747126289468591,0.3908044924775643,72.0,-0.006791914883116874,-0.014443418701298224,-13.694127532467526,-1.0,9.87298,0,60.0,216.0,6.24511,7.4568,8.12753,8.74631,9.18715,9.43024,9.56661,9.68996,9.78046,9.87298,9.9676,10.0644,10.2035,10.3681,10.6932,11.4143,12.8641,15.5645,37.2268,13.9824204,1.0,0.0,0.0,,brake,-0.8399999999999999,0.0,0.12,1,30.95,0.0
1501,463.771,-0.285936,0.0850702,-0.595334,-0.229102,JOIN_RACELINE,-0.5346021292207793,-0.5346021292207793,-0.5346021292207793,-0.5346021292207793,-0.5346021292207793,0.3055001292207793,0.3055001292207793,0.06747157285462481,0.3908266324732004,72.0,-0.006792357805194799,-0.014469051168830818,-13.694489220779216,-1.0,9.87009,0,60.0,216.0,6.24532,7.45583,8.12604,8.74433,9.18482,9.42771,9.56397,9.68722,9.77764,9.87009,9.96463,10.0613,10.2004,10.3648,10.6896,11.4101,12.8586,15.5566,37.196,13.97712512,1.0,0.0,0.0,,brake,-0.8399999999999999,0.0,0.12,1,30.972,0.0
1502,463.77,-0.286027,0.0850897,-0.595579,-0.229218,JOIN_RACELINE,-0.534598410064935,-0.534598410064935,-0.534598410064935,-0.534598410064935,-0.534598410064935,0.305380410064935,0.305380410064935,0.06747199552563803,0.39085682325985815,72.0,-0.006792579266233768,-0.014481867402597479,-13.694670064935066,-1.0,9.86832,0,60.0,216.0,6.24564,7.45537,8.12522,8.74318,9.18343,9.42619,9.56237,9.68555,9.77592,9.86832,9.96281,10.0594,10.1984,10.3627,10.6873,11.4074,12.855,15.5513,37.1744,13.97711784,1.0,0.0,0.0,,brake,-0.8399999999999999,0.0,0.12,1,30.994,0.0
1503,463.768,-0.219689,0.0568429,-0.595825,-0.229333,JOIN_RACELINE,-0.5345909717532467,-0.5345909717532467,-0.5345909717532467,-0.5345909717532467,-0.5345909717532467,0.30525797175324665,0.30525797175324665,0.06747338039434216,0.39095574245301074,72.0,-0.006793022188311692,-0.014507499870130065,-13.695031753246756,-1.0,9.86653,0,60.0,216.0,6.24597,7.4549,8.1244,8.74201,9.18203,9.42465,9.56076,9.68388,9.77418,9.86653,9.96096,10.0575,10.1964,10.3606,10.6851,11.4047,12.8515,15.546,37.1528,13.98242488,1.0,0.0,0.0,,brake,-0.8399999999999999,0.0,0.12,1,31.016,0.0
1504,463.766,-0.219777,0.0568374,-0.596172,-0.229446,JOIN_RACELINE,-0.5345835334415585,-0.5345835334415585,-0.5345835334415585,-0.5345835334415585,-0.5345835334415585,0.3051375334415585,0.3051375334415585,0.06747422649877853,0.3910161784841799,72.0,-0.006793465110389603,-0.01453313233766193,-13.695393441558435,-1.0,9.86364,0,60.0,216.0,6.24618,7.45393,8.1229,8.74004,9.1797,9.42212,9.55812,9.68112,9.77137,9.86364,9.958,10.0545,10.1933,10.3573,10.6815,11.4005,12.846,15.5381,37.122,13.98241784,1.0,0.0,0.0,,brake,-0.8399999999999999,0.0,0.12,1,31.038,0.0
1505,463.765,-0.285972,0.0850837,-0.596519,-0.229559,JOIN_RACELINE,-0.5345798142857142,-0.5345798142857142,-0.5345798142857142,-0.5345798142857142,-0.5345798142857142,0.3050208142857142,0.3050208142857142,0.06747411301718349,0.3910080726559636,72.0,-0.006793686571428571,-0.014545948571428585,-13.695574285714287,-1.0,9.86076,0,60.0,216.0,6.24638,7.45297,8.12141,8.73807,9.17737,9.4196,9.55549,9.6784,9.76856,9.86076,9.95504,10.0515,10.1901,10.354,10.6779,11.3963,12.8405,15.5302,37.0914,13.97712224,1.0,0.0,0.0,,brake,-0.8399999999999999,0.0,0.12,1,31.06,0.0
1506,463.763,-0.286003,0.085028,-0.596765,-0.229675,JOIN_RACELINE,-0.5345723759740258,-0.5345723759740258,-0.5345723759740258,-0.5345723759740258,-0.5345723759740258,0.3048973759740259,0.3048973759740259,0.06747495958393224,0.39106854170944494,72.0,-0.0067941294935064955,-0.014571581038961178,-13.695935974025977,-1.0,9.85898,0,60.0,216.0,6.24671,7.4525,8.1206,8.73691,9.17598,9.41807,9.55388,9.67673,9.76684,9.85898,9.9532,10.0496,10.1881,10.352,10.6757,11.3936,12.8369,15.5249,37.0699,13.97711976,1.0,0.0,0.0,,brake,-0.8399999999999999,0.0,0.12,1,31.082,0.0
1507,463.762,-0.219863,0.0568804,-0.597011,-0.229791,JOIN_RACELINE,-0.5345686568181818,-0.5345686568181818,-0.5345686568181818,-0.5345686568181818,-0.5345686568181818,0.3047776568181818,0.3047776568181818,0.0674759194376182,0.3911371026870143,72.0,-0.006794350954545452,-0.014584397272727107,-13.696116818181816,-1.0,9.8572,0,60.0,216.0,6.24704,7.45204,8.11976,8.73575,9.17457,9.41654,9.55227,9.67504,9.76511,9.8572,9.95137,10.0477,10.1862,10.3499,10.6734,11.391,12.8334,15.5196,37.0484,13.98241096,1.0,0.0,0.0,,brake,-0.8399999999999999,0.0,0.12,1,31.104,0.0
1508,463.76,-0.219848,0.0568789,-0.597357,-0.229904,JOIN_RACELINE,-0.5345612185064935,-0.5345612185064935,-0.5345612185064935,-0.5345612185064935,-0.5345612185064935,0.3046572185064935,0.3046572185064935,0.06747676637746113,0.3911975983900802,72.0,-0.006794793876623376,-0.014610029740259697,-13.696478506493506,-1.0,9.85433,0,60.0,216.0,6.24725,7.45107,8.11829,8.7338,9.17227,9.41403,9.54965,9.67233,9.76231,9.85433,9.94842,10.0446,10.183,10.3466,10.6699,11.3868,12.8279,15.5117,37.018,13.98241216,1.0,0.0,0.0,,brake,-0.8399999999999999,0.0,0.12,1,31.126,0.0
1509,463.758,-0.285869,0.0850389,-0.597703,-0.230016,JOIN_RACELINE,-0.5345537801948052,-0.5345537801948052,-0.5345537801948052,-0.5345537801948052,-0.5345537801948052,0.30453778019480515,0.30453778019480515,0.06747707771622648,0.39121983687331924,72.0,-0.0067952367987013,-0.014635662207792291,-13.696840194805196,-1.0,9.85146,0,60.0,216.0,6.24745,7.45011,8.11681,8.73183,9.16996,9.41152,9.54703,9.66961,9.75952,9.85146,9.94547,10.0416,10.1799,10.3434,10.6663,11.3826,12.8225,15.5039,36.9876,13.97713048,1.0,0.0,0.0,,brake,-0.8399999999999999,0.0,0.12,1,31.148,0.0
1510,463.757,-0.285791,0.0849944,-0.597949,-0.230132,JOIN_RACELINE,-0.5345500610389611,-0.5345500610389611,-0.5345500610389611,-0.5345500610389611,-0.5345500610389611,0.3044180610389611,0.3044180610389611,0.06747750175795539,0.39125012556824185,72.0,-0.006795458259740256,-0.01464847844155822,-13.697021038961037,-1.0,9.84968,0,60.0,216.0,6.24778,7.44965,8.11599,8.73068,9.16856,9.40999,9.54543,9.66793,9.7578,9.84968,9.94364,10.0397,10.1779,10.3413,10.6641,11.3799,12.8189,15.4986,36.9662,13.97713672,1.0,0.0,0.0,,brake,-0.8399999999999999,0.0,0.12,1,31.17,0.0
1511,463.755,-0.219753,0.0568499,-0.598195,-0.230248,JOIN_RACELINE,-0.5345426227272727,-0.5345426227272727,-0.5345426227272727,-0.5345426227272727,-0.5345426227272727,0.3042946227272727,0.3042946227272727,0.06747888419343634,0.39134887095973764,72.0,-0.00679590118181818,-0.014674110909090807,-13.697382727272727,-1.0,9.8479,0,60.0,216.0,6.24811,7.44918,8.11516,8.72952,9.16716,9.40846,9.54382,9.66625,9.75606,9.8479,9.9418,10.0378,10.176,10.3392,10.6618,11.3773,12.8153,15.4934,36.9449,13.98241976,1.0,0.0,0.0,,brake,-0.8399999999999999,0.0,0.12,1,31.192,0.0
1512,463.753,-0.219906,0.0568446,-0.598542,-0.230361,JOIN_RACELINE,-0.5345351844155843,-0.5345351844155843,-0.5345351844155843,-0.5345351844155843,-0.5345351844155843,0.3041741844155843,0.3041741844155843,0.0674797297706744,0.39140926933388576,72.0,-0.006796344103896104,-0.014699743376623397,-13.697744415584417,-1.0,9.84504,0,60.0,216.0,6.24832,7.44822,8.11368,8.72757,9.16486,9.40596,9.54121,9.66354,9.75327,9.84504,9.93886,10.0348,10.1728,10.336,10.6582,11.3731,12.8099,15.4855,36.9146,13.98240752,1.0,0.0,0.0,,brake,-0.8399999999999999,0.0,0.12,1,31.214,0.0
1513,463.752,-0.286006,0.0850555,-0.598888,-0.230474,JOIN_RACELINE,-0.5345314652597403,-0.5345314652597403,-0.5345314652597403,-0.5345314652597403,-0.5345314652597403,0.30405746525974026,0.30405746525974026,0.06747961705960001,0.391401218542858,72.0,-0.00679656556493506,-0.014712559610389326,-13.697925259740256,-1.0,9.84218,0,60.0,216.0,6.24853,7.44728,8.11222,8.72561,9.16255,9.40347,9.5386,9.66083,9.7505,9.84218,9.93594,10.0318,10.1697,10.3327,10.6547,11.369,12.8045,15.4776,36.8844,13.97711952,1.0,0.0,0.0,,brake,-0.8399999999999999,0.0,0.12,1,31.236,0.0
1514,463.75,-0.285801,0.0850367,-0.599134,-0.23059,JOIN_RACELINE,-0.534524026948052,-0.534524026948052,-0.534524026948052,-0.534524026948052,-0.534524026948052,0.30393402694805205,0.30393402694805205,0.06748046554048426,0.3914618243203041,72.0,-0.006797008487012984,-0.01473819207792192,-13.698286948051946,-1.0,9.84041,0,60.0,216.0,6.24886,7.44681,8.1114,8.72447,9.16117,9.40195,9.537,9.65917,9.74878,9.84041,9.93411,10.0299,10.1677,10.3306,10.6525,11.3663,12.801,15.4724,36.8632,13.97713592,1.0,0.0,0.0,,brake,-0.8399999999999999,0.0,0.12,1,31.258,0.0
1515,463.749,-0.219464,0.056856,-0.59938,-0.230706,JOIN_RACELINE,-0.5345203077922079,-0.5345203077922079,-0.5345203077922079,-0.5345203077922079,-0.5345203077922079,0.30381430779220797,0.30381430779220797,0.06748142699198677,0.3915304994276254,72.0,-0.00679722994805194,-0.014751008311687849,-13.698467792207786,-1.0,9.83865,0,60.0,216.0,6.24919,7.44634,8.11058,8.72332,9.15978,9.40043,9.53541,9.65751,9.74708,9.83865,9.93229,10.0281,10.1658,10.3286,10.6502,11.3636,12.7974,15.4672,36.8421,13.98244288,1.0,0.0,0.0,,brake,-0.8399999999999999,0.0,0.12,1,31.28,0.0
1516,463.747,-0.219614,0.0568274,-0.599726,-0.230818,JOIN_RACELINE,-0.5345128694805196,-0.5345128694805196,-0.5345128694805196,-0.5345128694805196,-0.5345128694805196,0.3036948694805196,0.3036948694805196,0.06748227259355705,0.3915908995397882,72.0,-0.006797672870129864,-0.014776640779220439,-13.698829480519477,-1.0,9.83579,0,60.0,216.0,6.2494,7.4454,8.10911,8.72136,9.15748,9.39792,9.53281,9.6548,9.74429,9.83579,9.92936,10.025,10.1627,10.3253,10.6467,11.3595,12.792,15.4594,36.812,13.98243088,1.0,0.0,0.0,,brake,-0.8399999999999999,0.0,0.12,1,31.302,0.0
1517,463.745,-0.285797,0.0850591,-0.600072,-0.230931,JOIN_RACELINE,-0.5345054311688312,-0.5345054311688312,-0.5345054311688312,-0.5345054311688312,-0.5345054311688312,0.3035744311688312,0.3035744311688312,0.0674825826183818,0.39161304417012877,72.0,-0.0067981157922077885,-0.014802273246753032,-13.699191168831167,-1.0,9.83294,0,60.0,216.0,6.24961,7.44445,8.10763,8.71942,9.15519,9.39544,9.5302,9.6521,9.74151,9.83294,9.92643,10.022,10.1595,10.3221,10.6432,11.3553,12.7866,15.4515,36.782,13.97713624,1.0,0.0,0.0,,brake,-0.8399999999999999,0.0,0.12,1,31.324,0.0
1518,463.744,-0.285952,0.0851058,-0.600318,-0.231047,JOIN_RACELINE,-0.5345017120129871,-0.5345017120129871,-0.5345017120129871,-0.5345017120129871,-0.5345017120129871,0.3034547120129871,0.3034547120129871,0.06748300477030741,0.39164319787910096,72.0,-0.0067983372532467445,-0.014815089480518961,-13.699372012987006,-1.0,9.83118,0,60.0,216.0,6.24995,7.44399,8.10682,8.71827,9.15381,9.39392,9.52862,9.65043,9.73981,9.83118,9.92462,10.0202,10.1576,10.32,10.6409,11.3527,12.7831,15.4463,36.761,13.97712384,1.0,0.0,0.0,,brake,-0.8399999999999999,0.0,0.12,1,31.346,0.0
1519,463.742,-0.219641,0.0568104,-0.600564,-0.231163,JOIN_RACELINE,-0.5344942737012988,-0.5344942737012988,-0.5344942737012988,-0.5344942737012988,-0.5344942737012988,0.30333127370129875,0.30333127370129875,0.0674843894200215,0.39174210143010685,72.0,-0.006798780175324669,-0.014840721948051552,-13.699733701298696,-1.0,9.82942,0,60.0,216.0,6.25028,7.44353,8.10601,8.71712,9.15242,9.3924,9.52702,9.64878,9.7381,9.82942,9.9228,10.0183,10.1556,10.318,10.6387,11.35,12.7795,15.4411,36.74,13.98242872,1.0,0.0,0.0,,brake,-0.8399999999999999,0.0,0.12,1,31.368,0.0
1520,463.741,-0.219594,0.0568956,-0.60091,-0.231275,JOIN_RACELINE,-0.5344905545454545,-0.5344905545454545,-0.5344905545454545,-0.5344905545454545,-0.5344905545454545,0.30321555454545446,0.30321555454545446,0.06748481321031735,0.391772372165525,72.0,-0.006799001636363637,-0.01485353818181821,-13.699914545454545,-1.0,9.82658,0,60.0,216.0,6.25049,7.44258,8.10454,8.71518,9.15013,9.38992,9.52442,9.64609,9.73532,9.82658,9.91988,10.0153,10.1525,10.3147,10.6352,11.3459,12.7741,15.4333,36.7101,13.98243248,1.0,0.0,0.0,,brake,-0.8399999999999999,0.0,0.12,1,31.39,0.0
1521,463.739,-0.285761,0.085131,-0.601257,-0.231388,JOIN_RACELINE,-0.5344831162337662,-0.5344831162337662,-0.5344831162337662,-0.5344831162337662,-0.5344831162337662,0.30309511623376617,0.30309511623376617,0.06748512336491405,0.39179452606528903,72.0,-0.006799444558441561,-0.0148791706493508,-13.700276233766235,-1.0,9.82373,0,60.0,216.0,6.25071,7.44164,8.10308,8.71324,9.14784,9.38745,9.52184,9.6434,9.73256,9.82373,9.91697,10.0123,10.1494,10.3115,10.6317,11.3418,12.7687,15.4255,36.6803,13.97713912,1.0,0.0,0.0,,brake,-0.8399999999999999,0.0,0.12,1,31.412,0.0
1522,463.737,-0.285809,0.0851059,-0.601502,-0.231504,JOIN_RACELINE,-0.5344756779220781,-0.5344756779220781,-0.5344756779220781,-0.5344756779220781,-0.5344756779220781,0.3029716779220781,0.3029716779220781,0.06748596979378012,0.39185498527000834,72.0,-0.006799887480519472,-0.014904803116882661,-13.700637922077917,-1.0,9.82198,0,60.0,216.0,6.25104,7.44118,8.10227,8.7121,9.14646,9.38593,9.52026,9.64175,9.73086,9.82198,9.91516,10.0104,10.1475,10.3095,10.6295,11.3391,12.7652,15.4203,36.6595,13.97713528,1.0,0.0,0.0,,brake,-0.8399999999999999,0.0,0.12,1,31.434,0.0
1523,463.736,-0.219501,0.0568875,-0.601748,-0.23162,JOIN_RACELINE,-0.5344719587662338,-0.5344719587662338,-0.5344719587662338,-0.5344719587662338,-0.5344719587662338,0.3028519587662338,0.3028519587662338,0.06748693101007107,0.39192364357650455,72.0,-0.006800108941558441,-0.014917619350649322,-13.700818766233766,-1.0,9.82023,0,60.0,216.0,6.25138,7.44072,8.10146,8.71097,9.14509,9.38442,9.51867,9.64009,9.72916,9.82023,9.91336,10.0086,10.1455,10.3074,10.6272,11.3365,12.7617,15.4151,36.6386,13.98243992,1.0,0.0,0.0,,brake,-0.8399999999999999,0.0,0.12,1,31.456,0.0
1524,463.734,-0.219201,0.0568153,-0.602094,-0.231732,JOIN_RACELINE,-0.5344645204545454,-0.5344645204545454,-0.5344645204545454,-0.5344645204545454,-0.5344645204545454,0.3027325204545454,0.3027325204545454,0.06748778026147606,0.391984304391147,72.0,-0.006800551863636365,-0.014943251818181912,-13.701180454545456,-1.0,9.81739,0,60.0,216.0,6.25159,7.43978,8.1,8.70903,9.1428,9.38194,9.51608,9.6374,9.72639,9.81739,9.91044,10.0056,10.1424,10.3042,10.6237,11.3324,12.7563,15.4073,36.609,13.98246392,1.0,0.0,0.0,,brake,-0.8399999999999999,0.0,0.12,1,31.478,0.0
1525,463.732,-0.285466,0.0850467,-0.60244,-0.231845,JOIN_RACELINE,-0.5344570821428573,-0.5344570821428573,-0.5344570821428573,-0.5344570821428573,-0.5344570821428573,0.3026120821428573,0.3026120821428573,0.06748808962121979,0.3920064015156989,72.0,-0.006800994785714277,-0.014968884285713774,-13.701542142857136,-1.0,9.81457,0,60.0,216.0,6.2518,7.43883,8.09855,8.7071,9.14052,9.37947,9.51351,9.63473,9.72364,9.81457,9.90754,10.0026,10.1393,10.301,10.6202,11.3283,12.751,15.3996,36.5795,13.97716272,1.0,0.0,0.0,,brake,-0.8399999999999999,0.0,0.12,1,31.5,0.0
1526,463.731,-0.285622,0.0850585,-0.602686,-0.231961,JOIN_RACELINE,-0.534453362987013,-0.534453362987013,-0.534453362987013,-0.534453362987013,-0.534453362987013,0.302492362987013,0.302492362987013,0.0674885117650347,0.3920365546453359,72.0,-0.006801216246753245,-0.014981700519480431,-13.701722987012985,-1.0,9.81282,0,60.0,216.0,6.25214,7.43838,8.09774,8.70596,9.13915,9.37796,9.51192,9.63308,9.72195,9.81282,9.90573,10.0007,10.1374,10.2989,10.618,11.3256,12.7475,15.3944,36.5587,13.97715024,1.0,0.0,0.0,,brake,-0.8399999999999999,0.0,0.12,1,31.522,0.0
1527,463.729,-0.219291,0.0568794,-0.602932,-0.232076,JOIN_RACELINE,-0.5344459246753246,-0.5344459246753246,-0.5344459246753246,-0.5344459246753246,-0.5344459246753246,0.3023699246753246,0.3023699246753246,0.06748989657696361,0.3921354697831143,72.0,-0.006801659168831169,-0.015007332987013022,-13.702084675324675,-1.0,9.81107,0,60.0,216.0,6.25247,7.43792,8.09693,8.70482,9.13779,9.37646,9.51034,9.63143,9.72025,9.81107,9.90394,9.9989,10.1355,10.2969,10.6158,11.323,12.7439,15.3892,36.538,13.98245672,1.0,0.0,0.0,,brake,-0.8399999999999999,0.0,0.12,1,31.544,0.0
1528,463.728,-0.219472,0.0568979,-0.603278,-0.232188,JOIN_RACELINE,-0.5344422055194805,-0.5344422055194805,-0.5344422055194805,-0.5344422055194805,-0.5344422055194805,0.3022542055194805,0.3022542055194805,0.0674903185180099,0.39216560842927867,72.0,-0.006801880629870125,-0.01502014922077895,-13.702265519480516,-1.0,9.80823,0,60.0,216.0,6.25269,7.43697,8.09547,8.70288,9.1355,9.37398,9.50775,9.62874,9.71749,9.80823,9.90102,9.9959,10.1324,10.2937,10.6123,11.3189,12.7386,15.3815,36.5085,13.98244224,1.0,0.0,0.0,,brake,-0.8399999999999999,0.0,0.12,1,31.566,0.0
1529,463.726,-0.285736,0.0850699,-0.603624,-0.232301,JOIN_RACELINE,-0.5344347672077923,-0.5344347672077923,-0.5344347672077923,-0.5344347672077923,-0.5344347672077923,0.3021337672077923,0.3021337672077923,0.06749062788586446,0.39218770613317505,72.0,-0.00680232355194805,-0.01504578168831154,-13.702627207792206,-1.0,9.80542,0,60.0,216.0,6.25291,7.43605,8.09402,8.70096,9.13323,9.37153,9.50519,9.62607,9.71475,9.80542,9.89813,9.99293,10.1293,10.2904,10.6088,11.3148,12.7332,15.3737,36.4791,13.97714112,1.0,0.0,0.0,,brake,-0.8399999999999999,0.0,0.12,1,31.588,0.0
1530,463.724,-0.285697,0.0850456,-0.60387,-0.232417,JOIN_RACELINE,-0.5344273288961039,-0.5344273288961039,-0.5344273288961039,-0.5344273288961039,-0.5344273288961039,0.3020103288961039,0.3020103288961039,0.06749147502036532,0.3922482157403792,72.0,-0.006802766474025974,-0.015071414155844134,-13.702988896103896,-1.0,9.80367,0,60.0,216.0,6.25325,7.43559,8.09321,8.69983,9.13186,9.37003,9.5036,9.62443,9.71306,9.80367,9.89633,9.99108,10.1273,10.2884,10.6066,11.3122,12.7297,15.3686,36.4585,13.97714424,1.0,0.0,0.0,,brake,-0.8399999999999999,0.0,0.12,1,31.61,0.0
1531,463.723,-0.219593,0.0569009,-0.604116,-0.232533,JOIN_RACELINE,-0.5344236097402598,-0.5344236097402598,-0.5344236097402598,-0.5344236097402598,-0.5344236097402598,0.30189060974025983,0.30189060974025983,0.06749243458206446,0.3923167558617462,72.0,-0.006802987935064929,-0.015084230389610064,-13.703169740259735,-1.0,9.80192,0,60.0,216.0,6.25359,7.43513,8.09241,8.6987,9.13049,9.36853,9.50204,9.62279,9.71136,9.80192,9.89453,9.98923,10.1254,10.2864,10.6044,11.3095,12.7262,15.3634,36.4379,13.98243256,1.0,0.0,0.0,,brake,-0.8399999999999999,0.0,0.12,1,31.632,0.0
1532,463.721,-0.219541,0.056777,-0.604463,-0.232645,JOIN_RACELINE,-0.5344161714285715,-0.5344161714285715,-0.5344161714285715,-0.5344161714285715,-0.5344161714285715,0.30177117142857146,0.30177117142857146,0.06749328182200495,0.3923772730003532,72.0,-0.006803430857142853,-0.015109862857142654,-13.703531428571425,-1.0,9.7991,0,60.0,216.0,6.2538,7.43419,8.09095,8.69676,9.12822,9.36605,9.49946,9.62011,9.70862,9.7991,9.89163,9.98625,10.1223,10.2832,10.6009,11.3054,12.7209,15.3556,36.4087,13.98243672,1.0,0.0,0.0,,brake,-0.8399999999999999,0.0,0.12,1,31.654,0.0
