step,distFromStart,speedX,speedY,angle,trackPos,controlState,rawRacingLinePos,practicalTrackPos,targetTrackPos,previewTrackPos,steeringTrackPos,lineError,effectiveLineError,corridorHalfWidth,lineComplexity,targetSpeed,targetCurvature,headingOffset,speedDelta30m,turnDirection,sensorFront,sensorBestAngle,sensorRawSpeedCap,sensorSafetyCap,trackSensor0,trackSensor1,trackSensor2,trackSensor3,trackSensor4,trackSensor5,trackSensor6,trackSensor7,trackSensor8,trackSensor9,trackSensor10,trackSensor11,trackSensor12,trackSensor13,trackSensor14,trackSensor15,trackSensor16,trackSensor17,trackSensor18,lookaheadDistance,lineBlend,referenceThrottle,referenceBrake,referenceSection,phase,steer,accel,brake,gear,curLapTime,lastLapTime
0,2743.1,0.0,0.0,1.74846e-07,-9.53674e-07,RACE,0.22,-9.53674e-07,-9.53674e-07,-9.53674e-07,-9.53674e-07,0.0,0.0,0.10400000000000001,0.0,129.0360235483007,0.0,0.0,-9.926032279645845,0.0,160.615,0,216.0,216.0,7.07107,15.3578,24.0487,41.0276,71.6781,114.628,147.529,154.25,157.698,160.615,163.177,165.475,168.351,114.628,71.6781,41.0275,24.0487,15.3577,7.07106,14.0,0.0,0.0,0.0,,launch,7.30156896e-08,1.0,0.0,1,-0.982,0.0
1,2743.1,0.0,0.0,1.74846e-07,-9.53674e-07,RACE,0.22,-9.53674e-07,-9.53674e-07,-9.53674e-07,-9.53674e-07,0.0,0.0,0.10400000000000001,0.0,129.0360235483007,0.0,0.0,-9.926032279645845,0.0,160.615,0,216.0,216.0,7.07107,15.3578,24.0487,41.0276,71.6781,114.628,147.529,154.25,157.698,160.615,163.177,165.475,168.351,114.628,71.6781,41.0275,24.0487,15.3577,7.07106,14.0,0.0,0.0,0.0,,launch,1.0368227923200002e-07,1.0,0.0,1,-0.962,0.0
2,2743.1,0.0,0.0,1.74846e-07,-9.53674e-07,RACE,0.22,-9.53674e-07,-9.53674e-07,-9.53674e-07,-9.53674e-07,0.0,0.0,0.10400000000000001,0.0,129.0360235483007,0.0,0.0,-9.926032279645845,0.0,160.615,0,216.0,216.0,7.07107,15.3578,24.0487,41.0276,71.6781,114.628,147.529,154.25,157.698,160.615,163.177,165.475,168.351,114.628,71.6781,41.0275,24.0487,15.3577,7.07106,14.0,0.0,0.0,0.0,,launch,1.1656224687744001e-07,1.0,0.0,1,-0.942,0.0
3,2743.1,0.0,0.0,1.74846e-07,-9.53674e-07,RACE,0.22,-9.53674e-07,-9.53674e-07,-9.53674e-07,-9.53674e-07,0.0,0.0,0.10400000000000001,0.0,129.0360235483007,0.0,0.0,-9.926032279645845,0.0,160.615,0,216.0,216.0,7.07107,15.3578,24.0487,41.0276,71.6781,114.628,147.529,154.25,157.698,160.615,163.177,165.475,168.351,114.628,71.6781,41.0275,24.0487,15.3577,7.07106,14.0,0.0,0.0,0.0,,launch,1.219718332885248e-07,1.0,0.0,1,-0.922,0.0
4,2743.1,0.0,0.0,1.74846e-07,-9.53674e-07,RACE,0.22,-9.53674e-07,-9.53674e-07,-9.53674e-07,-9.53674e-07,0.0,0.0,0.10400000000000001,0.0,129.0360235483007,0.0,0.0,-9.926032279645845,0.0,160.615,0,216.0,216.0,7.07107,15.3578,24.0487,41.0276,71.6781,114.628,147.529,154.25,157.698,160.615,163.177,165.475,168.351,114.628,71.6781,41.0275,24.0487,15.3577,7.07106,14.0,0.0,0.0,0.0,,launch,1.2424385958118044e-07,1.0,0.0,1,-0.902,0.0
5,2743.1,0.0,0.0,1.74846e-07,-9.53674e-07,RACE,0.22,-9.53674e-07,-9.53674e-07,-9.53674e-07,-9.53674e-07,0.0,0.0,0.10400000000000001,0.0,129.0360235483007,0.0,0.0,-9.926032279645845,0.0,160.615,0,216.0,216.0,7.07107,15.3578,24.0487,41.0276,71.6781,114.628,147.529,154.25,157.698,160.615,163.177,165.475,168.351,114.628,71.6781,41.0275,24.0487,15.3577,7.07106,14.0,0.0,0.0,0.0,,launch,1.251981106240958e-07,1.0,0.0,1,-0.882,0.0
6,2743.1,0.0,0.0,1.74846e-07,-9.53674e-07,RACE,0.22,-9.53674e-07,-9.53674e-07,-9.53674e-07,-9.53674e-07,0.0,0.0,0.10400000000000001,0.0,129.0360235483007,0.0,0.0,-9.926032279645845,0.0,160.615,0,216.0,216.0,7.07107,15.3578,24.0487,41.0276,71.6781,114.628,147.529,154.25,157.698,160.615,163.177,165.475,168.351,114.628,71.6781,41.0275,24.0487,15.3577,7.07106,14.0,0.0,0.0,0.0,,launch,1.2559889606212024e-07,1.0,0.0,1,-0.862,0.0
7,2743.1,0.0,0.0,1.74846e-07,-9.53674e-07,RACE,0.22,-9.53674e-07,-9.53674e-07,-9.53674e-07,-9.53674e-07,0.0,0.0,0.10400000000000001,0.0,129.0360235483007,0.0,0.0,-9.926032279645845,0.0,160.615,0,216.0,216.0,7.07107,15.3578,24.0487,41.0276,71.6781,114.628,147.529,154.25,157.698,160.615,163.177,165.475,168.351,114.628,71.6781,41.0275,24.0487,15.3577,7.07106,14.0,0.0,0.0,0.0,,launch,1.257672259460905e-07,1.0,0.0,1,-0.842,0.0
8,2743.1,0.0,0.0,1.74846e-07,-9.53674e-07,RACE,0.22,-9.53674e-07,-9.53674e-07,-9.53674e-07,-9.53674e-07,0.0,0.0,0.10400000000000001,0.0,129.0360235483007,0.0,0.0,-9.926032279645845,0.0,160.615,0,216.0,216.0,7.07107,15.3578,24.0487,41.0276,71.6781,114.628,147.529,154.25,157.698,160.615,163.177,165.475,168.351,114.628,71.6781,41.0275,24.0487,15.3577,7.07106,14.0,0.0,0.0,0.0,,launch,1.25837924497358e-07,1.0,0.0,1,-0.822,0.0
9,2743.1,0.0,0.0,1.74846e-07,-9.53674e-07,RACE,0.22,-9.53674e-07,-9.53674e-07,-9.53674e-07,-9.53674e-07,0.0,0.0,0.10400000000000001,0.0,129.0360235483007,0.0,0.0,-9.926032279645845,0.0,160.615,0,216.0,216.0,7.07107,15.3578,24.0487,41.0276,71.6781,114.628,147.529,154.25,157.698,160.615,163.177,165.475,168.351,114.628,71.6781,41.0275,24.0487,15.3577,7.07106,14.0,0.0,0.0,0.0,,launch,1.2586761788889036e-07,1.0,0.0,1,-0.802,0.0
10,2743.1,0.0,0.0,1.74846e-07,-9.53674e-07,RACE,0.22,-9.53674e-07,-9.53674e-07,-9.53674e-07,-9.53674e-07,0.0,0.0,0.10400000000000001,0.0,129.0360235483007,0.0,0.0,-9.926032279645845,0.0,160.615,0,216.0,216.0,7.07107,15.3578,24.0487,41.0276,71.6781,114.628,147.529,154.25,157.698,160.615,163.177,165.475,168.351,114.628,71.6781,41.0275,24.0487,15.3577,7.07106,14.0,0.0,0.0,0.0,,launch,1.2588008911333395e-07,1.0,0.0,1,-0.782,0.0
11,2743.1,0.0,0.0,1.74846e-07,-9.53674e-07,RACE,0.22,-9.53674e-07,-9.53674e-07,-9.53674e-07,-9.53674e-07,0.0,0.0,0.10400000000000001,0.0,129.0360235483007,0.0,0.0,-9.926032279645845,0.0,160.615,0,216.0,216.0,7.07107,15.3578,24.0487,41.0276,71.6781,114.628,147.529,154.25,157.698,160.615,163.177,165.475,168.351,114.628,71.6781,41.0275,24.0487,15.3577,7.07106,14.0,0.0,0.0,0.0,,launch,1.2588532702760026e-07,1.0,0.0,1,-0.762,0.0
12,2743.1,0.0,0.0,1.74846e-07,-9.53674e-07,RACE,0.22,-9.53674e-07,-9.53674e-07,-9.53674e-07,-9.53674e-07,0.0,0.0,0.10400000000000001,0.0,129.0360235483007,0.0,0.0,-9.926032279645845,0.0,160.615,0,216.0,216.0,7.07107,15.3578,24.0487,41.0276,71.6781,114.628,147.529,154.25,157.698,160.615,163.177,165.475,168.351,114.628,71.6781,41.0275,24.0487,15.3577,7.07106,14.0,0.0,0.0,0.0,,launch,1.2588752695159212e-07,1.0,0.0,1,-0.742,0.0
13,2743.1,0.0,0.0,1.74846e-07,-9.53674e-07,RACE,0.22,-9.53674e-07,-9.53674e-07,-9.53674e-07,-9.53674e-07,0.0,0.0,0.10400000000000001,0.0,129.0360235483007,0.0,0.0,-9.926032279645845,0.0,160.615,0,216.0,216.0,7.07107,15.3578,24.0487,41.0276,71.6781,114.628,147.529,154.25,157.698,160.615,163.177,165.475,168.351,114.628,71.6781,41.0275,24.0487,15.3577,7.07106,14.0,0.0,0.0,0.0,,launch,1.258884509196687e-07,1.0,0.0,1,-0.722,0.0
14,2743.1,0.0,0.0,1.74846e-07,-9.53674e-07,RACE,0.22,-9.53674e-07,-9.53674e-07,-9.53674e-07,-9.53674e-07,0.0,0.0,0.10400000000000001,0.0,129.0360235483007,0.0,0.0,-9.926032279645845,0.0,160.615,0,216.0,216.0,7.07107,15.3578,24.0487,41.0276,71.6781,114.628,147.529,154.25,157.698,160.615,163.177,165.475,168.351,114.628,71.6781,41.0275,24.0487,15.3577,7.07106,14.0,0.0,0.0,0.0,,launch,1.2588883898626086e-07,1.0,0.0,1,-0.702,0.0
15,2743.1,0.0,0.0,1.74846e-07,-9.53674e-07,RACE,0.22,-9.53674e-07,-9.53674e-07,-9.53674e-07,-9.53674e-07,0.0,0.0,0.10400000000000001,0.0,129.0360235483007,0.0,0.0,-9.926032279645845,0.0,160.615,0,216.0,216.0,7.07107,15.3578,24.0487,41.0276,71.6781,114.628,147.529,154.25,157.698,160.615,163.177,165.475,168.351,114.628,71.6781,41.0275,24.0487,15.3577,7.07106,14.0,0.0,0.0,0.0,,launch,1.2588900197422956e-07,1.0,0.0,1,-0.682,0.0
16,2743.1,0.0,0.0,1.74846e-07,-9.53674e-07,RACE,0.22,-9.53674e-07,-9.53674e-07,-9.53674e-07,-9.53674e-07,0.0,0.0,0.10400000000000001,0.0,129.0360235483007,0.0,0.0,-9.926032279645845,0.0,160.615,0,216.0,216.0,7.07107,15.3578,24.0487,41.0276,71.6781,114.628,147.529,154.25,157.698,160.615,163.177,165.475,168.351,114.628,71.6781,41.0275,24.0487,15.3577,7.07106,14.0,0.0,0.0,0.0,,launch,1.258890704291764e-07,1.0,0.0,1,-0.662,0.0
17,2743.1,0.0,0.0,1.74846e-07,-9.53674e-07,RACE,0.22,-9.53674e-07,-9.53674e-07,-9.53674e-07,-9.53674e-07,0.0,0.0,0.10400000000000001,0.0,129.0360235483007,0.0,0.0,-9.926032279645845,0.0,160.615,0,216.0,216.0,7.07107,15.3578,24.0487,41.0276,71.6781,114.628,147.529,154.25,157.698,160.615,163.177,165.475,168.351,114.628,71.6781,41.0275,24.0487,15.3577,7.07106,14.0,0.0,0.0,0.0,,launch,1.258890991802541e-07,1.0,0.0,1,-0.642,0.0
18,2743.1,0.0,0.0,1.74846e-07,-9.53674e-07,RACE,0.22,-9.53674e-07,-9.53674e-07,-9.53674e-07,-9.53674e-07,0.0,0.0,0.10400000000000001,0.0,129.0360235483007,0.0,0.0,-9.926032279645845,0.0,160.615,0,216.0,216.0,7.07107,15.3578,24.0487,41.0276,71.6781,114.628,147.529,154.25,157.698,160.615,163.177,165.475,168.351,114.628,71.6781,41.0275,24.0487,15.3577,7.07106,14.0,0.0,0.0,0.0,,launch,1.2588911125570673e-07,1.0,0.0,1,-0.622,0.0
19,2743.1,0.0,0.0,1.74846e-07,-9.53674e-07,RACE,0.22,-9.53674e-07,-9.53674e-07,-9.53674e-07,-9.53674e-07,0.0,0.0,0.10400000000000001,0.0,129.0360235483007,0.0,0.0,-9.926032279645845,0.0,160.615,0,216.0,216.0,7.07107,15.3578,24.0487,41.0276,71.6781,114.628,147.529,154.25,157.698,160.615,163.177,165.475,168.351,114.628,71.6781,41.0275,24.0487,15.3577,7.07106,14.0,0.0,0.0,0.0,,launch,1.2588911632739684e-07,1.0,0.0,1,-0.602,0.0
20,2743.1,0.0,0.0,1.74846e-07,-9.53674e-07,RACE,0.22,-9.53674e-07,-9.53674e-07,-9.53674e-07,-9.53674e-07,0.0,0.0,0.10400000000000001,0.0,129.0360235483007,0.0,0.0,-9.926032279645845,0.0,160.615,0,216.0,216.0,7.07107,15.3578,24.0487,41.0276,71.6781,114.628,147.529,154.25,157.698,160.615,163.177,165.475,168.351,114.628,71.6781,41.0275,24.0487,15.3577,7.07106,14.0,0.0,0.0,0.0,,launch,1.258891184575067e-07,1.0,0.0,1,-0.582,0.0
21,2743.1,0.0,0.0,1.74846e-07,-9.53674e-07,RACE,0.22,-9.53674e-07,-9.53674e-07,-9.53674e-07,-9.53674e-07,0.0,0.0,0.10400000000000001,0.0,129.0360235483007,0.0,0.0,-9.926032279645845,0.0,160.615,0,216.0,216.0,7.07107,15.3578,24.0487,41.0276,71.6781,114.628,147.529,154.25,157.698,160.615,163.177,165.475,168.351,114.628,71.6781,41.0275,24.0487,15.3577,7.07106,14.0,0.0,0.0,0.0,,launch,1.2588911935215281e-07,1.0,0.0,1,-0.562,0.0
22,2743.1,0.0,0.0,1.74846e-07,-9.53674e-07,RACE,0.22,-9.53674e-07,-9.53674e-07,-9.53674e-07,-9.53674e-07,0.0,0.0,0.10400000000000001,0.0,129.0360235483007,0.0,0.0,-9.926032279645845,0.0,160.615,0,216.0,216.0,7.07107,15.3578,24.0487,41.0276,71.6781,114.628,147.529,154.25,157.698,160.615,163.177,165.475,168.351,114.628,71.6781,41.0275,24.0487,15.3577,7.07106,14.0,0.0,0.0,0.0,,launch,1.258891197279042e-07,1.0,0.0,1,-0.542,0.0
23,2743.1,0.0,0.0,1.74846e-07,-9.53674e-07,RACE,0.22,-9.53674e-07,-9.53674e-07,-9.53674e-07,-9.53674e-07,0.0,0.0,0.10400000000000001,0.0,129.0360235483007,0.0,0.0,-9.926032279645845,0.0,160.615,0,216.0,216.0,7.07107,15.3578,24.0487,41.0276,71.6781,114.628,147.529,154.25,157.698,160.615,163.177,165.475,168.351,114.628,71.6781,41.0275,24.0487,15.3577,7.07106,14.0,0.0,0.0,0.0,,launch,1.2588911988571978e-07,1.0,0.0,1,-0.522,0.0
24,2743.1,0.0,0.0,1.74846e-07,-9.53674e-07,RACE,0.22,-9.53674e-07,-9.53674e-07,-9.53674e-07,-9.53674e-07,0.0,0.0,0.10400000000000001,0.0,129.0360235483007,0.0,0.0,-9.926032279645845,0.0,160.615,0,216.0,216.0,7.07107,15.3578,24.0487,41.0276,71.6781,114.628,147.529,154.25,157.698,160.615,163.177,165.475,168.351,114.628,71.6781,41.0275,24.0487,15.3577,7.07106,14.0,0.0,0.0,0.0,,launch,1.258891199520023e-07,1.0,0.0,1,-0.502,0.0
25,2743.1,0.0,0.0,1.74846e-07,-9.53674e-07,RACE,0.22,-9.53674e-07,-9.53674e-07,-9.53674e-07,-9.53674e-07,0.0,0.0,0.10400000000000001,0.0,129.0360235483007,0.0,0.0,-9.926032279645845,0.0,160.615,0,216.0,216.0,7.07107,15.3578,24.0487,41.0276,71.6781,114.628,147.529,154.25,157.698,160.615,163.177,165.475,168.351,114.628,71.6781,41.0275,24.0487,15.3577,7.07106,14.0,0.0,0.0,0.0,,launch,1.2588911997984097e-07,1.0,0.0,1,-0.482,0.0
26,2743.1,0.0,0.0,1.74846e-07,-9.53674e-07,RACE,0.22,-9.53674e-07,-9.53674e-07,-9.53674e-07,-9.53674e-07,0.0,0.0,0.10400000000000001,0.0,129.0360235483007,0.0,0.0,-9.926032279645845,0.0,160.615,0,216.0,216.0,7.07107,15.3578,24.0487,41.0276,71.6781,114.628,147.529,154.25,157.698,160.615,163.177,165.475,168.351,114.628,71.6781,41.0275,24.0487,15.3577,7.07106,14.0,0.0,0.0,0.0,,launch,1.2588911999153323e-07,1.0,0.0,1,-0.462,0.0
27,2743.1,0.0,0.0,1.74846e-07,-9.53674e-07,RACE,0.22,-9.53674e-07,-9.53674e-07,-9.53674e-07,-9.53674e-07,0.0,0.0,0.10400000000000001,0.0,129.0360235483007,0.0,0.0,-9.926032279645845,0.0,160.615,0,216.0,216.0,7.07107,15.3578,24.0487,41.0276,71.6781,114.628,147.529,154.25,157.698,160.615,163.177,165.475,168.351,114.628,71.6781,41.0275,24.0487,15.3577,7.07106,14.0,0.0,0.0,0.0,,launch,1.2588911999644395e-07,1.0,0.0,1,-0.442,0.0
28,2743.1,0.0,0.0,1.74846e-07,-9.53674e-07,RACE,0.22,-9.53674e-07,-9.53674e-07,-9.53674e-07,-9.53674e-07,0.0,0.0,0.10400000000000001,0.0,129.0360235483007,0.0,0.0,-9.926032279645845,0.0,160.615,0,216.0,216.0,7.07107,15.3578,24.0487,41.0276,71.6781,114.628,147.529,154.25,157.698,160.615,163.177,165.475,168.351,114.628,71.6781,41.0275,24.0487,15.3577,7.07106,14.0,0.0,0.0,0.0,,launch,1.2588911999850648e-07,1.0,0.0,1,-0.422,0.0
29,2743.1,0.0,0.0,1.74846e-07,-9.53674e-07,RACE,0.22,-9.53674e-07,-9.53674e-07,-9.53674e-07,-9.53674e-07,0.0,0.0,0.10400000000000001,0.0,129.0360235483007,0.0,0.0,-9.926032279645845,0.0,160.615,0,216.0,216.0,7.07107,15.3578,24.0487,41.0276,71.6781,114.628,147.529,154.25,157.698,160.615,163.177,165.475,168.351,114.628,71.6781,41.0275,24.0487,15.3577,7.07106,14.0,0.0,0.0,0.0,,launch,1.2588911999937273e-07,1.0,0.0,1,-0.402,0.0
30,2743.1,0.0,0.0,1.74846e-07,-9.53674e-07,RACE,0.22,-9.53674e-07,-9.53674e-07,-9.53674e-07,-9.53674e-07,0.0,0.0,0.10400000000000001,0.0,129.0360235483007,0.0,0.0,-9.926032279645845,0.0,160.615,0,216.0,216.0,7.07107,15.3578,24.0487,41.0276,71.6781,114.628,147.529,154.25,157.698,160.615,163.177,165.475,168.351,114.628,71.6781,41.0275,24.0487,15.3577,7.07106,14.0,0.0,0.0,0.0,,launch,1.2588911999973655e-07,1.0,0.0,1,-0.382,0.0
31,2743.1,0.0,0.0,1.74846e-07,-9.53674e-07,RACE,0.22,-9.53674e-07,-9.53674e-07,-9.53674e-07,-9.53674e-07,0.0,0.0,0.10400000000000001,0.0,129.0360235483007,0.0,0.0,-9.926032279645845,0.0,160.615,0,216.0,216.0,7.07107,15.3578,24.0487,41.0276,71.6781,114.628,147.529,154.25,157.698,160.615,163.177,165.475,168.351,114.628,71.6781,41.0275,24.0487,15.3577,7.07106,14.0,0.0,0.0,0.0,,launch,1.2588911999988936e-07,1.0,0.0,1,-0.362,0.0
32,2743.1,0.0,0.0,1.74846e-07,-9.53674e-07,RACE,0.22,-9.53674e-07,-9.53674e-07,-9.53674e-07,-9.53674e-07,0.0,0.0,0.10400000000000001,0.0,129.0360235483007,0.0,0.0,-9.926032279645845,0.0,160.615,0,216.0,216.0,7.07107,15.3578,24.0487,41.0276,71.6781,114.628,147.529,154.25,157.698,160.615,163.177,165.475,168.351,114.628,71.6781,41.0275,24.0487,15.3577,7.07106,14.0,0.0,0.0,0.0,,launch,1.2588911999995353e-07,1.0,0.0,1,-0.342,0.0
33,2743.1,0.0,0.0,1.74846e-07,-9.53674e-07,RACE,0.22,-9.53674e-07,-9.53674e-07,-9.53674e-07,-9.53674e-07,0.0,0.0,0.10400000000000001,0.0,129.0360235483007,0.0,0.0,-9.926032279645845,0.0,160.615,0,216.0,216.0,7.07107,15.3578,24.0487,41.0276,71.6781,114.628,147.529,154.25,157.698,160.615,163.177,165.475,168.351,114.628,71.6781,41.0275,24.0487,15.3577,7.07106,14.0,0.0,0.0,0.0,,launch,1.258891199999805e-07,1.0,0.0,1,-0.322,0.0
34,2743.1,0.0,0.0,1.74846e-07,-9.53674e-07,RACE,0.22,-9.53674e-07,-9.53674e-07,-9.53674e-07,-9.53674e-07,0.0,0.0,0.10400000000000001,0.0,129.0360235483007,0.0,0.0,-9.926032279645845,0.0,160.615,0,216.0,216.0,7.07107,15.3578,24.0487,41.0276,71.6781,114.628,147.529,154.25,157.698,160.615,163.177,165.475,168.351,114.628,71.6781,41.0275,24.0487,15.3577,7.07106,14.0,0.0,0.0,0.0,,launch,1.258891199999918e-07,1.0,0.0,1,-0.302,0.0
35,2743.1,0.0,0.0,1.74846e-07,-9.53674e-07,RACE,0.22,-9.53674e-07,-9.53674e-07,-9.53674e-07,-9.53674e-07,0.0,0.0,0.10400000000000001,0.0,129.0360235483007,0.0,0.0,-9.926032279645845,0.0,160.615,0,216.0,216.0,7.07107,15.3578,24.0487,41.0276,71.6781,114.628,147.529,154.25,157.698,160.615,163.177,165.475,168.351,114.628,71.6781,41.0275,24.0487,15.3577,7.07106,14.0,0.0,0.0,0.0,,launch,1.2588911999999657e-07,1.0,0.0,1,-0.282,0.0
36,2743.1,0.0,0.0,1.74846e-07,-9.53674e-07,RACE,0.22,-9.53674e-07,-9.53674e-07,-9.53674e-07,-9.53674e-07,0.0,0.0,0.10400000000000001,0.0,129.0360235483007,0.0,0.0,-9.926032279645845,0.0,160.615,0,216.0,216.0,7.07107,15.3578,24.0487,41.0276,71.6781,114.628,147.529,154.25,157.698,160.615,163.177,165.475,168.351,114.628,71.6781,41.0275,24.0487,15.3577,7.07106,14.0,0.0,0.0,0.0,,launch,1.2588911999999858e-07,1.0,0.0,1,-0.262,0.0
37,2743.1,0.0,0.0,1.74846e-07,-9.53674e-07,RACE,0.22,-9.53674e-07,-9.53674e-07,-9.53674e-07,-9.53674e-07,0.0,0.0,0.10400000000000001,0.0,129.0360235483007,0.0,0.0,-9.926032279645845,0.0,160.615,0,216.0,216.0,7.07107,15.3578,24.0487,41.0276,71.6781,114.628,147.529,154.25,157.698,160.615,163.177,165.475,168.351,114.628,71.6781,41.0275,24.0487,15.3577,7.07106,14.0,0.0,0.0,0.0,,launch,1.2588911999999943e-07,1.0,0.0,1,-0.242,0.0
38,2743.1,0.0,0.0,1.74846e-07,-9.53674e-07,RACE,0.22,-9.53674e-07,-9.53674e-07,-9.53674e-07,-9.53674e-07,0.0,0.0,0.10400000000000001,0.0,129.0360235483007,0.0,0.0,-9.926032279645845,0.0,160.615,0,216.0,216.0,7.07107,15.3578,24.0487,41.0276,71.6781,114.628,147.529,154.25,157.698,160.615,163.177,165.475,168.351,114.628,71.6781,41.0275,24.0487,15.3577,7.07106,14.0,0.0,0.0,0.0,,launch,1.2588911999999977e-07,1.0,0.0,1,-0.222,0.0
39,2743.1,0.0,0.0,1.74846e-07,-9.53674e-07,RACE,0.22,-9.53674e-07,-9.53674e-07,-9.53674e-07,-9.53674e-07,0.0,0.0,0.10400000000000001,0.0,129.0360235483007,0.0,0.0,-9.926032279645845,0.0,160.615,0,216.0,216.0,7.07107,15.3578,24.0487,41.0276,71.6781,114.628,147.529,154.25,157.698,160.615,163.177,165.475,168.351,114.628,71.6781,41.0275,24.0487,15.3577,7.07106,14.0,0.0,0.0,0.0,,launch,1.258891199999999e-07,1.0,0.0,1,-0.202,0.0
40,2743.1,0.0,0.0,1.74846e-07,-9.53674e-07,RACE,0.22,-9.53674e-07,-9.53674e-07,-9.53674e-07,-9.53674e-07,0.0,0.0,0.10400000000000001,0.0,129.0360235483007,0.0,0.0,-9.926032279645845,0.0,160.615,0,216.0,216.0,7.07107,15.3578,24.0487,41.0276,71.6781,114.628,147.529,154.25,157.698,160.615,163.177,165.475,168.351,114.628,71.6781,41.0275,24.0487,15.3577,7.07106,14.0,0.0,0.0,0.0,,launch,1.2588911999999996e-07,1.0,0.0,1,-0.182,0.0
41,2743.1,0.0,0.0,1.74846e-07,-9.53674e-07,RACE,0.22,-9.53674e-07,-9.53674e-07,-9.53674e-07,-9.53674e-07,0.0,0.0,0.10400000000000001,0.0,129.0360235483007,0.0,0.0,-9.926032279645845,0.0,160.615,0,216.0,216.0,7.07107,15.3578,24.0487,41.0276,71.6781,114.628,147.529,154.25,157.698,160.615,163.177,165.475,168.351,114.628,71.6781,41.0275,24.0487,15.3577,7.07106,14.0,0.0,0.0,0.0,,launch,1.2588911999999998e-07,1.0,0.0,1,-0.162,0.0
42,2743.1,0.0,0.0,1.74846e-07,-9.53674e-07,RACE,0.22,-9.53674e-07,-9.53674e-07,-9.53674e-07,-9.53674e-07,0.0,0.0,0.10400000000000001,0.0,129.0360235483007,0.0,0.0,-9.926032279645845,0.0,160.615,0,216.0,216.0,7.07107,15.3578,24.0487,41.0276,71.6781,114.628,147.529,154.25,157.698,160.615,163.177,165.475,168.351,114.628,71.6781,41.0275,24.0487,15.3577,7.07106,14.0,0.0,0.0,0.0,,launch,1.2588912e-07,1.0,0.0,1,-0.142,0.0
43,2743.1,0.0,0.0,1.74846e-07,-9.53674e-07,RACE,0.22,-9.53674e-07,-9.53674e-07,-9.53674e-07,-9.53674e-07,0.0,0.0,0.10400000000000001,0.0,129.0360235483007,0.0,0.0,-9.926032279645845,0.0,160.615,0,216.0,216.0,7.07107,15.3578,24.0487,41.0276,71.6781,114.628,147.529,154.25,157.698,160.615,163.177,165.475,168.351,114.628,71.6781,41.0275,24.0487,15.3577,7.07106,14.0,0.0,0.0,0.0,,launch,1.2588912e-07,1.0,0.0,1,-0.122,0.0
44,2743.1,0.0,0.0,1.74846e-07,-9.53674e-07,RACE,0.22,-9.53674e-07,-9.53674e-07,-9.53674e-07,-9.53674e-07,0.0,0.0,0.10400000000000001,0.0,129.0360235483007,0.0,0.0,-9.926032279645845,0.0,160.615,0,216.0,216.0,7.07107,15.3578,24.0487,41.0276,71.6781,114.628,147.529,154.25,157.698,160.615,163.177,165.475,168.351,114.628,71.6781,41.0275,24.0487,15.3577,7.07106,14.0,0.0,0.0,0.0,,launch,1.2588912e-07,1.0,0.0,1,-0.102,0.0
45,2743.1,0.0,0.0,1.74846e-07,-9.53674e-07,RACE,0.22,-9.53674e-07,-9.53674e-07,-9.53674e-07,-9.53674e-07,0.0,0.0,0.10400000000000001,0.0,129.0360235483007,0.0,0.0,-9.926032279645845,0.0,160.615,0,216.0,216.0,7.07107,15.3578,24.0487,41.0276,71.6781,114.628,147.529,154.25,157.698,160.615,163.177,165.475,168.351,114.628,71.6781,41.0275,24.0487,15.3577,7.07106,14.0,0.0,0.0,0.0,,launch,1.2588912e-07,1.0,0.0,1,-0.082,0.0
46,2743.1,0.0,0.0,1.74846e-07,-9.53674e-07,RACE,0.22,-9.53674e-07,-9.53674e-07,-9.53674e-07,-9.53674e-07,0.0,0.0,0.10400000000000001,0.0,129.0360235483007,0.0,0.0,-9.926032279645845,0.0,160.615,0,216.0,216.0,7.07107,15.3578,24.0487,41.0276,71.6781,114.628,147.529,154.25,157.698,160.615,163.177,165.475,168.351,114.628,71.6781,41.0275,24.0487,15.3577,7.07106,14.0,0.0,0.0,0.0,,launch,1.2588912e-07,1.0,0.0,1,-0.062,0.0
47,2743.1,0.0,0.0,1.74846e-07,-9.53674e-07,RACE,0.22,-9.53674e-07,-9.53674e-07,-9.53674e-07,-9.53674e-07,0.0,0.0,0.10400000000000001,0.0,129.0360235483007,0.0,0.0,-9.926032279645845,0.0,160.615,0,216.0,216.0,7.07107,15.3578,24.0487,41.0276,71.6781,114.628,147.529,154.25,157.698,160.615,163.177,165.475,168.351,114.628,71.6781,41.0275,24.0487,15.3577,7.07106,14.0,0.0,0.0,0.0,,launch,1.2588912e-07,1.0,0.0,1,-0.042,0.0
48,2743.1,0.0,0.0,1.74846e-07,-9.53674e-07,RACE,0.22,-9.53674e-07,-9.53674e-07,-9.53674e-07,-9.53674e-07,0.0,0.0,0.10400000000000001,0.0,129.0360235483007,0.0,0.0,-9.926032279645845,0.0,160.615,0,216.0,216.0,7.07107,15.3578,24.0487,41.0276,71.6781,114.628,147.529,154.25,157.698,160.615,163.177,165.475,168.351,114.628,71.6781,41.0275,24.0487,15.3577,7.07106,14.0,0.0,0.0,0.0,,launch,1.2588912e-07,1.0,0.0,1,-0.022,0.0
49,2743.1,0.0,0.0,1.74846e-07,-9.53674e-07,RACE,0.22,-9.53674e-07,-9.53674e-07,-9.53674e-07,-9.53674e-07,0.0,0.0,0.10400000000000001,0.0,129.0360235483007,0.0,0.0,-9.926032279645845,0.0,160.615,0,216.0,216.0,7.07107,15.3578,24.0487,41.0276,71.6781,114.628,147.529,154.25,157.698,160.615,163.177,165.475,168.351,114.628,71.6781,41.0275,24.0487,15.3577,7.07106,14.0,0.0,0.0,0.0,,launch,1.2588912e-07,1.0,0.0,1,0.018,0.0
50,2743.1,0.199321,8.1081e-09,1.74846e-07,-9.53674e-07,RACE,0.22,-9.534991607882155e-07,-9.534991607882155e-07,-9.534991607882155e-07,-9.534991607882155e-07,-1.748392117845063e-10,-1.748392117845063e-10,0.10400000000000001,0.0,129.0193823516187,0.0,0.0,-9.926032279645845,0.0,160.615,0,216.0,216.0,7.07107,15.3578,24.0487,41.0276,71.6781,114.628,147.529,154.249,157.698,160.615,163.176,165.474,168.351,114.628,71.6781,41.0275,24.0487,15.3577,7.07106,14.01594568,7.947202449110053e-10,0.0,0.0,,launch,1.2593826008343596e-07,1.0,0.0,1,0.038,0.0
51,2743.1,0.179602,4.55662e-11,1.74846e-07,-9.53674e-07,RACE,0.22,-9.527221165951238e-07,-9.527221165951238e-07,-9.527221165951238e-07,-9.527221165951238e-07,-9.51883404876157e-10,-9.51883404876157e-10,0.10400000000000001,0.0,129.02102867968978,0.0,0.0,-9.926032279645845,0.0,160.614,0,216.0,216.0,7.07107,15.3578,24.0487,41.0276,71.6781,114.628,147.528,154.248,157.696,160.614,163.175,165.473,168.349,114.628,71.6781,41.0275,24.0487,15.3577,7.07106,14.01436816,4.326723993600215e-09,0.0,0.0,,launch,1.2704687189674552e-07,1.0,0.0,1,0.058,0.0
52,2743.1,0.197278,-1.04956e-09,1.74846e-07,-9.53674e-07,RACE,0.22,-9.513234472787597e-07,-9.513234472787597e-07,-9.513234472787597e-07,-9.513234472787597e-07,-2.3505527212402515e-09,-2.3505527212402515e-09,0.10400000000000001,0.0,129.0195529205243,0.0,0.0,-9.926032279645845,0.0,160.613,0,216.0,216.0,7.07107,15.3578,24.0487,41.0276,71.6781,114.628,147.527,154.247,157.695,160.613,163.174,165.472,168.348,114.628,71.6781,41.0275,24.0487,15.3577,7.07106,14.01578224,1.0684284235982816e-08,0.0,0.0,,launch,1.2920630690045214e-07,1.0,0.0,1,0.078,0.0
53,2743.1,0.978049,1.6531e-07,1.74846e-07,-9.53674e-07,RACE,0.22,-9.41533340950369e-07,-9.41533340950369e-07,-9.41533340950369e-07,-9.41533340950369e-07,-1.2140659049631005e-08,-1.2140659049631005e-08,0.10400000000000001,0.0,128.9543667947549,0.0,0.0,-9.926032279645845,0.0,160.609,0,216.0,216.0,7.07107,15.3578,24.0487,41.0276,71.6781,114.628,147.524,154.244,157.692,160.609,163.171,165.469,168.345,114.628,71.6781,41.0275,24.0487,15.3577,7.07106,14.07824392,5.518457464334951e-08,0.0,0.0,,launch,1.385513861810882e-07,1.0,0.0,1,0.098,0.0
54,2743.11,1.94863,-1.39635e-05,1.74846e-07,-9.53674e-07,RACE,0.22,-8.860637690657832e-07,-8.860637690657832e-07,-8.860637690657832e-07,-8.860637690657832e-07,-6.761023093421683e-08,-6.761023093421683e-08,0.10400000000000001,0.0,128.86289736151983,0.0,0.0,-9.908146345542763,0.0,160.601,0,216.0,216.0,7.07108,15.3578,24.0487,41.0276,71.6781,114.628,147.517,154.236,157.684,160.601,163.162,165.46,168.336,114.628,71.6776,41.0275,24.0487,15.3577,7.07106,14.1558904,3.073178993323929e-07,0.0,0.0,,launch,4.875876610771228e-07,1.0,0.0,1,0.118,0.0
55,2743.12,2.86207,-3.9502e-05,-3.01992e-07,-9.53674e-07,RACE,0.22,-6.968611409230505e-07,-6.968611409230505e-07,-6.968611409230505e-07,-6.968611409230505e-07,-2.5681285907694953e-07,-2.5681285907694953e-07,0.10400000000000001,0.0,128.77619859780592,0.0,0.0,-9.890260411440494,0.0,160.587,0,216.0,216.0,7.07107,15.3578,24.0487,41.0276,71.6776,114.628,147.505,154.223,157.671,160.587,163.148,165.446,168.322,114.628,71.6781,41.0275,24.0487,15.3578,7.07106,14.2289656,1.1673261174017357e-06,0.0,0.0,,launch,1.165798956693847e-06,1.0,0.0,1,0.138,0.0
56,2743.14,3.81714,3.6624e-06,1.74846e-07,-9.53674e-07,RACE,0.22,-2.3802238791032345e-07,-2.3802238791032345e-07,-2.3802238791032345e-07,-2.3802238791032345e-07,-7.156516120896765e-07,-7.156516120896765e-07,0.10400000000000001,0.0,128.67558799036655,0.0,0.0,-9.854488543235142,0.0,160.569,0,216.0,216.0,7.07107,15.3578,24.0487,41.0276,71.6781,114.628,147.489,154.205,157.652,160.569,163.129,165.427,168.303,114.628,71.6781,41.0275,24.0487,15.3578,7.07106,14.3053712,3.252947771990741e-06,0.0,0.0,,launch,1.3504018598012232e-06,1.0,0.0,1,0.158,0.0
57,2743.17,4.73161,1.04503e-06,1.74846e-07,-9.53674e-07,RACE,0.22,6.784056496600606e-07,6.784056496600606e-07,6.784056496600606e-07,6.784056496600606e-07,-1.6320796496600606e-06,-1.6320796496600606e-06,0.10400000000000001,0.0,128.56793087503337,0.0,0.0,-9.800830740926708,0.0,160.545,0,216.0,216.0,7.07107,15.3578,24.0487,41.0276,71.6781,114.628,147.469,154.182,157.629,160.545,163.105,165.402,168.278,114.628,71.6781,41.0275,24.0487,15.3578,7.07106,14.3785288,7.4185117037196815e-06,0.0,0.0,,launch,2.583905455326044e-06,1.0,0.0,1,0.178,0.0
58,2743.2,5.62839,2.0164e-08,1.74846e-07,-9.53674e-07,RACE,0.22,2.291249349120654e-06,2.291249349120654e-06,2.291249349120654e-06,2.291249349120654e-06,-3.244923349120654e-06,-3.244923349120654e-06,0.10400000000000001,0.0,128.46175068771768,0.0,0.0,-9.747172938619087,0.0,160.516,0,216.0,216.0,7.07107,15.3578,24.0487,41.0276,71.6781,114.628,147.444,154.155,157.6,160.516,163.076,165.372,168.247,114.628,71.6781,41.0275,24.0487,15.3578,7.07106,14.4502712,1.4749587649192737e-05,0.0,0.0,,launch,5.06947625794132e-06,1.0,0.0,1,0.198,0.0
59,2743.23,6.51061,8.2973e-08,1.74846e-07,-9.53674e-07,RACE,0.22,4.889933564734145e-06,4.889933564734145e-06,4.889933564734145e-06,4.889933564734145e-06,-5.843607564734146e-06,-5.843607564734146e-06,0.10400000000000001,0.0,128.35678610650262,0.0,0.0,-9.693515136310655,0.0,160.481,0,216.0,216.0,7.07107,15.3578,24.0487,41.0276,71.6781,114.628,147.415,154.122,157.567,160.481,163.041,165.337,168.212,114.628,71.6781,41.0275,24.0487,15.3578,7.07106,14.5208488,2.6561737424980765e-05,0.0,0.0,,launch,9.255661855702828e-06,1.0,0.0,1,0.218,0.0
60,2743.27,7.3839,2.40468e-10,1.74846e-07,-9.53674e-07,RACE,0.22,8.759385601602359e-06,8.759385601602359e-06,8.759385601602359e-06,8.759385601602359e-06,-9.713059601602359e-06,-9.713059601602359e-06,0.10400000000000001,0.0,128.24213090714454,0.0,0.0,-9.621971399899952,0.0,160.443,0,216.0,216.0,7.07107,15.3578,24.0487,41.0276,71.6781,114.628,147.382,154.085,157.529,160.443,163.002,165.297,168.172,114.628,71.6781,41.0275,24.0487,15.3578,7.07106,14.590712,4.415007953099733e-05,0.0,0.0,,launch,1.570691174940038e-05,1.0,0.0,1,0.238,0.0
61,2743.32,8.39976,3.64807e-09,1.74846e-07,-9.53674e-07,RACE,0.22,1.4975387411864326e-05,1.4975387411864326e-05,1.4975387411864326e-05,1.4975387411864326e-05,-1.5929061411864326e-05,-1.5929061411864326e-05,0.10400000000000001,0.0,128.10513644099547,0.0,0.0,-9.532541729386166,0.0,160.394,0,216.0,216.0,7.07107,15.3578,24.0487,41.0276,71.6781,114.628,147.341,154.039,157.481,160.394,162.952,165.248,168.121,114.628,71.6781,41.0275,24.0487,15.3578,7.07106,14.6719808,7.240451073438616e-05,0.0,0.0,,launch,2.5972422728995293e-05,1.0,0.0,1,0.26,0.0
62,2743.37,9.3021,1.7468e-08,1.74846e-07,-9.53674e-07,RACE,0.22,2.284312914249456e-05,2.284312914249456e-05,2.284312914249456e-05,2.284312914249456e-05,-2.379680314249456e-05,-2.379680314249456e-05,0.10400000000000001,0.0,127.97761969494238,0.0,0.0,-9.443112058873195,0.0,160.345,0,216.0,216.0,7.07107,15.3578,24.0487,41.0276,71.6781,114.628,147.299,153.992,157.433,160.345,162.902,165.197,168.07,114.628,71.6781,41.0275,24.0487,15.3578,7.07106,14.744168,0.00010816681812096572,0.0,0.0,,launch,3.987149384728449e-05,1.0,0.0,1,0.28,0.0
63,2743.42,10.1937,4.2409e-08,1.74846e-07,-9.53674e-07,RACE,0.22,3.334767112676597e-05,3.334767112676597e-05,3.334767112676597e-05,3.334767112676597e-05,-3.430134512676597e-05,-3.430134512676597e-05,0.10400000000000001,0.0,127.85099962536768,0.0,0.0,-9.35368238835941,0.0,160.29,0,216.0,216.0,7.07107,15.3578,24.0487,41.0276,71.6781,114.628,147.252,153.941,157.379,160.29,162.847,165.141,168.014,114.628,71.6781,41.0275,24.0487,15.3578,7.07106,14.815496,0.00015591452925060544,0.0,0.0,,launch,5.8538649226952974e-05,1.0,0.0,1,0.3,0.0
64,2743.48,11.0835,3.03549e-08,1.74846e-07,-9.53674e-07,RACE,0.22,4.696224675748159e-05,4.696224675748159e-05,4.696224675748159e-05,4.696224675748159e-05,-4.791592075748159e-05,-4.791592075748159e-05,0.10400000000000001,0.0,127.71409365801436,0.0,0.0,-9.246366783743355,0.0,160.231,0,216.0,216.0,7.07107,15.3578,24.0487,41.0276,71.6781,114.628,147.202,153.884,157.321,160.231,162.787,165.08,167.952,114.628,71.6781,41.0275,24.0487,15.3578,7.07106,14.88668,0.00021779869567512856,0.0,0.0,,launch,8.30547542125748e-05,1.0,0.0,1,0.32,0.0
65,2743.54,11.9738,3.57645e-09,1.74846e-07,-1.04904e-06,RACE,0.22,6.423831578044425e-05,6.423831578044425e-05,6.423831578044425e-05,6.423831578044425e-05,-6.528735578044425e-05,-6.528735578044425e-05,0.10400000000000001,0.0,127.57714594594614,0.0,0.0,-9.139051179127302,0.0,160.167,0,216.0,216.0,7.07107,15.3578,24.0487,41.0276,71.6781,114.628,147.147,153.823,157.258,160.167,162.722,165.015,167.885,114.628,71.6781,41.0275,24.0487,15.3578,7.07106,14.957904,0.00029632594173680947,0.0,0.0,,launch,0.00011467794947762859,1.0,0.0,1,0.34,0.0
66,2743.61,12.8699,-3.83453e-09,1.74846e-07,-1.04904e-06,RACE,0.22,8.5769922138807e-05,8.5769922138807e-05,8.5769922138807e-05,8.5769922138807e-05,-8.6818962138807e-05,-8.6818962138807e-05,0.10400000000000001,0.0,127.42927781643034,0.0,0.0,-9.013849640408164,0.0,160.098,0,216.0,216.0,7.07107,15.3578,24.0487,41.0276,71.6781,114.628,147.088,153.757,157.19,160.098,162.651,164.943,167.813,114.628,71.6781,41.0275,24.0487,15.3578,7.07106,15.029592000000001,0.00039419645547225695,0.0,0.0,,launch,0.0001544806261042143,1.0,0.0,1,0.36,0.0
67,2743.69,13.771,-6.16235e-10,1.74846e-07,-1.04904e-06,RACE,0.22,0.00011228593650048214,0.00011228593650048214,0.00011228593650048214,0.00011228593650048214,-0.00011333497650048214,-0.00011333497650048214,0.08199999999999999,0.0,125.65452643430037,0.0,0.0,-8.87076216758676,0.0,160.023,0,216.0,216.0,7.07107,15.3578,24.0487,41.0276,71.6781,114.628,147.025,153.687,157.118,160.023,162.576,164.867,167.736,114.628,71.6781,41.0275,24.0487,15.3578,7.07106,15.10168,0.00051472327101037,0.0,0.0,,launch,0.0002039660883876599,1.0,0.0,1,0.38,0.0
68,2743.77,14.6734,-1.52358e-08,1.74846e-07,-1.04904e-06,RACE,0.22,0.00014450020947528666,0.00014450020947528666,0.00014450020947528666,0.00014450020947528666,-0.00014554924947528667,-0.00014554924947528667,0.08199999999999999,0.0,122.08549986926941,0.0,0.0,-8.727674694765355,0.0,159.944,0,216.0,216.0,7.07107,15.3578,24.0487,41.0276,71.6781,114.628,146.958,153.612,157.04,159.944,162.496,164.786,167.654,114.628,71.6781,41.0275,24.0487,15.3578,7.07106,15.173872,0.0006611511497846593,0.0,0.0,,launch,0.00026305426372506596,1.0,0.0,1,0.4,0.0
69,2743.85,15.5747,-1.21097e-09,1.74846e-07,-1.04904e-06,RACE,0.22,0.00018305271168029554,0.00018305271168029554,0.00018305271168029554,0.00018305271168029554,-0.00018410175168029555,-0.00018410175168029555,0.08199999999999999,0.0,118.82454042392817,0.0,0.0,-8.584587221943949,0.0,159.86,0,216.0,216.0,7.07107,15.3578,24.0487,41.0276,71.6781,114.628,146.886,153.531,156.957,159.86,162.41,164.699,167.566,114.628,71.6781,41.0275,24.0487,15.3578,7.07106,15.245976,0.0008363890365355341,0.0,0.0,,launch,0.00032886861092915314,1.0,0.0,1,0.42,0.0
70,2743.94,16.4745,-9.12849e-10,1.74846e-07,-1.14441e-06,RACE,0.22,0.00022883760759978447,0.00022883760759978447,0.00022883760759978447,0.00022883760759978447,-0.00022998201759978447,-0.00022998201759978447,0.08199999999999999,0.0,115.64179316017767,0.0,0.0,-8.423613815019461,0.0,159.771,0,216.0,216.0,7.07107,15.3578,24.0487,41.0276,71.6781,114.628,146.81,153.447,156.87,159.771,162.32,164.608,167.474,114.628,71.6781,41.0275,24.0486,15.3578,7.07106,15.31796,0.0010445012976638814,0.0,0.0,,launch,0.00040398258765570144,1.0,0.0,1,0.44,0.0
71,2744.03,17.3732,3.43975e-09,1.74846e-07,-1.14441e-06,RACE,0.22,0.00028255084334864635,0.00028255084334864635,0.00028255084334864635,0.00028255084334864635,-0.00028369525334864636,-0.00028369525334864636,0.08199999999999999,0.0,114.55691803669383,0.0,0.0,-8.262640408094972,0.0,159.676,0,216.0,216.0,7.07107,15.3578,24.0487,41.0276,71.6781,114.628,146.729,153.357,156.778,159.676,162.224,164.511,167.376,114.628,71.6781,41.0275,24.0487,15.3578,7.07106,15.389856,0.0012886513108881642,0.0,0.0,,launch,0.0004891537662836005,1.0,0.0,1,0.46,0.0
72,2744.13,18.2709,1.04359e-08,1.74846e-07,-1.14441e-06,RACE,0.22,0.00034519147220634153,0.00034519147220634153,0.00034519147220634153,0.00034519147220634153,-0.00034633588220634153,-0.00034633588220634153,0.08199999999999999,0.0,121.74336758291611,0.0,0.0,-8.083781067068216,0.0,159.577,0,216.0,216.0,7.07107,15.3578,24.0487,41.0276,71.6781,114.628,146.645,153.263,156.68,159.577,162.123,164.409,167.273,114.628,71.6781,41.0275,24.0486,15.3578,7.07106,15.461672,0.0015733802077933874,0.0,0.0,,accelerate,0.0005835522885462669,1.0,0.0,1,0.48,0.0
73,2744.25,19.2577,0.00185413,-1.22229e-05,-1.14441e-06,RACE,0.22,0.0004251701934154869,0.0004251701934154869,0.0004251701934154869,0.0004251701934154869,-0.0004263146034154869,-0.0004263146034154869,0.10400000000000001,0.0,126.21694436126427,0.0,0.0,-7.869149857836108,0.0,159.458,0,216.0,216.0,7.07099,15.3572,24.0473,41.0234,71.6654,114.595,146.538,153.148,156.563,159.458,162.003,164.288,167.151,114.661,71.6903,41.0317,24.0501,15.3583,7.07115,15.540616,0.0019369182737585867,0.0,0.0,,accelerate,0.0006533066762074508,1.0,0.0,1,0.502,0.0
74,2744.36,20.1549,0.00233322,-2.74817e-05,-1.23978e-06,RACE,0.22,0.0005093714778376659,0.0005093714778376659,0.0005093714778376659,0.0005093714778376659,-0.0005106112578376659,-0.0005106112578376659,0.10400000000000001,0.0,126.02224733768182,0.0,0.0,-7.672404582706268,0.0,159.344,0,216.0,216.0,7.07088,15.3566,24.0456,41.0185,71.6503,114.557,146.433,153.037,156.45,159.344,161.888,164.172,167.033,114.699,71.706,41.0366,24.0517,15.359,7.07125,15.612392,0.0023196497256728794,0.0,0.0,,accelerate,0.0007396708320049508,1.0,0.0,1,0.522,0.0
75,2744.47,21.0523,0.00261541,-4.22637e-05,-1.23978e-06,RACE,0.22,0.0006052488915018656,0.0006052488915018656,0.0006091165599380659,0.0006091165599380659,-0.0006064886715018656,-0.0006103563399380659,0.10400000000000001,0.0,125.82753317678547,0.0,0.0,-7.475566363393817,0.0,159.224,0,216.0,216.0,7.07078,15.3559,24.0439,41.0134,71.6346,114.517,146.324,152.922,156.333,159.224,161.767,164.05,166.911,114.74,71.7216,41.0417,24.0534,15.3596,7.07136,15.684184,0.0027554542622580795,0.0,0.0,,accelerate,0.0008478048128099339,1.0,0.0,1,0.542,0.0
76,2744.59,21.9502,0.00280711,-5.79993e-05,-1.23978e-06,RACE,0.22,0.0007137820206070849,0.0007137820206070849,0.0007195152324364184,0.0007195152324364184,-0.0007150218006070849,-0.0007207550124364184,0.10400000000000001,0.0,125.62206535139661,0.0,0.0,-7.260581081081175,0.0,159.1,0,216.0,216.0,7.07067,15.3552,24.0422,41.0083,71.6185,114.477,146.211,152.801,156.21,159.1,161.641,163.923,166.783,114.78,71.7373,41.047,24.0552,15.3603,7.07147,15.756016,0.0032487845287534007,0.0,0.0,,accelerate,0.0009714891693349638,1.0,0.0,1,0.562,0.0
77,2744.72,22.8487,0.00294982,-7.42117e-05,-1.23978e-06,RACE,0.22,0.0008362344720292757,0.0008362344720292757,0.0008444106141676016,0.0008444106141676016,-0.0008374742520292758,-0.0008456503941676016,0.10400000000000001,0.0,125.40583529285878,0.0,0.0,-7.0276803585771015,0.0,158.97,0,216.0,216.0,7.07055,15.3545,24.0403,41.0029,71.6024,114.434,146.093,152.676,156.082,158.97,161.51,163.792,166.65,114.822,71.7539,41.0522,24.057,15.3611,7.07158,15.827896,0.003805384167878795,0.0,0.0,,accelerate,0.0011103037079915929,1.0,0.0,1,0.582,0.0
78,2744.85,23.7476,0.00306409,-9.0901e-05,-1.33514e-06,RACE,0.22,0.0009734598643219222,0.0009734598643219222,0.0009846960226485902,0.0009846960226485902,-0.0009747950043219221,-0.0009860311626485902,0.10400000000000001,0.0,125.18957095969219,0.0,0.0,-6.794779636072214,0.0,158.835,0,216.0,216.0,7.07044,15.3538,24.0385,40.9973,71.5854,114.391,145.971,152.545,155.949,158.835,161.374,163.654,166.512,114.866,71.771,41.0578,24.0589,15.3618,7.0717,15.899808,0.0044291332471486445,0.0,0.0,,accelerate,0.0012638624569973325,1.0,0.0,1,0.602,0.0
79,2744.98,24.6468,0.00316046,-0.000108067,-1.33514e-06,RACE,0.22,0.0011265299101979147,0.0011265299101979147,0.0011415439376953542,0.0011415439376953542,-0.0011278650501979146,-0.0011428790776953541,0.10400000000000001,0.0,124.97328092055527,0.0,0.0,-6.561878913567327,0.0,158.696,0,216.0,216.0,7.07031,15.353,24.0365,40.9916,71.5673,114.346,145.843,152.41,155.811,158.696,161.233,163.512,166.368,114.912,71.7887,41.0635,24.0608,15.3626,7.07182,15.971744,0.0051249031668682355,0.0,0.0,,accelerate,0.0014317708080570741,1.0,0.0,1,0.622,0.0
80,2745.12,25.546,0.00324435,-0.00012571,-1.33514e-06,RACE,0.22,0.0012971845319135339,0.0012971845319135339,0.001316925505776138,0.001316925505776138,-0.0012985196719135339,-0.001318260645776138,0.10400000000000001,0.0,124.74628006021054,0.0,0.0,-6.311062750870194,0.0,158.55,0,216.0,216.0,7.07019,15.3522,24.0345,40.9855,71.5493,114.298,145.711,152.27,155.668,158.55,161.086,163.364,166.219,114.959,71.8068,41.0696,24.0629,15.3634,7.07195,16.043680000000002,0.005900602630282823,0.0,0.0,,accelerate,0.001614251708276001,1.0,0.0,1,0.642,0.0
81,2745.27,26.4451,0.00534282,-0.000157181,-1.43051e-06,RACE,0.22,0.001485677824317198,0.001485677824317198,0.001511255054061661,0.001511255054061661,-0.001487108334317198,-0.001512685564061661,0.10400000000000001,0.0,124.50857694731545,0.0,0.0,-6.0423311479800015,0.0,158.396,0,216.0,216.0,7.06997,15.3508,24.031,40.9752,71.5172,114.218,145.565,152.119,155.515,158.396,160.931,163.208,166.062,115.041,71.8392,41.08,24.0664,15.3648,7.07217,16.115608,0.006757386608969459,0.0,0.0,,accelerate,0.0017651155841305935,1.0,0.0,1,0.662,0.0
82,2745.42,27.3439,0.00602302,-0.000196282,-1.43051e-06,RACE,0.22,0.0016938259990398733,0.0016938259990398733,0.0017264067937495067,0.0017264067937495067,-0.0016952565090398734,-0.0017278373037495067,0.10400000000000001,0.0,124.2708995403912,0.0,0.0,-5.77359954508981,0.0,158.234,0,216.0,216.0,7.06969,15.349,24.0265,40.962,71.4773,114.115,145.41,151.96,155.354,158.234,160.768,163.045,165.898,115.146,71.8795,41.0933,24.0709,15.3665,7.07245,16.187512,0.007703510574555135,0.0,0.0,,accelerate,0.0019359313959773018,1.0,0.0,1,0.682,0.0
83,2745.57,28.2424,0.00640334,-0.00023729,-1.43051e-06,RACE,0.22,0.0019228680630360923,0.0019228680630360923,0.0019228680630360923,0.0019228680630360923,-0.0019242985730360924,-0.0019242985730360924,0.10400000000000001,0.0,124.03324783943778,0.0,0.0,-5.504867942199617,0.0,158.067,0,216.0,216.0,7.0694,15.3472,24.0219,40.9485,71.4355,114.009,145.249,151.795,155.188,158.067,160.6,162.876,165.728,115.254,71.9218,41.1068,24.0755,15.3683,7.07273,16.259392,0.00874460635241988,0.0,0.0,,accelerate,0.0020961099891423896,1.0,0.0,1,0.702,0.0
84,2745.73,29.1406,0.00666646,-0.000279252,1.67847e-05,RACE,0.22,0.0021737090420507615,0.0021737090420507615,0.0021737090420507615,0.0021737090420507615,-0.0021569243420507616,-0.0021569243420507616,0.08199999999999999,0.0,121.50946241665926,0.0,0.0,-5.2182208991171795,0.0,157.895,0,216.0,216.0,7.06898,15.3451,24.0167,40.9338,71.3915,113.898,145.082,151.625,155.017,157.895,160.426,162.701,165.553,115.367,71.9665,41.1217,24.0807,15.3705,7.07316,16.331248,0.009884787678117079,0.0,0.0,,accelerate,0.0022728089905483407,1.0,0.0,1,0.722,0.0
85,2745.9,30.0408,0.00684274,-0.000322167,4.73022e-05,RACE,0.22,0.0024475672028987723,0.0024475672028987723,0.0024475672028987723,0.0024475672028987723,-0.0024002650028987723,-0.0024002650028987723,0.08199999999999999,0.0,111.81018225386805,0.0,0.0,-4.913658415841683,0.0,157.717,0,216.0,216.0,7.06845,15.3427,24.0111,40.9182,71.3458,113.782,144.91,151.45,154.84,157.717,160.247,162.521,165.372,115.486,72.013,41.1375,24.0863,15.3729,7.07368,16.403264,0.011129592104073419,0.0,0.0,,accelerate,0.0024551363623312164,1.0,0.0,1,0.742,0.0
86,2746.06,30.9494,0.00689863,-0.00036699,7.77245e-05,RACE,0.22,0.002746145907467707,0.002746145907467707,0.002746145907467707,0.002746145907467707,-0.002668421407467707,-0.002668421407467707,0.08199999999999999,0.0,112.1841326940673,0.0,0.0,-4.627011372759245,0.0,157.533,0,216.0,216.0,7.06793,15.3402,24.0054,40.9022,71.2981,113.663,144.733,151.269,154.658,157.533,160.063,162.336,165.186,115.608,72.0616,41.1538,24.0921,15.3753,7.07421,16.475952,0.012486762150760453,0.0,0.0,,accelerate,0.0026662940291804723,1.0,0.0,1,0.762,0.0
87,2746.24,31.8704,0.0088381,-0.000428025,0.000108242,RACE,0.22,0.0030707683830895364,0.0030707683830895364,0.0030707683830895364,0.0030707683830895364,-0.0029625263830895363,-0.0029625263830895363,0.08199999999999999,0.0,117.19426346411038,0.0,0.0,-4.304533449291504,0.0,157.339,0,216.0,216.0,7.06728,15.3371,23.9978,40.8807,71.2346,113.503,144.541,151.077,154.464,157.339,159.869,162.142,164.991,115.775,72.1271,41.1754,24.0998,15.3785,7.07486,16.549632,0.013962312461796189,0.0,0.0,,accelerate,0.0028655705544645632,1.0,0.0,1,0.782,0.0
88,2746.42,32.8041,0.00891952,-0.000501935,0.00013876,RACE,0.22,0.0034223305893340975,0.0034223305893340975,0.0034223305893340975,0.0034223305893340975,-0.0032835705893340976,-0.0032835705893340976,0.08199999999999999,0.0,123.02965409269977,0.0,0.0,-3.9820555258229473,0.0,157.136,0,216.0,216.0,7.06654,15.3333,23.9887,40.8548,71.1572,113.309,144.334,150.874,154.262,157.136,159.666,161.938,164.788,115.978,72.2066,41.2017,24.109,15.3823,7.0756,16.624328,0.01556031556302597,0.0,0.0,,accelerate,0.0031039216346041027,1.0,0.0,1,0.802,0.0
89,2746.6,33.7498,0.00830812,-0.000582997,0.000169182,RACE,0.22,0.0038036539473614833,0.0038036539473614833,0.0038036539473614833,0.0038036539473614833,-0.0036344719473614833,-0.0036344719473614833,0.10400000000000001,0.0,124.2907247312259,0.0,0.0,-3.6595776023552054,0.0,156.926,0,216.0,216.0,7.06575,15.3292,23.9789,40.8268,71.0732,113.099,144.118,150.663,154.052,156.926,159.456,161.728,164.578,116.198,72.2927,41.2302,24.1189,15.3864,7.07639,16.699984,0.017293596040493513,0.0,0.0,,accelerate,0.0033835544216864917,1.0,0.0,1,0.822,0.0
90,2746.79,34.7107,0.00724437,-0.000670258,0.000199699,RACE,0.22,0.00421521565072958,0.00421521565072958,0.00421521565072958,0.00421521565072958,-0.00401551665072958,-0.00401551665072958,0.10400000000000001,0.0,124.53407414484033,0.0,0.0,-3.3191842386944037,0.0,156.709,0,216.0,216.0,7.06492,15.3249,23.9683,40.7967,70.9837,112.873,143.893,150.445,153.834,156.709,159.238,161.511,164.36,116.438,72.386,41.2609,24.1295,15.3908,7.07722,16.776856000000002,0.01916432294642299,0.0,0.0,,accelerate,0.00370076816467975,1.0,0.0,1,0.842,0.0
91,2746.99,35.6983,0.00769951,-0.000778977,0.000230122,RACE,0.22,0.004658976421350708,0.004658976421350708,0.00478098551001057,0.00478098551001057,-0.004428854421350708,-0.00455086351001057,0.10400000000000001,0.0,124.78848986920892,0.0,0.0,-2.9608754348413573,0.0,156.48,0,216.0,216.0,7.06394,15.3196,23.9553,40.7594,70.8719,112.592,143.648,150.212,153.604,156.48,159.01,161.283,164.133,116.738,72.502,41.2991,24.1427,15.3961,7.07821,16.855864,0.021181408614509224,0.0,0.0,,accelerate,0.0040919766726532115,1.0,0.0,1,0.862,0.0
92,2747.19,36.7205,0.00591804,-0.00090963,0.000260639,RACE,0.22,0.005137034503244834,0.005137034503244834,0.00527133517429321,0.00527133517429321,-0.004876395503244834,-0.00501069617429321,0.10400000000000001,0.0,125.04542961699306,0.0,0.0,-2.6025666309874964,0.0,156.238,0,216.0,216.0,7.0628,15.3133,23.9399,40.7151,70.739,112.259,143.383,149.965,153.36,156.238,158.769,161.044,163.895,117.098,72.6415,41.3446,24.1584,15.4025,7.07935,16.937640000000002,0.023354390476226596,0.0,0.0,,accelerate,0.004486525356298426,1.0,0.0,1,0.882,0.0
93,2747.4,37.7804,0.00327003,-0.00105411,0.000303268,RACE,0.22,0.005651582312968542,0.005651582312968542,0.005799049805629454,0.005799049805629454,-0.005348314312968542,-0.005495781805629455,0.10400000000000001,0.0,125.31423811072123,0.0,0.0,-2.22634238694139,0.0,155.986,0,216.0,216.0,7.06148,15.3063,23.9227,40.6659,70.592,111.891,143.102,149.706,153.105,155.986,158.52,160.795,163.648,117.5,72.797,41.3955,24.1759,15.4096,7.08068,17.022432000000002,0.02569323401817856,0.0,0.0,,accelerate,0.004900822218929231,1.0,0.0,1,0.902,0.0
94,2747.61,38.8592,0.00190595,-0.0012272,0.000364304,RACE,0.22,0.00620426695473287,0.00620426695473287,0.006365837020824791,0.006365837020824791,-0.00583996295473287,-0.0060015330208247905,0.10400000000000001,0.0,125.58442533400267,0.0,0.0,-1.8492553938785155,0.0,155.72,0,216.0,216.0,7.05983,15.2977,23.902,40.6068,70.416,111.454,142.795,149.428,152.835,155.72,158.255,160.533,163.388,117.985,72.9849,41.4568,24.1971,15.4183,7.08234,17.108736,0.028205426045233597,0.0,0.0,,accelerate,0.005290622607332216,1.0,0.0,1,0.922,0.0
95,2747.83,39.9441,-0.0019916,-0.00142986,0.000425243,RACE,0.22,0.006797486119897141,0.006797486119897141,0.006974090156080378,0.006974090156080378,-0.006372243119897141,-0.006548847156080379,0.10400000000000001,0.0,125.86417612577372,0.0,0.0,-1.4540722528854153,0.0,155.438,0,216.0,216.0,7.05798,15.2878,23.8779,40.5381,70.2118,110.947,142.46,149.133,152.548,155.438,157.977,160.258,163.116,118.559,73.2053,41.5286,24.2218,15.4284,7.08421,17.195528,0.03090186510723562,0.0,0.0,,accelerate,0.005726792367938095,1.0,0.0,1,0.942,0.0
96,2748.06,41.0329,-0.00526862,-0.00167019,0.000486279,RACE,0.22,0.0074322956657442265,0.0074322956657442265,0.007624865080837849,0.007624865080837849,-0.006946016665744226,-0.007138586080837849,0.10400000000000001,0.0,126.15332999899644,0.0,0.0,-1.0409262418467662,0.0,155.139,0,216.0,216.0,7.05586,15.2762,23.8496,40.4574,69.9718,110.352,142.091,148.815,152.242,155.139,157.683,159.967,162.828,119.245,73.4676,41.6135,24.2509,15.4401,7.08635,17.282632,0.033787350534665875,0.0,0.0,,accelerate,0.006173712605803229,1.0,0.0,1,0.962,0.0
97,2748.29,42.1237,-0.011335,-0.00194818,0.000553322,RACE,0.22,0.008111825705967725,0.008111825705967725,0.008321404425941203,0.008321404425941203,-0.007558503705967725,-0.007768082425941203,0.10400000000000001,0.0,126.43670836767478,0.0,0.0,-0.6277802308081168,0.0,154.821,0,216.0,216.0,7.05343,15.2629,23.8171,40.3645,69.6966,109.672,141.686,148.474,151.916,154.821,157.371,159.66,162.527,120.048,73.773,41.7121,24.2846,15.4537,7.0888,17.369896,0.0368761100553652,0.0,0.0,,accelerate,0.006659065770905826,1.0,0.0,1,0.982,0.0
98,2748.55,43.3242,-0.0177258,-0.00230676,0.00065403,RACE,0.22,0.008911850444128714,0.008911850444128714,0.009141299608720465,0.009141299608720465,-0.008257820444128714,-0.008487269608720465,0.10400000000000001,0.0,126.754209919722,0.0,0.0,-0.16074560963363638,0.0,154.448,0,216.0,216.0,7.0502,15.2456,23.775,40.2448,69.3436,108.805,141.19,148.069,151.531,154.448,157.007,159.302,162.175,121.101,74.1717,41.8405,24.3285,15.4715,7.09207,17.465936,0.04051257037428943,0.0,0.0,,accelerate,0.0071636969877195335,1.0,0.0,1,1.004,0.0
99,2748.79,44.4156,-0.0266578,-0.0026806,0.000745487,RACE,0.22,0.00968931202287175,0.00968931202287175,0.009937930288442691,0.009937930288442691,-0.00894382502287175,-0.009192443288442691,0.10400000000000001,0.0,127.04609304522366,0.0,0.0,0.2703632714497455,0.0,154.088,0,216.0,216.0,7.04693,15.2278,23.7315,40.1211,68.9803,107.917,140.692,147.673,151.157,154.088,156.656,158.957,161.839,122.218,74.591,41.9747,24.3741,15.4899,7.09539,17.553248,0.04404647132226026,0.0,0.0,,accelerate,0.007708665595265727,1.0,0.0,1,1.024,0.0
100,2749.04,45.5071,-0.0354529,-0.00310976,0.000855255,RACE,0.22,0.010515497288140753,0.010515497288140753,0.010784281421924901,0.010784281421924901,-0.009660242288140754,-0.009929026421924902,0.10400000000000001,0.0,127.34690088573713,0.0,0.0,0.7194350225786765,0.0,153.704,0,216.0,216.0,7.04315,15.2074,23.6818,39.9801,68.568,106.916,140.135,147.245,150.757,153.704,156.283,158.593,161.483,123.524,75.0784,42.1298,24.4267,15.5111,7.09922,17.640568000000002,0.04780184261257409,0.0,0.0,,accelerate,0.008250970144436594,1.0,0.0,2,1.044,0.0
101,2749.3,46.5978,-0.0476468,-0.00359565,0.000977325,RACE,0.22,0.01139291341986215,0.01139291341986215,0.011682880465896602,0.011682880465896602,-0.01041558841986215,-0.010705555465896603,0.10400000000000001,0.0,127.65656923468056,0.0,0.0,1.1864696437531572,0.0,153.295,0,216.0,216.0,7.03889,15.1843,23.6256,39.8215,68.1062,105.803,139.513,146.785,150.328,153.295,155.887,158.207,161.109,125.039,75.6382,42.3069,24.4866,15.5351,7.10357,17.727824,0.05179008046822249,0.0,0.0,,accelerate,0.008846190887939816,1.0,0.0,2,1.064,0.0
102,2749.56,47.6501,-0.0591069,-0.00414402,0.00112066,RACE,0.22,0.012322437021259331,0.012322437021259331,0.012634637162891059,0.012634637162891059,-0.01120177702125933,-0.011513977162891058,0.10400000000000001,0.0,127.9634981027562,0.0,0.0,1.6535042649268208,0.0,152.86,0,216.0,216.0,7.03405,15.1583,23.5625,39.6438,67.5924,104.574,138.812,146.288,149.87,152.86,155.468,157.8,160.714,126.792,76.2793,42.5086,24.5546,15.5624,7.10851,17.812008,0.05601516943203926,0.0,0.0,,accelerate,0.009432621694525696,1.0,0.0,2,1.084,0.0
103,2749.83,48.6583,-0.0721779,-0.00475055,0.00128241,RACE,0.22,0.013305740891689035,0.013305740891689035,0.013641123642782483,0.013641123642782483,-0.012023330891689036,-0.012358713642782484,0.10400000000000001,0.0,128.27619842922135,0.0,0.0,2.1385017561460336,0.0,152.399,0,216.0,216.0,7.02869,15.1295,23.4931,39.4492,67.0328,103.249,138.023,145.755,149.383,152.399,155.025,157.37,160.299,128.789,77.0018,42.7339,24.6302,15.5928,7.11401,17.892664,0.06048471310450341,0.0,0.0,,accelerate,0.010035513975084015,1.0,0.0,2,1.104,0.0
104,2750.1,49.6462,-0.0829113,-0.00541336,0.00147152,RACE,0.22,0.014343399260940703,0.014343399260940703,0.014703005422761026,0.014703005422761026,-0.012871879260940702,-0.013231485422761025,0.10400000000000001,0.0,128.58745054054066,0.0,0.0,2.6234992473652463,0.0,151.913,0,216.0,216.0,7.02275,15.098,23.4172,39.2377,66.4307,101.834,137.127,145.186,148.868,151.913,154.56,156.92,159.865,131.047,77.8079,42.9837,24.7139,15.6263,7.12012,17.971696,0.0652013216097069,0.0,0.0,,accelerate,0.01058149545545622,1.0,0.0,2,1.124,0.0
105,2750.38,50.6377,-0.096046,-0.00615675,0.0016942,RACE,0.22,0.015436023685580363,0.015436023685580363,0.015820779835558338,0.015820779835558338,-0.013741823685580364,-0.014126579835558338,0.10400000000000001,0.0,128.90647896838954,0.0,0.0,3.126459608630009,0.0,151.394,0,216.0,216.0,7.01603,15.0627,23.3326,39.0031,65.7676,100.294,136.058,144.568,148.313,151.394,154.064,156.443,159.406,162.406,78.7328,43.2673,24.8084,15.6642,7.12706,18.051016,0.07016777473817254,0.0,0.0,,accelerate,0.01111740303526006,1.0,0.0,2,1.144,0.0
106,2750.67,51.6364,-0.115107,-0.00698215,0.0019475,RACE,0.22,0.016585931578202363,0.016585931578202363,0.016996762583075836,0.016996762583075836,-0.014638431578202363,-0.015049262583075837,0.10400000000000001,0.0,129.22954250945003,0.0,0.0,3.6492250468287586,0.0,150.84,0,216.0,216.0,7.00853,15.0236,23.2391,38.7454,65.0456,98.6344,134.717,143.897,147.717,150.84,153.538,155.937,158.922,161.935,79.7859,43.587,24.9145,15.7065,7.13483,18.130912000000002,0.07539460613784886,0.0,0.0,,accelerate,0.011734037170948786,1.0,0.0,2,1.164,0.0
107,2750.96,52.6436,-0.136516,-0.00790102,0.00223732,RACE,0.22,0.017793573354028935,0.017793573354028935,0.01823149490963995,0.01823149490963995,-0.015556253354028934,-0.01599417490963995,0.10400000000000001,0.0,129.55319995584554,0.0,0.0,4.172264918383437,0.0,150.246,0,216.0,216.0,7.00016,14.9801,23.1356,38.4619,64.259,96.8482,132.737,143.162,147.074,150.246,152.976,155.399,158.409,161.439,80.9925,43.9488,25.0338,15.7541,7.14355,18.211488,0.08088386314178017,0.0,0.0,,accelerate,0.012391071061408371,1.0,0.0,2,1.184,0.0
108,2751.25,53.6604,-0.164214,-0.00892097,0.00256071,RACE,0.22,0.019062292840155422,0.019062292840155422,0.01952836590601746,0.01952836590601746,-0.01650158284015542,-0.01696765590601746,0.10400000000000001,0.0,129.8775281659142,0.0,0.0,4.695304789938115,0.0,149.609,0,216.0,216.0,6.99087,14.9322,23.0218,38.152,63.4077,94.9395,129.262,142.355,146.378,149.609,152.376,154.826,157.865,160.918,82.3734,44.3572,25.1675,15.8073,7.15327,18.292832,0.0866507448981497,0.0,0.0,,accelerate,0.013149020978250561,1.0,0.0,2,1.204,0.0
109,2751.55,54.6879,-0.194991,-0.0100563,0.00292988,RACE,0.22,0.02039248955239898,0.02039248955239898,0.02088758105975624,0.02088758105975624,-0.01746260955239898,-0.01795770105975624,0.10400000000000001,0.0,130.21133789998345,0.0,0.0,5.2363805191330055,0.0,148.92,0,216.0,216.0,6.98051,14.879,22.8962,37.8124,62.4851,92.9002,125.523,141.459,145.62,148.92,151.732,154.214,157.286,160.367,83.9674,44.8208,25.3182,15.867,7.16419,18.375032,0.09269706738007248,0.0,0.0,,accelerate,0.013957711569930939,1.0,0.0,2,1.224,0.0
110,2751.86,55.7264,-0.231033,-0.0113333,0.00334187,RACE,0.22,0.021785459460010266,0.021785459460010266,0.022310389418109384,0.022310389418109384,-0.018443589460010266,-0.018968519418109384,0.10400000000000001,0.0,130.554650119418,0.0,0.0,5.795492105967288,0.0,148.169,0,216.0,216.0,6.9689,14.8196,22.7564,37.4373,61.4784,90.7058,121.566,140.447,144.784,148.169,151.035,153.554,156.665,159.779,85.8347,45.3538,25.4898,15.9346,7.17649,18.458112,0.09902872133133399,0.0,0.0,,accelerate,0.014830208866990628,1.0,0.0,2,1.244,0.0
111,2752.17,56.7756,-0.273791,-0.0127743,0.00380869,RACE,0.22,0.023244714035920593,0.023244714035920593,0.02380049128726119,0.02380049128726119,-0.019436024035920593,-0.01999180128726119,0.10400000000000001,0.0,130.89870996086296,0.0,0.0,6.354603692801571,0.0,147.344,0,216.0,216.0,6.95585,14.7532,22.6007,37.0227,60.3798,88.3496,117.386,139.283,143.854,147.344,150.274,152.838,155.994,159.147,88.041,45.9702,25.686,16.0116,7.19044,18.542048,0.10566166792334135,0.0,0.0,,accelerate,0.01578725863189643,1.0,0.0,2,1.264,0.0
112,2752.49,57.8351,-0.324495,-0.0144003,0.00433655,RACE,0.22,0.02476924313068623,0.02476924313068623,0.02535659733100538,0.02535659733100538,-0.020432693130686228,-0.021020047331005383,0.10400000000000001,0.0,131.25222337782222,0.0,0.0,6.931751137275246,0.0,146.432,0,216.0,216.0,6.94117,14.6788,22.4274,36.5652,59.1853,85.832,112.998,137.913,142.808,146.432,149.439,152.057,155.268,158.466,90.6693,46.6853,25.911,16.0993,7.20624,18.626808,0.11259131558761784,0.0,0.0,,accelerate,0.016849683979843738,1.0,0.0,2,1.284,0.0
113,2752.82,58.904,-0.384399,-0.0162347,0.00492544,RACE,0.22,0.0263614116507528,0.0263614116507528,0.02698103163948755,0.02698103163948755,-0.0214359716507528,-0.02205559163948755,0.10400000000000001,0.0,131.39713593791808,0.0,0.0,7.5269344393899535,0.0,145.414,0,216.0,216.0,6.92474,14.5959,22.235,36.0623,57.8923,83.1558,108.421,136.242,141.619,145.414,148.519,151.202,154.477,157.729,93.8255,47.5184,26.1692,16.1993,7.22412,18.71232,0.1198284138523184,0.0,0.0,,accelerate,0.018042651148252774,1.0,0.0,2,1.304,0.0
114,2753.15,59.9819,-0.454903,-0.0183037,0.00559072,RACE,0.22,0.02802379292310034,0.02802379292310034,0.02867655699651295,0.02867655699651295,-0.02243307292310034,-0.02308583699651295,0.10400000000000001,0.0,131.06885790741237,0.0,0.0,8.12211774150384,0.0,144.27,0,216.0,216.0,6.90629,14.5034,22.0217,35.5108,56.4986,80.3276,103.68,134.053,140.245,144.27,147.496,150.259,153.612,156.928,97.6552,48.4935,26.4665,16.3135,7.2444,18.798552,0.1273846596075567,0.0,0.0,,accelerate,0.019387886741796208,1.0,0.0,2,1.324,0.0
115,2753.48,61.0679,-0.537618,-0.0206369,0.00633526,RACE,0.22,0.02975579419240733,0.02975579419240733,0.03044250220038123,0.03044250220038123,-0.023420534192407333,-0.02410724220038123,0.10400000000000001,0.0,130.73889717344045,0.0,0.0,8.71798728884415,0.0,142.968,0,216.0,216.0,6.88565,14.4005,21.786,34.9084,55.0038,77.3574,98.8006,130.348,138.62,142.968,146.352,149.214,152.661,156.052,102.36,49.6409,26.8094,16.444,7.26738,18.885432,0.1352573585226418,0.0,0.0,,accelerate,0.0209129148492826,1.0,0.0,2,1.344,0.0
116,2753.83,62.162,-0.632466,-0.0232857,0.0071744,RACE,0.22,0.03156159060418189,0.03156159060418189,0.0322825428902431,0.0322825428902431,-0.02438719060418189,-0.025108142890243098,0.10400000000000001,0.0,130.38263358421153,0.0,0.0,9.3525415621339,0.0,141.455,0,216.0,216.0,6.86242,14.2855,21.5242,34.2481,53.3984,74.2369,93.7846,121.886,136.612,141.455,145.051,148.04,151.604,155.086,108.273,51.0083,27.209,16.5946,7.29359,18.97296,0.14346548844943482,0.0,0.0,,accelerate,0.022601602412623233,1.0,0.0,2,1.364,0.0
117,2754.17,63.2638,-0.744159,-0.0263103,0.0081234,RACE,0.22,0.033440113799944444,0.033440113799944444,0.03419625969422091,0.03419625969422091,-0.025316713799944445,-0.02607285969422091,0.10400000000000001,0.0,130.03654895467463,0.0,0.0,9.968965713330082,0.0,139.648,0,216.0,216.0,6.83615,14.1563,21.2328,33.5233,51.6734,70.9632,88.6368,113.359,133.911,139.648,143.546,146.703,150.415,154.009,115.905,52.6623,27.6794,16.7696,7.32371,19.061104,0.1520041932340794,0.0,0.0,,accelerate,0.024508853636884702,1.0,0.0,2,1.384,0.0
118,2754.53,64.3733,-0.876572,-0.0297688,0.00919447,RACE,0.22,0.035393354808602874,0.035393354808602874,0.03618476513038759,0.03618476513038759,-0.026198884808602874,-0.02699029513038759,0.10400000000000001,0.0,129.67010640575324,0.0,0.0,10.621650108714228,0.0,137.404,0,216.0,216.0,6.80648,14.0116,20.909,32.7306,49.8305,67.5526,83.3948,104.948,128.722,137.404,141.769,145.158,149.063,152.798,126.043,54.6852,28.2362,16.9737,7.35836,19.149864,0.16088252296874392,0.0,0.0,,accelerate,0.026706052947838677,1.0,0.0,2,1.404,0.0
119,2754.89,65.4902,-1.03342,-0.0337208,0.0103999,RACE,0.22,0.03742046565225376,0.03742046565225376,0.03824764063984526,0.03824764063984526,-0.027020565652253758,-0.02784774063984526,0.10400000000000001,0.0,129.30366385683232,0.0,0.0,11.274334504097546,0.0,134.393,0,216.0,216.0,6.77303,13.8498,20.5506,31.8684,47.8765,64.0293,78.1069,96.7311,116.603,134.393,139.613,143.344,147.509,151.424,157.349,57.1902,28.899,17.2126,7.39824,19.239216,0.17009662322512137,0.0,0.0,,accelerate,0.029267320095686694,1.0,0.0,2,1.424,0.0
120,2755.26,66.6138,-1.21871,-0.0382336,0.011764,RACE,0.22,0.039525569620645525,0.039525569620645525,0.04038867527108704,0.04038867527108704,-0.027761569620645524,-0.02862467527108704,0.10400000000000001,0.0,128.92704234821844,0.0,0.0,11.945149021576084,0.0,128.96,0,216.0,216.0,6.73535,13.6696,20.1558,30.9365,45.8209,60.4236,72.8228,88.7775,105.259,128.96,136.868,141.16,145.697,149.85,156.035,60.3385,29.693,17.4932,7.44424,19.329104,0.17966523614809593,0.0,0.0,,accelerate,0.03226747773134521,1.0,0.0,2,1.444,0.0
121,2755.63,67.7436,-1.43506,-0.0433987,0.013308,RACE,0.22,0.04170705490691105,0.04170705490691105,0.04260643105768318,0.04260643105768318,-0.028399054906911046,-0.029298431057683177,0.10400000000000001,0.0,128.550420839605,0.0,0.0,12.615963539053798,0.0,113.713,0,216.0,216.0,6.6929,13.469,19.7218,29.9331,43.6704,56.7574,67.578,81.1233,94.6891,113.713,132.942,138.42,143.537,148.018,154.538,64.3835,30.6544,17.8249,7.49751,19.419488,0.189581035374576,0.0,0.0,,accelerate,0.03574366466327681,1.0,0.0,2,1.464,0.0
122,2756.01,68.8776,-1.68828,-0.0493401,0.0150597,RACE,0.22,0.04396602169314058,0.04396602169314058,0.04490155393913004,0.04490155393913004,-0.02890632169314058,-0.02984185393913004,0.10400000000000001,0.0,128.16362037129915,0.0,0.0,13.304908178625904,0.0,99.8519,0,216.0,216.0,6.64494,13.2454,19.2446,28.8546,41.4288,53.0455,62.3948,73.7853,84.8588,99.8519,121.291,134.665,140.867,145.837,152.805,69.7455,31.8367,18.2211,7.55959,19.510208,0.1998490217105666,0.0,0.0,,accelerate,0.03976538402834333,1.0,0.0,2,1.484,0.0
123,2756.4,70.0102,-1.98759,-0.0561889,0.0170463,RACE,0.22,0.04630471557569357,0.04630471557569357,0.047276164199456475,0.047276164199456475,-0.029258415575693572,-0.030229864199456474,0.112,0.0,127.76655606101119,1.1610268933382714e-05,1.7363192401942356e-05,14.012022477924031,0.0,87.5147,1,216.0,216.0,6.5908,12.9967,18.7218,27.7017,39.109,49.3172,57.3126,66.7989,75.7635,87.5147,103.591,126.909,137.371,143.166,150.767,77.1231,33.3126,18.6988,7.63227,19.600816000000002,0.210479402368,0.0,0.0,,accelerate,0.044481465382771146,1.0,0.0,2,1.504,0.0
124,2756.79,71.1354,-2.34063,-0.064072,0.0193191,RACE,0.22,0.04872103191646261,0.04872103191646261,0.04972835993475265,0.04972835993475265,-0.029401931916462613,-0.03040925993475265,0.112,0.0,127.35954508964396,0.0013837329609317098,0.0020693768397117185,14.72376986887903,0.0,76.582,1.7,216.0,216.0,6.52977,12.7216,18.1531,26.4806,36.7336,45.6144,52.3838,60.2126,67.4153,76.582,88.6417,105.219,132.071,139.753,148.327,87.7684,35.1838,19.279,7.71766,19.690832,0.22146261085149396,0.0,0.0,,accelerate,0.0502056080255501,1.0,0.0,2,1.524,0.0
125,2757.19,72.2518,-2.75264,-0.0731586,0.0219038,RACE,0.22,0.051216986075644094,0.051216986075644094,0.05225963837549672,0.05225963837549672,-0.029313186075644093,-0.03035583837549672,0.112,0.0,126.94209793952349,0.002791038286058978,0.004174006221569064,15.453767192935842,0.0,66.9074,1.7,216.0,216.0,6.4612,12.4184,17.5379,25.1967,34.3227,41.9688,47.6431,54.0455,59.7904,66.9074,75.954,87.8373,112.49,134.953,145.324,104.287,37.6089,19.9914,7.81833,19.780144,0.23280780784950342,0.0,0.0,,accelerate,0.05694726575652557,1.0,0.0,2,1.544,0.0
126,2757.59,73.3556,-3.23628,-0.083659,0.0248578,RACE,0.22,0.05379200930255042,0.05379200930255042,0.05486970821886442,0.05486970821886442,-0.028934209302550418,-0.030011908218864423,0.112,0.0,126.52465078940303,0.004198343611186247,0.006278635603426411,16.183764516992657,0.0,58.3488,4,216.0,216.0,6.38416,12.0854,16.8757,23.8559,31.8944,38.407,43.1146,48.3031,52.8508,58.3488,65.1291,73.6986,90.3544,121.848,141.454,154.915,40.8475,20.8796,7.9379,19.868448,0.24451240814283678,0.0,0.0,,accelerate,0.06485033176100508,1.0,0.0,2,1.564,0.0
127,2758.0,74.4448,-3.8065,-0.0958017,0.0282452,RACE,0.22,0.05644339629774425,0.05644339629774425,0.05755519280857795,0.05755519280857795,-0.02819819629774425,-0.02930999280857795,0.112,0.0,126.0967674605298,0.005640831569440857,0.008435880719828934,16.932011774150453,0.0,50.7947,4,216.0,216.0,6.2978,11.7215,16.1677,22.468,29.4723,34.9593,38.8257,42.9929,46.5676,50.7947,55.8704,62.0784,73.5251,93.1781,135.977,151.964,45.3398,22.0057,8.08082,19.955584,0.25656411496917486,0.0,0.0,,accelerate,0.07415878123328509,1.0,0.0,2,1.584,0.0
128,2758.42,75.5141,-4.47917,-0.109834,0.0321269,RACE,0.22,0.059174073227946024,0.059174073227946024,0.059174073227946024,0.059174073227946024,-0.027047173227946024,-0.027047173227946024,0.112,0.0,125.65844795290333,0.00711850216082441,0.010645741570779028,17.698508964410067,0.0,44.1496,4,128.0,216.0,6.2015,11.3268,15.418,21.047,27.0837,31.6577,34.8025,38.1223,40.9136,44.1496,47.9455,52.4598,60.4339,73.155,120.955,148.259,51.8964,23.4611,8.25255,20.041128,0.26897622902868085,0.0,0.0,,accelerate,0.08473562641028268,1.0,0.0,2,1.604,0.0
129,2758.84,76.5588,-5.27125,-0.126027,0.0365824,RACE,0.22,0.06197764175917109,0.06197764175917109,0.06197764175917109,0.06197764175917109,-0.025395241759171086,-0.025395241759171086,0.09,0.0,124.48531760541893,0.008596172752207962,0.012855602421729123,18.46500615466968,0.0,38.3241,4,128.0,216.0,6.09467,10.9025,14.6323,19.6088,24.755,28.5293,31.0641,33.6887,35.8558,38.3241,41.1606,44.4543,50.0699,58.5306,85.7376,143.373,62.2078,25.3889,8.46024,20.124704,0.28171966711113305,0.0,0.0,,accelerate,0.09757431384132646,1.0,0.0,2,1.624,0.0
130,2759.27,77.5711,-6.203,-0.144675,0.041697,RACE,0.22,0.06485804690177926,0.06485804690177926,0.06485804690177926,0.06485804690177926,-0.023161046901779267,-0.023161046901779267,0.09,0.0,115.41603049919253,0.010109025976718856,0.015118079007224393,19.249753278030276,0.0,33.235,4,128.0,216.0,5.97696,10.4508,13.8179,18.1708,22.5115,25.596,27.6226,29.6836,31.3579,33.235,35.3539,37.7645,41.7556,47.5018,64.0642,136.203,80.4785,28.0251,8.71312,20.205688000000002,0.2948123610040714,0.0,0.0,,accelerate,0.1129249209328822,1.0,0.0,2,1.644,0.0
131,2759.71,78.542,-7.29748,-0.166067,0.0475624,RACE,0.22203694410436497,0.06843757502889505,0.06843757502889505,0.06843757502889505,0.06843757502889505,-0.020875175028895056,-0.020875175028895056,0.09,0.0,78.0,0.008149878916207077,0.015594759558454612,20.057642649272363,0.0,28.8085,4,105.0,216.0,5.84843,9.9755,12.985,16.7526,20.3774,22.8767,24.4854,26.0952,27.3838,28.8085,30.3919,32.1622,35.0226,38.9932,49.5514,108.526,120.803,31.7848,9.02308,20.283360000000002,0.3082290428240741,0.0,0.0,,accelerate,0.13094237923856092,0.5800000000000001,0.0,2,1.664,0.0
132,2760.15,79.4518,-8.56926,-0.190455,0.0542914,RACE,0.22480572818197056,0.07238026660585486,0.07238026660585486,0.07302101931319509,0.07302101931319509,-0.01808886660585487,-0.01872961931319509,0.112,0.0,78.0,0.004930659648770306,0.015410929486536188,20.867289747449504,0.0,24.9783,4,105.0,216.0,5.70956,9.48224,12.1456,15.3744,18.3747,20.3855,21.6555,22.9081,23.8975,24.9783,26.1636,27.4691,29.5363,32.322,39.2901,69.3041,147.903,37.4689,9.40557,20.356144,0.32197094713683005,0.0,0.0,,brake,0.15219934814584302,0.0,0.12,2,1.684,0.0
133,2760.59,80.1542,-10.0099,-0.217818,0.0619665,RACE,0.22757451225957614,0.07646602030808208,0.07646602030808208,0.07672729010660737,0.07672729010660737,-0.014499520308082083,-0.014760790106607365,0.112,0.0,62.0,0.0017114403813335375,0.015227099414617765,21.676936845626646,0.0,21.7037,4,82.0,216.0,5.56231,8.98153,11.3186,14.0644,16.5332,18.145,19.1459,20.1203,20.8812,21.7037,22.5955,23.5655,25.0758,27.0631,31.8053,49.1122,139.949,46.7624,9.87704,20.412336,0.336007107217792,0.0,0.0,,brake,0.17624493056087948,0.0,0.46,2,1.704,0.0
134,2761.04,80.4253,-11.5385,-0.246888,0.0706609,RACE,0.23040622324803492,0.0807044288689231,0.0807044288689231,0.08054235663169126,0.08054235663169126,-0.010043528868923096,-0.009881456631691266,0.112,0.0,62.0,-0.0015809429603614207,0.015039091386519477,22.504985014216462,0.0,19.0136,4,82.0,216.0,5.41274,8.49845,10.545,12.881,14.9203,16.2216,17.0179,17.7848,18.378,19.0136,19.6963,20.4315,21.561,23.0196,26.379,37.3552,123.534,63.2608,10.4382,20.434024,0.35027286745600006,0.0,0.0,,brake,0.20215510135112824,0.0,0.5132906249999998,2,1.724,0.0
135,2761.49,80.1777,-12.7256,-0.274026,0.0804173,RACE,0.2332379342364937,0.0850577414717358,0.0850577414717358,0.08444011324328593,0.08444011324328593,-0.004640441471735798,-0.004022813243285933,0.112,0.0,62.0,-0.004873326302056379,0.014851083358421188,23.333033182806282,0.0,16.991,0,82.0,216.0,5.27239,8.07662,9.89118,11.9143,13.6395,14.7207,15.3751,16.0,16.48,16.991,17.536,18.1187,19.0051,20.1345,22.6726,30.3955,71.2401,93.8595,11.0387,20.414216,0.3646848769849108,0.0,0.0,,brake,0.22255074670131475,0.0,0.505553125,2,1.744,0.0
136,2761.94,79.2682,-13.2787,-0.295724,0.091315,RACE,0.23606964522495533,0.08949235488559977,0.08949235488559977,0.08949235488559977,0.08949235488559977,0.0018226451144002231,0.0018226451144002231,0.09,0.0,62.0,-0.008165709643754663,0.01466307533032271,24.161081351396938,0.0,15.59,0,82.0,216.0,5.14844,7.7402,9.3882,11.1951,12.7106,13.6488,14.2123,14.7474,15.1564,15.59,16.0503,16.54,17.2803,18.2153,20.2837,26.311,52.7215,149.422,11.6014,20.341456,0.37909552895193593,0.0,0.0,,brake,0.23035106322352938,0.0,0.4771312499999998,2,1.764,0.0
137,2762.37,77.9444,-13.4632,-0.312283,0.103189,RACE,0.23877550239170486,0.09392810924696206,0.09392810924696206,0.09392810924696206,0.09392810924696206,0.009260890753037945,0.009260890753037945,0.09,0.0,62.0,-0.011311764836929918,0.014483423214584342,24.952327379160565,0.0,14.595,0,82.0,216.0,5.0374,7.46949,8.99735,10.6531,12.0259,12.8686,13.3721,13.8485,14.2114,14.595,15.001,15.4315,16.0796,16.8935,18.6757,23.7292,43.6777,145.307,12.1054,20.235552,0.39337656848008207,0.0,0.0,,brake,0.2270822402224702,0.0,0.43576250000000005,2,1.784,0.0
138,2762.81,76.4796,-13.4516,-0.325645,0.115814,RACE,0.23859486368958013,0.09721892285316253,0.09721892285316253,0.09721892285316253,0.09721892285316253,0.018595077146837474,0.018595077146837474,0.09,0.0,62.0,-0.009705096925906861,0.012014651045324586,24.895607860846276,0.0,13.8188,0,60.0,216.0,4.93318,7.23617,8.66995,10.21,11.476,12.2483,12.708,13.1416,13.4712,13.8188,14.186,14.5743,15.1572,15.8861,17.4705,21.8781,38.1298,141.414,12.5732,20.118368,0.4074668097765339,0.0,0.0,,brake,0.21642467848434727,0.0,0.38998750000000015,2,1.804,0.0
139,2763.23,74.9736,-13.2971,-0.337213,0.129059,RACE,0.23838482856664986,0.10043932562386175,0.10043932562386175,0.10043932562386175,0.10043932562386175,0.028619674376138257,0.028619674376138257,0.09,0.0,62.0,-0.008109925827060695,0.009628961130622825,24.830419702291326,0.0,13.1618,0,60.0,216.0,4.83193,7.02298,8.37716,9.82121,11.0001,11.7154,12.14,12.5396,12.8427,13.1618,13.4983,13.8536,14.3854,15.0484,16.4811,20.4076,34.1743,137.471,13.0277,19.997888,0.4213350240681197,0.0,0.0,,brake,0.20022225054550363,0.0,0.34292500000000015,2,1.824,0.0
140,2763.64,73.4805,-13.0227,-0.347937,0.142917,RACE,0.23817979427997993,0.10359836821478306,0.10359836821478306,0.10359836821478306,0.10359836821478306,0.039318631785216926,0.039318631785216926,0.112,0.0,62.0,-0.006552734992473595,0.007300073356748526,24.766783642749623,0.0,12.5687,0,60.0,216.0,4.73093,6.8191,8.10157,9.46041,10.5629,11.229,11.6231,11.9934,12.2739,12.5687,12.8791,13.2062,13.6949,14.3024,15.6088,19.1441,31.0414,133.1,13.4892,19.87844,0.4349609394492287,0.0,0.0,,brake,0.17929094049135624,0.0,0.2962656250000002,2,1.844,0.0
141,2764.04,72.0477,-12.6415,-0.358518,0.157443,RACE,0.23797976082957012,0.10669344630386053,0.10669344630386053,0.10497209552312692,0.10497209552312692,0.05074955369613947,0.05247090447687308,0.112,0.0,62.0,-0.005033524422143831,0.005027987723699107,24.704699682221094,0.0,12.0061,0,60.0,216.0,4.6281,6.61724,7.83174,9.11085,10.1426,10.7634,11.1298,11.4735,11.7333,12.0061,12.2928,12.5946,13.0446,13.6025,14.7967,17.9917,28.3637,127.461,13.9777,19.763816,0.44833212725000005,0.0,0.0,,brake,0.15323009589483083,0.0,0.26,2,1.864,0.0
142,2764.44,70.7195,-12.1711,-0.369534,0.172738,RACE,0.2377797273791603,0.10972152798567139,0.10972152798567139,0.10797094570897081,0.10797094570897081,0.06301647201432861,0.06476705429102919,0.112,0.0,62.0,-0.003514313851814067,0.0027559020906496885,24.642615721692565,0.0,11.4522,0,60.0,216.0,4.5217,6.41195,7.55953,8.76093,9.72452,10.3018,10.6418,10.96,11.2003,11.4522,11.7166,11.9945,12.408,12.9194,14.0094,16.8935,25.9474,109.102,14.5148,19.65756,0.46144405497409136,0.0,0.0,,brake,0.12327511740887896,0.0,0.26,2,1.884,0.0
143,2764.82,69.5053,-11.6518,-0.381401,0.188937,RACE,0.237589695601271,0.11268672601442432,0.11268672601442432,0.11090712101060929,0.11090712101060929,0.07625027398557567,0.0780298789893907,0.10400000000000001,0.0,62.0,-0.002071063810000705,0.0005974207392526101,24.58363595919046,0.0,10.8949,0,60.0,216.0,4.41036,6.19969,7.27987,8.40378,9.29993,9.8346,10.1487,10.4421,10.6633,10.8949,11.1377,11.3924,11.7708,12.2376,13.228,15.8204,23.6994,81.4848,15.1227,19.560424,0.4742934119341755,0.0,0.0,,brake,0.08985071856804289,0.0,0.26,2,1.904,0.0
144,2765.2,68.381,-11.1407,-0.394198,0.206127,RACE,0.2373996638233819,0.11558734996972066,0.11558734996972066,0.11377912624911114,0.11377912624911114,0.09053965003027935,0.09234787375088886,0.10400000000000001,0.0,62.0,-0.000627813768189071,-0.0015610606121418819,24.524656196688426,0.0,10.3351,0,60.0,216.0,4.29375,5.98028,6.99274,8.03959,8.86932,9.36223,9.65102,9.92036,10.1231,10.3351,10.5569,10.7894,11.134,11.5581,12.4539,14.7734,21.6068,63.4648,15.8161,19.470480000000002,0.48689133525524797,0.0,0.0,,brake,0.054188926626757915,0.0,0.26,2,1.924,0.0
145,2765.57,67.3195,-10.657,-0.407606,0.224343,RACE,0.23721470477655862,0.11842580099451873,0.11842580099451873,0.11658968118248245,0.11658968118248245,0.10591719900548126,0.10775331881751754,0.10400000000000001,0.0,62.0,0.0,-0.0025,24.46900983409148,0.0,9.78344,0,60.0,216.0,4.17252,5.7566,6.70255,7.67456,8.44044,8.89349,9.15826,9.40475,9.58999,9.78344,9.98564,10.1972,10.5102,10.8944,11.7025,13.7736,19.6995,51.0833,16.5959,19.38556,0.49923666693023844,0.0,0.0,,brake,0.01720763095627078,0.0,0.12,2,1.944,0.0
146,2765.94,66.4458,-10.1275,-0.421314,0.243624,JOIN_RACELINE,0.23702980378645966,0.1212013590908065,0.1212013590908065,0.11933579452578714,0.11933579452578714,0.12242264090919351,0.12428820547421286,0.10400000000000001,0.0,62.0,0.0,-0.0025,24.414801913299417,0.0,9.24755,0,60.0,216.0,4.04717,5.53086,6.41265,7.3133,8.01891,8.43462,8.67698,8.90223,9.07126,9.24755,9.43157,9.6238,9.90778,10.2555,10.984,12.833,17.9839,42.2173,17.462,19.315664,0.5113358032660588,0.0,0.0,,brake,-0.021951496142494177,0.0,0.12,2,1.964,0.0
147,2766.29,65.8181,-9.57487,-0.435347,0.264144,JOIN_RACELINE,0.23685489744447413,0.12392658504981965,0.12392658504981965,0.12202868797326488,0.12202868797326488,0.14021741495018034,0.1421153120267351,0.10400000000000001,0.0,70.0,0.0,-0.0025,24.363524150388002,0.0,8.72436,0,60.0,216.0,3.91681,5.30194,6.12164,6.95406,7.60264,7.98325,8.20464,8.41007,8.564,8.72436,8.89152,9.06592,9.32312,9.63734,10.2932,11.9426,16.426,35.532,18.4307,19.265448,0.5232192413175037,0.0,0.0,,brake,-0.06314118867843388,0.0,0.12,2,1.984,0.0
148,2766.68,65.2102,-8.98112,-0.450011,0.288146,JOIN_RACELINE,0.23666000180626173,0.126864812593541,0.126864812593541,0.12493122095299866,0.12493122095299866,0.16128118740645903,0.16321477904700135,0.10400000000000001,0.0,70.0,0.0,-0.0025,24.306386071715284,0.0,8.1827,0,60.0,216.0,3.76928,5.05268,5.80932,6.57335,7.16544,7.51157,7.71245,7.89853,8.03779,8.1827,8.33356,8.49074,8.72218,9.00432,9.59102,11.0537,14.9387,30.1321,19.5687,19.216816,0.5360654697353404,0.0,0.0,,brake,-0.10776199825330815,0.0,0.12,2,2.006,0.0
149,2767.06,64.6453,-8.34045,-0.462451,0.313579,JOIN_RACELINE,0.23647010349210593,0.12974394900816327,0.12974394900816327,0.12777522883639392,0.12777522883639392,0.18383505099183672,0.18580377116360608,0.10400000000000001,0.0,55.0,0.0,-0.0025,24.25071307198286,0.0,7.69283,0,42.0,55.0,3.6192,4.81221,5.51371,6.21886,6.76295,7.08006,7.26375,7.4337,7.56076,7.69283,7.83019,7.97318,8.18342,8.4393,8.96984,10.2835,13.7108,26.3065,20.6953,19.171624,0.5486713859913338,0.0,0.0,,brake,-0.1545571961916658,0.0,0.2389156250000002,2,2.028,0.0
150,2767.43,63.8948,-7.62687,-0.471307,0.340233,JOIN_RACELINE,0.23628520250200696,0.1325605703932049,0.1325605703932049,0.13056155376392528,0.13056155376392528,0.2076724296067951,0.20967144623607473,0.10400000000000001,0.0,55.0,0.0,-0.0025,24.196505151190795,0.0,7.26533,0,42.0,55.0,3.46852,4.58562,5.24145,5.89868,6.4043,6.69837,6.86851,7.02579,7.14328,7.26533,7.3922,7.52415,7.71802,7.95368,8.44136,9.64333,12.7425,23.6916,21.69,19.111584,0.5610211203760126,0.0,0.0,,brake,-0.20311376210624651,0.0,0.2154624999999999,2,2.05,0.0
151,2767.8,63.0658,-6.78442,-0.475789,0.367782,JOIN_RACELINE,0.23610030151190778,0.13530625043269065,0.13530625043269065,0.1332799922153868,0.1332799922153868,0.23247574956730935,0.2345020077846132,0.10400000000000001,0.0,55.0,0.0,-0.0025,24.142297230398665,0.0,6.90135,0,42.0,55.0,3.3189,4.37526,4.99501,5.61513,6.09152,6.36831,6.52836,6.67623,6.78666,6.90135,7.02051,7.14442,7.32638,7.54744,8.00447,9.12839,12.0097,22.0013,22.4457,19.045264,0.5730897279650158,0.0,0.0,,brake,-0.25385413080601144,0.0,0.1895562500000001,2,2.072,0.0
152,2768.15,62.3339,-5.82838,-0.475586,0.39605,JOIN_RACELINE,0.23592539516992228,0.1379890987159709,0.1379890987159709,0.13593528065141078,0.13593528065141078,0.25806090128402914,0.2601147193485892,0.10400000000000001,0.0,55.0,0.0,-0.0025,24.09101946748725,0.0,6.59537,0,42.0,55.0,3.17071,4.18044,4.77285,5.36566,5.8211,6.08572,6.23874,6.38014,6.48572,6.59537,6.70931,6.82778,7.00177,7.21315,7.65019,8.72504,11.4813,21.047,22.8951,18.986712,0.5848861437738716,0.0,0.0,,brake,-0.306237783970872,0.0,0.166684375,2,2.094,0.0
153,2768.5,61.7002,-4.77112,-0.469878,0.424858,JOIN_RACELINE,0.23575043786586378,0.14060894095003462,0.14060894095003462,0.13852703667273025,0.13852703667273025,0.2842490590499654,0.28633096332726976,0.10400000000000001,0.0,55.0,0.0,-0.0025,24.040857334002318,0.0,6.35125,0,42.0,55.0,3.02504,4.00297,4.57724,5.153,5.59616,5.85399,6.00319,6.14113,6.24418,6.35125,6.46256,6.57834,6.74846,6.95531,7.38348,8.43956,11.1676,20.8648,22.9586,18.936016000000002,0.5964329360077544,0.0,0.0,,brake,-0.3593329701668412,0.0,0.14688125000000007,2,2.116,0.0
154,2768.85,61.1515,-3.75514,-0.458436,0.453914,JOIN_RACELINE,0.23557540859675527,0.14317740913792043,0.14317740913792043,0.14106687834088846,0.14106687834088846,0.31073659086207955,0.31284712165911155,0.10400000000000001,0.0,55.0,0.0,-0.0025,23.99227061381501,0.0,6.16982,0,42.0,55.0,2.88317,3.84358,4.40876,4.97769,5.41729,5.67374,5.82238,5.95996,6.06284,6.16982,6.28113,6.39703,6.56751,6.77511,7.20593,8.275,11.0799,21.5872,22.6348,18.89212,0.6077789869569387,0.0,0.0,,brake,-0.40968766914260674,0.0,0.12973437499999996,2,2.138,0.0
155,2769.2,60.6652,-3.05828,-0.442673,0.482695,JOIN_RACELINE,0.2354003793276468,0.14570605723793978,0.14570605723793978,0.1435665405985011,0.1435665405985011,0.3369889427620602,0.3391284594014989,0.10400000000000001,0.0,55.0,0.0,-0.0025,23.943683893627703,0.0,6.03825,0,42.0,55.0,2.74624,3.69923,4.2621,4.83204,5.2749,5.53429,5.68498,5.8247,5.92933,6.03825,6.15173,6.27004,6.44438,6.65714,7.10037,8.21012,11.191,23.3373,22.0603,18.853216,0.6189727519976298,0.0,0.0,,brake,-0.4507269797064954,0.0,0.12,2,2.16,0.0
156,2769.54,60.2021,-2.649,-0.42436,0.510643,JOIN_RACELINE,0.2352303508947984,0.14820707697142355,0.14820707697142355,0.14603882358543013,0.14603882358543013,0.3624359230285764,0.3646041764145698,0.10400000000000001,0.0,55.0,0.0,-0.0025,23.896485365445713,0.0,5.94259,0,42.0,55.0,2.6154,3.56676,4.13162,4.70782,5.15869,5.42409,5.57874,5.72242,5.8302,5.94259,6.05986,6.18234,6.3632,6.58455,7.0479,8.2215,11.4728,26.4191,21.3823,18.816168,0.6300523262288712,0.0,0.0,,brake,-0.48084578015630397,0.0,0.12,2,2.182,0.0
157,2769.88,59.7326,-2.3848,-0.404515,0.537419,JOIN_RACELINE,0.23506032246195005,0.15068628140634452,0.15068628140634452,0.1484900033902883,0.1484900033902883,0.38673271859365543,0.3889289966097117,0.10400000000000001,0.0,55.0,0.0,-0.0025,23.849286837263726,0.0,5.87668,0,42.0,55.0,2.49145,3.44478,4.01473,4.60121,5.06393,5.33792,5.49813,5.64733,5.75951,5.87668,5.99919,6.1274,6.31721,6.5503,7.04107,8.30172,11.932,31.7541,20.6786,18.778608,0.6410551221256581,0.0,0.0,,brake,-0.502502498714164,0.0,0.12,2,2.204,0.0
158,2770.22,59.2533,-2.19554,-0.383709,0.562825,JOIN_RACELINE,0.23489029402910191,0.15314179304958286,0.15314179304958286,0.15091830393897732,0.15091830393897732,0.40968320695041716,0.4119066960610227,0.10400000000000001,0.0,55.0,0.0,-0.0025,23.8020883090818,0.0,5.83893,0,42.0,55.0,2.37491,3.33284,3.91051,4.51087,4.98905,5.27411,5.44147,5.59779,5.7156,5.83893,5.96816,6.10372,6.30501,6.5532,7.07938,8.45389,12.6068,41.977,19.9863,18.740264,0.6519729799262354,0.0,0.0,,brake,-0.5182675333283567,0.0,0.12,2,2.226,0.0
159,2770.56,58.7668,-2.04934,-0.362269,0.586757,JOIN_RACELINE,0.23472026559625356,0.15557102651812327,0.15557102651812327,0.15332112577457344,0.15332112577457344,0.4311859734818767,0.4334358742254265,0.10400000000000001,0.0,55.0,0.0,-0.0025,23.754889780899813,0.0,5.83023,0,42.0,55.0,2.26606,3.23085,3.81876,4.43666,4.9341,5.23294,5.4092,5.57439,5.69922,5.83023,5.96787,6.11264,6.32838,6.59561,7.16678,8.68904,13.5725,67.4092,19.3217,18.701344,0.662794700350464,0.0,0.0,,brake,-0.5299295801872903,0.0,0.18,2,2.248,0.0
160,2770.9,58.1472,-1.89698,-0.340517,0.609151,JOIN_RACELINE,0.23455023716340517,0.1579751518219072,0.1579751518219072,0.1557023715375785,0.1557023715375785,0.4511758481780928,0.4534486284624215,0.10400000000000001,0.0,55.0,0.0,-0.0025,23.707691252717826,0.0,5.85149,0,42.0,55.0,2.16498,3.13858,3.73911,4.37822,4.89894,5.2145,5.4016,5.57761,5.71105,5.85149,5.99948,6.15563,6.38926,6.68023,7.30807,9.02183,14.9519,121.039,18.6958,18.651775999999998,0.6735250626180741,0.0,0.0,,brake,-0.5396704854232854,0.0,0.17157333333333327,2,2.27,0.0
161,2771.24,57.4805,-1.77365,-0.318657,0.629963,JOIN_RACELINE,0.23438020873055704,0.1603406410386958,0.1603406410386958,0.15804691415848982,0.15804691415848982,0.4696223589613042,0.47191608584151024,0.10400000000000001,0.0,55.0,0.0,-0.0025,23.6604927245359,0.0,5.90563,0,42.0,55.0,2.07178,3.05613,3.6718,4.33613,4.88467,5.22036,5.42057,5.60972,5.75365,5.90563,6.06632,6.23651,6.49231,6.81292,7.51241,9.47733,16.9741,129.33,18.1116,18.59844,0.6841061502883745,0.0,0.0,,brake,-0.547578523042896,0.0,0.14934999999999998,2,2.292,0.0
162,2771.57,56.8626,-1.69549,-0.296429,0.649162,JOIN_RACELINE,0.23421518490767987,0.16267531674162466,0.16267531674162466,0.16036039620399278,0.16036039620399278,0.48648668325837535,0.48880160379600723,0.10400000000000001,0.0,55.0,0.0,-0.0025,23.616268129515625,0.0,6.00531,0,42.0,55.0,1.98704,2.98555,3.62012,4.31553,4.89849,5.25923,5.47586,5.68153,5.83872,6.00531,6.18219,6.3703,6.65461,7.01364,7.80748,10.1179,20.1912,134.902,17.5549,18.549008,0.694556196685368,0.0,0.0,,brake,-0.5529509506380605,0.0,0.12875333333333336,2,2.314,0.0
163,2771.91,56.3092,-1.64661,-0.273721,0.666719,JOIN_RACELINE,0.2340451621621622,0.16497217074010626,0.16497217074010626,0.16263540747723657,0.16263540747723657,0.5017468292598937,0.5040835925227634,0.10400000000000001,0.0,55.0,0.0,-0.0025,23.57145945945947,0.0,6.16468,0,42.0,55.0,1.91118,2.92847,3.58691,4.32122,4.94752,5.34013,5.57778,5.80473,5.97907,6.16468,6.36268,6.57433,6.89638,7.30679,8.22928,11.0381,25.9415,139.369,17.0198,18.504736,0.7048744382051243,0.0,0.0,,brake,-0.5556615398462307,0.0,0.12,2,2.336,0.0
164,2772.24,55.7969,-1.61301,-0.250661,0.682621,JOIN_RACELINE,0.23388014008563027,0.16723809056018282,0.16723809056018282,0.1648793135644749,0.1648793135644749,0.5153829094398172,0.5177416864355251,0.10400000000000001,0.0,55.0,0.0,-0.0025,23.52796869146376,0.0,6.39763,4,42.0,55.0,1.84436,2.88566,3.57378,4.35654,5.0375,5.47084,5.73561,5.99024,6.187,6.39763,6.62363,6.86672,7.23962,7.72018,8.82278,12.3846,38.5082,104.041,16.5087,18.463752,0.7150601254074074,0.0,0.0,,brake,-0.5560192021966974,0.0,0.12,2,2.358,0.0
165,2772.57,55.2965,-1.58745,-0.227484,0.696864,JOIN_RACELINE,0.23371511800909808,0.1694680849706238,0.1694680849706238,0.16708778125815915,0.16708778125815915,0.5273959150293762,0.5297762187418409,0.10400000000000001,0.0,55.0,0.0,-0.0025,23.48447792346799,0.0,6.72062,4,42.0,55.0,1.7866,2.85751,3.58187,4.42437,5.17408,5.65958,5.95951,6.25035,6.47671,6.72062,6.98416,7.2698,7.71238,8.29072,9.65289,14.4191,84.0024,81.6267,16.0258,18.42372,0.725106482511872,0.0,0.0,,brake,-0.5544724521420941,0.0,0.12,2,2.38,0.0
166,2772.9,54.7997,-1.57353,-0.20441,0.709458,JOIN_RACELINE,0.23355009593256615,0.17166069498684158,0.17166069498684158,0.16925955017413624,0.16925955017413624,0.5377973050131585,0.5401984498258638,0.10400000000000001,0.0,55.0,0.0,-0.0025,23.44098715547228,0.0,7.15656,4,42.0,55.0,1.73785,2.84443,3.61247,4.52827,5.36452,5.91715,6.26305,6.60177,6.86773,7.15656,7.47135,7.81573,8.356,9.07458,10.8256,17.6847,123.701,67.3761,15.5731,18.383976,0.7350069672134559,0.0,0.0,,brake,-0.5512512297882219,0.0,0.12,2,2.402,0.0
167,2773.23,54.3064,-1.57532,-0.181594,0.720423,JOIN_RACELINE,0.2333850738560342,0.1738158998961875,0.1738158998961875,0.17139459238261764,0.17139459238261764,0.5466071001038125,0.5490284076173824,0.10400000000000001,0.0,55.0,0.0,-0.0025,23.397496387476565,0.0,7.74034,4,42.0,55.0,1.69815,2.84717,3.6676,4.67337,5.61925,6.25934,6.66623,7.06946,7.38943,7.74034,8.12688,8.55475,9.23673,10.1647,12.5316,23.539,130.596,57.5559,15.1505,18.344512,0.744761181334299,0.0,0.0,,accelerate,-0.5464339231946878,0.0,0.04354666666666654,2,2.424,0.0
168,2773.56,53.991,-1.62661,-0.158974,0.729774,JOIN_RACELINE,0.23322005177950225,0.17593367637764806,0.17593367637764806,0.17348869713628615,0.17348869713628615,0.5538403236223519,0.5562853028637139,0.10400000000000001,0.0,64.0,0.0,-0.0025,23.354005619480855,0.0,8.53498,4,60.0,70.0,1.6678,2.86777,3.75173,4.86969,5.95747,6.71458,7.20498,7.69817,8.0947,8.53498,9.02666,9.57921,10.4785,11.7403,15.174,36.7231,135.595,50.3478,14.7528,18.31928,0.7543687143854824,0.0,0.0,,accelerate,-0.5386731992458978,0.1,0.0,2,2.446,0.0
169,2773.89,53.9186,-1.69553,-0.136566,0.737532,JOIN_RACELINE,0.2330550297029703,0.17802070904123776,0.17802070904123776,0.17554672958846754,0.17554672958846754,0.5595112909587622,0.5619852704115325,0.10400000000000001,0.0,64.0,0.0,-0.0025,23.310514851485145,0.0,9.6395,4,60.0,70.0,1.64703,2.90816,3.86958,5.1291,6.40425,7.32229,7.9309,8.55441,9.06425,9.6395,10.2936,11.0438,12.3003,14.1418,19.6743,91.1842,139.639,44.8251,14.3774,18.313488,0.76385793720338,0.0,0.0,,accelerate,-0.5277370918806865,0.1,0.0,2,2.468,0.0
170,2774.21,53.9173,-1.76764,-0.114765,0.743754,JOIN_RACELINE,0.23289500829542406,0.18008585747017905,0.18008585747017905,0.17758151246256057,0.17758151246256057,0.563668142529821,0.5661724875374394,0.10400000000000001,0.0,64.0,0.0,-0.0025,23.268341985549878,0.0,11.1885,4,60.0,70.0,1.63541,2.96786,4.02201,5.45838,6.98097,8.12261,8.90152,9.71858,10.4015,11.1885,12.1054,13.1871,15.0748,18.0274,28.5122,122.754,92.2291,40.5237,14.029,18.313384,0.7732500367173472,0.0,0.0,,accelerate,-0.5146493633039021,0.1,0.0,2,2.49,0.0
171,2774.54,53.9229,-1.84315,-0.093807,0.748488,JOIN_RACELINE,0.2327299827730389,0.18212087205407332,0.18212087205407332,0.1795863224662433,0.1795863224662433,0.5663671279459267,0.5689016775337568,0.10400000000000001,0.0,64.0,0.0,-0.0025,23.226159558454576,0.0,13.4255,4,60.0,70.0,1.6327,3.04713,4.21124,5.8681,7.72026,9.17876,10.2104,11.3262,12.2864,13.4255,14.7987,16.4862,19.6211,25.0747,52.417,129.059,75.774,37.1118,13.708,18.313831999999998,0.7825424007156764,0.0,0.0,,accelerate,-0.5002128292488685,0.1,0.0,2,2.512,0.0
172,2774.87,53.9343,-1.91127,-0.0737127,0.751771,JOIN_RACELINE,0.2325649551764509,0.1841257473020519,0.1841257473020519,0.1815612223382775,0.1815612223382775,0.5676452526979481,0.5702097776617224,0.10400000000000001,0.0,64.0,0.0,-0.0025,23.18476467636728,0.0,16.8528,4,82.0,216.0,1.63899,3.14757,4.44243,6.37675,8.67728,10.6011,12.0267,13.633,15.0723,16.8528,19.1121,22.0727,28.1898,41.2681,116.6,133.57,64.7316,34.3417,13.411,18.314744,0.7917183644248249,0.0,0.0,,accelerate,-0.4850087694400319,0.1,0.0,2,2.534,0.0
173,2775.2,53.9503,-1.96388,-0.0543945,0.753679,JOIN_RACELINE,0.23239992757986289,0.18610060627194908,0.18610060627194908,0.18350635921523678,0.18350635921523678,0.567578393728051,0.5701726407847632,0.10400000000000001,0.0,64.0,0.0,-0.0025,23.143369794279984,0.0,22.6533,4,105.0,216.0,1.65426,3.27127,4.72271,7.01164,9.94124,12.584,14.6679,17.1567,19.5248,22.6533,26.9781,33.3471,49.8187,109.979,124.449,137.122,56.7812,32.0387,13.1339,18.316024,0.8007782024830672,0.0,0.0,,accelerate,-0.469446674150009,0.1,0.0,2,2.556,0.0
174,2775.53,53.9707,-1.9926,-0.0357216,0.754286,JOIN_RACELINE,0.23223489998327465,0.1880398751106482,0.1880398751106482,0.18541623912594737,0.18541623912594737,0.5662461248893518,0.5688697608740526,0.10400000000000001,0.0,64.0,0.0,-0.0025,23.101974912192635,0.0,34.4003,4,128.0,216.0,1.67858,3.42098,5.06184,7.81339,11.663,15.4983,18.8012,23.1153,27.6496,34.4003,45.5166,67.2549,114.489,121.432,129.452,101.587,50.7472,30.0811,12.8726,18.317656,0.8096976665030892,0.0,0.0,,accelerate,-0.45384858997476896,0.1,0.0,2,2.578,0.0
175,2775.86,53.9949,-1.99951,-0.0175737,0.75366,JOIN_RACELINE,0.23206987238668664,0.1899450065960921,0.1899450065960921,0.18729230761237153,0.18729230761237153,0.5637149934039078,0.5663676923876284,0.10400000000000001,0.0,64.0,0.0,-0.0025,23.06058003010534,0.0,70.0915,0.5,216.0,216.0,1.71206,3.60006,5.47255,8.84254,14.1127,20.136,26.0805,35.1712,46.8368,70.0915,111.896,117.63,122.636,126.974,133.303,83.9807,45.9818,28.3853,12.624,18.319592,0.8184827170840557,0.0,0.0,,accelerate,-0.43829326393981505,0.1,0.0,2,2.6,0.0
176,2776.19,54.0235,-1.98623,7.93298e-05,0.751856,JOIN_RACELINE,0.2319048447900986,0.19181427560551104,0.19181427560551104,0.18913284591232196,0.18913284591232196,0.560041724394489,0.562723154087678,0.10400000000000001,0.0,64.0,0.0,-0.0025,23.019185148018046,0.0,117.435,0,216.0,216.0,1.75478,3.81181,5.96974,10.1873,17.8066,28.4958,41.9345,71.4165,111.86,117.435,121.132,124.122,127.647,131.083,136.449,71.8281,42.1141,26.8984,12.3865,18.32188,0.827125628379689,0.0,0.0,,accelerate,-0.42279437895732713,0.1,0.0,2,2.622,0.0
177,2776.52,54.0555,-1.96101,0.017213,0.748936,JOIN_RACELINE,0.23173981719351058,0.19364422868709708,0.19364422868709708,0.1909344731305941,0.1909344731305941,0.555291771312903,0.558001526869406,0.10400000000000001,0.0,64.0,0.0,-0.0025,22.97779026593075,0.0,123.713,0,216.0,216.0,1.80666,4.0593,6.57082,11.982,23.8763,47.5197,100.773,117.01,120.718,123.713,126.294,128.592,131.466,134.381,100.61,62.9406,38.9142,25.5846,12.1594,18.32444,0.8356111945092592,0.0,0.0,,accelerate,-0.4072408186849953,0.1,0.0,2,2.644,0.0
178,2776.85,54.0908,-1.9248,0.0337827,0.744929,JOIN_RACELINE,0.23157478959692257,0.19543333314077263,0.19543333314077263,0.19269567947832972,0.19269567947832972,0.5494956668592273,0.5522333205216703,0.10400000000000001,0.0,64.0,0.0,-0.0025,22.936395383843454,0.0,128.057,0,216.0,216.0,1.86778,4.34614,7.29798,14.4475,35.4046,110.36,118.718,123.139,125.743,128.057,130.156,132.086,134.558,137.197,84.3689,56.1704,36.2272,24.417,11.942,18.327264,0.8439324605173879,0.0,0.0,,accelerate,-0.39160100383474017,0.1,0.0,2,2.666,0.0
179,2777.18,54.1283,-1.88329,0.0497643,0.739893,JOIN_RACELINE,0.23140976200033456,0.1971840782733347,0.1971840782733347,0.1944189242234369,0.1944189242234369,0.5427089217266653,0.5454740757765631,0.10400000000000001,0.0,64.0,0.0,-0.0025,22.89500050175616,0.0,131.454,0,216.0,216.0,1.93804,4.67597,8.17957,17.9766,64.8723,119.284,124.019,127.382,129.505,131.454,133.261,134.947,137.253,93.2803,72.9256,50.8469,33.9411,23.3732,11.7338,18.330264,0.8520998319923705,0.0,0.0,,accelerate,-0.3758048611596587,0.1,0.0,2,2.688,0.0
180,2777.51,54.1682,-1.83466,0.0651357,0.733878,JOIN_RACELINE,0.23124473440374632,0.1988909050087184,0.1988909050087184,0.19609873608873646,0.19609873608873646,0.5349870949912816,0.5377792639112635,0.10400000000000001,0.0,64.0,0.0,-0.0025,22.854728549924708,0.0,134.236,0,216.0,216.0,2.01735,5.05292,9.25294,23.3412,114.017,124.159,127.877,130.697,132.528,134.236,135.867,105.09,91.5803,79.8623,64.4374,46.5558,31.9741,22.4351,11.5341,18.333455999999998,0.8600889397593855,0.0,0.0,,accelerate,-0.3598847410781303,0.1,0.0,2,2.71,0.0
181,2777.84,54.2101,-1.78094,0.079879,0.72692,JOIN_RACELINE,0.2310797068071583,0.2005556992131355,0.2005556992131355,0.19773699344311454,0.19773699344311454,0.5263643007868645,0.5291830065568854,0.10400000000000001,0.0,64.0,0.0,-0.0025,22.8153206221776,0.0,136.694,0,216.0,216.0,2.1057,5.4817,10.5683,32.2933,120.266,127.78,130.939,133.407,135.042,136.694,97.5775,88.8529,78.9769,70.0868,57.8983,43.0266,30.2651,21.5877,11.3423,18.336807999999998,0.8679075629675568,0.0,0.0,,accelerate,-0.34383481008003214,0.1,0.0,2,2.732,0.0
182,2778.17,54.2535,-1.72303,0.093991,0.719077,JOIN_RACELINE,0.2309146792105703,0.2021758687089269,0.2021758687089269,0.1993311548438637,0.1993311548438637,0.5169011312910731,0.5197458451561363,0.10400000000000001,0.0,64.0,0.0,-0.0025,22.7759126944305,0.0,91.5838,-1,216.0,216.0,2.20289,5.96714,12.1936,49.8468,124.392,130.677,133.463,135.744,100.931,91.5838,83.8271,77.2872,69.685,62.6532,52.7091,40.0747,28.7668,20.8186,11.1578,18.34028,0.8755441104500306,0.0,0.0,,accelerate,-0.32766704413573877,0.1,0.0,2,2.754,0.0
183,2778.5,54.2984,-1.66151,0.107472,0.710392,JOIN_RACELINE,0.23074965161398228,0.20375104647049913,0.20375104647049913,0.20088085933253688,0.20088085933253688,0.5066409535295009,0.5095111406674632,0.10400000000000001,0.0,64.0,0.0,-0.0025,22.736504766683392,0.0,79.7275,-1.7,216.0,216.0,2.30882,6.51482,14.2256,98.4986,127.566,133.073,135.677,95.1307,86.7474,79.7275,73.7639,68.6352,62.5542,56.8122,48.4921,37.5693,27.4424,20.117,10.9799,18.343872,0.8829966009849108,0.0,0.0,,accelerate,-0.3113955977301424,0.1,0.0,2,2.776,0.0
184,2778.83,54.345,-1.5942,0.120305,0.700916,JOIN_RACELINE,0.23058462401739427,0.20527880951379313,0.20527880951379313,0.20238371340233557,0.20238371340233557,0.49563719048620686,0.4985322865976644,0.10400000000000001,0.0,64.0,0.0,-0.0025,22.69709683893629,0.0,70.8625,0,216.0,216.0,2.42318,7.12993,16.7994,114.926,130.136,135.162,93.9624,82.8335,76.3789,70.8625,66.094,61.9312,56.9194,52.1098,45.0037,35.4197,26.2648,19.475,10.8083,18.3476,0.890254131429376,0.0,0.0,,accelerate,-0.295101357530976,0.1,0.0,2,2.798,0.0
185,2779.16,54.3925,-1.52599,0.132497,0.690677,JOIN_RACELINE,0.23041959642080626,0.20675984026517227,0.20675984026517227,0.20384041370505365,0.20384041370505365,0.48391715973482774,0.4868365862949463,0.10400000000000001,0.0,64.0,0.0,-0.0025,22.657688911189183,0.0,63.9879,-4,216.0,216.0,2.54589,7.81896,20.1206,119.517,132.273,95.2535,82.3558,73.6423,68.4739,63.9879,60.0578,56.5866,52.3568,48.2443,42.0708,33.5551,25.2105,18.8849,10.6422,18.351399999999998,0.897319244546985,0.0,0.0,,accelerate,-0.2787347663940856,0.1,0.0,2,2.82,0.0
186,2779.49,54.4409,-1.45619,0.144058,0.679749,JOIN_RACELINE,0.23025456882421824,0.208194190142826,0.208194190142826,0.20525101251816663,0.20525101251816663,0.471554809857174,0.4744979874818334,0.10400000000000001,0.0,78.0,0.0,-0.0025,22.61828098344208,0.0,58.5031,-4,216.0,216.0,2.67648,8.58785,24.5087,122.812,134.123,83.7724,73.5835,66.5156,62.2502,58.5031,55.1853,52.2275,48.5879,45.0113,39.571,31.9225,24.2611,18.3405,10.4815,18.355272,0.904191749921816,0.0,0.0,,accelerate,-0.2623199060627223,0.1,0.0,2,2.842,0.0
187,2779.81,54.4905,-1.38198,0.154975,0.668155,JOIN_RACELINE,0.23009454206389035,0.20958313299518483,0.20958313299518483,0.20661682299738124,0.20661682299738124,0.4585718670048152,0.4615381770026188,0.10400000000000001,0.0,78.0,0.0,-0.0025,22.580067235323646,0.0,54.0361,-4,216.0,216.0,2.8147,9.44241,30.4793,125.398,98.0588,75.0666,66.7386,60.8421,57.2353,54.0361,51.1793,48.613,45.4295,42.2735,37.4194,30.4838,23.4027,17.8369,10.3256,18.35924,0.9108569726542115,0.0,0.0,,accelerate,-0.24593665392825634,0.1,0.0,2,2.864,0.0
188,2780.14,54.5406,-1.3081,0.16525,0.655945,JOIN_RACELINE,0.22992951446730234,0.2109177276855937,0.2109177276855937,0.20792038400047838,0.20792038400047838,0.4450272723144063,0.4480246159995216,0.10400000000000001,0.0,78.0,0.0,-0.0025,22.540659307576544,0.0,50.3331,-4,216.0,216.0,2.96009,10.3883,38.9415,127.506,86.8884,68.249,61.2569,56.2258,53.1146,50.3331,47.8321,45.5711,42.7478,39.9279,35.55,29.2073,22.6233,17.37,10.1743,18.363248,0.9173150607860066,0.0,0.0,,accelerate,-0.2295594929110094,0.1,0.0,2,2.886,0.0
189,2780.47,54.5914,-1.23345,0.174891,0.643164,JOIN_RACELINE,0.22976454201230948,0.21220085145239087,0.21220085145239087,0.20917023609520333,0.20917023609520333,0.4309631485476091,0.4339937639047966,0.10400000000000001,0.0,78.0,0.0,-0.0025,22.394698287396544,0.0,47.2171,-4,216.0,216.0,3.11222,11.4311,51.6536,129.258,78.3316,62.7729,56.774,52.4007,49.6721,47.2171,44.9964,42.9785,40.4445,37.8977,33.9119,28.0677,21.9124,16.9355,10.0271,18.367312,0.9235581891551825,0.0,0.0,,accelerate,-0.21321286051205507,0.1,0.0,2,2.908,0.0
190,2780.8,54.643,-1.15477,0.183881,0.629849,JOIN_RACELINE,0.2295996303184372,0.21343510541517846,0.21343510541517846,0.21037166426357326,0.21037166426357326,0.41641389458482153,0.41947733573642676,0.10400000000000001,0.0,78.0,0.0,-0.0025,22.13132526090439,0.0,44.5687,-4,128.0,216.0,3.2705,12.5735,72.4223,130.724,71.597,58.2967,53.0549,49.1923,46.7647,44.5687,42.5727,40.7509,38.452,36.1294,32.4694,27.047,21.2631,16.5311,9.88413,18.37144,0.9295971960428847,0.0,0.0,,accelerate,-0.19699373949727303,0.24,0.0,2,2.93,0.0
191,2781.12,54.733,-1.0863,0.191806,0.616058,JOIN_RACELINE,0.22943971594862198,0.2146208108294348,0.2146208108294348,0.2115241927546587,0.2115241927546587,0.4014371891705652,0.40453380724534127,0.10400000000000001,0.0,78.0,0.0,-0.0025,21.875933235215555,0.0,42.3869,-4,128.0,216.0,3.43208,13.776,104.593,131.895,66.4007,54.7332,50.0559,46.5802,44.3831,42.3869,40.5656,38.8971,36.7838,34.6393,31.2409,26.1629,20.6887,16.1656,9.74778,18.37864,0.9354129102588441,0.0,0.0,,accelerate,-0.1807563687322117,0.24,0.0,2,2.952,0.0
192,2781.45,54.9169,-1.03186,0.198689,0.60181,JOIN_RACELINE,0.22927480425474991,0.2157517776783866,0.2157517776783866,0.21261903912748886,0.21261903912748886,0.38605822232161335,0.3891909608725111,0.10400000000000001,0.0,78.0,0.0,-0.0025,21.612560208723764,0.0,40.576,-4,128.0,216.0,3.59622,15.0223,110.135,132.892,62.318,51.8604,47.6121,44.4342,42.4159,40.576,38.8918,37.3447,35.3788,33.377,30.1901,25.3946,20.1794,15.8346,9.6174,18.393352,0.9410185067164154,0.0,0.0,,accelerate,-0.164231486980146,0.24,0.0,2,2.974,0.0
193,2781.78,55.1014,-0.965274,0.204891,0.58717,JOIN_RACELINE,0.22910989256087763,0.21683257001433634,0.21683257001433634,0.21366415890504942,0.21366415890504942,0.37033742998566366,0.37350584109495055,0.10400000000000001,0.0,78.0,0.0,-0.0025,21.349187182231613,0.0,39.0043,-4,128.0,216.0,3.76362,16.3326,113.027,96.0475,58.9289,49.426,45.5231,42.5874,40.7156,39.0043,37.4338,35.9874,34.1449,32.2629,29.2552,24.7019,19.7126,15.526,9.49054,18.408112,0.946413176205744,0.0,0.0,,brake,-0.1479739016338192,0.0,0.12,2,2.996,0.0
194,2782.11,54.7948,-0.869826,0.210746,0.572235,JOIN_RACELINE,0.22894498086700557,0.21785761971789092,0.21785761971789092,0.21467061104779445,0.21467061104779445,0.35437738028210913,0.3575643889522056,0.10400000000000001,0.0,78.0,0.0,-0.0025,21.085814155739822,0.0,37.5792,-4,128.0,216.0,3.93497,17.7389,115.16,88.8701,55.9647,47.2609,43.652,40.9242,39.1789,37.5792,36.1077,34.7495,33.0153,31.2392,28.3907,24.0548,19.2709,15.2302,9.36544,18.383584,0.9515721422555821,0.0,0.0,,brake,-0.13367215711296523,0.0,0.12,2,3.018,0.0
195,2782.43,54.3688,-0.767879,0.216393,0.55715,JOIN_RACELINE,0.22878506649719035,0.21882189494137164,0.21882189494137164,0.21562161416851022,0.21562161416851022,0.3383281050586284,0.3415283858314898,0.10400000000000001,0.0,78.0,0.0,-0.0025,20.830422130050987,0.0,36.262,-4,128.0,216.0,4.10964,19.2603,116.893,82.7558,53.3067,45.2918,41.9402,39.3955,37.7624,36.262,34.8788,33.5997,31.9627,30.2822,27.5782,23.4415,18.8481,14.9443,9.24193,18.349504,0.956452008962944,0.0,0.0,,brake,-0.1205792361026761,0.0,0.12,2,3.04,0.0
196,2782.75,53.945,-0.677777,0.221601,0.541937,JOIN_RACELINE,0.2286251521273749,0.21972287983787228,0.21972287983787228,0.2165102063407778,0.2165102063407778,0.3222141201621277,0.3254267936592222,0.10400000000000001,0.0,96.0,0.0,-0.0025,20.575030104361794,0.0,35.0773,-4,128.0,216.0,4.28577,20.8609,118.287,77.6687,50.9882,43.5503,40.4169,38.0289,36.4921,35.0773,33.7705,32.5601,31.008,29.4111,26.8344,22.8745,18.4523,14.6733,9.12138,18.3156,0.9610618732349109,0.0,0.0,,brake,-0.10781453534416933,0.0,0.12,2,3.062,0.0
197,2783.07,53.523,-0.598177,0.226298,0.52662,JOIN_RACELINE,0.22846523775755945,0.22055977483943698,0.22055977483943698,0.21733003270489235,0.21733003270489235,0.30606022516056297,0.3092899672951076,0.10400000000000001,0.0,96.0,0.0,-0.0025,20.319638078672597,0.0,34.0199,-4,128.0,216.0,4.46228,22.5162,119.405,73.4399,48.9782,42.0208,39.0714,36.8163,35.3615,34.0199,32.7788,31.6274,30.1486,28.6243,26.1584,22.3542,18.0845,14.418,9.00414,18.281840000000003,0.9653976683876632,0.0,0.0,,brake,-0.0950673674909599,0.0,0.12,2,3.084,0.0
198,2783.39,53.1028,-0.526128,0.230452,0.511224,JOIN_RACELINE,0.22830529269108552,0.22133462541723012,0.22133462541723012,0.21807997719380884,0.21807997719380884,0.28988937458276987,0.2931440228061912,0.10400000000000001,0.0,96.0,0.0,-0.0025,19.992060879745964,0.0,33.0802,-4,128.0,216.0,4.63825,24.1997,120.293,69.9201,47.2408,40.6824,37.8876,35.7446,34.3595,33.0802,31.8952,30.7943,29.3784,27.9167,25.5469,21.8788,17.744,14.1783,8.89029,18.248224,0.9694679081942043,0.0,0.0,,brake,-0.08228373048587703,0.0,0.12,2,3.106,0.0
199,2783.7,52.6841,-0.45861,0.234052,0.495779,JOIN_RACELINE,0.228150266767018,0.22205160882083855,0.22205160882083855,0.21877377642105572,0.21877377642105572,0.27372739117916145,0.2770052235789443,0.10400000000000001,0.0,96.0,0.0,-0.0025,19.48861548754002,0.0,32.2476,-4,128.0,216.0,4.81279,25.8825,120.985,66.988,45.7421,39.5145,36.8489,34.8003,33.4741,32.2476,31.1101,30.0524,28.6904,27.2823,24.9955,21.4456,17.4294,13.9538,8.7799,18.214728,0.9732692293541507,0.0,0.0,,brake,-0.06953111834449412,0.0,0.12,2,3.128,0.0
200,2784.01,52.2669,-0.396463,0.237119,0.480328,JOIN_RACELINE,0.22799524084295023,0.22270739732104364,0.22270739732104364,0.21940721303385063,0.21940721303385063,0.25762060267895637,0.26092078696614934,0.10400000000000001,0.0,96.0,0.0,-0.0025,18.985170095333338,0.0,31.5093,-4,105.0,216.0,4.98516,27.5387,121.511,64.5343,44.4473,38.4939,35.9367,33.9675,32.691,31.5093,30.4123,29.3913,28.0752,26.7131,24.4977,21.0506,17.1388,13.7433,8.67288,18.181352,0.9768073167488176,0.0,0.0,,brake,-0.05683497445433482,0.0,0.12,2,3.15,0.0
201,2784.32,51.851,-0.332808,0.239656,0.464886,JOIN_RACELINE,0.22784021491888268,0.22330277286103406,0.22330277286103406,0.21998107540004638,0.21998107540004638,0.24158322713896596,0.24490492459995364,0.10400000000000001,0.0,96.0,0.0,-0.0025,18.481724703127394,0.0,30.8568,-4,105.0,216.0,5.15472,29.137,121.89,62.4886,43.3329,37.6057,35.1384,33.2357,32.0009,30.8568,29.7939,28.804,27.5269,26.2041,24.0498,20.6914,16.8707,13.5462,8.56917,18.14808,0.9800850650219568,0.0,0.0,,brake,-0.044347444211747925,0.0,0.12,2,3.172,0.0
202,2784.63,51.4363,-0.26841,0.241659,0.449502,JOIN_RACELINE,0.22768518899481516,0.2238378323066284,0.2238378323066284,0.22049547308353185,0.22049547308353185,0.2256641676933716,0.22900652691646817,0.10400000000000001,0.0,96.0,0.0,-0.0025,17.97827931092145,0.0,30.2845,-4,105.0,216.0,5.32048,30.6404,122.134,60.8,42.3827,36.839,34.4456,32.5976,31.3973,30.2845,29.25,28.286,27.0416,25.7517,23.6491,20.3663,16.6244,13.3623,8.46889,18.114904,0.9831023678336763,0.0,0.0,,brake,-0.032143856848207156,0.0,0.12,2,3.194,0.0
203,2784.93,51.0226,-0.206618,0.24316,0.434206,JOIN_RACELINE,0.22753516390700798,0.22431856744427314,0.22431856744427314,0.22095725752162412,0.22095725752162412,0.20988743255572684,0.21324874247837586,0.10400000000000001,0.0,140.69242779729035,0.0,-0.0025,17.491074092657993,0.0,29.7836,-4,105.0,216.0,5.48192,32.0246,122.26,59.4161,41.576,36.1798,33.8462,32.0429,30.8708,29.7836,28.7726,27.83,26.6128,25.3503,23.291,20.0723,16.3983,13.1907,8.37194,18.081808,0.9858633587628581,0.0,0.0,,brake,-0.020189241182964904,0.0,0.12,2,3.216,0.0
204,2785.23,50.61,-0.145365,0.24418,0.41903,JOIN_RACELINE,0.22738513881920056,0.2247410244256487,0.2247410244256487,0.22136160971535856,0.22136160971535856,0.19428897557435132,0.19766839028464145,0.10400000000000001,0.0,140.93086231811336,0.0,-0.0025,17.003868874393795,0.0,29.3478,-4,105.0,216.0,5.63851,33.2664,122.279,58.2981,40.8978,35.6173,33.3312,31.5636,30.4142,29.3478,28.3557,27.4305,26.2355,24.9956,22.9721,19.8071,16.1908,13.0306,8.27826,18.0488,0.9883716969469849,0.0,0.0,,brake,-0.008519757683471183,0.0,0.12,2,3.238,0.0
205,2785.53,50.1982,-0.0873034,0.244752,0.403994,JOIN_RACELINE,0.22723511373139316,0.225105223043611,0.225105223043611,0.22170857014501935,0.22170857014501935,0.17888877695638902,0.18228542985498067,0.10400000000000001,0.0,141.16929683893636,0.0,-0.0025,16.5166636561296,0.0,28.9704,-4,105.0,216.0,5.78995,34.3514,122.202,57.4127,40.3335,35.141,32.8917,31.1519,30.0204,28.9704,27.9933,27.0821,25.9048,24.6831,22.6888,19.568,16.0004,12.8812,8.18773,18.015856,0.990626969071849,0.0,0.0,,brake,0.0029038844190443797,0.0,0.12,2,3.26,0.0
206,2785.83,49.7873,-0.026919,0.244877,0.389131,JOIN_RACELINE,0.22708508864358598,0.22541229419656397,0.22541229419656397,0.22199925786080257,0.22199925786080257,0.16371870580343603,0.16713174213919743,0.10400000000000001,0.0,141.40773135975903,0.0,-0.0025,16.02945843786614,0.0,28.6493,-4,105.0,216.0,5.93557,35.2586,122.035,56.7474,39.8784,34.7478,32.5249,30.8055,29.6872,28.6493,27.6836,26.7829,25.6192,24.4115,22.44,19.3546,15.827,12.7424,8.10045,17.982984000000002,0.9926336536145073,0.0,0.0,,brake,0.013972315563109617,0.0,0.12,2,3.282,0.0
207,2786.12,49.3772,0.0311332,0.244571,0.374465,JOIN_RACELINE,0.22694006439203893,0.2256677725450013,0.2256677725450013,0.2222400689653694,0.2222400689653694,0.14879722745499868,0.15222493103463058,0.10400000000000001,0.0,141.6382180632211,0.0,-0.0025,15.558493393544428,0.0,28.3816,-4,105.0,216.0,6.07499,35.9787,121.781,56.2875,39.5256,34.4324,32.2265,30.5205,29.4111,28.3816,27.4237,26.5303,25.3762,24.1786,22.2239,19.1655,15.6697,12.6137,8.0164,17.950176,0.9943937334119679,0.0,0.0,,brake,0.024726923889424685,0.0,0.12,2,3.304,0.0
208,2786.41,48.968,0.0882173,0.24385,0.360015,JOIN_RACELINE,0.22679504211265733,0.22586718051507332,0.22586718051507332,0.22242566362525223,0.22242566362525223,0.13414781948492666,0.13758933637474774,0.10400000000000001,0.0,141.86716360048146,0.0,-0.0025,15.087495317099698,0.0,28.1645,-4,105.0,216.0,6.20787,36.5082,121.445,56.0241,39.2705,34.1914,31.9934,30.2942,29.1894,28.1645,27.2112,26.3222,25.174,23.9827,22.0391,18.9996,15.5279,12.495,7.93555,17.91744,0.9959088272508266,0.0,0.0,,brake,0.035146713556107725,0.0,0.12,2,3.326,0.0
209,2786.7,48.5597,0.141811,0.242747,0.345802,RACE,0.22665002271206866,0.2260113625437725,0.2260113625437725,0.22255688057902956,0.22255688057902956,0.1197906374562275,0.12324511942097044,0.10400000000000001,0.0,142.09385947952882,0.0,-0.0025,14.616449023281168,0.0,27.9944,-4,105.0,216.0,6.33411,36.8566,121.033,55.9437,39.1057,34.0192,31.8206,30.122,29.0182,27.9944,27.0425,26.1551,25.0093,23.8211,21.8833,18.8554,15.4006,12.3855,7.85785,17.884776,0.9971821865562658,0.0,0.0,,brake,0.045271100465957635,0.0,0.12,2,3.348,0.0
210,2786.99,48.1523,0.194122,0.241283,0.331847,RACE,0.22650500331147996,0.2261009649191375,0.2261009649191375,0.22263436638964626,0.22263436638964626,0.1057460350808625,0.10921263361035374,0.10400000000000001,0.0,142.32055535857617,0.0,-0.0025,14.145402729462639,0.0,27.8689,-4,105.0,216.0,6.45357,37.0344,120.551,56.041,39.0272,33.9126,31.7052,30.0013,28.8947,27.8689,26.9155,26.027,24.8804,23.6919,21.7549,18.7317,15.287,12.2849,7.78325,17.852184,0.9982162129521019,0.0,0.0,,brake,0.05507576165494753,0.0,0.12,2,3.37,0.0
211,2787.27,47.7458,0.245789,0.239468,0.318159,RACE,0.22636498457987694,0.22614141923213474,0.22614141923213474,0.22266440701627507,0.22266440701627507,0.09201758076786529,0.09549459298372495,0.10400000000000001,0.0,142.5394341383462,0.0,-0.0025,13.69059941129264,0.0,27.7875,-4,105.0,216.0,6.56609,37.0507,119.998,56.3192,39.0353,33.871,31.6467,29.9316,28.8186,27.7875,26.8296,25.9374,24.7867,23.5947,21.6536,18.6281,15.1868,12.193,7.71174,17.819664,0.9990123719607874,0.0,0.0,,brake,0.06453837914927947,0.0,0.12,2,3.392,0.0
212,2787.56,47.3402,0.297022,0.23731,0.304765,RACE,0.22621996517928827,0.22612334114591132,0.22612334114591132,0.22263590830617147,0.22263590830617147,0.07864165885408869,0.08212909169382854,0.10400000000000001,0.0,142.76613001739355,0.0,-0.0025,13.21955311747411,0.0,27.7505,-4,105.0,216.0,6.67139,36.9165,119.376,56.7869,39.1318,33.8956,31.646,29.9135,28.7904,27.7505,26.7851,25.8866,24.7283,23.5295,21.5794,18.5446,15.1002,12.1098,7.64342,17.787216,0.999572877548784,0.0,0.0,,brake,0.07362552349377574,0.0,0.12,2,3.414,0.0
213,2787.84,46.9354,0.34478,0.234836,0.291676,RACE,0.22607994644768525,0.22605765107092143,0.22605765107092143,0.2225614926414927,0.2225614926414927,0.06561834892907856,0.0691145073585073,0.10400000000000001,0.0,142.98500879716357,0.0,-0.0025,12.764749799304111,0.0,27.7561,-4,105.0,216.0,6.76958,36.6529,118.685,57.4462,39.3146,33.9843,31.7009,29.945,28.8079,27.7561,26.7803,25.8727,24.7038,23.4949,21.5309,18.4803,15.0263,12.0349,7.57821,17.754832,0.9999013831918052,0.0,0.0,,brake,0.08239252929353823,0.0,0.12,2,3.436,0.0
214,2788.11,46.5315,0.388037,0.232086,0.278901,RACE,0.2259449283850682,0.2259449283850682,0.2259449283850682,0.2224417282047087,0.2224417282047087,0.05295607161493182,0.05645927179529131,0.10400000000000001,0.0,143.19607047765592,0.0,-0.0025,12.326189456783386,0.0,27.8012,-4,105.0,216.0,6.86097,36.2863,117.933,58.2952,39.5794,34.1334,31.8078,30.0228,28.8682,27.8012,26.8123,25.8932,24.7104,23.4886,21.5061,18.4335,14.9643,11.9676,7.51598,17.72252,1.0,0.0,0.0,,brake,0.09089223167531123,0.0,0.12,2,3.458,0.0
215,2788.39,46.1284,0.432585,0.229061,0.26645,RACE,0.22580490965346542,0.22580490965346542,0.22580490965346542,0.22229420110248055,0.22229420110248055,0.0406450903465346,0.04415579889751947,0.10400000000000001,0.0,143.4149492574256,0.0,-0.0025,11.871386138614126,0.0,27.8876,-4,105.0,216.0,6.94545,35.8276,117.117,59.3552,39.9321,34.346,31.9695,30.1491,28.9732,27.8876,26.8825,25.9492,24.7495,23.5114,21.5058,18.4047,14.9141,11.9082,7.45677,17.690272,1.0,0.0,0.0,,brake,0.09903423007088005,0.0,0.12,2,3.48,0.0
216,2788.67,45.7261,0.474192,0.225774,0.254332,RACE,0.22566489092186243,0.22566489092186243,0.22566489092186243,0.22214671274793332,0.22214671274793332,0.028667109078137576,0.03218528725206668,0.10400000000000001,0.0,143.63382803719566,0.0,-0.0025,11.416582820444129,0.0,28.0158,-4,105.0,216.0,7.02312,35.2927,116.235,60.6447,40.3764,34.624,32.1872,30.3246,29.1234,28.0158,26.9914,26.0411,24.8209,23.5634,21.5297,18.3936,14.8757,11.8563,7.40058,17.658088,1.0,0.0,0.0,,brake,0.10687721044795084,0.0,0.12,2,3.502,0.0
217,2788.94,45.3241,0.51459,0.222244,0.242561,RACE,0.22552987285924536,0.22552987285924536,0.22552987285924536,0.22200512641651723,0.22200512641651723,0.017031127140754637,0.020555873583482764,0.10400000000000001,0.0,143.844889717688,0.0,-0.0025,10.978022477923403,0.0,28.1863,-4,105.0,216.0,7.09404,34.6969,115.287,62.1876,40.9165,34.9696,32.4623,30.5504,29.3197,28.1863,27.1393,26.1693,24.9251,23.6448,21.578,18.4002,14.8489,11.8121,7.34743,17.625928000000002,1.0,0.0,0.0,,brake,0.11441230233019312,0.0,0.12,2,3.524,0.0
218,2789.21,44.9224,0.55126,0.218495,0.231147,RACE,0.2253948547966283,0.2253948547966283,0.2253948547966283,0.22186359500301917,0.22186359500301917,0.005752145203371695,0.009283404996980826,0.10400000000000001,0.0,144.05595139818038,0.0,-0.0025,10.539462135402676,0.0,28.3988,-4,105.0,216.0,7.15848,34.0571,114.273,64.007,41.555,35.3835,32.7949,30.8265,29.5618,28.3988,27.3259,26.333,25.0614,23.7548,21.65,18.4239,14.8334,11.775,7.29726,17.593792,1.0,0.0,0.0,,brake,0.12168385212550235,0.0,0.12,1,3.546,0.0
219,2789.47,44.5224,0.589509,0.214525,0.220088,RACE,0.22526483425321972,0.22526483425321972,0.22526483425321972,0.22172789916563457,0.22172789916563457,-0.005176834253219714,-0.0016398991656345618,0.10400000000000001,0.0,144.2568073925404,0.0,-0.0025,10.116882589062056,0.0,28.6563,-4,105.0,216.0,7.21651,33.3808,113.186,66.1503,42.3033,35.872,33.19,31.1567,29.8531,28.6563,27.5537,26.5348,25.2318,23.8951,21.7467,18.4653,14.8293,11.7454,7.25009,17.561792,1.0,0.0,0.0,,brake,0.12860673115532847,0.0,0.12,1,3.568,0.0
220,2789.74,44.1231,0.624996,0.210348,0.209379,RACE,0.22512981167419313,0.22512981167419313,0.22512981167419313,0.2215863997100235,0.2215863997100235,-0.01575081167419312,-0.012207399710023492,0.10400000000000001,0.0,144.46444412109028,0.0,-0.0025,9.677946312092713,0.0,28.9602,-4,105.0,216.0,7.26838,32.6791,112.024,68.6673,43.1696,36.4394,33.6507,31.5434,30.1955,28.9602,27.824,26.7756,25.437,24.0663,21.8686,18.5245,14.8366,11.723,7.20585,17.529848,1.0,0.0,0.0,,brake,0.13522976084924257,0.0,0.12,1,3.59,0.0
221,2790.0,43.7009,0.655699,0.20599,0.19904,RACE,0.2249997899314267,0.2249997899314267,0.2249997899314267,0.22145172947026842,0.22145172947026842,-0.025959789931426697,-0.022411729470268427,0.10400000000000001,0.0,144.6643906004348,0.0,-0.0025,9.255266934269999,0.0,29.3112,-4,105.0,216.0,7.31432,31.9636,110.783,71.6113,44.1615,37.0889,34.1788,31.9878,30.5899,29.3112,28.1371,27.0555,25.677,24.2683,22.0153,18.601,14.8549,11.7076,7.16455,17.496071999999998,1.0,0.0,0.0,,brake,0.1416222656656541,0.0,0.12,1,3.612,0.0
222,2790.26,43.2623,0.686851,0.201435,0.189094,RACE,0.22486976818866022,0.22486976818866022,0.22486976818866022,0.22131778768269503,0.22131778768269503,-0.03577576818866021,-0.032223787682695015,0.10400000000000001,0.0,144.86433707977935,0.0,-0.0025,8.832587556447285,0.0,29.7161,-4,105.0,216.0,7.35403,31.2344,109.447,75.0885,45.3015,37.8335,34.7849,32.4985,31.0439,29.7161,28.4993,27.3802,25.9566,24.505,22.19,18.697,14.8856,11.7,7.12643,17.460984,1.0,0.0,0.0,,brake,0.1476884495848415,0.0,0.12,1,3.634,0.0
223,2790.52,42.8262,0.715614,0.196716,0.179527,RACE,0.224739746445894,0.224739746445894,0.224739746445894,0.221183809811257,0.221183809811257,-0.045212746445894014,-0.041656809811256995,0.10400000000000001,0.0,145.06428355912354,0.0,-0.0025,8.40990817862531,0.0,30.1747,-4,105.0,216.0,7.38812,30.5036,108.012,79.1908,46.5986,38.6767,35.4703,33.0762,31.5577,30.1747,28.9099,27.7489,26.275,24.7756,22.3917,18.8115,14.9277,11.6995,7.09129,17.426096,1.0,0.0,0.0,,accelerate,0.15345926069506557,0.22,0.0,1,3.656,0.0
224,2790.78,42.993,0.759201,0.19206,0.17028,RACE,0.22460972470312757,0.22460972470312757,0.22460972470312757,0.22102541358299532,0.22102541358299532,-0.05432972470312758,-0.050745413582995336,0.10400000000000001,0.0,145.26423003846807,0.0,-0.0025,7.987228800802596,0.0,30.6546,-4,105.0,216.0,7.41972,29.8246,106.526,83.7943,47.9848,39.5678,36.1919,33.6827,32.0962,30.6546,29.3391,28.1338,26.6071,25.0576,22.6018,18.9312,14.9729,11.7013,7.05771,17.43944,1.0,0.0,0.0,,accelerate,0.1584013987161756,0.44,0.0,1,3.678,0.0
225,2791.04,43.4754,0.7934,0.187405,0.16124,RACE,0.22447970296036132,0.22447970296036132,0.22447970296036132,0.22085406788775974,0.22085406788775974,-0.06323970296036133,-0.05961406788775975,0.10400000000000001,0.0,145.46417651781226,0.0,-0.0025,7.564549422980621,0.0,31.1642,-4,105.0,216.0,7.44922,29.1827,104.956,89.0723,49.49,40.5244,36.9631,34.3289,32.6688,31.1642,29.7943,28.5418,26.9586,25.3559,22.8239,19.0582,15.0221,11.7054,7.02533,17.478032,1.0,0.0,0.0,,accelerate,0.16282694144390297,0.66,0.0,1,3.7,0.0
226,2791.3,44.2346,0.79186,0.182388,0.152325,RACE,0.22434968121759488,0.22434968121759488,0.22434968121759488,0.2206711483713094,0.2206711483713094,-0.0720246812175949,-0.06834614837130942,0.10400000000000001,0.0,145.6641229971568,0.0,-0.0025,7.141870045157907,0.0,31.7658,-4,105.0,216.0,7.47344,28.5082,103.153,122.206,51.2889,41.6576,37.8746,35.0917,33.3448,31.7658,30.3319,29.0239,27.3747,25.7099,23.0894,19.2135,15.0876,11.7186,6.99539,17.538768,1.0,0.0,0.0,,accelerate,0.16723825578662144,0.88,0.0,1,3.722,0.0
227,2791.57,45.2113,0.734686,0.176816,0.143463,RACE,0.2242146586385683,0.2242146586385683,0.2242146586385683,0.2204730282848461,0.2204730282848461,-0.08075165863856829,-0.0770100282848461,0.10400000000000001,0.0,145.87175972570668,0.0,-0.0025,6.702933768188562,0.0,32.5039,-4,128.0,216.0,7.49108,27.7774,100.96,121.064,53.5333,43.0554,38.9953,36.0284,34.1742,32.5039,30.9915,29.6157,27.8863,26.1461,23.4185,19.41,15.1764,11.7446,6.96843,17.616904,1.0,0.0,0.0,,accelerate,0.17218998413614384,1.0,0.0,2,3.744,0.0
228,2791.85,45.9385,0.733516,0.170892,0.13464,RACE,0.22407463522328158,0.22407463522328158,0.22407463522328158,0.2202790416266996,0.2202790416266996,-0.08943463522328157,-0.08563904162669958,0.10400000000000001,0.0,146.08708670346195,0.0,-0.0025,6.2477405920725895,0.0,33.3596,-4,128.0,216.0,7.50457,27.0376,98.2669,119.874,56.222,44.7005,40.3061,37.1191,35.1378,33.3596,31.7551,30.3001,28.4769,26.6493,23.7982,19.6381,15.2822,11.7794,6.94345,17.67508,1.0,0.0,0.0,,accelerate,0.17615736609009536,1.0,0.0,2,3.766,0.0
229,2792.13,45.9063,0.827833,0.165357,0.12619,RACE,0.22393461180799468,0.22393461180799468,0.22393461180799468,0.2201166985855772,0.2201166985855772,-0.09774461180799468,-0.0939266985855772,0.10400000000000001,0.0,146.3024136812176,0.0,-0.0025,5.792547415955878,0.0,34.209,-4,128.0,216.0,7.51899,26.4005,95.0732,118.725,59.0257,46.3745,41.6274,38.2109,36.098,34.209,32.5102,30.9744,29.0564,27.1407,24.1663,19.8563,15.3816,11.8108,6.91887,17.672504,1.0,0.0,0.0,,accelerate,0.1783555604580549,1.0,0.0,2,3.788,0.0
230,2792.41,45.929,0.881094,0.159608,0.118133,RACE,0.2237946348218767,0.2237946348218767,0.2237946348218767,0.21995208156498153,0.21995208156498153,-0.1056616348218767,-0.10181908156498153,0.10400000000000001,0.0,146.51602277972884,0.0,-0.0025,5.336936377321055,0.0,35.1767,-4,128.0,216.0,7.52782,25.7618,88.5212,117.513,62.3445,48.3142,43.1473,39.4609,37.1944,35.1767,33.3691,31.7404,29.7139,27.6979,24.5837,20.1055,15.4983,11.8521,6.8978,17.67432,1.0,0.0,0.0,,accelerate,0.18025946967458123,1.0,0.0,2,3.81,0.0
231,2792.69,46.5406,0.871323,0.153575,0.110376,RACE,0.2236547050677371,0.2236547050677371,0.2236547050677371,0.21976255269969217,0.21976255269969217,-0.1132787050677371,-0.10938655269969216,0.10400000000000001,0.0,146.7278842950326,0.0,-0.0025,4.880900250878131,0.0,36.2934,-4,128.0,216.0,7.53132,25.1167,79.6646,116.219,66.3593,50.6003,44.9226,40.9123,38.4632,36.2934,34.3578,32.6205,30.4677,28.3356,25.0609,20.3913,15.6349,11.9043,6.88006,17.723247999999998,1.0,0.0,0.0,,accelerate,0.1823808594239616,1.0,0.0,2,3.832,0.0
232,2792.97,47.3551,0.835981,0.14714,0.102786,JOIN_RACELINE,0.22351477531359773,0.22351477531359773,0.22351477531359773,0.21956410706366747,0.21956410706366747,-0.12072877531359773,-0.11677810706366747,0.10400000000000001,0.0,146.93974581033598,0.0,-0.0025,4.424864124435949,0.0,37.6096,-4,128.0,216.0,7.52953,24.4569,72.0552,114.812,71.3778,53.3662,47.0474,42.6366,39.9641,37.6096,35.5196,33.652,31.3485,29.0791,25.6157,20.7237,15.796,11.9693,6.86551,17.788408,1.0,0.0,0.0,,accelerate,0.18454753846350463,1.0,0.0,2,3.854,0.0
233,2793.26,48.2021,0.809619,0.140433,0.0953853,JOIN_RACELINE,0.22336984806823876,0.22336984806823876,0.22336984806823876,0.2193580344508373,0.2193580344508373,-0.12798454806823875,-0.12397273445083729,0.10400000000000001,0.0,147.15917380832929,0.0,-0.0025,3.9525409934768625,0.0,39.1288,-4,128.0,216.0,7.52377,23.8035,65.5974,113.302,77.6197,56.6685,49.5488,44.6476,41.7048,39.1288,36.8551,34.8336,32.3534,29.9239,26.243,21.0977,15.9781,12.0449,6.85369,17.856168,1.0,0.0,0.0,,accelerate,0.18621492778447235,1.0,0.0,2,3.876,0.0
234,2793.56,49.069,0.790387,0.133566,0.0882105,JOIN_RACELINE,0.22321992333166085,0.22321992333166085,0.22321992333166085,0.21914483704930227,0.21914483704930227,-0.13500942333166085,-0.13093433704930227,0.10400000000000001,0.0,147.3861682890115,0.0,-0.0025,3.4639308580030947,0.0,40.8582,-4,128.0,216.0,7.51503,23.1708,60.1437,111.702,85.4039,60.5831,52.4648,46.9657,43.6978,40.8582,38.3678,36.1662,33.4809,30.8672,26.9385,21.5095,16.1783,12.1294,6.84432,17.92552,1.0,0.0,0.0,,accelerate,0.18723666453570223,1.0,0.0,2,3.898,0.0
235,2793.86,49.9486,0.778499,0.12661,0.081286,JOIN_RACELINE,0.22306999859508272,0.22306999859508272,0.22306999859508272,0.21893066019669843,0.21893066019669843,-0.14178399859508273,-0.13764466019669844,0.10400000000000001,0.0,147.61316276969404,0.0,-0.0025,2.9753207225285867,0.0,42.8157,-4,128.0,216.0,7.50388,22.5651,55.5217,110.013,119.359,65.2306,55.8588,49.6275,45.9689,42.8157,40.0702,37.6583,34.7356,31.911,27.7022,21.9573,16.395,12.2219,6.83722,17.995888,1.0,0.0,0.0,,accelerate,0.18758190411371495,1.0,0.0,2,3.92,0.0
236,2794.16,50.837,0.768637,0.119568,0.0746362,JOIN_RACELINE,0.22292007385850482,0.22292007385850482,0.22292007385850482,0.2187156627058534,0.2187156627058534,-0.14828387385850483,-0.14407946270585342,0.10400000000000001,0.0,147.84015725037625,0.0,-0.0025,2.4867105870548194,0.0,45.0455,-4,216.0,216.0,7.49025,21.9844,51.5519,108.225,117.963,70.8287,59.8508,52.7106,48.5757,45.0455,41.9967,39.3372,36.1379,33.0703,28.5426,22.445,16.6299,12.323,6.83259,18.06696,1.0,0.0,0.0,,accelerate,0.1873432724543149,1.0,0.0,2,3.942,0.0
237,2794.47,51.735,0.749542,0.112423,0.0682793,JOIN_RACELINE,0.22276515163070754,0.22276515163070754,0.22276515163070754,0.21849392792207195,0.21849392792207195,-0.15448585163070755,-0.15021462792207196,0.10400000000000001,0.0,148.073019110144,0.0,-0.0025,1.9818134470648894,0.0,47.612,-4,216.0,216.0,7.47391,21.4249,48.0938,106.314,116.537,77.7101,64.6208,56.3279,51.6026,47.612,44.1974,41.2428,37.7175,34.3668,29.4732,22.9787,16.8853,12.4338,6.83069,18.1388,1.0,0.0,0.0,,accelerate,0.18676942983717532,1.0,0.0,2,3.964,0.0
238,2794.79,52.6448,0.720797,0.105109,0.0622214,JOIN_RACELINE,0.22260523191169088,0.22260523191169088,0.22260523191169088,0.21826533398663184,0.21826533398663184,-0.16038383191169087,-0.15604393398663183,0.10400000000000001,0.0,147.46924348402632,0.0,-0.0025,1.4606293025587966,0.0,50.6225,-4,216.0,216.0,7.45431,20.8793,45.0244,104.238,115.036,86.4477,70.4698,60.6679,55.1897,50.6225,46.7567,43.4425,39.5253,35.8388,30.518,23.5703,17.1665,12.5567,6.83196,18.211584000000002,1.0,0.0,0.0,,accelerate,0.18594809086630948,1.0,0.0,2,3.986,0.0
239,2795.12,53.5686,0.674749,0.0975534,0.0564749,JOIN_RACELINE,0.22244031470145506,0.22244031470145506,0.22244031470145506,0.21802972909479423,0.21802972909479423,-0.16596541470145507,-0.16155482909479424,0.10400000000000001,0.0,146.85067039292846,0.0,-0.0025,0.9231581535372824,0.0,54.2345,-2.5,216.0,216.0,7.43081,20.3409,42.2526,101.934,113.438,117.712,77.876,66.018,59.5465,54.2345,49.7961,46.0325,41.6326,37.5388,31.7096,24.2352,17.4801,12.6946,6.837,18.285488,1.0,0.0,0.0,,accelerate,0.18503597910935804,1.0,0.0,2,4.008,0.0
240,2795.45,54.511,0.609089,0.089688,0.0510519,JOIN_RACELINE,0.2222753373360985,0.2222753373360985,0.2222753373360985,0.21779272181706646,0.21779272181706646,-0.17122343733609852,-0.16674082181706645,0.10400000000000001,0.0,146.22685092788225,-1.0979602622423336e-05,-0.002516399752475246,0.3848741637677582,0.0,58.6735,-2.5,216.0,216.0,7.40289,19.8051,39.7163,99.2977,111.721,116.172,87.615,72.8162,64.9817,58.6735,53.4855,49.1438,44.134,39.5351,33.0883,24.9918,17.8334,12.8507,6.84636,18.36088,1.0,0.0,0.0,,accelerate,0.1841091905147979,1.0,0.0,2,4.03,0.0
241,2795.78,55.475,0.521163,0.081454,0.0459615,JOIN_RACELINE,0.22211031525956634,0.22211031525956634,0.22211031525956634,0.21755418829728793,0.21755418829728793,-0.17614881525956633,-0.1715926882972879,0.10400000000000001,0.0,145.58740566804266,-3.0119955846954976e-05,-0.002544988861386167,-0.15401398180411874,0.0,64.2767,-1.7,216.0,216.0,7.37017,19.269,37.3734,96.1337,109.857,114.53,116.735,81.7705,71.9732,64.2767,58.0713,52.9622,47.1595,41.9184,34.7055,25.8616,18.2345,13.0283,6.8606,18.438000000000002,1.0,0.0,0.0,,accelerate,0.18322912626408694,1.0,0.0,2,4.052,0.0
242,2796.12,56.46,0.407387,0.0727956,0.0412281,JOIN_RACELINE,0.22194029251404873,0.22194029251404873,0.22194029251404873,0.21730826264685987,0.21730826264685987,-0.18071219251404874,-0.17608016264685988,0.10400000000000001,0.0,144.92192953947196,-4.9840319775219546e-05,-0.0025744443069306913,-0.7092320711800564,0.0,71.5805,-1,216.0,216.0,7.33224,18.7306,35.1922,91.8971,107.811,112.751,115.057,116.953,81.314,71.5805,63.9325,57.7649,50.8973,44.8165,36.6305,26.8724,18.6933,13.2312,6.8804,18.5168,1.0,0.0,0.0,,accelerate,0.18246771228134645,1.0,0.0,2,4.074,0.0
243,2796.47,57.4659,0.262942,0.0636432,0.036864,JOIN_RACELINE,0.22176526909954516,0.22176526909954516,0.22176526909954516,0.21705491068943028,0.21705491068943028,-0.18490126909954516,-0.18019091068943027,0.10400000000000001,0.0,144.2392231499239,-7.014069440726978e-05,-0.002604766089108898,-1.28078010436154,0.0,81.5142,-0.5,216.0,216.0,7.28872,18.1879,33.1475,82.3246,105.534,110.803,113.234,115.198,116.542,81.5142,71.6991,63.998,55.6386,48.4195,38.9621,28.0614,19.2224,13.4642,6.90647,18.597272,1.0,0.0,0.0,,accelerate,0.1819241785082681,1.0,0.0,2,4.096,0.0
244,2796.82,58.4912,0.0833107,0.0538909,0.0328691,JOIN_RACELINE,0.2215902456850414,0.2215902456850414,0.2215902456850414,0.21680007124213632,0.21680007124213632,-0.1887211456850414,-0.1839309712421363,0.10400000000000001,0.0,143.55088572264307,-9.04410690393464e-05,-0.002635087871287144,-1.8523281375437661,0.0,116.03,0,216.0,216.0,7.23909,17.6377,31.2134,70.8735,102.942,108.64,111.223,113.297,114.689,116.03,82.5284,72.4479,61.8748,53.0387,41.8542,29.4843,19.8402,13.734,6.93975,18.679296,1.0,0.0,0.0,,accelerate,0.18169775385126524,1.0,0.0,2,4.118,0.0
245,2797.18,59.533,-0.142474,0.0434005,0.0292772,JOIN_RACELINE,0.22141022160155213,0.22141022160155213,0.22141022160155213,0.21653794600057785,0.21653794600057785,-0.19213302160155213,-0.18726074600057785,0.10400000000000001,0.0,142.84659517696429,-0.00011132145437515594,-0.0026662759900989933,-2.4402061145300533,0.0,114.056,0,216.0,216.0,7.18243,17.0758,29.3665,61.6791,99.8915,106.191,108.968,111.178,112.654,114.056,115.396,84.6221,70.4929,59.2059,45.5545,31.2247,20.5728,14.0502,6.98175,18.76264,1.0,0.0,0.0,,accelerate,0.18197339308594795,1.0,0.0,2,4.14,0.0
246,2797.55,60.5877,-0.427001,0.0320098,0.0261064,JOIN_RACELINE,0.22122519684907674,0.22122519684907674,0.22122519684907674,0.21626869988121344,0.21626869988121344,-0.19511879684907674,-0.19016229988121344,0.10400000000000001,0.0,142.11610137346037,-0.00013278185041477753,-0.002698330445544564,-3.0444140353226286,0.0,111.851,0,216.0,216.0,7.11792,16.4988,27.589,54.0803,96.0937,103.346,106.388,108.774,110.356,111.851,113.269,114.62,83.2326,67.8905,50.4742,33.4079,21.4568,14.4253,7.03415,18.847016,1.0,0.0,0.0,,accelerate,0.1830240124518216,1.0,0.0,2,4.162,0.0
247,2797.93,61.6504,-0.781277,0.019509,0.0233841,JOIN_RACELINE,0.22103517142761586,0.22103517142761586,0.22103517142761586,0.21599254523143974,0.21599254523143974,-0.19765107142761587,-0.19260844523143975,0.10400000000000001,0.0,141.36059365985267,-0.00015482225715813204,-0.0027312512376237385,-3.6649518999192647,0.0,109.32,0,216.0,216.0,7.04448,15.9026,25.865,47.6472,90.6731,99.9116,103.349,105.981,107.703,109.32,110.845,112.29,114.197,81.0922,57.3626,36.2367,22.5461,14.8769,7.09928,18.932032,1.0,0.0,0.0,,accelerate,0.18509610472250532,1.0,0.0,2,4.184,0.0
248,2798.31,62.7151,-1.21144,0.00567072,0.0211379,JOIN_RACELINE,0.22083895434019077,0.22083895434019077,0.22083895434019077,0.2157117472036047,0.2157117472036047,-0.19970105434019075,-0.1945738472036047,0.10400000000000001,0.0,140.60448734375535,-0.00017482385348720046,-0.002771481184144464,-4.285812543903335,0.0,106.345,0,216.0,216.0,6.96118,15.2851,24.1859,42.1055,76.356,95.4767,99.6194,102.632,104.559,106.345,108.014,109.585,111.644,113.825,67.7037,40.046,23.9193,15.4286,7.17994,19.017208,1.0,0.0,0.0,,accelerate,0.18832415266389396,1.0,0.0,2,4.206,0.0
249,2798.69,63.7763,-1.7239,-0.00972873,0.0194166,JOIN_RACELINE,0.22060951797959527,0.22060951797959527,0.22060951797959527,0.21540965631483638,0.21540965631483638,-0.20119291797959526,-0.19599305631483638,0.10400000000000001,0.0,139.84942858201447,-0.0001838869075096158,-0.0028509259073423547,-4.908404950660563,0.0,102.74,0,216.0,216.0,6.86729,14.6464,22.5507,37.279,61.7044,88.5499,94.6856,98.4234,100.692,102.74,104.622,106.371,108.638,111.016,84.9132,45.4256,25.6927,16.1119,7.27953,19.102104,1.0,0.0,0.0,,accelerate,0.19278325516486788,1.0,0.0,2,4.228,0.0
250,2799.09,64.829,-2.32722,-0.0269449,0.0182874,JOIN_RACELINE,0.2203680060210737,0.2203680060210737,0.2203680060210737,0.21509432920821503,0.21509432920821503,-0.2020806060210737,-0.19680692920821502,0.10400000000000001,0.0,139.07389070818033,-0.0001934269643753156,-0.0029345519317611818,-5.5637653788260275,0.0,98.1406,0,216.0,216.0,6.76203,13.9875,20.9598,33.0396,50.8094,69.6054,86.0415,92.5524,95.5902,98.1406,100.388,102.42,104.999,107.657,112.034,53.5467,28.0546,16.9728,7.4025,19.18632,1.0,0.0,0.0,,accelerate,0.19836409982756026,1.0,0.0,2,4.25,0.0
251,2799.49,65.8683,-3.03866,-0.0462468,0.0178265,JOIN_RACELINE,0.22012649406255239,0.22012649406255239,0.22012649406255239,0.21477917835427796,0.21477917835427796,-0.2022999940625524,-0.19695267835427796,0.10400000000000001,0.0,138.28124063568444,-0.00020296702124100453,-0.0030181779561799134,-6.219125806990746,0.0,91.5044,0,216.0,216.0,6.64492,13.311,19.4175,29.2968,42.4083,54.7118,64.749,77.1458,87.0968,91.5044,94.6566,97.2696,100.406,103.512,108.464,67.0916,31.3236,18.0781,7.55444,19.269464,1.0,0.0,0.0,,accelerate,0.20530913234450754,1.0,0.0,2,4.272,0.0
252,2799.89,66.8883,-3.87293,-0.0679172,0.0181163,JOIN_RACELINE,0.21988498210403082,0.21988498210403082,0.21988498210403082,0.21446451376417358,0.21446451376417358,-0.20176868210403082,-0.19634821376417358,0.10400000000000001,0.0,137.4904373857658,-0.00021250707810670434,-0.0031018039805987404,-6.87448623515621,0.0,72.341,0,216.0,216.0,6.5158,12.6211,17.9298,25.983,35.7582,44.1023,50.3878,57.5772,64.1178,72.341,82.9917,89.3293,94.0621,98.1009,104.025,112.895,36.0905,19.5303,7.74246,19.351064,1.0,0.0,0.0,,accelerate,0.2139943166096841,1.0,0.0,2,4.294,0.0
253,2800.31,67.8813,-4.85032,-0.0922673,0.0192545,JOIN_RACELINE,0.21963139454758318,0.21963139454758318,0.21963139454758318,0.2141375536107843,0.2141375536107843,-0.20037689454758317,-0.19488305361078428,0.10400000000000001,0.0,136.68420324861881,-0.00022252413781568856,-0.0031896113062385044,-7.562614684729911,0.0,53.2224,4,216.0,216.0,6.37469,11.9225,16.5025,23.0437,30.3877,36.1945,40.3147,44.7825,48.6373,53.2224,58.767,65.6066,78.3891,89.8265,98.1669,108.671,43.5936,21.4972,7.97603,19.430504,1.0,0.0,0.0,,accelerate,0.22480717940487807,1.0,0.0,2,4.316,0.0
254,2800.72,68.8378,-5.99441,-0.119614,0.0213387,JOIN_RACELINE,0.21938384479009873,0.21938384479009873,0.21938384479009873,0.21381858741380216,0.21381858741380216,-0.19804514479009874,-0.19247988741380218,0.10400000000000001,0.0,135.9011392187199,-0.00023230269610302517,-0.003275327981267752,-8.23435912359912,0.0,41.0069,4,128.0,216.0,6.22215,11.2214,15.1426,20.4366,25.9873,30.1083,32.9004,35.8121,38.2324,41.0069,44.2192,47.9815,54.4778,64.4637,88.9398,103.29,56.9279,24.2697,8.26759,19.507024,1.0,0.0,0.0,,accelerate,0.23824856294996527,1.0,0.0,2,4.338,0.0
255,2801.15,69.7449,-7.33016,-0.150251,0.024482,JOIN_RACELINE,0.2191242194346879,0.2191242194346879,0.2191242194346879,0.2134885232838914,0.2134885232838914,-0.1946422194346879,-0.1890065232838914,0.10400000000000001,0.0,78.0,-0.00024255825723365704,-0.0033652259575180318,-8.938871583877312,0.0,32.5855,4,128.0,216.0,6.05924,10.525,13.8574,18.1278,22.3443,25.3155,27.2564,29.2213,30.8107,32.5855,34.58,36.8377,40.5493,45.8352,60.7037,95.8413,112.247,28.3996,8.63382,19.579591999999998,1.0,0.0,0.0,,accelerate,0.2547308073614422,0.5800000000000001,0.0,2,4.36,0.0
256,2801.58,70.5737,-8.85772,-0.184373,0.0287971,JOIN_RACELINE,0.21881487275889747,0.21881487275889747,0.21881487275889747,0.213131545961461,0.213131545961461,-0.19001777275889747,-0.184334445961461,0.112,0.0,78.0,-0.00021685448889483075,-0.003425648782445819,-9.645755084292308,0.0,26.4878,4,105.0,216.0,5.88782,9.84209,12.6554,16.0919,19.3114,21.4833,22.8612,24.2244,25.3046,26.4878,27.7892,29.2274,31.5148,34.6176,42.4811,78.1209,106.459,35.0628,9.09654,19.645896,1.0,0.0,0.0,,brake,0.2742752247128559,0.0,0.12,2,4.382,0.0
257,2802.02,71.1343,-10.4926,-0.221508,0.0344336,JOIN_RACELINE,0.2184849021942734,0.2184849021942734,0.2184849021942734,0.2127726767585405,0.2127726767585405,-0.1840513021942734,-0.1783390767585405,0.112,0.0,62.0,-0.00018084030639549934,-0.0034795155204709735,-10.369718156275189,0.0,21.9746,4,82.0,216.0,5.71218,9.18983,11.5572,14.3278,16.809,18.4236,19.4243,20.397,21.1556,21.9746,22.8613,23.8245,25.3213,27.2854,31.9484,48.6815,98.8041,47.07,9.67704,19.690744,1.0,0.0,0.0,,brake,0.2957534506902263,0.0,0.22294687499999988,2,4.404,0.0
258,2802.46,71.2081,-11.9239,-0.259252,0.041599,JOIN_RACELINE,0.21815493162964938,0.21815493162964938,0.21815493162964938,0.21243889273003283,0.21243889273003283,-0.1765559316296494,-0.17083989273003283,0.112,0.0,62.0,-0.00014482612389616793,-0.003533382258496128,-11.093681228258072,0.0,18.6926,4,82.0,216.0,5.5415,8.60201,10.6084,12.8733,14.8286,16.0657,16.8188,17.5411,18.0979,18.6926,19.3294,20.0126,21.0573,22.3976,25.4477,35.0677,87.1225,72.036,10.3703,19.696648,1.0,0.0,0.0,,brake,0.31369026763176555,0.0,0.26,2,4.426,0.0
259,2802.9,70.637,-12.8643,-0.293999,0.0505039,JOIN_RACELINE,0.21782496106502536,0.21782496106502536,0.21782496106502536,0.2121383625232826,0.2121383625232826,-0.16732106106502537,-0.16163446252328262,0.112,0.0,62.0,-0.00010881194139683649,-0.0035872489965212825,-11.817644300240953,0.0,16.3829,0,82.0,216.0,5.38462,8.10713,9.84055,11.7436,13.3416,14.3318,14.9269,15.4923,15.9245,16.3829,16.8698,17.3878,18.1714,19.1617,21.3549,27.766,56.2105,106.967,11.1315,19.65096,1.0,0.0,0.0,,brake,0.3216422376274708,0.0,0.26,2,4.448,0.0
260,2803.33,69.5951,-13.4535,-0.325158,0.061127,JOIN_RACELINE,0.21750248983141568,0.21750248983141568,0.21750248983141568,0.2118694112621028,0.2118694112621028,-0.1563754898314157,-0.1507424112621028,0.10400000000000001,0.0,62.0,-7.361626304523493e-05,-0.003639891490500384,-12.52515366604205,0.0,14.6948,0,82.0,216.0,5.23956,7.68859,9.21377,10.8525,12.2001,13.0223,13.5117,13.9735,14.3245,14.6948,15.0858,15.4995,16.1204,16.8971,18.5857,23.2863,40.6579,101.045,11.9452,19.567608,1.0,0.0,0.0,,brake,0.3196871081707108,0.0,0.26,2,4.47,0.0
261,2803.75,68.3542,-13.9011,-0.354714,0.0733126,JOIN_RACELINE,0.21718751792882,0.21718751792882,0.21718751792882,0.2116178556008369,0.2116178556008369,-0.14387491792881998,-0.1383052556008369,0.10400000000000001,0.0,62.0,-3.9239088841325947e-05,-0.0036913097404334887,-13.216209325662108,0.0,13.3405,0,60.0,216.0,5.09908,7.31173,8.66549,10.0943,11.2492,11.9451,12.3562,12.742,13.0339,13.3405,13.6629,14.0024,14.509,15.1376,16.4855,20.106,32.0069,94.0457,12.8543,19.468336,1.0,0.0,0.0,,brake,0.31090682425225313,0.0,0.26,2,4.492,0.0
262,2804.17,67.0265,-14.3074,-0.384345,0.0869508,JOIN_RACELINE,0.2168725460262243,0.2168725460262243,0.2168725460262243,0.21137034271406774,0.21137034271406774,-0.1299217460262243,-0.12441954271406774,0.10400000000000001,0.0,62.0,-4.8619146374169855e-06,-0.003742727990366593,-13.907264985282165,0.0,12.1756,0,60.0,216.0,4.95872,6.95561,8.15949,9.41026,10.4062,10.9997,11.3482,11.6736,11.9188,12.1756,12.4445,12.7266,13.1455,13.662,14.7565,17.6143,26.2348,83.1128,13.9214,19.36212,1.0,0.0,0.0,,brake,0.2977518575625331,0.0,0.26,2,4.514,0.0
263,2804.58,65.6534,-14.7212,-0.414946,0.101984,RACE,0.21656506465964223,0.21656506465964223,0.21656506465964223,0.21113220280807235,0.21113220280807235,-0.11458106465964223,-0.10914820280807234,0.10400000000000001,0.0,62.0,0.0,-0.00375,-14.584935440708811,0.0,11.1378,0,60.0,216.0,4.81684,6.61165,7.68062,8.77547,9.63547,10.1431,10.4393,10.7149,10.9218,11.1378,11.3633,11.599,11.9476,12.3749,13.2716,15.5577,22.0034,53.9434,15.2192,19.252272,1.0,0.0,0.0,,brake,0.2817908019196306,0.0,0.26,2,4.536,0.0
264,2804.98,64.2539,-15.1622,-0.446793,0.118368,RACE,0.216265081384847,0.216265081384847,0.216265081384847,0.21090244707096806,0.21090244707096806,-0.09789708138484701,-0.09253444707096806,0.10400000000000001,0.0,62.0,0.0,-0.00375,-15.246584545910572,0.0,10.2023,0,60.0,216.0,4.67353,6.27813,7.22488,8.18203,8.92462,9.35911,9.61138,9.84516,10.0202,10.2023,10.392,10.5896,10.8808,11.2359,11.975,13.8209,18.7477,38.3565,16.8342,19.140312,1.0,0.0,0.0,,brake,0.26420281306377547,0.0,0.26,2,4.558,0.0
265,2805.36,62.8381,-15.6301,-0.47977,0.136059,RACE,0.21598009727379153,0.21598009727379153,0.21598009727379153,0.21068804855281542,0.21068804855281542,-0.07992109727379151,-0.07462904855281541,0.10400000000000001,0.0,62.0,0.0,-0.00375,-15.87515119585228,0.0,9.3586,0,60.0,216.0,4.52961,5.95624,6.79276,7.62867,8.27003,8.64232,8.85749,9.05622,9.20457,9.3586,9.51861,9.68493,9.92908,10.2256,10.838,12.3411,16.1756,29.2629,18.8782,19.027048,1.0,0.0,0.0,,brake,0.24519774358319996,0.0,0.26,2,4.58,0.0
266,2805.74,61.4096,-16.1104,-0.5136,0.155002,RACE,0.2156951131627364,0.2156951131627364,0.2156951131627364,0.21047381441001137,0.21047381441001137,-0.0606931131627364,-0.055471814410011366,0.10400000000000001,0.0,62.0,0.0,-0.00375,-16.50371784579324,0.0,8.59934,0,60.0,216.0,4.386,5.64754,6.38538,7.11518,7.66959,7.98916,8.1731,8.3425,8.46865,8.59934,8.73479,8.87528,9.08091,9.32964,9.84015,11.0744,14.1072,23.3445,21.5113,18.912768,1.0,0.0,0.0,,brake,0.22465737742916303,0.0,0.26,2,4.602,0.0
267,2806.12,59.9722,-16.5888,-0.548004,0.175131,RACE,0.21541012905168094,0.21541012905168094,0.21541012905168094,0.21025954576751077,0.21025954576751077,-0.040279129051680934,-0.03512854576751076,0.10400000000000001,0.0,55.0,0.0,-0.00375,-17.132284495734947,0.0,7.91645,0,42.0,55.0,4.24335,5.35286,6.00284,6.64013,7.12006,7.39501,7.55268,7.69752,7.80515,7.91645,8.03158,8.15074,8.32473,8.53449,8.96259,9.98444,12.4177,19.2092,24.9846,18.797776,1.0,0.0,0.0,,brake,0.20234450920761268,0.0,0.26,2,4.624,0.0
268,2806.48,58.5292,-17.0539,-0.582716,0.19638,RECOVERY,0.21514014410436522,0.21514014410436522,0.21514014410436522,0.2100600722876373,0.2100600722876373,-0.018760144104365217,-0.01368007228763729,0.10400000000000001,0.0,55.0,0.0,-0.00375,-17.727768690416607,0.0,7.30173,0,42.0,55.0,4.10207,5.07238,5.64444,6.20125,6.61744,6.85459,6.99016,7.11442,7.20658,7.30173,7.4,7.50152,7.64942,7.82722,8.18836,9.04091,11.0185,16.1712,29.7168,18.682336,1.0,0.0,0.0,,brake,0.02234450920761269,0.0,0.38,2,4.646,0.0
269,2806.83,56.9645,-17.5807,-0.617058,0.218594,RECOVERY,0.21487765873891954,0.21487765873891954,0.21487765873891954,0.20987350417776515,0.20987350417776515,0.0037163412610804747,0.008720495822234858,0.10400000000000001,0.0,55.0,0.0,-0.00375,-18.306711657467865,0.0,6.75212,0,42.0,55.0,3.96305,4.80782,5.31162,5.7992,6.16133,6.36674,6.48385,6.59099,6.67033,6.75212,6.83646,6.92348,7.05001,7.20174,7.50867,8.22654,9.8557,13.8752,36.3659,18.55716,1.0,0.0,0.0,,brake,-0.1576554907923873,0.0,0.38,2,4.668,0.0
270,2807.17,55.2822,-18.1189,-0.649538,0.241433,RECOVERY,0.21462267295534354,0.21462267295534354,0.21462267295534354,0.20969951084491834,0.20969951084491834,0.026810327044656468,0.03173348915508167,0.10400000000000001,0.0,55.0,0.0,-0.00375,-18.869113396889475,0.0,6.27103,0,42.0,55.0,3.82811,4.56342,5.00919,5.43883,5.75634,5.93577,6.03784,6.13107,6.20002,6.27103,6.34416,6.41952,6.52893,6.65987,6.92383,7.53656,8.90277,12.1333,45.8288,18.422576,1.0,0.0,0.0,,brake,-0.3376554907923873,0.0,0.38,2,4.69,0.0
271,2807.5,53.5649,-18.5663,-0.679414,0.264633,RECOVERY,0.21437518675363762,0.21437518675363762,0.21437518675363762,0.20953402835100204,0.20953402835100204,0.05025781324636239,0.05509897164899796,0.10400000000000001,0.0,55.0,0.0,-0.00375,-19.41770075263445,0.0,5.85169,0,42.0,55.0,3.69758,4.33908,4.73606,5.11766,5.39859,5.55688,5.64677,5.72878,5.78936,5.85169,5.91583,5.98186,6.0776,6.19198,6.42197,6.95256,8.11908,10.7878,59.7734,18.285192000000002,1.0,0.0,0.0,,brake,-0.5176554907923874,0.0,0.38,2,4.712,0.0
272,2807.82,51.8436,-18.893,-0.706256,0.288012,RECOVERY,0.2141352001338014,0.2141352001338014,0.2141352001338014,0.2093755534110332,0.2093755534110332,0.07387679986619858,0.07863644658896679,0.10400000000000001,0.0,55.0,0.0,-0.00375,-19.950124234822354,0.0,5.48535,0,42.0,55.0,3.57112,4.13311,4.48928,4.83116,5.08215,5.22324,5.30326,5.37618,5.43001,5.48535,5.54226,5.60079,5.68559,5.78676,5.98975,6.45578,7.46899,9.72818,106.239,18.147488,1.0,0.0,0.0,,brake,-0.6976554907923873,0.0,0.38,2,4.734,0.0
273,2808.13,50.1514,-19.1023,-0.7294,0.311388,RECOVERY,0.21390271309583525,0.21390271309583525,0.21390271309583525,0.2092225334993274,0.2092225334993274,0.09748528690416475,0.1021654665006726,0.10400000000000001,0.0,55.0,0.0,-0.00375,-20.465909483191535,0.0,5.16648,0,42.0,55.0,3.44846,3.94462,4.26716,4.5766,4.80332,4.93056,5.00264,5.06829,5.11672,5.16648,5.21762,5.27018,5.34628,5.43698,5.61866,6.03418,6.92983,8.88808,102.353,18.012112000000002,1.0,0.0,0.0,,brake,-0.8231090865011073,0.0,0.38,2,4.756,0.0
274,2808.43,48.5387,-19.1331,-0.747955,0.334604,RECOVERY,0.21367772563973914,0.21367772563973914,0.21367772563973914,0.20907266485177617,0.20907266485177617,0.12092627436026088,0.12553133514822384,0.10400000000000001,0.0,38.0,0.0,-0.00375,-20.965056497741983,0.0,4.89161,0,42.0,38.0,3.32931,3.77314,4.06873,4.35234,4.55987,4.67621,4.74206,4.80201,4.84621,4.89161,4.93824,4.98616,5.05548,5.13806,5.30325,5.68005,6.48709,8.22659,98.8819,17.883096000000002,1.0,0.0,0.0,,brake,-0.8707814528704207,0.0,0.38,2,4.778,0.0
275,2808.72,47.0331,-18.869,-0.762129,0.357614,RECOVERY,0.2134602377655127,0.2134602377655127,0.2134602377655127,0.2089247654886616,0.2089247654886616,0.14415376223448728,0.1486892345113384,0.10400000000000001,0.0,38.0,0.0,-0.00375,-21.447565278474467,0.0,4.65185,0,42.0,38.0,3.2128,3.61561,3.88961,4.15261,4.3449,4.45261,4.51355,4.569,4.60988,4.65185,4.69495,4.73922,4.80325,4.87948,5.03184,5.37868,6.11822,7.69619,95.8492,17.762648,1.0,0.0,0.0,,brake,-0.8888969520907599,0.0,0.38,2,4.8,0.0
276,2809.01,45.6307,-18.3423,-0.773091,0.380499,RECOVERY,0.21324274989128594,0.21324274989128594,0.21324274989128594,0.2087716258569,0.2087716258569,0.16725625010871403,0.17172737414309996,0.10400000000000001,0.0,38.0,0.0,-0.00375,-21.930074059207705,0.0,4.43545,0,42.0,38.0,3.09774,3.46736,3.72339,3.96925,4.14893,4.24952,4.30641,4.35816,4.3963,4.43545,4.47565,4.51694,4.57662,4.64766,4.78955,5.11209,5.79757,7.24941,93.1741,17.650456,1.0,0.0,0.0,,brake,-0.8957808417944888,0.0,0.38,2,4.822,0.0
277,2809.28,44.303,-17.6381,-0.78177,0.403329,RECOVERY,0.21304026118079927,0.21304026118079927,0.21304026118079927,0.20862963954837732,0.20862963954837732,0.19028873881920072,0.19469936045162267,0.10400000000000001,0.0,38.0,0.0,-0.00375,-22.37930637230349,0.0,4.23449,0,42.0,38.0,2.98337,3.32519,3.56567,3.79672,3.96552,4.05997,4.11338,4.16196,4.19775,4.23449,4.27221,4.31093,4.36691,4.43351,4.56648,4.86841,5.50848,6.8566,90.7633,17.54424,1.0,0.0,0.0,,brake,-0.8983967198819058,0.0,0.38,1,4.844,0.0
278,2809.54,43.0246,-16.8191,-0.788643,0.426123,RECOVERY,0.21284527205218262,0.21284527205218262,0.21284527205218262,0.2084925218356839,0.2084925218356839,0.21327772794781735,0.21763047816431608,0.10400000000000001,0.0,38.0,0.0,-0.00375,-22.81190045158055,0.0,4.04482,0,42.0,38.0,2.8694,3.18746,3.41417,3.63211,3.7913,3.88035,3.9307,3.97648,4.01021,4.04482,4.08035,4.11683,4.16955,4.23226,4.35743,4.6414,5.24225,6.50234,88.5781,17.441968,1.0,0.0,0.0,,brake,-0.8993907535551242,0.0,0.38,1,4.866,0.0
279,2809.79,41.7798,-15.923,-0.793868,0.448892,RECOVERY,0.21265778250543568,0.21265778250543568,0.21265778250543568,0.20836102024502268,0.20836102024502268,0.23623421749456433,0.24053097975497734,0.10400000000000001,0.0,38.0,0.0,-0.00375,-23.227856297039637,0.0,3.86433,0,42.0,38.0,2.75564,3.05332,3.26775,3.47397,3.62457,3.7088,3.75642,3.79971,3.8316,3.86433,3.89792,3.93241,3.98224,4.04151,4.15976,4.4279,4.99443,6.17879,86.6409,17.342384,1.0,0.0,0.0,,brake,-0.8997684863509472,0.0,0.38,1,4.888,0.0
280,2810.04,40.5584,-14.9691,-0.797439,0.471603,RECOVERY,0.21247029295868874,0.21247029295868874,0.21247029295868874,0.20822811865855925,0.20822811865855925,0.25913270704131125,0.2633748813414407,0.10400000000000001,0.0,38.0,0.0,-0.00375,-23.643812142498724,0.0,3.69214,0,42.0,38.0,2.64218,2.92253,3.12599,3.32172,3.46465,3.54458,3.58976,3.63084,3.66109,3.69214,3.72401,3.75672,3.80398,3.86019,3.97232,4.22647,4.76293,5.88204,85.0234,17.244672,1.0,0.0,0.0,,brake,-0.89991202481336,0.0,0.38,1,4.91,0.0
281,2810.27,39.3545,-13.9662,-0.799309,0.494229,RECOVERY,0.21229780412095264,0.21229780412095264,0.21229780412095264,0.20810909811627365,0.20810909811627365,0.28193119587904736,0.2861199018837263,0.10400000000000001,0.0,38.0,0.0,-0.00375,-23.985113727588974,0.0,3.52762,0,42.0,38.0,2.5291,2.79492,2.98861,3.17497,3.31105,3.38715,3.43016,3.46926,3.49806,3.52762,3.55795,3.58908,3.63406,3.68756,3.79427,4.03607,4.54624,5.60932,83.8237,17.14836,1.0,0.0,0.0,,brake,-0.8999665694290768,0.0,0.38,1,4.932,0.0
282,2810.49,38.1624,-12.9213,-0.799414,0.516729,RECOVERY,0.21213281883864077,0.21213281883864077,0.21213281883864077,0.207996726148647,0.207996726148647,0.3045961811613592,0.308732273851353,0.10400000000000001,0.0,38.0,0.0,-0.00375,-24.203377040406554,0.0,3.37033,0,42.0,38.0,2.41659,2.67045,2.85546,3.03348,3.16347,3.23616,3.27724,3.31459,3.3421,3.37033,3.39931,3.42905,3.47202,3.52311,3.62505,3.85601,4.3433,5.35866,83.1461,17.052992,1.0,0.0,0.0,,brake,-0.8999872963830493,0.0,0.38,1,4.954,0.0
283,2810.71,36.977,-11.8397,-0.797681,0.539062,RECOVERY,0.21196783355632856,0.21196783355632856,0.21196783355632856,0.20788373331849713,0.20788373331849713,0.3270941664436715,0.3311782666815029,0.10400000000000001,0.0,38.0,0.0,-0.00375,-24.421640353224582,0.0,3.22002,0,42.0,38.0,2.30486,2.54912,2.72649,2.89711,3.02171,3.09139,3.13077,3.16658,3.19295,3.22002,3.24779,3.27631,3.31751,3.3665,3.46424,3.68577,4.15335,5.12863,83.0681,16.95816,1.0,0.0,0.0,,brake,-0.8999951726255588,0.0,0.38,1,4.976,0.0
284,2810.91,35.7948,-10.7252,-0.794007,0.561193,RECOVERY,0.21181784693604505,0.21181784693604505,0.21181784693604505,0.20778527586614937,0.20778527586614937,0.349375153063955,0.3534077241338507,0.10400000000000001,0.0,38.0,0.0,-0.00375,-24.62006154669511,0.0,3.07646,0,42.0,38.0,2.19411,2.43097,2.60164,2.76577,2.88563,2.95268,2.99057,3.02503,3.05041,3.07646,3.1032,3.13064,3.1703,3.21747,3.31159,3.52499,3.97586,4.91834,83.6101,16.863584,1.0,0.0,0.0,,brake,-0.8999981655977124,0.0,0.38,1,4.998,0.0
285,2811.11,34.6137,-9.58155,-0.788265,0.58308,RECOVERY,0.21166786031576118,0.21166786031576118,0.21166786031576118,0.20768644842391393,0.20768644842391393,0.37141213968423886,0.3753935515760861,0.10400000000000001,0.0,38.0,0.0,-0.00375,-24.818482740166086,0.0,2.93965,0,42.0,38.0,2.08461,2.3161,2.48099,2.63949,2.75526,2.82003,2.85665,2.88994,2.91447,2.93965,2.96549,2.99203,3.03037,3.07598,3.16702,3.37358,3.81068,4.72756,84.7303,16.769096,1.0,0.0,0.0,,brake,-0.8999993029271307,0.0,0.38,1,5.02,0.0
286,2811.29,33.4308,-8.41337,-0.780315,0.604684,RECOVERY,0.211532872357506,0.211532872357506,0.211532872357506,0.20760237498050793,0.20760237498050793,0.393151127642494,0.39708162501949207,0.10400000000000001,0.0,38.0,0.0,-0.00375,-24.99706181428956,0.0,2.80962,0,42.0,38.0,1.97661,2.20464,2.36464,2.51835,2.63065,2.6935,2.72904,2.76136,2.78518,2.80962,2.83472,2.86049,2.89774,2.94207,3.03057,3.23157,3.65784,4.55647,86.3485,16.674464,1.0,0.0,0.0,,brake,-0.8999997351123097,0.0,0.38,1,5.042,0.0
287,2811.47,32.2427,-7.2282,-0.770027,0.625967,RECOVERY,0.21139788439925083,0.21139788439925083,0.21139788439925083,0.20751820034833715,0.20751820034833715,0.4145691156007492,0.41844879965166293,0.10400000000000001,0.0,38.0,0.0,-0.00375,-25.17564088841303,0.0,2.68642,0,42.0,38.0,1.87039,2.09672,2.25267,2.40241,2.51185,2.57313,2.60779,2.63932,2.66256,2.68642,2.71092,2.73608,2.77246,2.81576,2.90227,3.09899,3.51744,4.40553,88.374,16.579416000000002,1.0,0.0,0.0,,brake,-0.8999998993426777,0.0,0.38,1,5.064,0.0
288,2811.64,31.0458,-6.04258,-0.757323,0.64688,RECOVERY,0.21127039577200968,0.21127039577200968,0.21127039577200968,0.20744157206221486,0.20744157206221486,0.43560960422799033,0.43943842793778515,0.10400000000000001,0.0,38.0,0.0,-0.00375,-25.344298902863205,0.0,2.57009,0,42.0,38.0,1.76629,1.99247,2.14519,2.29174,2.39893,2.45898,2.49296,2.52388,2.54668,2.57009,2.59414,2.61884,2.65456,2.6971,2.78216,2.9759,3.38963,4.27539,90.717,16.483664,1.0,0.0,0.0,,brake,-0.8999999617502176,0.0,0.38,1,5.086,0.0
289,2811.79,29.8416,-4.90511,-0.742292,0.667382,RECOVERY,0.21115790580679686,0.21115790580679686,0.21115790580679686,0.2073799188021491,0.2073799188021491,0.4562240941932032,0.4600020811978509,0.10400000000000001,0.0,38.0,0.0,-0.00375,-25.493114797966324,0.0,2.46027,0,42.0,38.0,1.66464,1.89188,2.04205,2.18612,2.29159,2.35072,2.38421,2.4147,2.43718,2.46027,2.48399,2.50837,2.54365,2.58568,2.6698,2.86181,3.27385,4.16572,93.2765,16.387328,1.0,0.0,0.0,,brake,-0.8999999854650828,0.0,0.38,1,5.108,0.0
290,2811.95,28.7117,-3.98715,-0.725525,0.687347,RECOVERY,0.21103791651057005,0.21103791651057005,0.21103791651057005,0.20730732497100707,0.20730732497100707,0.47630908348943,0.480039675028993,0.10400000000000001,0.0,38.0,0.0,-0.00375,-25.651851752742747,0.0,2.35599,0,42.0,38.0,1.56607,1.79489,1.94296,2.08502,2.18914,2.24759,2.28071,2.31087,2.33312,2.35599,2.37949,2.40366,2.43864,2.48034,2.56389,2.75511,3.16784,4.07308,95.8946,16.296936,1.0,0.0,0.0,,brake,-0.8999999944767315,0.0,0.38,1,5.13,0.0
291,2812.09,27.6998,-3.41891,-0.70824,0.706625,RECOVERY,0.21093292587637125,0.21093292587637125,0.21093292587637125,0.207244530085066,0.207244530085066,0.4956920741236287,0.49938046991493396,0.10400000000000001,0.0,38.0,0.0,-0.00375,-25.790746588172567,0.0,2.25501,0,42.0,38.0,1.47125,1.70106,1.847,1.98707,2.08988,2.14767,2.18044,2.2103,2.23235,2.25501,2.27831,2.30227,2.33698,2.3784,2.46148,2.65216,3.06639,3.98839,98.3636,16.215984,1.0,0.0,0.0,,brake,-0.899999997901158,0.0,0.38,1,5.152,0.0
292,2812.23,26.6689,-3.05187,-0.691966,0.725011,RECOVERY,0.21082793524217278,0.21082793524217278,0.21082793524217278,0.20718228454649013,0.20718228454649013,0.5141830647578272,0.5178287154535098,0.10400000000000001,0.0,38.0,0.0,-0.00375,-25.929641423601932,0.0,2.15491,0,42.0,38.0,1.38097,1.61005,1.75331,1.89091,1.99207,2.049,2.08131,2.11077,2.13253,2.15491,2.17793,2.20161,2.23594,2.27693,2.35926,2.54875,2.96312,3.89939,100.496,16.133512,1.0,0.0,0.0,,brake,-0.8999999992024401,0.0,0.38,1,5.174,0.0
293,2812.36,25.6308,-2.77063,-0.677054,0.742461,RECOVERY,0.21073044393898832,0.21073044393898832,0.21073044393898832,0.20712758916263246,0.20712758916263246,0.5317305560610117,0.5353334108373675,0.10400000000000001,0.0,38.0,0.0,-0.00375,-26.058615199358,0.0,2.05538,0,42.0,38.0,1.29529,1.52188,1.66184,1.7964,1.8955,1.95134,1.98306,2.012,2.03338,2.05538,2.07802,2.10132,2.13512,2.17551,2.25672,2.44417,2.85673,3.80286,102.448,16.050464,1.0,0.0,0.0,,brake,-0.8999999996969272,0.0,0.38,1,5.196,0.0
294,2812.49,24.5949,-2.52322,-0.663534,0.758986,RECOVERY,0.21063295263580423,0.21063295263580423,0.21063295263580423,0.20707255520915885,0.20707255520915885,0.5483530473641958,0.5519134447908411,0.10400000000000001,0.0,38.0,0.0,-0.00375,-26.187588975113616,0.0,1.95658,0,42.0,38.0,1.21407,1.43659,1.5727,1.7037,1.80033,1.85486,1.88585,1.91414,1.93506,1.95658,1.97875,2.00157,2.03469,2.07429,2.15403,2.33857,2.74723,3.69812,72.5984,15.967592,1.0,0.0,0.0,,brake,-0.8999999998848325,0.0,0.38,1,5.218,0.0
295,2812.62,23.5649,-2.29233,-0.651351,0.774633,RECOVERY,0.21053546133261974,0.21053546133261974,0.21053546133261974,0.2070170339353724,0.2070170339353724,0.5640975386673803,0.5676159660646276,0.10400000000000001,0.0,38.0,0.0,-0.00375,-26.316562750869686,0.0,1.85866,0,42.0,38.0,1.13704,1.35413,1.48589,1.61285,1.70666,1.75965,1.7898,1.81734,1.8377,1.85866,1.88026,1.90251,1.93481,1.97346,2.05137,2.23214,2.63484,3.58502,66.393,15.885192,1.0,0.0,0.0,,brake,-0.8999999999562365,0.0,0.38,1,5.24,0.0
296,2812.74,22.5426,-2.0754,-0.640405,0.789446,RECOVERY,0.21044546936044964,0.21044546936044964,0.21044546936044964,0.20696845624420607,0.20696845624420607,0.5790005306395504,0.5824775437557939,0.10400000000000001,0.0,38.0,0.0,-0.00375,-26.435615466952,0.0,1.7619,0,42.0,38.0,1.06393,1.2745,1.40149,1.52401,1.61468,1.66597,1.69516,1.72183,1.74157,1.7619,1.78284,1.80443,1.83579,1.87334,1.9491,2.12533,2.52011,3.4641,61.9246,15.803408000000001,1.0,0.0,0.0,,brake,-0.8999999999833699,0.0,0.38,1,5.262,0.0
297,2812.85,21.5234,-1.87186,-0.630594,0.803478,RECOVERY,0.21036297671929355,0.21036297671929355,0.21036297671929355,0.20692701231550462,0.20692701231550462,0.5931150232807065,0.5965509876844954,0.10400000000000001,0.0,38.0,0.0,-0.00375,-26.544747123361013,0.0,1.6665,0,42.0,38.0,0.994502,1.19764,1.31953,1.43728,1.52454,1.57396,1.6021,1.62783,1.64688,1.6665,1.68673,1.70758,1.73789,1.7742,1.84754,2.01852,2.40356,3.33601,58.4834,15.721872,1.0,0.0,0.0,,brake,-0.8999999999936806,0.0,0.38,1,5.284,0.0
298,2812.96,20.5003,-1.68229,-0.621815,0.816744,RECOVERY,0.21028048407813743,0.21028048407813743,0.21028048407813743,0.20688548439481913,0.20688548439481913,0.6064635159218625,0.6098585156051809,0.10400000000000001,0.0,38.0,0.0,-0.00375,-26.65387877977003,0.0,1.57298,0,42.0,38.0,0.928678,1.12371,1.24027,1.35299,1.43664,1.48407,1.51109,1.53581,1.55412,1.57298,1.59243,1.6125,1.64166,1.67663,1.74732,1.91246,2.2862,3.20214,55.778,15.640024,1.0,0.0,0.0,,brake,-0.8999999999975987,0.0,0.38,1,5.306,0.0
299,2813.07,19.4634,-1.5086,-0.61396,0.829299,EDGE_GUARD,0.2101979914369813,0.2101979914369813,0.2101979914369813,0.20684426259575203,0.20684426259575203,0.6191010085630186,0.622454737404248,0.10400000000000001,0.0,38.0,0.0,-0.00375,-26.763010436179044,0.0,1.4815,0,42.0,38.0,0.866204,1.05263,1.16367,1.27118,1.35108,1.39641,1.42227,1.44592,1.46344,1.4815,1.50013,1.51936,1.54731,1.58084,1.64869,1.8075,2.16859,3.06344,53.6136,15.557072,1.0,0.0,0.0,,brake,-0.8999999999989915,0.0,0.12,1,5.328,0.0
300,2813.17,18.6809,-1.42897,-0.606755,0.841176,EDGE_GUARD,0.21012299812683957,0.21012299812683957,0.21012299812683957,0.2068002500862856,0.2068002500862856,0.6310530018731605,0.6343757499137144,0.10400000000000001,0.0,38.0,0.0,-0.00375,-26.862221032914306,0.0,1.39269,0,42.0,38.0,0.806961,0.984534,1.09001,1.19225,1.26832,1.31152,1.33617,1.35873,1.37545,1.39269,1.41048,1.42884,1.45554,1.48759,1.5525,1.70471,2.05228,2.92295,51.8071,15.494472,1.0,0.0,0.0,,brake,-0.8999999999995765,0.0,0.12,1,5.35,0.0
301,2813.27,18.0711,-1.67623,-0.598652,0.852327,EDGE_GUARD,0.21004797892624177,0.21004797892624177,0.21004797892624177,0.20674928339560805,0.20674928339560805,0.6422790210737581,0.6455777166043919,0.10400000000000001,0.0,38.0,0.0,-0.00375,-26.901729051680903,0.0,1.31025,0,42.0,38.0,0.751428,0.920907,1.02129,1.11872,1.19133,1.2326,1.25617,1.27775,1.29375,1.31025,1.32728,1.34486,1.37045,1.40118,1.46346,1.60985,1.94583,2.79813,49.8842,15.445688,1.0,0.0,0.0,,brake,-0.8999999999998222,0.0,0.12,1,5.372,0.0
302,2813.36,17.5195,-1.92865,-0.589282,0.862651,EDGE_GUARD,0.20998045258404396,0.20998045258404396,0.20998045258404396,0.20670344254336057,0.20670344254336057,0.652670547415956,0.6559475574566394,0.10400000000000001,0.0,38.0,0.0,-0.00375,-26.91639036628203,0.0,1.23567,0,42.0,38.0,0.700164,0.862587,0.958515,1.05177,1.12139,1.16102,1.18367,1.20441,1.2198,1.23567,1.25206,1.26899,1.29365,1.32327,1.38339,1.52505,1.85218,2.69493,47.7944,15.40156,1.0,0.0,0.0,,brake,-0.8999999999999253,0.0,0.12,1,5.394,0.0
303,2813.46,17.0037,-2.08249,-0.5792,0.872225,EDGE_GUARD,0.2099054233149355,0.2099054233149355,0.2099054233149355,0.2066486292473425,0.2066486292473425,0.6623195766850645,0.6655763707526575,0.10400000000000001,0.0,38.0,0.0,-0.00375,-26.932680715838796,0.0,1.16721,0,42.0,38.0,0.652703,0.808702,0.900593,0.990095,1.05704,1.09521,1.11703,1.13704,1.15188,1.16721,1.18304,1.1994,1.22323,1.25189,1.31013,1.44777,1.76782,2.60696,45.7219,15.360296,1.0,0.0,0.0,,brake,-0.8999999999999686,0.0,0.12,1,5.416,0.0
304,2813.55,16.5215,-2.12809,-0.568937,0.881173,EDGE_GUARD,0.2098378969727377,0.2098378969727377,0.2098378969727377,0.20659994606620286,0.20659994606620286,0.6713351030272623,0.6745730539337971,0.10400000000000001,0.0,38.0,0.0,-0.00375,-26.947342030439923,0.0,1.10283,0,42.0,38.0,0.608333,0.758149,0.8462,0.932137,0.996553,1.03333,1.05438,1.07369,1.08803,1.10283,1.11813,1.13395,1.15702,1.18478,1.24126,1.37516,1.68883,2.52714,43.794,15.32172,1.0,0.0,0.0,,brake,-0.8999999999999868,0.0,0.12,1,5.438,0.0
305,2813.64,16.0608,-2.1138,-0.558784,0.889614,EDGE_GUARD,0.20977037063054024,0.20977037063054024,0.20977037063054024,0.2065503729245239,0.2065503729245239,0.6798436293694597,0.6830636270754761,0.10400000000000001,0.0,38.0,0.0,-0.00375,-26.962003345040976,0.0,1.04107,0,42.0,38.0,0.566413,0.710043,0.794308,0.876726,0.938642,0.97405,0.994334,1.01296,1.02678,1.04107,1.05585,1.07114,1.09344,1.1203,1.17503,1.3052,1.61251,2.45061,42.0512,15.284864,1.0,0.0,0.0,,brake,-0.8999999999999946,0.0,0.12,1,5.46,0.0
306,2813.73,15.6194,-2.08132,-0.54881,0.897609,EDGE_GUARD,0.20970284428834243,0.20970284428834243,0.20970284428834243,0.20650000203456878,0.20650000203456878,0.6879061557116576,0.6911089979654312,0.10400000000000001,0.0,38.0,0.0,-0.00375,-26.9766646596421,0.0,0.981369,0,42.0,38.0,0.526623,0.664005,0.744495,0.823399,0.882809,0.916838,0.936353,0.954278,0.967597,0.981369,0.995616,1.01036,1.03189,1.05784,1.11079,1.23716,1.53789,2.37572,40.4803,15.249552,1.0,0.0,0.0,,brake,-0.8999999999999978,0.0,0.12,1,5.482,0.0
307,2813.82,15.2096,-2.04638,-0.539,0.905196,EDGE_GUARD,0.20963531794614465,0.20963531794614465,0.20963531794614465,0.20644836328870553,0.20644836328870553,0.6955606820538554,0.6987476367112945,0.10400000000000001,0.0,38.0,0.0,-0.00375,-26.991325974243228,0.0,0.923515,0,42.0,38.0,0.488782,0.619858,0.69658,0.771965,0.828859,0.861502,0.880239,0.897462,0.910267,0.923515,0.937225,0.951423,0.972164,0.997192,1.04834,1.17082,1.46471,2.30214,39.055,15.216768,1.0,0.0,0.0,,brake,-0.8999999999999991,0.0,0.12,1,5.504,0.0
308,2813.9,14.8166,-2.0035,-0.529394,0.912413,EDGE_GUARD,0.20957529453085785,0.20957529453085785,0.20957529453085785,0.2064035391137936,0.2064035391137936,0.7028377054691421,0.7060094608862064,0.10400000000000001,0.0,38.0,0.0,-0.00375,-27.004358253888643,0.0,0.867176,0,42.0,38.0,0.452686,0.577368,0.650305,0.722145,0.776493,0.807728,0.825675,0.842183,0.854464,0.867176,0.880339,0.893977,0.913916,0.937995,0.987285,1.10572,1.39237,2.22872,37.7624,15.185328,1.0,0.0,0.0,,brake,-0.8999999999999997,0.0,0.12,1,5.526,0.0
309,2813.99,14.4255,-1.95625,-0.520031,0.919267,EDGE_GUARD,0.2095077681886604,0.2095077681886604,0.2095077681886604,0.20635110407242357,0.20635110407242357,0.7097592318113395,0.7129158959275763,0.10400000000000001,0.0,38.0,0.0,-0.00375,-27.019019568489696,0.0,0.81235,0,42.0,38.0,0.418305,0.536526,0.605668,0.673937,0.725709,0.755516,0.772659,0.788439,0.800186,0.81235,0.824954,0.83802,0.857135,0.880243,0.927615,1.04186,1.32079,2.1551,36.5904,15.15404,1.0,0.0,0.0,,brake,-0.8999999999999999,0.0,0.12,1,5.548,0.0
310,2814.07,14.0348,-1.90778,-0.510915,0.925786,EDGE_GUARD,0.20944774477337327,0.20944774477337327,0.20944774477337327,0.20630612031782963,0.20630612031782963,0.7163382552266268,0.7194798796821704,0.10400000000000001,0.0,38.0,0.0,-0.00375,-27.032051848135183,0.0,0.758872,0,42.0,38.0,0.385501,0.497194,0.562524,0.627191,0.676354,0.704706,0.72103,0.736067,0.747267,0.758872,0.770902,0.783381,0.801649,0.823755,0.869145,0.979012,1.24969,2.08064,35.5247,15.122784,1.0,0.0,0.0,,brake,-0.9,0.0,0.12,1,5.57,0.0
311,2814.15,13.6443,-1.85873,-0.502048,0.931978,EDGE_GUARD,0.2093877213580865,0.2093877213580865,0.2093877213580865,0.2062610936309036,0.2062610936309036,0.7225902786419135,0.7257169063690964,0.10400000000000001,0.0,38.0,0.0,-0.00375,-27.045084127780594,0.0,0.706763,0,42.0,38.0,0.354235,0.459362,0.520873,0.581916,0.628439,0.655317,0.670808,0.685087,0.69573,0.706763,0.718207,0.730085,0.747486,0.768563,0.811909,0.917222,1.17909,2.00523,34.5522,15.091544,1.0,0.0,0.0,,brake,-0.9,0.0,0.12,1,5.592,0.0
312,2814.22,13.2539,-1.80917,-0.49343,0.937856,EDGE_GUARD,0.20933520086971075,0.20933520086971075,0.20933520086971075,0.2062235298961086,0.2062235298961086,0.7285207991302893,0.7316324701038914,0.10400000000000001,0.0,38.0,0.0,-0.00375,-27.056487372470293,0.0,0.656016,0,42.0,38.0,0.324452,0.422994,0.480688,0.538092,0.58195,0.607335,0.621979,0.63549,0.645565,0.656016,0.666862,0.678125,0.694639,0.71466,0.755902,0.856485,1.10897,1.9286,33.6623,15.060312,1.0,0.0,0.0,,brake,-0.9,0.0,0.12,1,5.614,0.0
313,2814.3,12.8637,-1.75917,-0.485061,0.943428,RECOVERY,0.20927517745442362,0.20927517745442362,0.20927517745442362,0.20617842131624953,0.20617842131624953,0.7341528225455765,0.7372495786837505,0.10400000000000001,0.0,38.0,0.0,-0.00375,-27.069519652115783,0.0,0.606651,0,42.0,38.0,0.296114,0.388077,0.441965,0.495723,0.5369,0.560775,0.574564,0.587294,0.596793,0.606651,0.616888,0.627526,0.643134,0.662074,0.701157,0.796839,1.03937,1.8506,32.8457,15.029096,1.0,0.0,0.0,,brake,-0.9,0.0,0.38,1,5.636,0.0
314,2814.37,11.9347,-1.58322,-0.477202,0.948631,RECOVERY,0.20922265696604786,0.20922265696604786,0.20922265696604786,0.20616125795979975,0.20616125795979975,0.7394083430339522,0.7424697420402002,0.10400000000000001,0.0,38.0,0.0,-0.00375,-27.080922896805482,0.0,0.55921,0,42.0,38.0,0.269543,0.355015,0.405151,0.455293,0.493795,0.516158,0.529087,0.541031,0.54995,0.55921,0.568832,0.578836,0.593525,0.611368,0.648244,0.738867,0.970779,1.77041,32.1196,14.954776,1.0,0.0,0.0,,brake,-0.9,0.0,0.38,1,5.658,0.0
315,2814.44,10.9225,-1.4432,-0.47006,0.953346,RECOVERY,0.20917013647767174,0.20917013647767174,0.20917013647767174,0.2061470337727554,0.2061470337727554,0.7441758635223283,0.7471989662272447,0.10400000000000001,0.0,38.0,0.0,-0.00375,-27.092326141495256,0.0,0.515008,0,42.0,38.0,0.245366,0.32465,0.371207,0.417881,0.453804,0.474703,0.486797,0.497977,0.50633,0.515008,0.524029,0.533413,0.547202,0.563966,0.598666,0.684245,0.90526,1.69028,31.4916,14.8738,1.0,0.0,0.0,,brake,-0.9,0.0,0.38,1,5.68,0.0
316,2814.5,9.89555,-1.3166,-0.463551,0.957549,RECOVERY,0.20912511891620666,0.20912511891620666,0.20912511891620666,0.20614062787579718,0.20614062787579718,0.7484238810837933,0.7514083721242029,0.10400000000000001,0.0,38.0,0.0,-0.00375,-27.102100351229314,0.0,0.474711,0,42.0,38.0,0.223745,0.297287,0.340521,0.383964,0.417471,0.436995,0.448303,0.458764,0.466584,0.474711,0.483164,0.491962,0.504897,0.520637,0.553265,0.634006,0.844344,1.61343,30.9426,14.791644,1.0,0.0,0.0,,brake,-0.9,0.0,0.38,1,5.702,0.0
317,2814.55,8.86431,-1.1885,-0.457677,0.961257,RECOVERY,0.20908760428165227,0.20908760428165227,0.20908760428165227,0.20614164031859955,0.20614164031859955,0.7521693957183477,0.7551153596814004,0.10400000000000001,0.0,38.0,0.0,-0.00375,-27.110245526007734,0.0,0.438408,0,42.0,38.0,0.204607,0.272897,0.313092,0.353564,0.384843,0.403095,0.413674,0.423468,0.430792,0.438408,0.446332,0.454584,0.466723,0.481507,0.512192,0.588368,0.788444,1.54073,30.465,14.7091448,1.0,0.0,0.0,,brake,-0.9,0.0,0.38,1,5.724,0.0
318,2814.6,7.83303,-1.05634,-0.452446,0.964491,RECOVERY,0.2090500896470982,0.2090500896470982,0.2090500896470982,0.2061424087757824,0.2061424087757824,0.7554409103529018,0.7583485912242176,0.10400000000000001,0.0,38.0,0.0,-0.00375,-27.11839070078608,0.0,0.406121,0,42.0,38.0,0.18786,0.25142,0.288873,0.326656,0.355911,0.373004,0.382919,0.392102,0.398973,0.406121,0.413561,0.421313,0.432721,0.446626,0.475521,0.547462,0.737849,1.4729,30.0533,14.6266424,1.0,0.0,0.0,,brake,-0.9,0.0,0.08000000000000002,1,5.746,0.0
319,2814.65,7.36131,-0.987686,-0.447788,0.967397,RECOVERY,0.20901257501254378,0.20901257501254378,0.20901257501254378,0.2061223258649572,0.2061223258649572,0.7583844249874562,0.7612746741350427,0.10400000000000001,0.0,38.0,0.0,-0.00375,-27.126535875564503,0.0,0.376505,0,42.0,38.0,0.172769,0.231935,0.266836,0.302106,0.329461,0.345462,0.354751,0.363358,0.369801,0.376505,0.383487,0.390763,0.401478,0.414545,0.441732,0.509599,0.690461,1.40636,29.698,14.5889048,1.0,0.0,0.0,,turn,-0.9,0.22,0.0,1,5.768,0.0
320,2814.69,7.44485,-1.02292,-0.443498,0.97018,RECOVERY,0.2089825633049004,0.2089825633049004,0.2089825633049004,0.20608923512187544,0.20608923512187544,0.7611974366950996,0.7640907648781246,0.10400000000000001,0.0,38.0,0.0,-0.00375,-27.133052015387207,0.0,0.347471,0,42.0,38.0,0.158261,0.213063,0.245424,0.278181,0.303627,0.318527,0.327183,0.335207,0.341216,0.347471,0.353987,0.36078,0.370789,0.383002,0.40844,0.4721,0.642876,1.3354,29.3813,14.595588,1.0,0.0,0.0,,turn,-0.9,0.24,0.0,1,5.79,0.0
321,2814.73,7.62953,-1.0496,-0.439093,0.972969,RECOVERY,0.208952551597257,0.208952551597257,0.208952551597257,0.20605240667237856,0.20605240667237856,0.764016448402743,0.7669165933276214,0.10400000000000001,0.0,38.0,0.0,-0.00375,-27.139568155209915,0.0,0.31792,0,42.0,38.0,0.143684,0.194008,0.223758,0.253925,0.277397,0.291157,0.299156,0.306575,0.312133,0.31792,0.323951,0.330242,0.339515,0.350837,0.374445,0.433683,0.593716,1.2599,29.0634,14.6103624,1.0,0.0,0.0,,turn,-0.9,0.24,0.0,1,5.812,0.0
322,2814.78,7.779,-1.05151,-0.434655,0.975801,RECOVERY,0.20891503696270258,0.20891503696270258,0.20891503696270258,0.20600937074234119,0.20600937074234119,0.7668859630372975,0.7697916292576589,0.10400000000000001,0.0,38.0,0.0,-0.00375,-27.147713329988335,0.0,0.287331,0,42.0,38.0,0.128839,0.174482,0.201498,0.228941,0.250329,0.262883,0.270186,0.276962,0.282041,0.287331,0.292847,0.298602,0.307089,0.31746,0.339109,0.393579,0.541808,1.1763,28.7518,14.62232,1.0,0.0,0.0,,turn,-0.9,0.24,0.0,1,5.834,0.0
323,2814.83,8.01238,-1.09733,-0.430142,0.978655,RECOVERY,0.20887752232814852,0.20887752232814852,0.20887752232814852,0.20596322246606907,0.20596322246606907,0.7697774776718516,0.772691777533931,0.10400000000000001,0.0,38.0,0.0,-0.00375,-27.15585850476668,0.0,0.255942,0,42.0,38.0,0.113836,0.154635,0.178815,0.203423,0.222634,0.233924,0.240497,0.246599,0.251174,0.255942,0.260914,0.266105,0.273764,0.283129,0.302703,0.352093,0.48753,1.08496,28.4428,14.6409904,1.0,0.0,0.0,,brake,-0.9,0.0,0.34,1,5.856,0.0
324,2814.87,7.25318,-0.944005,-0.425481,0.981395,RECOVERY,0.20884751062050513,0.20884751062050513,0.20884751062050513,0.20596126843303744,0.20596126843303744,0.7725474893794949,0.7754337315669626,0.10400000000000001,0.0,38.0,0.0,-0.00375,-27.162374644589388,0.0,0.225374,0,42.0,38.0,0.0993938,0.135445,0.156842,0.178659,0.195723,0.205764,0.211614,0.217048,0.221125,0.225374,0.229808,0.234439,0.241276,0.249641,0.267148,0.311456,0.433959,0.992477,28.129,14.5802544,1.0,0.0,0.0,,turn,-0.9,0.0,0.040000000000000036,1,5.878,0.0
325,2814.91,6.89472,-0.9317,-0.421249,0.983891,RECOVERY,0.20881749891286175,0.20881749891286175,0.20881749891286175,0.20594445991497068,0.20594445991497068,0.7750735010871382,0.7779465400850293,0.10400000000000001,0.0,38.0,0.0,-0.00375,-27.168890784412095,0.0,0.196976,0,42.0,38.0,0.0861956,0.1178,0.136584,0.15577,0.170801,0.179657,0.18482,0.189619,0.19322,0.196976,0.200896,0.204991,0.211041,0.21845,0.233971,0.273365,0.383122,0.89976,27.8516,14.5515776,1.0,0.0,0.0,,turn,-0.9,0.22,0.0,1,5.9,0.0
326,2814.95,6.90577,-0.950572,-0.417296,0.986266,RECOVERY,0.20878748720521836,0.20878748720521836,0.20878748720521836,0.20591404527620413,0.20591404527620413,0.7774785127947816,0.7803519547237958,0.10400000000000001,0.0,38.0,0.0,-0.00375,-27.1754069242348,0.0,0.16944,0,42.0,38.0,0.0736027,0.100864,0.117087,0.133686,0.146712,0.154396,0.158878,0.163046,0.166175,0.16944,0.172848,0.176411,0.181677,0.188128,0.201661,0.236102,0.332773,0.802443,27.5989,14.5524616,1.0,0.0,0.0,,turn,-0.9,0.24,0.0,1,5.922,0.0
327,2814.99,7.13986,-1.00152,-0.413228,0.988637,RECOVERY,0.20875747549757498,0.20875747549757498,0.20875747549757498,0.20587541991374947,0.20587541991374947,0.779879524502425,0.7827615800862505,0.10400000000000001,0.0,38.0,0.0,-0.00375,-27.181923064057507,0.0,0.141486,0,42.0,38.0,0.0609916,0.0838175,0.0974206,0.111363,0.122323,0.128796,0.132574,0.13609,0.13873,0.141486,0.144364,0.147374,0.151825,0.157282,0.168742,0.197991,0.280738,0.696915,27.3436,14.5711888,1.0,0.0,0.0,,turn,-0.9,0.24,0.0,1,5.944,0.0
328,2815.04,7.30291,-1.01695,-0.409078,0.991035,RECOVERY,0.20871996086302055,0.20871996086302055,0.20871996086302055,0.20583190012760036,0.20583190012760036,0.7823150391369794,0.7852030998723997,0.10400000000000001,0.0,38.0,0.0,-0.00375,-27.190068238835927,0.0,0.112687,0,42.0,38.0,0.0481952,0.0664239,0.0773034,0.0884753,0.0972724,0.102474,0.105513,0.108342,0.110467,0.112687,0.115006,0.117432,0.121021,0.125426,0.134686,0.158392,0.226017,0.579192,27.0889,14.5842328,1.0,0.0,0.0,,turn,-0.9,0.24,0.0,1,5.966,0.0
329,2815.08,7.47082,-1.03254,-0.40483,0.993465,RECOVERY,0.20868994915537717,0.20868994915537717,0.20868994915537717,0.20579569685707577,0.20579569685707577,0.7847750508446228,0.7876693031429243,0.10400000000000001,0.0,38.0,0.0,-0.00375,-27.196584378658635,0.0,0.0829647,0,42.0,38.0,0.0351947,0.0486509,0.0566947,0.0649706,0.0714993,0.0753646,0.0776246,0.0797294,0.0813117,0.0829647,0.0846927,0.0865009,0.0891779,0.0924652,0.099386,0.117159,0.168306,0.446691,26.8337,14.5976656,1.0,0.0,0.0,,turn,-0.9,0.24,0.0,1,5.988,0.0
330,2815.13,7.69684,-1.07296,-0.400488,0.995915,RECOVERY,0.20865243452082277,0.20865243452082277,0.20865243452082277,0.20574983729476673,0.20574983729476673,0.7872625654791772,0.7901651627052333,0.10400000000000001,0.0,38.0,0.0,-0.00375,-27.204729553437055,0.0,0.0523867,0,42.0,38.0,0.0220362,0.0305549,0.0356557,0.0409142,0.0450705,0.0475345,0.0489764,0.05032,0.0513306,0.0523867,0.0534913,0.0546478,0.0563608,0.0584661,0.0629044,0.0743401,0.107557,0.296768,26.5785,14.6157472,1.0,0.0,0.0,,turn,-0.9,0.24,0.0,1,6.01,0.0
331,2815.17,7.85491,-1.08625,-0.396048,0.998396,RECOVERY,0.20862242281317936,0.20862242281317936,0.20862242281317936,0.20571398290423812,0.20571398290423812,0.7897735771868206,0.7926820170957618,0.10400000000000001,0.0,38.0,0.0,-0.00375,-27.211245693259762,0.0,0.0207854,0,42.0,38.0,0.00866718,0.0120556,0.0140882,0.016188,0.0178509,0.0188382,0.0194164,0.0199555,0.0203612,0.0207854,0.0212293,0.0216942,0.0223833,0.0232309,0.0250204,0.0296472,0.04322,0.124529,26.3233,14.6283928,1.0,0.0,0.0,,turn,-0.9,0.24,0.0,1,6.032,0.0
332,2815.22,8.02456,-1.10702,-0.391497,1.00088,RECOVERY,0.2085849081786253,0.2085849081786253,0.2085849081786253,0.20567019178153584,0.20567019178153584,0.7922950918213747,0.7952098082184642,0.10400000000000001,0.0,45.0,0.0,-0.00375,-27.219390868038108,0.0,-1.0,-4,42.0,45.0,-1.0,-1.0,-1.0,-1.0,-1.0,-1.0,-1.0,-1.0,-1.0,-1.0,-1.0,-1.0,-1.0,-1.0,-1.0,-1.0,-1.0,-1.0,-1.0,14.6419648,1.0,0.0,0.0,,brake,-0.9,0.0,0.34,1,6.054,0.0
333,2815.27,7.26812,-0.942652,-0.386845,1.00327,RECOVERY,0.2085473935440709,0.2085473935440709,0.2085473935440709,0.20566063589397027,0.20566063589397027,0.7947226064559292,0.7976093641060298,0.10400000000000001,0.0,45.0,0.0,-0.00375,-27.227536042816528,0.0,-1.0,-4,42.0,45.0,-1.0,-1.0,-1.0,-1.0,-1.0,-1.0,-1.0,-1.0,-1.0,-1.0,-1.0,-1.0,-1.0,-1.0,-1.0,-1.0,-1.0,-1.0,-1.0,14.5814496,1.0,0.0,0.0,,turn,-0.9,0.0,0.040000000000000036,1,6.076,0.0
334,2815.31,6.87778,-0.925599,-0.382677,1.00546,RECOVERY,0.2085173818364275,0.2085173818364275,0.2085173818364275,0.20564500111060408,0.20564500111060408,0.7969426181635725,0.7998149988893959,0.10400000000000001,0.0,45.0,0.0,-0.00375,-27.234052182639235,0.0,-1.0,-4,42.0,45.0,-1.0,-1.0,-1.0,-1.0,-1.0,-1.0,-1.0,-1.0,-1.0,-1.0,-1.0,-1.0,-1.0,-1.0,-1.0,-1.0,-1.0,-1.0,-1.0,14.5502224,1.0,0.0,0.0,,turn,-0.9,0.22,0.0,1,6.098,0.0
335,2815.35,6.93785,-0.962047,-0.378661,1.00751,RECOVERY,0.2084873701287841,0.2084873701287841,0.2084873701287841,0.20561278327295446,0.20561278327295446,0.7990226298712158,0.8018972167270455,0.10400000000000001,0.0,45.0,0.0,-0.00375,-27.24056832246194,0.0,-1.0,-4,42.0,45.0,-1.0,-1.0,-1.0,-1.0,-1.0,-1.0,-1.0,-1.0,-1.0,-1.0,-1.0,-1.0,-1.0,-1.0,-1.0,-1.0,-1.0,-1.0,-1.0,14.555028,1.0,0.0,0.0,,turn,-0.9,0.24,0.0,1,6.12,0.0
336,2815.39,7.15205,-0.998608,-0.374611,1.00956,RECOVERY,0.20845735842114071,0.20845735842114071,0.20845735842114071,0.20557488905083643,0.20557488905083643,0.8011026415788594,0.8039851109491636,0.10400000000000001,0.0,45.0,0.0,-0.00375,-27.247084462284647,0.0,-1.0,-4,42.0,45.0,-1.0,-1.0,-1.0,-1.0,-1.0,-1.0,-1.0,-1.0,-1.0,-1.0,-1.0,-1.0,-1.0,-1.0,-1.0,-1.0,-1.0,-1.0,-1.0,14.572164,1.0,0.0,0.0,,turn,-0.9,0.24,0.0,1,6.142,0.0
337,2815.44,7.33488,-1.0224,-0.370475,1.01164,RECOVERY,0.20841984378658632,0.20841984378658632,0.20841984378658632,0.2055306393456457,0.2055306393456457,0.8032201562134138,0.8061093606543543,0.10400000000000001,0.0,45.0,0.0,-0.00375,-27.255229637063067,0.0,-1.0,-4,42.0,45.0,-1.0,-1.0,-1.0,-1.0,-1.0,-1.0,-1.0,-1.0,-1.0,-1.0,-1.0,-1.0,-1.0,-1.0,-1.0,-1.0,-1.0,-1.0,-1.0,14.5867904,1.0,0.0,0.0,,turn,-0.9,0.24,0.0,1,6.164,0.0
338,2815.48,7.48765,-1.03088,-0.366248,1.01374,RECOVERY,0.20838983207894293,0.20838983207894293,0.20838983207894293,0.20549499385047243,0.20549499385047243,0.8053501679210572,0.8082450061495277,0.10400000000000001,0.0,45.0,0.0,-0.00375,-27.261745776885775,0.0,-1.0,-4,42.0,45.0,-1.0,-1.0,-1.0,-1.0,-1.0,-1.0,-1.0,-1.0,-1.0,-1.0,-1.0,-1.0,-1.0,-1.0,-1.0,-1.0,-1.0,-1.0,-1.0,14.599012,1.0,0.0,0.0,,turn,-0.9,0.24,0.0,1,6.186,0.0
339,2815.53,7.69972,-1.06316,-0.361919,1.01585,RECOVERY,0.2083523174443885,0.2083523174443885,0.2083523174443885,0.20544964918452954,0.20544964918452954,0.8074976825556114,0.8104003508154703,0.10400000000000001,0.0,45.0,0.0,-0.00375,-27.269890951664195,0.0,-1.0,-4,42.0,45.0,-1.0,-1.0,-1.0,-1.0,-1.0,-1.0,-1.0,-1.0,-1.0,-1.0,-1.0,-1.0,-1.0,-1.0,-1.0,-1.0,-1.0,-1.0,-1.0,14.6159776,1.0,0.0,0.0,,turn,-0.9,0.24,0.0,1,6.208,0.0
340,2815.57,7.87712,-1.05448,-0.357611,1.018,RECOVERY,0.20832230573674512,0.20832230573674512,0.20832230573674512,0.20541307940526862,0.20541307940526862,0.8096776942632549,0.8125869205947314,0.10400000000000001,0.0,45.0,0.0,-0.00375,-27.276407091486902,0.0,-1.0,-4,42.0,45.0,-1.0,-1.0,-1.0,-1.0,-1.0,-1.0,-1.0,-1.0,-1.0,-1.0,-1.0,-1.0,-1.0,-1.0,-1.0,-1.0,-1.0,-1.0,-1.0,14.6301696,1.0,0.0,0.0,,turn,-0.9,0.24,0.0,1,6.23,0.0
341,2815.62,8.05508,-1.07029,-0.353247,1.02018,RECOVERY,0.20828479110219106,0.20828479110219106,0.20828479110219106,0.20536897958671488,0.20536897958671488,0.8118952088978091,0.8148110204132852,0.10400000000000001,0.0,45.0,0.0,-0.00375,-27.284552266265248,0.0,-1.0,-4,42.0,45.0,-1.0,-1.0,-1.0,-1.0,-1.0,-1.0,-1.0,-1.0,-1.0,-1.0,-1.0,-1.0,-1.0,-1.0,-1.0,-1.0,-1.0,-1.0,-1.0,14.6444064,1.0,0.0,0.0,,brake,-0.9,0.0,0.34,1,6.252,0.0
342,2815.67,7.41921,-0.926381,-0.348832,1.02229,RECOVERY,0.20824727646763666,0.20824727646763666,0.20824727646763666,0.2053549811853368,0.2053549811853368,0.8140427235323633,0.8169350188146631,0.10400000000000001,0.0,45.0,0.0,-0.00375,-27.292697441043668,0.0,-1.0,-4,42.0,45.0,-1.0,-1.0,-1.0,-1.0,-1.0,-1.0,-1.0,-1.0,-1.0,-1.0,-1.0,-1.0,-1.0,-1.0,-1.0,-1.0,-1.0,-1.0,-1.0,14.5935368,1.0,0.0,0.0,,turn,-0.9,0.0,0.040000000000000036,1,6.274,0.0
343,2815.71,6.92206,-0.757988,-0.34524,1.0243,RECOVERY,0.20821726475999325,0.20821726475999325,0.20821726475999325,0.20534329052233427,0.20534329052233427,0.8160827352400067,0.8189567094776657,0.10400000000000001,0.0,45.0,0.0,-0.00375,-27.299213580866375,0.0,-1.0,-4,42.0,45.0,-1.0,-1.0,-1.0,-1.0,-1.0,-1.0,-1.0,-1.0,-1.0,-1.0,-1.0,-1.0,-1.0,-1.0,-1.0,-1.0,-1.0,-1.0,-1.0,14.5537648,1.0,0.0,0.0,,turn,-0.9,0.22,0.0,1,6.296,0.0
344,2815.75,6.99221,-0.909069,-0.341512,1.02619,RECOVERY,0.20818725305234986,0.20818725305234986,0.20818725305234986,0.20531070111655178,0.20531070111655178,0.8180027469476501,0.8208792988834481,0.10400000000000001,0.0,42.0,0.0,-0.00375,-27.30572972068908,0.0,-1.0,-4,42.0,45.0,-1.0,-1.0,-1.0,-1.0,-1.0,-1.0,-1.0,-1.0,-1.0,-1.0,-1.0,-1.0,-1.0,-1.0,-1.0,-1.0,-1.0,-1.0,-1.0,14.5593768,1.0,0.0,0.0,,turn,-0.9,0.24,0.0,1,6.318,0.0
345,2815.79,7.16162,-0.96777,-0.337565,1.02798,RECOVERY,0.20815724134470648,0.20815724134470648,0.20815724134470648,0.2052744546891034,0.2052744546891034,0.8198227586552934,0.8227055453108965,0.10400000000000001,0.0,42.0,0.0,-0.00375,-27.312245860511787,0.0,-1.0,-4,42.0,45.0,-1.0,-1.0,-1.0,-1.0,-1.0,-1.0,-1.0,-1.0,-1.0,-1.0,-1.0,-1.0,-1.0,-1.0,-1.0,-1.0,-1.0,-1.0,-1.0,14.5729296,1.0,0.0,0.0,,turn,-0.9,0.24,0.0,1,6.34,0.0
346,2815.84,7.34753,-0.990364,-0.333521,1.02977,RECOVERY,0.20811972671015208,0.20811972671015208,0.20811972671015208,0.2052300910204367,0.2052300910204367,0.821650273289848,0.8245399089795633,0.10400000000000001,0.0,42.0,0.0,-0.00375,-27.320391035290207,0.0,-1.0,-4,42.0,45.0,-1.0,-1.0,-1.0,-1.0,-1.0,-1.0,-1.0,-1.0,-1.0,-1.0,-1.0,-1.0,-1.0,-1.0,-1.0,-1.0,-1.0,-1.0,-1.0,14.5878024,1.0,0.0,0.0,,turn,-0.9,0.24,0.0,1,6.362,0.0
347,2815.88,7.52621,-1.00529,-0.329406,1.03158,RECOVERY,0.20808971500250867,0.20808971500250867,0.20808971500250867,0.20519348841846272,0.20519348841846272,0.8234902849974912,0.8263865115815372,0.10400000000000001,0.0,42.0,0.0,-0.00375,-27.326907175112915,0.0,-1.0,-4,42.0,45.0,-1.0,-1.0,-1.0,-1.0,-1.0,-1.0,-1.0,-1.0,-1.0,-1.0,-1.0,-1.0,-1.0,-1.0,-1.0,-1.0,-1.0,-1.0,-1.0,14.6020968,1.0,0.0,0.0,,turn,-0.9,0.24,0.0,1,6.384,0.0
348,2815.93,7.70354,-1.02005,-0.325222,1.0334,RECOVERY,0.2080522003679546,0.2080522003679546,0.2080522003679546,0.20514942632417088,0.20514942632417088,0.8253477996320455,0.8282505736758292,0.10400000000000001,0.0,42.0,0.0,-0.00375,-27.33505234989126,0.0,-1.0,-4,42.0,45.0,-1.0,-1.0,-1.0,-1.0,-1.0,-1.0,-1.0,-1.0,-1.0,-1.0,-1.0,-1.0,-1.0,-1.0,-1.0,-1.0,-1.0,-1.0,-1.0,14.6162832,1.0,0.0,0.0,,turn,-0.9,0.24,0.0,1,6.406,0.0
349,2815.98,7.88235,-1.03745,-0.320959,1.03524,RECOVERY,0.2080146857334002,0.2080146857334002,0.2080146857334002,0.2051053022117325,0.2051053022117325,0.8272253142665997,0.8301346977882674,0.10400000000000001,0.0,42.0,0.0,-0.00375,-27.34319752466968,0.0,-1.0,-4,42.0,45.0,-1.0,-1.0,-1.0,-1.0,-1.0,-1.0,-1.0,-1.0,-1.0,-1.0,-1.0,-1.0,-1.0,-1.0,-1.0,-1.0,-1.0,-1.0,-1.0,14.630588,1.0,0.0,0.0,,turn,-0.9,0.24,0.0,1,6.428,0.0
350,2816.02,8.06068,-1.05783,-0.316606,1.03709,RECOVERY,0.20798467402575682,0.20798467402575682,0.20798467402575682,0.2050686905557461,0.2050686905557461,0.8291053259742432,0.8320213094442539,0.10400000000000001,0.0,42.0,0.0,-0.00375,-27.349713664492388,0.0,-1.0,-4,42.0,45.0,-1.0,-1.0,-1.0,-1.0,-1.0,-1.0,-1.0,-1.0,-1.0,-1.0,-1.0,-1.0,-1.0,-1.0,-1.0,-1.0,-1.0,-1.0,-1.0,14.6448544,1.0,0.0,0.0,,brake,-0.9,0.0,0.34,1,6.45,0.0
351,2816.07,7.43452,-0.917456,-0.312249,1.03886,RECOVERY,0.2079471593912024,0.2079471593912024,0.2079471593912024,0.20505433446919935,0.20505433446919935,0.8309128406087976,0.8338056655308006,0.10400000000000001,0.0,42.0,0.0,-0.00375,-27.357858839270808,0.0,-1.0,-4,42.0,45.0,-1.0,-1.0,-1.0,-1.0,-1.0,-1.0,-1.0,-1.0,-1.0,-1.0,-1.0,-1.0,-1.0,-1.0,-1.0,-1.0,-1.0,-1.0,-1.0,14.5947616,1.0,0.0,0.0,,turn,-0.9,0.0,0.040000000000000036,1,6.472,0.0
352,2816.11,6.92802,-0.754573,-0.30874,1.04058,RECOVERY,0.207917147683559,0.207917147683559,0.207917147683559,0.2050429894203301,0.2050429894203301,0.832662852316441,0.83553701057967,0.10400000000000001,0.0,42.0,0.0,-0.00375,-27.364374979093515,0.0,-1.0,-4,42.0,45.0,-1.0,-1.0,-1.0,-1.0,-1.0,-1.0,-1.0,-1.0,-1.0,-1.0,-1.0,-1.0,-1.0,-1.0,-1.0,-1.0,-1.0,-1.0,-1.0,14.5542416,1.0,0.0,0.0,,turn,-0.9,0.22,0.0,1,6.494,0.0
353,2816.16,7.00352,-0.903198,-0.304968,1.04217,RECOVERY,0.20787963304900495,0.20787963304900495,0.20787963304900495,0.20500270098087062,0.20500270098087062,0.8342903669509951,0.8371672990191295,0.10400000000000001,0.0,42.0,0.0,-0.00375,-27.37252015387186,0.0,-1.0,-4,42.0,45.0,-1.0,-1.0,-1.0,-1.0,-1.0,-1.0,-1.0,-1.0,-1.0,-1.0,-1.0,-1.0,-1.0,-1.0,-1.0,-1.0,-1.0,-1.0,-1.0,14.5602816,1.0,0.0,0.0,,turn,-0.9,0.24,0.0,1,6.516,0.0
354,2816.2,7.18467,-0.962878,-0.301001,1.04366,RECOVERY,0.2078496258362324,0.2078496258362324,0.2078496258362324,0.2049660248861883,0.2049660248861883,0.8358103741637677,0.8386939751138117,0.10400000000000001,0.0,42.0,0.0,-0.00375,-27.37970521139948,0.0,-1.0,-4,42.0,45.0,-1.0,-1.0,-1.0,-1.0,-1.0,-1.0,-1.0,-1.0,-1.0,-1.0,-1.0,-1.0,-1.0,-1.0,-1.0,-1.0,-1.0,-1.0,-1.0,14.5747736,1.0,0.0,0.0,,turn,-0.9,0.24,0.0,1,6.538,0.0
355,2816.24,7.3589,-0.981943,-0.296951,1.04514,RECOVERY,0.2078196285121757,0.2078196285121757,0.2078196285121757,0.20492960377349573,0.20492960377349573,0.8373203714878242,0.8402103962265042,0.10400000000000001,0.0,42.0,0.0,-0.00375,-27.388361887877927,0.0,-1.0,-4,42.0,45.0,-1.0,-1.0,-1.0,-1.0,-1.0,-1.0,-1.0,-1.0,-1.0,-1.0,-1.0,-1.0,-1.0,-1.0,-1.0,-1.0,-1.0,-1.0,-1.0,14.588712,1.0,0.0,0.0,,turn,-0.9,0.24,0.0,1,6.56,0.0
356,2816.29,7.53519,-0.99658,-0.292835,1.04663,RECOVERY,0.20778213185710465,0.20778213185710465,0.20778213185710465,0.2048856001849546,0.2048856001849546,0.8388478681428952,0.8417443998150453,0.10400000000000001,0.0,42.0,0.0,-0.00375,-27.399182733476042,0.0,-1.0,-4,42.0,45.0,-1.0,-1.0,-1.0,-1.0,-1.0,-1.0,-1.0,-1.0,-1.0,-1.0,-1.0,-1.0,-1.0,-1.0,-1.0,-1.0,-1.0,-1.0,-1.0,14.6028152,1.0,0.0,0.0,,turn,-0.9,0.24,0.0,1,6.582,0.0
357,2816.34,7.7171,-1.01317,-0.288641,1.04814,RECOVERY,0.2077446352020336,0.2077446352020336,0.2077446352020336,0.20484138165163268,0.20484138165163268,0.8403953647979665,0.8432986183483674,0.10400000000000001,0.0,42.0,0.0,-0.00375,-27.410003579074157,0.0,-1.0,-4,42.0,45.0,-1.0,-1.0,-1.0,-1.0,-1.0,-1.0,-1.0,-1.0,-1.0,-1.0,-1.0,-1.0,-1.0,-1.0,-1.0,-1.0,-1.0,-1.0,-1.0,14.617368,1.0,0.0,0.0,,turn,-0.9,0.24,0.0,1,6.604,0.0
358,2816.38,7.89462,-1.03104,-0.284371,1.04965,RECOVERY,0.2077146378779769,0.2077146378779769,0.2077146378779769,0.20480481736298312,0.20480481736298312,0.8419353621220231,0.8448451826370169,0.10400000000000001,0.0,42.0,0.0,-0.00375,-27.418660255552606,0.0,-1.0,-4,42.0,45.0,-1.0,-1.0,-1.0,-1.0,-1.0,-1.0,-1.0,-1.0,-1.0,-1.0,-1.0,-1.0,-1.0,-1.0,-1.0,-1.0,-1.0,-1.0,-1.0,14.6315696,1.0,0.0,0.0,,turn,-0.9,0.24,0.0,1,6.626,0.0
359,2816.43,8.07065,-1.05149,-0.280015,1.05116,RECOVERY,0.20767714122290618,0.20767714122290618,0.20767714122290618,0.20476080161248633,0.20476080161248633,0.843482858777094,0.8463991983875138,0.10400000000000001,0.0,42.0,0.0,-0.00375,-27.42948110115062,0.0,-1.0,-4,42.0,45.0,-1.0,-1.0,-1.0,-1.0,-1.0,-1.0,-1.0,-1.0,-1.0,-1.0,-1.0,-1.0,-1.0,-1.0,-1.0,-1.0,-1.0,-1.0,-1.0,14.645652,1.0,0.0,0.0,,brake,-0.9,0.0,0.34,1,6.648,0.0
360,2816.48,7.44521,-0.911565,-0.275686,1.0526,RECOVERY,0.20763964456783512,0.20763964456783512,0.20763964456783512,0.20474643356012623,0.20474643356012623,0.8449603554321649,0.8478535664398738,0.10400000000000001,0.0,42.0,0.0,-0.00375,-27.440301946748736,0.0,-1.0,-4,42.0,45.0,-1.0,-1.0,-1.0,-1.0,-1.0,-1.0,-1.0,-1.0,-1.0,-1.0,-1.0,-1.0,-1.0,-1.0,-1.0,-1.0,-1.0,-1.0,-1.0,14.5956168,1.0,0.0,0.0,,turn,-0.9,0.0,0.040000000000000036,1,6.67,0.0
361,2816.52,6.93991,-0.755935,-0.272203,1.05401,RECOVERY,0.20760964724377842,0.20760964724377842,0.20760964724377842,0.20473505617594637,0.20473505617594637,0.8464003527562215,0.8492749438240536,0.10400000000000001,0.0,42.0,0.0,-0.00375,-27.448958623227185,0.0,-1.0,-4,42.0,45.0,-1.0,-1.0,-1.0,-1.0,-1.0,-1.0,-1.0,-1.0,-1.0,-1.0,-1.0,-1.0,-1.0,-1.0,-1.0,-1.0,-1.0,-1.0,-1.0,14.5551928,1.0,0.0,0.0,,turn,-0.9,0.22,0.0,1,6.692,0.0
362,2816.56,7.01973,-0.905464,-0.268398,1.0553,RECOVERY,0.20757964991972172,0.20757964991972172,0.20757964991972172,0.20470212115472144,0.20470212115472144,0.8477203500802781,0.8505978788452785,0.10400000000000001,0.0,42.0,0.0,-0.00375,-27.457615299705637,0.0,-1.0,-4,42.0,45.0,-1.0,-1.0,-1.0,-1.0,-1.0,-1.0,-1.0,-1.0,-1.0,-1.0,-1.0,-1.0,-1.0,-1.0,-1.0,-1.0,-1.0,-1.0,-1.0,14.5615784,1.0,0.0,0.0,,turn,-0.9,0.24,0.0,1,6.714,0.0
363,2816.61,7.19195,-0.961894,-0.264419,1.05648,RECOVERY,0.20754215326465067,0.20754215326465067,0.20754215326465067,0.2046582772474856,0.2046582772474856,0.8489378467353494,0.8518217227525144,0.10400000000000001,0.0,42.0,0.0,-0.00375,-27.468436145303748,0.0,-1.0,-4,42.0,45.0,-1.0,-1.0,-1.0,-1.0,-1.0,-1.0,-1.0,-1.0,-1.0,-1.0,-1.0,-1.0,-1.0,-1.0,-1.0,-1.0,-1.0,-1.0,-1.0,14.575356,1.0,0.0,0.0,,turn,-0.9,0.24,0.0,1,6.736,0.0
364,2816.65,7.36324,-0.980169,-0.26037,1.05765,RECOVERY,0.20751215594059397,0.20751215594059397,0.20751215594059397,0.20462195989943147,0.20462195989943147,0.8501378440594061,0.8530280401005685,0.10400000000000001,0.0,42.0,0.0,-0.00375,-27.4770928217822,0.0,-1.0,-4,42.0,45.0,-1.0,-1.0,-1.0,-1.0,-1.0,-1.0,-1.0,-1.0,-1.0,-1.0,-1.0,-1.0,-1.0,-1.0,-1.0,-1.0,-1.0,-1.0,-1.0,14.5890592,1.0,0.0,0.0,,turn,-0.9,0.24,0.0,1,6.758,0.0
365,2816.7,7.5457,-0.996899,-0.256246,1.05883,RECOVERY,0.20747465928552325,0.20747465928552325,0.20747465928552325,0.2045777229711283,0.2045777229711283,0.8513553407144767,0.8542522770288716,0.10400000000000001,0.0,42.0,0.0,-0.00375,-27.487913667380216,0.0,-1.0,-4,42.0,45.0,-1.0,-1.0,-1.0,-1.0,-1.0,-1.0,-1.0,-1.0,-1.0,-1.0,-1.0,-1.0,-1.0,-1.0,-1.0,-1.0,-1.0,-1.0,-1.0,14.603656,1.0,0.0,0.0,,turn,-0.9,0.24,0.0,1,6.78,0.0
366,2816.75,7.72354,-1.01351,-0.252053,1.06,RECOVERY,0.2074371626304522,0.2074371626304522,0.2074371626304522,0.20453364919126188,0.20453364919126188,0.8525628373695479,0.8554663508087381,0.10400000000000001,0.0,42.0,0.0,-0.00375,-27.498734512978327,0.0,-1.0,-4,42.0,45.0,-1.0,-1.0,-1.0,-1.0,-1.0,-1.0,-1.0,-1.0,-1.0,-1.0,-1.0,-1.0,-1.0,-1.0,-1.0,-1.0,-1.0,-1.0,-1.0,14.6178832,1.0,0.0,0.0,,turn,-0.9,0.24,0.0,1,6.802,0.0
367,2816.79,7.89772,-1.03173,-0.247789,1.06114,RECOVERY,0.2074071653063955,0.2074071653063955,0.2074071653063955,0.20449720380894554,0.20449720380894554,0.8537328346936045,0.8566427961910544,0.10400000000000001,0.0,42.0,0.0,-0.00375,-27.50739118945678,0.0,-1.0,-4,42.0,45.0,-1.0,-1.0,-1.0,-1.0,-1.0,-1.0,-1.0,-1.0,-1.0,-1.0,-1.0,-1.0,-1.0,-1.0,-1.0,-1.0,-1.0,-1.0,-1.0,14.6318176,1.0,0.0,0.0,,turn,-0.9,0.24,0.0,1,6.824,0.0
368,2816.84,8.07235,-1.05379,-0.243439,1.06228,RECOVERY,0.20736966865132445,0.20736966865132445,0.20736966865132445,0.20445323451796243,0.20445323451796243,0.8549103313486754,0.8578267654820375,0.10400000000000001,0.0,42.0,0.0,-0.00375,-27.518212035054894,0.0,-1.0,-4,42.0,45.0,-1.0,-1.0,-1.0,-1.0,-1.0,-1.0,-1.0,-1.0,-1.0,-1.0,-1.0,-1.0,-1.0,-1.0,-1.0,-1.0,-1.0,-1.0,-1.0,14.645788,1.0,0.0,0.0,,brake,-0.9,0.0,0.34,1,6.846,0.0
369,2816.89,7.43917,-0.911427,-0.23909,1.06337,RECOVERY,0.20733217199625376,0.20733217199625376,0.20733217199625376,0.20443915257389922,0.20443915257389922,0.8560378280037462,0.8589308474261007,0.10400000000000001,0.0,42.0,0.0,-0.00375,-27.52903288065291,0.0,-1.0,-4,42.0,45.0,-1.0,-1.0,-1.0,-1.0,-1.0,-1.0,-1.0,-1.0,-1.0,-1.0,-1.0,-1.0,-1.0,-1.0,-1.0,-1.0,-1.0,-1.0,-1.0,14.5951336,1.0,0.0,0.0,,turn,-0.9,0.0,0.040000000000000036,1,6.868,0.0
370,2816.93,6.93205,-0.74626,-0.235586,1.06447,RECOVERY,0.20730217467219705,0.20730217467219705,0.20730217467219705,0.20442784160510358,0.20442784160510358,0.857167825327803,0.8600421583948965,0.10400000000000001,0.0,42.0,0.0,-0.00375,-27.53768955713136,0.0,-1.0,-4,42.0,45.0,-1.0,-1.0,-1.0,-1.0,-1.0,-1.0,-1.0,-1.0,-1.0,-1.0,-1.0,-1.0,-1.0,-1.0,-1.0,-1.0,-1.0,-1.0,-1.0,14.554564,1.0,0.0,0.0,,turn,-0.9,0.22,0.0,1,6.89,0.0
371,2816.98,7.00273,-0.90496,-0.231815,1.06545,RECOVERY,0.207264678017126,0.207264678017126,0.207264678017126,0.20438773919507972,0.20438773919507972,0.858185321982874,0.8610622608049203,0.10400000000000001,0.0,42.0,0.0,-0.00375,-27.548510402729473,0.0,-1.0,-4,42.0,45.0,-1.0,-1.0,-1.0,-1.0,-1.0,-1.0,-1.0,-1.0,-1.0,-1.0,-1.0,-1.0,-1.0,-1.0,-1.0,-1.0,-1.0,-1.0,-1.0,14.5602184,1.0,0.0,0.0,,turn,-0.9,0.24,0.0,1,6.912,0.0
372,2817.02,7.1815,-0.965863,-0.227854,1.0663,RECOVERY,0.20723468069306927,0.20723468069306927,0.20723468069306927,0.20435115363132866,0.20435115363132866,0.8590653193069308,0.8619488463686713,0.10400000000000001,0.0,42.0,0.0,-0.00375,-27.55716707920792,0.0,-1.0,-4,42.0,45.0,-1.0,-1.0,-1.0,-1.0,-1.0,-1.0,-1.0,-1.0,-1.0,-1.0,-1.0,-1.0,-1.0,-1.0,-1.0,-1.0,-1.0,-1.0,-1.0,14.57452,1.0,0.0,0.0,,turn,-0.9,0.24,0.0,1,6.934,0.0
373,2817.06,7.35805,-0.9877,-0.223807,1.06713,RECOVERY,0.20720468336901257,0.20720468336901257,0.20720468336901257,0.20431464258781756,0.20431464258781756,0.8599253166309874,0.8628153574121824,0.10400000000000001,0.0,42.0,0.0,-0.00375,-27.565823755686374,0.0,-1.0,-4,42.0,45.0,-1.0,-1.0,-1.0,-1.0,-1.0,-1.0,-1.0,-1.0,-1.0,-1.0,-1.0,-1.0,-1.0,-1.0,-1.0,-1.0,-1.0,-1.0,-1.0,14.588644,1.0,0.0,0.0,,turn,-0.9,0.24,0.0,1,6.956,0.0
374,2817.11,7.53094,-1.00366,-0.219697,1.06794,RECOVERY,0.20716718671394152,0.20716718671394152,0.20716718671394152,0.20427075930681643,0.20427075930681643,0.8607728132860584,0.8636692406931834,0.10400000000000001,0.0,42.0,0.0,-0.00375,-27.57664460128449,0.0,-1.0,-4,42.0,45.0,-1.0,-1.0,-1.0,-1.0,-1.0,-1.0,-1.0,-1.0,-1.0,-1.0,-1.0,-1.0,-1.0,-1.0,-1.0,-1.0,-1.0,-1.0,-1.0,14.6024752,1.0,0.0,0.0,,turn,-0.9,0.24,0.0,1,6.978,0.0
375,2817.16,7.70739,-1.02116,-0.215516,1.06875,RECOVERY,0.20712969005887083,0.20712969005887083,0.20712969005887083,0.20422673748275436,0.20422673748275436,0.8616203099411293,0.8645232625172458,0.10400000000000001,0.0,42.0,0.0,-0.00375,-27.5874654468825,0.0,-1.0,-4,42.0,45.0,-1.0,-1.0,-1.0,-1.0,-1.0,-1.0,-1.0,-1.0,-1.0,-1.0,-1.0,-1.0,-1.0,-1.0,-1.0,-1.0,-1.0,-1.0,-1.0,14.6165912,1.0,0.0,0.0,,turn,-0.9,0.24,0.0,1,7.0,0.0
376,2817.2,7.88238,-1.0413,-0.211256,1.06954,RECOVERY,0.20709969273481413,0.20709969273481413,0.20709969273481413,0.2041902627214251,0.2041902627214251,0.8624403072651858,0.8653497372785748,0.10400000000000001,0.0,42.0,0.0,-0.00375,-27.596122123360953,0.0,-1.0,-4,42.0,45.0,-1.0,-1.0,-1.0,-1.0,-1.0,-1.0,-1.0,-1.0,-1.0,-1.0,-1.0,-1.0,-1.0,-1.0,-1.0,-1.0,-1.0,-1.0,-1.0,14.630590399999999,1.0,0.0,0.0,,turn,-0.9,0.24,0.0,1,7.022,0.0
377,2817.25,8.05612,-1.06534,-0.206902,1.0703,RECOVERY,0.20706219607974308,0.20706219607974308,0.20706219607974308,0.20414632698333987,0.20414632698333987,0.863237803920257,0.8661536730166601,0.10400000000000001,0.0,42.0,0.0,-0.00375,-27.606942968959068,0.0,-1.0,-4,42.0,45.0,-1.0,-1.0,-1.0,-1.0,-1.0,-1.0,-1.0,-1.0,-1.0,-1.0,-1.0,-1.0,-1.0,-1.0,-1.0,-1.0,-1.0,-1.0,-1.0,14.6444896,1.0,0.0,0.0,,brake,-0.9,0.0,0.34,1,7.044,0.0
378,2817.3,7.28349,-0.909939,-0.202411,1.07102,RECOVERY,0.20702469942467203,0.20702469942467203,0.20702469942467203,0.2041373876885638,0.2041373876885638,0.863995300575328,0.8668826123114363,0.10400000000000001,0.0,42.0,0.0,-0.00375,-27.61776381455718,0.0,-1.0,-4,42.0,45.0,-1.0,-1.0,-1.0,-1.0,-1.0,-1.0,-1.0,-1.0,-1.0,-1.0,-1.0,-1.0,-1.0,-1.0,-1.0,-1.0,-1.0,-1.0,-1.0,14.5826792,1.0,0.0,0.0,,turn,-0.9,0.0,0.040000000000000036,1,7.066,0.0
379,2817.34,6.86806,-0.91617,-0.198295,1.07166,RECOVERY,0.20699470210061532,0.20699470210061532,0.20699470210061532,0.20412268706781042,0.20412268706781042,0.8646652978993847,0.8675373129321896,0.10400000000000001,0.0,42.0,0.0,-0.00375,-27.62642049103563,0.0,-1.0,-4,42.0,45.0,-1.0,-1.0,-1.0,-1.0,-1.0,-1.0,-1.0,-1.0,-1.0,-1.0,-1.0,-1.0,-1.0,-1.0,-1.0,-1.0,-1.0,-1.0,-1.0,14.5494448,1.0,0.0,0.0,,turn,-0.9,0.22,0.0,1,7.088,0.0
380,2817.39,6.92673,-0.958194,-0.194258,1.07218,RECOVERY,0.2069572054455446,0.2069572054455446,0.2069572054455446,0.2040830276159247,0.2040830276159247,0.8652227945544553,0.8680969723840752,0.10400000000000001,0.0,42.0,0.0,-0.00375,-27.637241336633647,0.0,-1.0,-4,42.0,45.0,-1.0,-1.0,-1.0,-1.0,-1.0,-1.0,-1.0,-1.0,-1.0,-1.0,-1.0,-1.0,-1.0,-1.0,-1.0,-1.0,-1.0,-1.0,-1.0,14.5541384,1.0,0.0,0.0,,turn,-0.9,0.24,0.0,1,7.11,0.0
381,2817.43,7.13985,-0.994446,-0.190211,1.07264,RECOVERY,0.2069272081214879,0.2069272081214879,0.2069272081214879,0.20404517966329544,0.20404517966329544,0.8657127918785121,0.8685948203367047,0.10400000000000001,0.0,42.0,0.0,-0.00375,-27.645898013112095,0.0,-1.0,-4,42.0,45.0,-1.0,-1.0,-1.0,-1.0,-1.0,-1.0,-1.0,-1.0,-1.0,-1.0,-1.0,-1.0,-1.0,-1.0,-1.0,-1.0,-1.0,-1.0,-1.0,14.571188,1.0,0.0,0.0,,turn,-0.9,0.24,0.0,1,7.132,0.0
382,2817.47,7.32566,-1.02124,-0.186065,1.07309,RECOVERY,0.2068972107974312,0.2068972107974312,0.2068972107974312,0.20400832870210633,0.20400832870210633,0.8661927892025689,0.8690816712978937,0.10400000000000001,0.0,42.0,0.0,-0.00375,-27.654554689590547,0.0,-1.0,-4,42.0,45.0,-1.0,-1.0,-1.0,-1.0,-1.0,-1.0,-1.0,-1.0,-1.0,-1.0,-1.0,-1.0,-1.0,-1.0,-1.0,-1.0,-1.0,-1.0,-1.0,14.586052800000001,1.0,0.0,0.0,,turn,-0.9,0.24,0.0,1,7.154,0.0
383,2817.52,7.47313,-1.02837,-0.181831,1.07352,RECOVERY,0.20685971414236015,0.20685971414236015,0.20685971414236015,0.20396538529406638,0.20396538529406638,0.8666602858576399,0.8695546147059336,0.10400000000000001,0.0,42.0,0.0,-0.00375,-27.665375535188662,0.0,-1.0,-4,42.0,45.0,-1.0,-1.0,-1.0,-1.0,-1.0,-1.0,-1.0,-1.0,-1.0,-1.0,-1.0,-1.0,-1.0,-1.0,-1.0,-1.0,-1.0,-1.0,-1.0,14.5978504,1.0,0.0,0.0,,turn,-0.9,0.24,0.0,1,7.176,0.0
384,2817.57,7.69084,-1.06423,-0.177492,1.07392,RECOVERY,0.2068222174872891,0.2068222174872891,0.2068222174872891,0.20391984051137776,0.20391984051137776,0.8670977825127109,0.8700001594886222,0.10400000000000001,0.0,42.0,0.0,-0.00375,-27.676196380786774,0.0,-1.0,-4,42.0,45.0,-1.0,-1.0,-1.0,-1.0,-1.0,-1.0,-1.0,-1.0,-1.0,-1.0,-1.0,-1.0,-1.0,-1.0,-1.0,-1.0,-1.0,-1.0,-1.0,14.6152672,1.0,0.0,0.0,,turn,-0.9,0.24,0.0,1,7.198,0.0
385,2817.61,7.86265,-1.08874,-0.17305,1.07428,RECOVERY,0.2067922201632324,0.2067922201632324,0.2067922201632324,0.20388348407126733,0.20388348407126733,0.8674877798367675,0.8703965159287326,0.10400000000000001,0.0,42.0,0.0,-0.00375,-27.684853057265226,0.0,-1.0,-4,42.0,45.0,-1.0,-1.0,-1.0,-1.0,-1.0,-1.0,-1.0,-1.0,-1.0,-1.0,-1.0,-1.0,-1.0,-1.0,-1.0,-1.0,-1.0,-1.0,-1.0,14.629012,1.0,0.0,0.0,,turn,-0.9,0.24,0.0,1,7.22,0.0
386,2817.66,8.01719,-1.10253,-0.168487,1.07461,RECOVERY,0.20675472350816168,0.20675472350816168,0.20675472350816168,0.2038402604321439,0.2038402604321439,0.8678552764918384,0.8707697395678562,0.10400000000000001,0.0,42.0,0.0,-0.00375,-27.69567390286324,0.0,-1.0,-4,42.0,45.0,-1.0,-1.0,-1.0,-1.0,-1.0,-1.0,-1.0,-1.0,-1.0,-1.0,-1.0,-1.0,-1.0,-1.0,-1.0,-1.0,-1.0,-1.0,-1.0,14.6413752,1.0,0.0,0.0,,brake,-0.9,0.0,0.34,1,7.242,0.0
387,2817.71,7.24094,-0.94755,-0.163765,1.07491,RECOVERY,0.20671722685309063,0.20671722685309063,0.20671722685309063,0.2038314478632767,0.2038314478632767,0.8681927731469095,0.8710785521367234,0.10400000000000001,0.0,42.0,0.0,-0.00375,-27.706494748461353,0.0,-1.0,-4,42.0,45.0,-1.0,-1.0,-1.0,-1.0,-1.0,-1.0,-1.0,-1.0,-1.0,-1.0,-1.0,-1.0,-1.0,-1.0,-1.0,-1.0,-1.0,-1.0,-1.0,14.5792752,1.0,0.0,0.0,,turn,-0.9,0.0,0.040000000000000036,1,7.264,0.0
388,2817.75,6.88525,-0.925025,-0.159475,1.07517,RECOVERY,0.20668722952903393,0.20668722952903393,0.20668722952903393,0.2038145460794226,0.2038145460794226,0.868482770470966,0.8713554539205773,0.10400000000000001,0.0,42.0,0.0,-0.00375,-27.715151424939805,0.0,-1.0,-4,42.0,45.0,-1.0,-1.0,-1.0,-1.0,-1.0,-1.0,-1.0,-1.0,-1.0,-1.0,-1.0,-1.0,-1.0,-1.0,-1.0,-1.0,-1.0,-1.0,-1.0,14.55082,1.0,0.0,0.0,,turn,-0.9,0.22,0.0,1,7.286,0.0
389,2817.8,6.93684,-0.955331,-0.155501,1.07536,RECOVERY,0.20664973287396288,0.20664973287396288,0.20664973287396288,0.20377514691501572,0.20377514691501572,0.8687102671260372,0.8715848530849843,0.10400000000000001,0.0,42.0,0.0,-0.00375,-27.725972270537916,0.0,-1.0,-4,42.0,45.0,-1.0,-1.0,-1.0,-1.0,-1.0,-1.0,-1.0,-1.0,-1.0,-1.0,-1.0,-1.0,-1.0,-1.0,-1.0,-1.0,-1.0,-1.0,-1.0,14.5549472,1.0,0.0,0.0,,turn,-0.9,0.24,0.0,1,7.308,0.0
390,2817.84,7.18195,-1.00946,-0.151371,1.07549,RECOVERY,0.20661973554990617,0.20661973554990617,0.20661973554990617,0.20373611954450088,0.20373611954450088,0.8688702644500939,0.8717538804554992,0.10400000000000001,0.0,42.0,0.0,-0.00375,-27.73462894701637,0.0,-1.0,-4,42.0,45.0,-1.0,-1.0,-1.0,-1.0,-1.0,-1.0,-1.0,-1.0,-1.0,-1.0,-1.0,-1.0,-1.0,-1.0,-1.0,-1.0,-1.0,-1.0,-1.0,14.574556,1.0,0.0,0.0,,turn,-0.9,0.24,0.0,1,7.33,0.0
391,2817.88,7.33169,-1.01422,-0.147154,1.07559,RECOVERY,0.20658973822584947,0.20658973822584947,0.20658973822584947,0.20370059747467384,0.20370059747467384,0.8690002617741506,0.8718894025253262,0.10400000000000001,0.0,42.0,0.0,-0.00375,-27.74328562349482,0.0,-1.0,-4,42.0,45.0,-1.0,-1.0,-1.0,-1.0,-1.0,-1.0,-1.0,-1.0,-1.0,-1.0,-1.0,-1.0,-1.0,-1.0,-1.0,-1.0,-1.0,-1.0,-1.0,14.5865352,1.0,0.0,0.0,,turn,-0.9,0.24,0.0,1,7.352,0.0
392,2817.93,7.52112,-1.0439,-0.142834,1.07565,RECOVERY,0.20655224157077876,0.20655224157077876,0.20655224157077876,0.2036561043140918,0.2036561043140918,0.8690977584292212,0.8719938956859081,0.10400000000000001,0.0,42.0,0.0,-0.00375,-27.754106469092836,0.0,-1.0,-4,42.0,45.0,-1.0,-1.0,-1.0,-1.0,-1.0,-1.0,-1.0,-1.0,-1.0,-1.0,-1.0,-1.0,-1.0,-1.0,-1.0,-1.0,-1.0,-1.0,-1.0,14.6016896,1.0,0.0,0.0,,turn,-0.9,0.24,0.0,1,7.374,0.0
393,2817.98,7.74392,-1.07563,-0.138429,1.07568,RECOVERY,0.2065147449157077,0.2065147449157077,0.2065147449157077,0.20361036881225686,0.20361036881225686,0.8691652550842923,0.8720696311877432,0.10400000000000001,0.0,42.0,0.0,-0.00375,-27.764927314690947,0.0,-1.0,-4,42.0,45.0,-1.0,-1.0,-1.0,-1.0,-1.0,-1.0,-1.0,-1.0,-1.0,-1.0,-1.0,-1.0,-1.0,-1.0,-1.0,-1.0,-1.0,-1.0,-1.0,14.6195136,1.0,0.0,0.0,,turn,-0.9,0.24,0.0,1,7.396,0.0
394,2818.03,7.8864,-1.08629,-0.133899,1.07567,RECOVERY,0.20647724826063665,0.20647724826063665,0.20647724826063665,0.20356759582324768,0.20356759582324768,0.8691927517393633,0.8721024041767522,0.10400000000000001,0.0,42.0,0.0,-0.00375,-27.775748160289062,0.0,-1.0,-4,42.0,45.0,-1.0,-1.0,-1.0,-1.0,-1.0,-1.0,-1.0,-1.0,-1.0,-1.0,-1.0,-1.0,-1.0,-1.0,-1.0,-1.0,-1.0,-1.0,-1.0,14.630912,1.0,0.0,0.0,,turn,-0.9,0.24,0.0,1,7.418,0.0
395,2818.08,8.09562,-1.1211,-0.129251,1.07562,RECOVERY,0.20643975160556596,0.20643975160556596,0.20643975160556596,0.20352234488227292,0.20352234488227292,0.8691802483944341,0.8720976551177271,0.10400000000000001,0.0,42.0,0.0,-0.00375,-27.786569005887074,0.0,-1.0,-4,42.0,45.0,-1.0,-1.0,-1.0,-1.0,-1.0,-1.0,-1.0,-1.0,-1.0,-1.0,-1.0,-1.0,-1.0,-1.0,-1.0,-1.0,-1.0,-1.0,-1.0,14.6476496,1.0,0.0,0.0,,brake,-0.9,0.0,0.34,1,7.44,0.0
396,2818.12,7.30481,-0.965922,-0.124427,1.07554,RECOVERY,0.20640975428150926,0.20640975428150926,0.20640975428150926,0.20352158383408062,0.20352158383408062,0.8691302457184906,0.8720184161659194,0.10400000000000001,0.0,42.0,0.0,-0.00375,-27.795225682365526,0.0,-1.0,-4,42.0,45.0,-1.0,-1.0,-1.0,-1.0,-1.0,-1.0,-1.0,-1.0,-1.0,-1.0,-1.0,-1.0,-1.0,-1.0,-1.0,-1.0,-1.0,-1.0,-1.0,14.5843848,1.0,0.0,0.0,,turn,-0.9,0.0,0.040000000000000036,1,7.462,0.0
397,2818.17,6.98544,-0.947548,-0.119994,1.07544,RECOVERY,0.2063722576264382,0.2063722576264382,0.2063722576264382,0.203495850404081,0.203495850404081,0.8690677423735618,0.8719441495959189,0.10400000000000001,0.0,42.0,0.0,-0.00375,-27.80604652796364,0.0,-1.0,-4,42.0,45.0,-1.0,-1.0,-1.0,-1.0,-1.0,-1.0,-1.0,-1.0,-1.0,-1.0,-1.0,-1.0,-1.0,-1.0,-1.0,-1.0,-1.0,-1.0,-1.0,14.5588352,1.0,0.0,0.0,,turn,-0.9,0.22,0.0,1,7.484,0.0
398,2818.21,7.07046,-0.993354,-0.11595,1.07528,RECOVERY,0.2063422603023815,0.2063422603023815,0.2063422603023815,0.20346271917033062,0.20346271917033062,0.8689377396976186,0.8718172808296694,0.10400000000000001,0.0,42.0,0.0,-0.00375,-27.81470320444209,0.0,-1.0,-4,42.0,45.0,-1.0,-1.0,-1.0,-1.0,-1.0,-1.0,-1.0,-1.0,-1.0,-1.0,-1.0,-1.0,-1.0,-1.0,-1.0,-1.0,-1.0,-1.0,-1.0,14.5656368,1.0,0.0,0.0,,turn,-0.9,0.24,0.0,1,7.506,0.0
399,2818.25,7.21815,-1.00198,-0.11173,1.07506,RECOVERY,0.20631226297832478,0.20631226297832478,0.20631226297832478,0.20342727649199832,0.20342727649199832,0.8687477370216752,0.8716327235080016,0.10400000000000001,0.0,42.0,0.0,-0.00375,-27.823359880920542,0.0,-1.0,-4,42.0,45.0,-1.0,-1.0,-1.0,-1.0,-1.0,-1.0,-1.0,-1.0,-1.0,-1.0,-1.0,-1.0,-1.0,-1.0,-1.0,-1.0,-1.0,-1.0,-1.0,14.577452,1.0,0.0,0.0,,turn,-0.9,0.24,0.0,1,7.528,0.0
400,2818.3,7.41626,-1.03511,-0.107415,1.0748,RECOVERY,0.20627476632325373,0.20627476632325373,0.20627476632325373,0.20338246789285724,0.20338246789285724,0.8685252336767463,0.8714175321071427,0.10400000000000001,0.0,42.0,0.0,-0.00375,-27.834180726518657,0.0,-1.0,-4,42.0,45.0,-1.0,-1.0,-1.0,-1.0,-1.0,-1.0,-1.0,-1.0,-1.0,-1.0,-1.0,-1.0,-1.0,-1.0,-1.0,-1.0,-1.0,-1.0,-1.0,14.5933008,1.0,0.0,0.0,,turn,-0.9,0.24,0.0,1,7.55,0.0
401,2818.35,7.64424,-1.06554,-0.103028,1.07449,RECOVERY,0.20623726966818304,0.20623726966818304,0.20623726966818304,0.20333654627590286,0.20333654627590286,0.8682527303318169,0.871153453724097,0.10400000000000001,0.0,42.0,0.0,-0.00375,-27.84500157211667,0.0,-1.0,-4,42.0,45.0,-1.0,-1.0,-1.0,-1.0,-1.0,-1.0,-1.0,-1.0,-1.0,-1.0,-1.0,-1.0,-1.0,-1.0,-1.0,-1.0,-1.0,-1.0,-1.0,14.6115392,1.0,0.0,0.0,,turn,-0.9,0.24,0.0,1,7.572,0.0
402,2818.39,7.78697,-1.07493,-0.0985306,1.07414,RECOVERY,0.20620727234412634,0.20620727234412634,0.20620727234412634,0.20330126750349578,0.20330126750349578,0.8679327276558737,0.8708387324965043,0.10400000000000001,0.0,42.0,0.0,-0.00375,-27.85365824859512,0.0,-1.0,-4,42.0,45.0,-1.0,-1.0,-1.0,-1.0,-1.0,-1.0,-1.0,-1.0,-1.0,-1.0,-1.0,-1.0,-1.0,-1.0,-1.0,-1.0,-1.0,-1.0,-1.0,14.6229576,1.0,0.0,0.0,,turn,-0.9,0.24,0.0,1,7.594,0.0
403,2818.44,8.0013,-1.10895,-0.0939382,1.07374,RECOVERY,0.20616977568905528,0.20616977568905528,0.20616977568905528,0.20325583202654715,0.20325583202654715,0.8675702243109447,0.8704841679734527,0.10400000000000001,0.0,42.0,0.0,-0.00375,-27.864479094193236,0.0,-1.0,-4,42.0,45.0,-1.0,-1.0,-1.0,-1.0,-1.0,-1.0,-1.0,-1.0,-1.0,-1.0,-1.0,-1.0,-1.0,-1.0,-1.0,-1.0,-1.0,-1.0,-1.0,14.640104000000001,1.0,0.0,0.0,,brake,-0.9,0.0,0.34,1,7.616,0.0
404,2818.49,7.21497,-0.956091,-0.0891689,1.07334,RECOVERY,0.20613227903398457,0.20613227903398457,0.20613227903398457,0.20324738858844726,0.20324738858844726,0.8672077209660154,0.8700926114115527,0.10400000000000001,0.0,42.0,0.0,-0.00375,-27.875299939791248,0.0,-1.0,-4,42.0,45.0,-1.0,-1.0,-1.0,-1.0,-1.0,-1.0,-1.0,-1.0,-1.0,-1.0,-1.0,-1.0,-1.0,-1.0,-1.0,-1.0,-1.0,-1.0,-1.0,14.5771976,1.0,0.0,0.0,,turn,-0.9,0.0,0.040000000000000036,1,7.638,0.0
405,2818.53,6.89088,-0.93195,-0.0847948,1.07293,RECOVERY,0.20610228170992753,0.20610228170992753,0.20610228170992753,0.20322932246704878,0.20322932246704878,0.8668277182900724,0.8697006775329512,0.10400000000000001,0.0,42.0,0.0,-0.00375,-27.8839566162698,0.0,-1.0,-4,42.0,45.0,-1.0,-1.0,-1.0,-1.0,-1.0,-1.0,-1.0,-1.0,-1.0,-1.0,-1.0,-1.0,-1.0,-1.0,-1.0,-1.0,-1.0,-1.0,-1.0,14.5512704,1.0,0.0,0.0,,turn,-0.9,0.22,0.0,1,7.66,0.0
406,2818.58,6.96805,-0.970069,-0.0808228,1.07248,RECOVERY,0.2060647850548568,0.2060647850548568,0.2060647850548568,0.20318898179254116,0.20318898179254116,0.8664152149451433,0.8692910182074589,0.10400000000000001,0.0,42.0,0.0,-0.00375,-27.894777461867815,0.0,-1.0,-4,42.0,45.0,-1.0,-1.0,-1.0,-1.0,-1.0,-1.0,-1.0,-1.0,-1.0,-1.0,-1.0,-1.0,-1.0,-1.0,-1.0,-1.0,-1.0,-1.0,-1.0,14.557444,1.0,0.0,0.0,,turn,-0.9,0.24,0.0,1,7.682,0.0
407,2818.62,7.13684,-0.999588,-0.0766733,1.07196,RECOVERY,0.2060347877308001,0.2060347877308001,0.2060347877308001,0.2031527651994811,0.2031527651994811,0.8659252122691999,0.8688072348005189,0.10400000000000001,0.0,42.0,0.0,-0.00375,-27.903434138346263,0.0,-1.0,-4,42.0,45.0,-1.0,-1.0,-1.0,-1.0,-1.0,-1.0,-1.0,-1.0,-1.0,-1.0,-1.0,-1.0,-1.0,-1.0,-1.0,-1.0,-1.0,-1.0,-1.0,14.570947199999999,1.0,0.0,0.0,,turn,-0.9,0.24,0.0,1,7.704,0.0
408,2818.66,7.31088,-1.01439,-0.0724405,1.07139,RECOVERY,0.2060047904067434,0.2060047904067434,0.2060047904067434,0.20311634837769021,0.20311634837769021,0.8653852095932566,0.8682736516223098,0.10400000000000001,0.0,42.0,0.0,-0.00375,-27.912090814824715,0.0,-1.0,-4,42.0,45.0,-1.0,-1.0,-1.0,-1.0,-1.0,-1.0,-1.0,-1.0,-1.0,-1.0,-1.0,-1.0,-1.0,-1.0,-1.0,-1.0,-1.0,-1.0,-1.0,14.5848704,1.0,0.0,0.0,,turn,-0.9,0.24,0.0,1,7.726,0.0
409,2818.71,7.55288,-1.05784,-0.0681294,1.07076,RECOVERY,0.20596729375167236,0.20596729375167236,0.20596729375167236,0.2030699143687259,0.2030699143687259,0.8647927062483276,0.867690085631274,0.10400000000000001,0.0,42.0,0.0,-0.00375,-27.92291166042283,0.0,-1.0,-4,42.0,45.0,-1.0,-1.0,-1.0,-1.0,-1.0,-1.0,-1.0,-1.0,-1.0,-1.0,-1.0,-1.0,-1.0,-1.0,-1.0,-1.0,-1.0,-1.0,-1.0,14.6042304,1.0,0.0,0.0,,turn,-0.9,0.24,0.0,1,7.748,0.0
410,2818.76,7.70627,-1.06538,-0.0637272,1.07009,RECOVERY,0.2059297970966013,0.2059297970966013,0.2059297970966013,0.2030267442044531,0.2030267442044531,0.8641602029033987,0.8670632557955469,0.10400000000000001,0.0,42.0,0.0,-0.00375,-27.93373250602094,0.0,-1.0,-4,42.0,45.0,-1.0,-1.0,-1.0,-1.0,-1.0,-1.0,-1.0,-1.0,-1.0,-1.0,-1.0,-1.0,-1.0,-1.0,-1.0,-1.0,-1.0,-1.0,-1.0,14.6165016,1.0,0.0,0.0,,turn,-0.9,0.24,0.0,1,7.77,0.0
411,2818.8,7.88989,-1.09417,-0.0592139,1.06935,RECOVERY,0.2058997997725446,0.2058997997725446,0.2058997997725446,0.20298994984503238,0.20298994984503238,0.8634502002274554,0.8663600501549676,0.10400000000000001,0.0,42.0,0.0,-0.00375,-27.942389182499394,0.0,-1.0,-4,42.0,45.0,-1.0,-1.0,-1.0,-1.0,-1.0,-1.0,-1.0,-1.0,-1.0,-1.0,-1.0,-1.0,-1.0,-1.0,-1.0,-1.0,-1.0,-1.0,-1.0,14.6311912,1.0,0.0,0.0,,turn,-0.9,0.24,0.0,1,7.792,0.0
412,2818.85,8.11395,-1.13118,-0.0546106,1.06855,RECOVERY,0.2058623031174739,0.2058623031174739,0.2058623031174739,0.2029441485307725,0.2029441485307725,0.8626876968825262,0.8656058514692276,0.10400000000000001,0.0,42.0,0.0,-0.00375,-27.95321002809741,0.0,-1.0,-4,42.0,45.0,-1.0,-1.0,-1.0,-1.0,-1.0,-1.0,-1.0,-1.0,-1.0,-1.0,-1.0,-1.0,-1.0,-1.0,-1.0,-1.0,-1.0,-1.0,-1.0,14.649116,1.0,0.0,0.0,,brake,-0.9,0.0,0.34,1,7.814,0.0
413,2818.9,7.28071,-0.971976,-0.0498107,1.06777,RECOVERY,0.20582480646240284,0.20582480646240284,0.20582480646240284,0.2029374559551573,0.2029374559551573,0.8619451935375972,0.8648325440448428,0.10400000000000001,0.0,42.0,0.0,-0.00375,-27.96403087369552,0.0,-1.0,-4,42.0,45.0,-1.0,-1.0,-1.0,-1.0,-1.0,-1.0,-1.0,-1.0,-1.0,-1.0,-1.0,-1.0,-1.0,-1.0,-1.0,-1.0,-1.0,-1.0,-1.0,14.5824568,1.0,0.0,0.0,,turn,-0.9,0.0,0.040000000000000036,1,7.836,0.0
414,2818.94,6.91967,-0.933286,-0.0454491,1.06702,RECOVERY,0.20579480913834614,0.20579480913834614,0.20579480913834614,0.2029207545639809,0.2029207545639809,0.8612251908616539,0.8640992454360192,0.10400000000000001,0.0,42.0,0.0,-0.00375,-27.972687550173973,0.0,-1.0,-4,42.0,45.0,-1.0,-1.0,-1.0,-1.0,-1.0,-1.0,-1.0,-1.0,-1.0,-1.0,-1.0,-1.0,-1.0,-1.0,-1.0,-1.0,-1.0,-1.0,-1.0,14.5535736,1.0,0.0,0.0,,turn,-0.9,0.22,0.0,1,7.858,0.0
415,2818.99,7.03539,-0.981097,-0.0414584,1.06622,RECOVERY,0.20575731248327542,0.20575731248327542,0.20575731248327542,0.2028789940535813,0.2028789940535813,0.8604626875167245,0.8633410059464186,0.10400000000000001,0.0,42.0,0.0,-0.00375,-27.983508395771988,0.0,-1.0,-4,42.0,45.0,-1.0,-1.0,-1.0,-1.0,-1.0,-1.0,-1.0,-1.0,-1.0,-1.0,-1.0,-1.0,-1.0,-1.0,-1.0,-1.0,-1.0,-1.0,-1.0,14.5628312,1.0,0.0,0.0,,turn,-0.9,0.24,0.0,1,7.88,0.0
416,2819.03,7.22756,-1.01752,-0.0373266,1.06535,RECOVERY,0.20572731515921838,0.20572731515921838,0.20572731515921838,0.20284191292627238,0.20284191292627238,0.8596226848407816,0.8625080870737276,0.10400000000000001,0.0,42.0,0.0,-0.00375,-27.992165072250536,0.0,-1.0,-4,42.0,45.0,-1.0,-1.0,-1.0,-1.0,-1.0,-1.0,-1.0,-1.0,-1.0,-1.0,-1.0,-1.0,-1.0,-1.0,-1.0,-1.0,-1.0,-1.0,-1.0,14.5782048,1.0,0.0,0.0,,turn,-0.9,0.24,0.0,1,7.902,0.0
417,2819.08,7.38056,-1.02388,-0.0331228,1.06442,RECOVERY,0.20568981850414766,0.20568981850414766,0.20568981850414766,0.2027987686521214,0.2027987686521214,0.8587301814958522,0.8616212313478785,0.10400000000000001,0.0,42.0,0.0,-0.00375,-28.00298591784855,0.0,-1.0,-4,42.0,45.0,-1.0,-1.0,-1.0,-1.0,-1.0,-1.0,-1.0,-1.0,-1.0,-1.0,-1.0,-1.0,-1.0,-1.0,-1.0,-1.0,-1.0,-1.0,-1.0,14.5904448,1.0,0.0,0.0,,turn,-0.9,0.24,0.0,1,7.924,0.0
418,2819.12,7.606,-1.06008,-0.028827,1.06343,RECOVERY,0.20565982118009096,0.20565982118009096,0.20565982118009096,0.2027604428794358,0.2027604428794358,0.8577701788199091,0.8606695571205643,0.10400000000000001,0.0,42.0,0.0,-0.00375,-28.011642594327004,0.0,-1.0,-4,42.0,45.0,-1.0,-1.0,-1.0,-1.0,-1.0,-1.0,-1.0,-1.0,-1.0,-1.0,-1.0,-1.0,-1.0,-1.0,-1.0,-1.0,-1.0,-1.0,-1.0,14.60848,1.0,0.0,0.0,,turn,-0.9,0.24,0.0,1,7.946,0.0
419,2819.17,7.78196,-1.0813,-0.0244444,1.06238,RECOVERY,0.2056223245250199,0.2056223245250199,0.2056223245250199,0.20271643589446917,0.20271643589446917,0.8567576754749802,0.8596635641055309,0.10400000000000001,0.0,42.0,0.0,-0.00375,-28.022463439925115,0.0,-1.0,-4,42.0,45.0,-1.0,-1.0,-1.0,-1.0,-1.0,-1.0,-1.0,-1.0,-1.0,-1.0,-1.0,-1.0,-1.0,-1.0,-1.0,-1.0,-1.0,-1.0,-1.0,14.6225568,1.0,0.0,0.0,,turn,-0.9,0.24,0.0,1,7.968,0.0
420,2819.22,7.94065,-1.09405,-0.0199598,1.06126,RECOVERY,0.2055848267937783,0.2055848267937783,0.2055848267937783,0.20267306051525089,0.20267306051525089,0.8556751732062218,0.8585869394847492,0.10400000000000001,0.0,42.0,0.0,-0.00375,-28.033858605117896,0.0,-1.0,-4,42.0,45.0,-1.0,-1.0,-1.0,-1.0,-1.0,-1.0,-1.0,-1.0,-1.0,-1.0,-1.0,-1.0,-1.0,-1.0,-1.0,-1.0,-1.0,-1.0,-1.0,14.635252,1.0,0.0,0.0,,turn,-0.9,0.24,0.0,1,7.99,0.0
421,2819.26,8.11202,-1.12009,-0.0157841,1.06018,RECOVERY,0.20555482846629847,0.20555482846629847,0.20555482846629847,0.20263670955265092,0.20263670955265092,0.8546251715337014,0.857543290447349,0.10400000000000001,0.0,42.0,0.0,-0.00375,-28.043050777722105,0.0,-1.0,-4,42.0,45.0,-1.0,-1.0,-1.0,-1.0,-1.0,-1.0,-1.0,-1.0,-1.0,-1.0,-1.0,-1.0,-1.0,-1.0,-1.0,-1.0,-1.0,-1.0,-1.0,14.6489616,1.0,0.0,0.0,,brake,-0.9,0.0,0.34,1,8.01,0.0
422,2819.31,7.43055,-0.971702,-0.0114954,1.05913,RECOVERY,0.20551733055694926,0.20551733055694926,0.20551733055694926,0.20262441626611363,0.20262441626611363,0.8536126694430506,0.8565055837338863,0.10400000000000001,0.0,42.0,0.0,-0.00375,-28.054540993477183,0.0,-1.0,-4,42.0,45.0,-1.0,-1.0,-1.0,-1.0,-1.0,-1.0,-1.0,-1.0,-1.0,-1.0,-1.0,-1.0,-1.0,-1.0,-1.0,-1.0,-1.0,-1.0,-1.0,14.594444,1.0,0.0,0.0,,turn,-0.9,0.0,0.040000000000000036,1,8.03,0.0
423,2819.35,7.07154,-0.929157,-0.00765783,1.05818,RECOVERY,0.2054873322294698,0.2054873322294698,0.2054873322294698,0.20260765194892572,0.20260765194892572,0.8526926677705301,0.8555723480510742,0.10400000000000001,0.0,42.0,0.0,-0.00375,-28.06373316608129,0.0,-1.0,-4,42.0,45.0,-1.0,-1.0,-1.0,-1.0,-1.0,-1.0,-1.0,-1.0,-1.0,-1.0,-1.0,-1.0,-1.0,-1.0,-1.0,-1.0,-1.0,-1.0,-1.0,14.5657232,1.0,0.0,0.0,,turn,-0.9,0.22,0.0,1,8.05,0.0
424,2819.38,7.13643,-0.994005,-0.00383693,1.05716,RECOVERY,0.20546483348386002,0.20546483348386002,0.20546483348386002,0.20258276035873707,0.20258276035873707,0.8516951665161401,0.854577239641263,0.10400000000000001,0.0,42.0,0.0,-0.00375,-28.070627295534422,0.0,-1.0,-4,42.0,45.0,-1.0,-1.0,-1.0,-1.0,-1.0,-1.0,-1.0,-1.0,-1.0,-1.0,-1.0,-1.0,-1.0,-1.0,-1.0,-1.0,-1.0,-1.0,-1.0,14.5709144,1.0,0.0,0.0,,turn,-0.9,0.24,0.0,1,8.07,0.0
425,2819.42,7.29917,-1.01997,-8.27948e-05,1.05607,RECOVERY,0.20543483515638053,0.20543483515638053,0.20543483515638053,0.20254675952167328,0.20254675952167328,0.8506351648436196,0.8535232404783268,0.10400000000000001,0.0,42.0,0.0,-0.00375,-28.079819468138528,0.0,-1.0,-4,42.0,45.0,-1.0,-1.0,-1.0,-1.0,-1.0,-1.0,-1.0,-1.0,-1.0,-1.0,-1.0,-1.0,-1.0,-1.0,-1.0,-1.0,-1.0,-1.0,-1.0,14.5839336,1.0,0.0,0.0,,turn,-0.9,0.24,0.0,1,8.09,0.0
426,2819.47,7.45824,-1.03835,0.00374907,1.05491,RECOVERY,0.20539733724703135,0.20539733724703135,0.20539733724703135,0.20250338765934384,0.20250338765934384,0.8495126627529687,0.8524066123406562,0.10400000000000001,0.0,42.0,0.0,-0.00375,-28.091309683893606,0.0,-1.0,-4,42.0,45.0,-1.0,-1.0,-1.0,-1.0,-1.0,-1.0,-1.0,-1.0,-1.0,-1.0,-1.0,-1.0,-1.0,-1.0,-1.0,-1.0,-1.0,-1.0,-1.0,14.5966592,1.0,0.0,0.0,,turn,-0.9,0.24,0.0,1,8.11,0.0
427,2819.51,7.60836,-1.04961,0.00765866,1.05371,RECOVERY,0.20536733891955153,0.20536733891955153,0.20536733891955153,0.20246784109633895,0.20246784109633895,0.8483426610804484,0.851242158903661,0.10400000000000001,0.0,42.0,0.0,-0.00375,-28.100501856497818,0.0,-1.0,-4,42.0,45.0,-1.0,-1.0,-1.0,-1.0,-1.0,-1.0,-1.0,-1.0,-1.0,-1.0,-1.0,-1.0,-1.0,-1.0,-1.0,-1.0,-1.0,-1.0,-1.0,14.6086688,1.0,0.0,0.0,,turn,-0.9,0.24,0.0,1,8.13,0.0
428,2819.55,7.76447,-1.06498,0.0116536,1.05245,RECOVERY,0.20533734059207204,0.20533734059207204,0.20533734059207204,0.20243207155617535,0.20243207155617535,0.8471126594079281,0.8500179284438247,0.10400000000000001,0.0,42.0,0.0,-0.00375,-28.109694029101924,0.0,-1.0,-4,42.0,45.0,-1.0,-1.0,-1.0,-1.0,-1.0,-1.0,-1.0,-1.0,-1.0,-1.0,-1.0,-1.0,-1.0,-1.0,-1.0,-1.0,-1.0,-1.0,-1.0,14.6211576,1.0,0.0,0.0,,turn,-0.9,0.24,0.0,1,8.15,0.0
429,2819.59,7.92563,-1.08436,0.0157363,1.05113,RECOVERY,0.20530734226459255,0.20530734226459255,0.20530734226459255,0.20239610994196797,0.20239610994196797,0.8458226577354073,0.8487338900580319,0.10400000000000001,0.0,42.0,0.0,-0.00375,-28.11888620170603,0.0,-1.0,-4,42.0,45.0,-1.0,-1.0,-1.0,-1.0,-1.0,-1.0,-1.0,-1.0,-1.0,-1.0,-1.0,-1.0,-1.0,-1.0,-1.0,-1.0,-1.0,-1.0,-1.0,14.6340504,1.0,0.0,0.0,,turn,-0.9,0.24,0.0,1,8.17,0.0
430,2819.64,8.09242,-1.10635,0.0199105,1.04975,RECOVERY,0.20526984435524337,0.20526984435524337,0.20526984435524337,0.20235243411203363,0.20235243411203363,0.8444801556447565,0.8473975658879663,0.10400000000000001,0.0,42.0,0.0,-0.00375,-28.130376417461108,0.0,-1.0,-4,42.0,45.0,-1.0,-1.0,-1.0,-1.0,-1.0,-1.0,-1.0,-1.0,-1.0,-1.0,-1.0,-1.0,-1.0,-1.0,-1.0,-1.0,-1.0,-1.0,-1.0,14.647393600000001,1.0,0.0,0.0,,brake,-0.9,0.0,0.34,1,8.19,0.0
431,2819.68,7.41908,-0.964652,0.0241501,1.0484,RECOVERY,0.20523984602776388,0.20523984602776388,0.20523984602776388,0.20234733702156416,0.20234733702156416,0.8431601539722361,0.8460526629784358,0.10400000000000001,0.0,42.0,0.0,-0.00375,-28.139568590065213,0.0,-1.0,-4,42.0,45.0,-1.0,-1.0,-1.0,-1.0,-1.0,-1.0,-1.0,-1.0,-1.0,-1.0,-1.0,-1.0,-1.0,-1.0,-1.0,-1.0,-1.0,-1.0,-1.0,14.5935264,1.0,0.0,0.0,,turn,-0.9,0.0,0.040000000000000036,1,8.21,0.0
432,2819.72,7.00404,-0.898984,0.0278174,1.0472,RECOVERY,0.20520984770028441,0.20520984770028441,0.20520984770028441,0.2023326354472147,0.2023326354472147,0.8419901522997155,0.8448673645527852,0.10400000000000001,0.0,42.0,0.0,-0.00375,-28.14876076266932,0.0,-1.0,-4,42.0,45.0,-1.0,-1.0,-1.0,-1.0,-1.0,-1.0,-1.0,-1.0,-1.0,-1.0,-1.0,-1.0,-1.0,-1.0,-1.0,-1.0,-1.0,-1.0,-1.0,14.5603232,1.0,0.0,0.0,,turn,-0.9,0.22,0.0,1,8.23,0.0
433,2819.76,7.05751,-0.964677,0.0316698,1.04591,RECOVERY,0.2051798493728046,0.2051798493728046,0.2051798493728046,0.2023006686550281,0.2023006686550281,0.8407301506271954,0.8436093313449717,0.10400000000000001,0.0,42.0,0.0,-0.00375,-28.157952935273528,0.0,-1.0,-4,42.0,45.0,-1.0,-1.0,-1.0,-1.0,-1.0,-1.0,-1.0,-1.0,-1.0,-1.0,-1.0,-1.0,-1.0,-1.0,-1.0,-1.0,-1.0,-1.0,-1.0,14.564600800000001,1.0,0.0,0.0,,turn,-0.9,0.24,0.0,1,8.25,0.0
434,2819.8,7.21696,-0.989226,0.0354192,1.04456,RECOVERY,0.2051498510453251,0.2051498510453251,0.2051498510453251,0.20226479635812952,0.20226479635812952,0.8394101489546748,0.8422952036418704,0.10400000000000001,0.0,42.0,0.0,-0.00375,-28.167145107877634,0.0,-1.0,-4,42.0,45.0,-1.0,-1.0,-1.0,-1.0,-1.0,-1.0,-1.0,-1.0,-1.0,-1.0,-1.0,-1.0,-1.0,-1.0,-1.0,-1.0,-1.0,-1.0,-1.0,14.5773568,1.0,0.0,0.0,,turn,-0.9,0.24,0.0,1,8.27,0.0
435,2819.84,7.38899,-1.01066,0.0392477,1.04314,RECOVERY,0.2051198527178456,0.2051198527178456,0.2051198527178456,0.20222845404794765,0.20222845404794765,0.8380201472821543,0.8409115459520523,0.10400000000000001,0.0,42.0,0.0,-0.00375,-28.17633728048174,0.0,-1.0,-4,42.0,45.0,-1.0,-1.0,-1.0,-1.0,-1.0,-1.0,-1.0,-1.0,-1.0,-1.0,-1.0,-1.0,-1.0,-1.0,-1.0,-1.0,-1.0,-1.0,-1.0,14.5911192,1.0,0.0,0.0,,turn,-0.9,0.24,0.0,1,8.29,0.0
436,2819.88,7.56541,-1.03411,0.0431597,1.04166,RECOVERY,0.20508985439036614,0.20508985439036614,0.20508985439036614,0.20219194275420282,0.20219194275420282,0.8365701456096339,0.8394680572457972,0.10400000000000001,0.0,42.0,0.0,-0.00375,-28.185529453085845,0.0,-1.0,-4,42.0,45.0,-1.0,-1.0,-1.0,-1.0,-1.0,-1.0,-1.0,-1.0,-1.0,-1.0,-1.0,-1.0,-1.0,-1.0,-1.0,-1.0,-1.0,-1.0,-1.0,14.6052328,1.0,0.0,0.0,,turn,-0.9,0.24,0.0,1,8.31,0.0
437,2819.92,7.73962,-1.05649,0.0471546,1.04011,RECOVERY,0.20505985606288665,0.20505985606288665,0.20505985606288665,0.20215550600021923,0.20215550600021923,0.8350501439371134,0.8379544939997808,0.10400000000000001,0.0,42.0,0.0,-0.00375,-28.19472162568995,0.0,-1.0,-4,42.0,45.0,-1.0,-1.0,-1.0,-1.0,-1.0,-1.0,-1.0,-1.0,-1.0,-1.0,-1.0,-1.0,-1.0,-1.0,-1.0,-1.0,-1.0,-1.0,-1.0,14.6191696,1.0,0.0,0.0,,turn,-0.9,0.24,0.0,1,8.33,0.0
438,2819.97,7.90763,-1.07892,0.0512344,1.0385,RECOVERY,0.20502235815353748,0.20502235815353748,0.20502235815353748,0.20211179216918856,0.20211179216918856,0.8334776418464624,0.8363882078308114,0.10400000000000001,0.0,42.0,0.0,-0.00375,-28.206211841445032,0.0,-1.0,-4,42.0,45.0,-1.0,-1.0,-1.0,-1.0,-1.0,-1.0,-1.0,-1.0,-1.0,-1.0,-1.0,-1.0,-1.0,-1.0,-1.0,-1.0,-1.0,-1.0,-1.0,14.6326104,1.0,0.0,0.0,,turn,-0.9,0.24,0.0,1,8.35,0.0
439,2820.01,8.0706,-1.10087,0.0554015,1.03683,RECOVERY,0.20499235982605765,0.20499235982605765,0.20499235982605765,0.20207575816310108,0.20207575816310108,0.8318376401739422,0.8347542418368988,0.10400000000000001,0.0,42.0,0.0,-0.00375,-28.21540401404924,0.0,-1.0,-4,42.0,45.0,-1.0,-1.0,-1.0,-1.0,-1.0,-1.0,-1.0,-1.0,-1.0,-1.0,-1.0,-1.0,-1.0,-1.0,-1.0,-1.0,-1.0,-1.0,-1.0,14.645648,1.0,0.0,0.0,,brake,-0.9,0.0,0.34,1,8.37,0.0
440,2820.05,7.36768,-0.950352,0.0595719,1.0352,RECOVERY,0.20496236149857816,0.20496236149857816,0.20496236149857816,0.2020717490521394,0.2020717490521394,0.8302376385014217,0.8331282509478605,0.10400000000000001,0.0,42.0,0.0,-0.00375,-28.224596186653347,0.0,-1.0,-4,42.0,45.0,-1.0,-1.0,-1.0,-1.0,-1.0,-1.0,-1.0,-1.0,-1.0,-1.0,-1.0,-1.0,-1.0,-1.0,-1.0,-1.0,-1.0,-1.0,-1.0,14.5894144,1.0,0.0,0.0,,turn,-0.9,0.0,0.040000000000000036,1,8.39,0.0
441,2820.09,6.95977,-0.893352,0.063152,1.03374,RECOVERY,0.20493236317109867,0.20493236317109867,0.20493236317109867,0.20205678019123713,0.20205678019123713,0.8288076368289015,0.8316832198087629,0.10400000000000001,0.0,42.0,0.0,-0.00375,-28.233788359257453,0.0,-1.0,-4,42.0,45.0,-1.0,-1.0,-1.0,-1.0,-1.0,-1.0,-1.0,-1.0,-1.0,-1.0,-1.0,-1.0,-1.0,-1.0,-1.0,-1.0,-1.0,-1.0,-1.0,14.5567816,1.0,0.0,0.0,,turn,-0.9,0.22,0.0,1,8.41,0.0
442,2820.13,7.01929,-0.960494,0.0669948,1.0322,RECOVERY,0.2049023648436192,0.2049023648436192,0.2049023648436192,0.20202459123855793,0.20202459123855793,0.8272976351563808,0.8301754087614421,0.10400000000000001,0.0,42.0,0.0,-0.00375,-28.24298053186156,0.0,-1.0,-4,42.0,45.0,-1.0,-1.0,-1.0,-1.0,-1.0,-1.0,-1.0,-1.0,-1.0,-1.0,-1.0,-1.0,-1.0,-1.0,-1.0,-1.0,-1.0,-1.0,-1.0,14.5615432,1.0,0.0,0.0,,turn,-0.9,0.24,0.0,1,8.43,0.0
443,2820.17,7.18185,-0.982787,0.0707361,1.03058,RECOVERY,0.20487236651613971,0.20487236651613971,0.20487236651613971,0.20198860574791588,0.20198860574791588,0.8257076334838603,0.8285913942520842,0.10400000000000001,0.0,42.0,0.0,-0.00375,-28.252172704465664,0.0,-1.0,-4,42.0,45.0,-1.0,-1.0,-1.0,-1.0,-1.0,-1.0,-1.0,-1.0,-1.0,-1.0,-1.0,-1.0,-1.0,-1.0,-1.0,-1.0,-1.0,-1.0,-1.0,14.574548,1.0,0.0,0.0,,turn,-0.9,0.24,0.0,1,8.45,0.0
444,2820.21,7.34389,-1.00316,0.0745546,1.02889,RECOVERY,0.20484236818866022,0.20484236818866022,0.20484236818866022,0.20195263334044175,0.20195263334044175,0.8240476318113399,0.8269373666595583,0.10400000000000001,0.0,42.0,0.0,-0.00375,-28.26136487706977,0.0,-1.0,-4,42.0,45.0,-1.0,-1.0,-1.0,-1.0,-1.0,-1.0,-1.0,-1.0,-1.0,-1.0,-1.0,-1.0,-1.0,-1.0,-1.0,-1.0,-1.0,-1.0,-1.0,14.5875112,1.0,0.0,0.0,,turn,-0.9,0.24,0.0,1,8.47,0.0
445,2820.25,7.50963,-1.02289,0.0784475,1.02713,RECOVERY,0.20481236986118073,0.20481236986118073,0.20481236986118073,0.2019165182535476,0.2019165182535476,0.8223176301388193,0.8252134817464525,0.10400000000000001,0.0,42.0,0.0,-0.00375,-28.270557049673876,0.0,-1.0,-4,42.0,45.0,-1.0,-1.0,-1.0,-1.0,-1.0,-1.0,-1.0,-1.0,-1.0,-1.0,-1.0,-1.0,-1.0,-1.0,-1.0,-1.0,-1.0,-1.0,-1.0,14.6007704,1.0,0.0,0.0,,turn,-0.9,0.24,0.0,1,8.49,0.0
446,2820.29,7.67619,-1.04523,0.0824186,1.02531,RECOVERY,0.20478237153370127,0.20478237153370127,0.20478237153370127,0.20188036651799768,0.20188036651799768,0.8205276284662987,0.8234296334820023,0.10400000000000001,0.0,42.0,0.0,-0.00375,-28.27974922227798,0.0,-1.0,-4,42.0,45.0,-1.0,-1.0,-1.0,-1.0,-1.0,-1.0,-1.0,-1.0,-1.0,-1.0,-1.0,-1.0,-1.0,-1.0,-1.0,-1.0,-1.0,-1.0,-1.0,14.6140952,1.0,0.0,0.0,,turn,-0.9,0.24,0.0,1,8.51,0.0
447,2820.33,7.84331,-1.06811,0.0864689,1.02342,RECOVERY,0.20475237320622178,0.20475237320622178,0.20475237320622178,0.2018441876597376,0.2018441876597376,0.8186676267937782,0.8215758123402623,0.10400000000000001,0.0,42.0,0.0,-0.00375,-28.288941394882087,0.0,-1.0,-4,42.0,45.0,-1.0,-1.0,-1.0,-1.0,-1.0,-1.0,-1.0,-1.0,-1.0,-1.0,-1.0,-1.0,-1.0,-1.0,-1.0,-1.0,-1.0,-1.0,-1.0,14.6274648,1.0,0.0,0.0,,turn,-0.9,0.24,0.0,1,8.53,0.0
448,2820.38,8.00867,-1.09212,0.090604,1.02144,RECOVERY,0.20471487529687227,0.20471487529687227,0.20471487529687227,0.20180056796560467,0.20180056796560467,0.8167251247031276,0.8196394320343953,0.10400000000000001,0.0,45.0,0.0,-0.00375,-28.30043161063727,0.0,-1.0,-4,42.0,45.0,-1.0,-1.0,-1.0,-1.0,-1.0,-1.0,-1.0,-1.0,-1.0,-1.0,-1.0,-1.0,-1.0,-1.0,-1.0,-1.0,-1.0,-1.0,-1.0,14.6406936,1.0,0.0,0.0,,brake,-0.9,0.0,0.34,1,8.55,0.0
449,2820.42,7.30502,-0.940096,0.094741,1.01952,RECOVERY,0.20468487696939278,0.20468487696939278,0.20468487696939278,0.20179657573014814,0.20179657573014814,0.8148351230306072,0.8177234242698519,0.10400000000000001,0.0,45.0,0.0,-0.00375,-28.309623783241374,0.0,-1.0,-4,42.0,45.0,-1.0,-1.0,-1.0,-1.0,-1.0,-1.0,-1.0,-1.0,-1.0,-1.0,-1.0,-1.0,-1.0,-1.0,-1.0,-1.0,-1.0,-1.0,-1.0,14.5844016,1.0,0.0,0.0,,turn,-0.9,0.0,0.040000000000000036,1,8.57,0.0
450,2820.46,6.88971,-0.881884,0.0983111,1.01781,RECOVERY,0.20465487864191328,0.20465487864191328,0.20465487864191328,0.20178187316301746,0.20178187316301746,0.8131551213580868,0.8160281268369827,0.10400000000000001,0.0,45.0,0.0,-0.00375,-28.31881595584548,0.0,-1.0,-4,42.0,45.0,-1.0,-1.0,-1.0,-1.0,-1.0,-1.0,-1.0,-1.0,-1.0,-1.0,-1.0,-1.0,-1.0,-1.0,-1.0,-1.0,-1.0,-1.0,-1.0,14.5511768,1.0,0.0,0.0,,turn,-0.9,0.22,0.0,1,8.59,0.0
451,2820.5,6.94624,-0.947267,0.10212,1.01602,RECOVERY,0.2046248803144338,0.2046248803144338,0.2046248803144338,0.20174979519027672,0.20174979519027672,0.8113951196855661,0.8142702048097232,0.10400000000000001,0.0,45.0,0.0,-0.00375,-28.328008128449586,0.0,-1.0,-4,42.0,45.0,-1.0,-1.0,-1.0,-1.0,-1.0,-1.0,-1.0,-1.0,-1.0,-1.0,-1.0,-1.0,-1.0,-1.0,-1.0,-1.0,-1.0,-1.0,-1.0,14.5556992,1.0,0.0,0.0,,turn,-0.9,0.24,0.0,1,8.61,0.0
452,2820.53,7.10719,-0.972604,0.105813,1.01414,RECOVERY,0.20460238156882402,0.20460238156882402,0.20460238156882402,0.20172137132157278,0.20172137132157278,0.809537618431176,0.8124186286784273,0.10400000000000001,0.0,45.0,0.0,-0.00375,-28.33490225790272,0.0,-1.0,-4,42.0,45.0,-1.0,-1.0,-1.0,-1.0,-1.0,-1.0,-1.0,-1.0,-1.0,-1.0,-1.0,-1.0,-1.0,-1.0,-1.0,-1.0,-1.0,-1.0,-1.0,14.5685752,1.0,0.0,0.0,,turn,-0.9,0.24,0.0,1,8.63,0.0
453,2820.57,7.27817,-0.994702,0.10958,1.01218,RECOVERY,0.20457238324134455,0.20457238324134455,0.20457238324134455,0.20168507208409733,0.20168507208409733,0.8076076167586556,0.8104949279159027,0.10400000000000001,0.0,45.0,0.0,-0.00375,-28.344094430506825,0.0,-1.0,-4,42.0,45.0,-1.0,-1.0,-1.0,-1.0,-1.0,-1.0,-1.0,-1.0,-1.0,-1.0,-1.0,-1.0,-1.0,-1.0,-1.0,-1.0,-1.0,-1.0,-1.0,14.5822536,1.0,0.0,0.0,,turn,-0.9,0.24,0.0,1,8.65,0.0
454,2820.61,7.45351,-1.01977,0.113421,1.01015,RECOVERY,0.20454238491386506,0.20454238491386506,0.20454238491386506,0.20164860516685273,0.20164860516685273,0.8056076150861351,0.8085013948331474,0.10400000000000001,0.0,45.0,0.0,-0.00375,-28.35328660311093,0.0,-1.0,-4,42.0,45.0,-1.0,-1.0,-1.0,-1.0,-1.0,-1.0,-1.0,-1.0,-1.0,-1.0,-1.0,-1.0,-1.0,-1.0,-1.0,-1.0,-1.0,-1.0,-1.0,14.5962808,1.0,0.0,0.0,,turn,-0.9,0.24,0.0,1,8.67,0.0
455,2820.65,7.62599,-1.04356,0.117338,1.00805,RECOVERY,0.20451238658638557,0.20451238658638557,0.20451238658638557,0.20161223683808793,0.20161223683808793,0.8035376134136143,0.806437763161912,0.10400000000000001,0.0,45.0,0.0,-0.00375,-28.362478775715037,0.0,-1.0,-4,42.0,45.0,-1.0,-1.0,-1.0,-1.0,-1.0,-1.0,-1.0,-1.0,-1.0,-1.0,-1.0,-1.0,-1.0,-1.0,-1.0,-1.0,-1.0,-1.0,-1.0,14.6100792,1.0,0.0,0.0,,turn,-0.9,0.24,0.0,1,8.69,0.0
456,2820.7,7.79094,-1.06738,0.121335,1.00587,RECOVERY,0.2044748886770364,0.2044748886770364,0.2044748886770364,0.20156864060225727,0.20156864060225727,0.8013951113229636,0.8043013593977428,0.10400000000000001,0.0,45.0,0.0,-0.00375,-28.373968991470115,0.0,-1.0,-4,42.0,45.0,-1.0,-1.0,-1.0,-1.0,-1.0,-1.0,-1.0,-1.0,-1.0,-1.0,-1.0,-1.0,-1.0,-1.0,-1.0,-1.0,-1.0,-1.0,-1.0,14.6232752,1.0,0.0,0.0,,turn,-0.9,0.24,0.0,1,8.71,0.0
457,2820.74,7.94934,-1.0899,0.125416,1.00362,RECOVERY,0.2044448903495569,0.2044448903495569,0.2044448903495569,0.20153278019724555,0.20153278019724555,0.799175109650443,0.8020872198027544,0.10400000000000001,0.0,45.0,0.0,-0.00375,-28.38316116407422,0.0,-1.0,-4,42.0,45.0,-1.0,-1.0,-1.0,-1.0,-1.0,-1.0,-1.0,-1.0,-1.0,-1.0,-1.0,-1.0,-1.0,-1.0,-1.0,-1.0,-1.0,-1.0,-1.0,14.6359472,1.0,0.0,0.0,,turn,-0.9,0.24,0.0,1,8.73,0.0
458,2820.78,8.10179,-1.11218,0.129587,1.00127,RECOVERY,0.20441489202207708,0.20441489202207708,0.20441489202207708,0.20149713452255535,0.20149713452255535,0.796855107977923,0.7997728654774447,0.10400000000000001,0.0,45.0,0.0,-0.00375,-28.39235333667843,0.0,-1.0,-4,42.0,45.0,-1.0,-1.0,-1.0,-1.0,-1.0,-1.0,-1.0,-1.0,-1.0,-1.0,-1.0,-1.0,-1.0,-1.0,-1.0,-1.0,-1.0,-1.0,-1.0,14.6481432,1.0,0.0,0.0,,brake,-0.9,0.0,0.34,1,8.75,0.0
459,2820.82,7.36419,-0.958483,0.13385,0.999002,EDGE_GUARD,0.2043848936945976,0.2043848936945976,0.2043848936945976,0.2014944100002502,0.2014944100002502,0.7946171063054024,0.7975075899997497,0.10400000000000001,0.0,52.0,0.0,-0.00375,-28.401545509282535,0.0,94.5368,0,216.0,216.0,0.00822645,0.0253908,0.0660598,70.8935,83.7509,88.1678,90.277,92.0135,93.2545,94.5368,95.8621,97.2326,61.3972,56.612,49.4171,39.4693,29.6952,22.2687,12.57,14.5891352,1.0,0.0,0.0,,accelerate,-0.9,0.0,0.040000000000000036,1,8.77,0.0
460,2820.86,7.02201,-0.929205,0.137645,0.996918,EDGE_GUARD,0.20435489536711812,0.20435489536711812,0.20435489536711812,0.20147702163330808,0.20147702163330808,0.7925631046328818,0.7954409783666919,0.10400000000000001,0.0,52.0,0.0,-0.00375,-28.41073768188664,0.0,95.0761,0,216.0,216.0,0.0255395,0.079949,0.214831,72.2787,84.4137,88.728,90.7967,92.5176,93.7758,95.0761,96.4205,64.9999,59.9545,55.3816,48.4752,38.8649,29.3528,22.0788,12.5208,14.5617608,1.0,0.0,0.0,,accelerate,-0.9,0.1,0.0,1,8.79,0.0
461,2820.9,6.99412,-0.968113,0.141503,0.994797,EDGE_GUARD,0.20432489703963863,0.20432489703963863,0.20432489703963863,0.20144804991262974,0.20144804991262974,0.7904721029603614,0.7933489500873703,0.10400000000000001,0.0,52.0,0.0,-0.00375,-28.419929854490746,0.0,95.6345,0,216.0,216.0,0.043336,0.137671,0.383229,73.5296,85.07,89.2867,91.3162,93.0392,94.3154,95.6345,96.9985,63.0118,58.5539,54.1828,47.5525,38.2686,29.0125,21.889,12.4712,14.5595296,1.0,0.0,0.0,,accelerate,-0.9,0.1,0.0,1,8.81,0.0
462,2820.94,7.02166,-0.97135,0.145282,0.992621,EDGE_GUARD,0.20429489871215914,0.20429489871215914,0.20429489871215914,0.2014170378626588,0.2014170378626588,0.7883261012878409,0.7912039621373412,0.10400000000000001,0.0,52.0,0.0,-0.00375,-28.429122027094852,0.0,96.1894,0,216.0,216.0,0.0617705,0.199158,0.575467,74.6457,85.6954,89.8222,91.8154,93.5574,94.8515,96.1894,65.6217,61.4937,57.2388,53.0533,46.6785,37.6993,28.6848,21.705,12.4224,14.5617328,1.0,0.0,0.0,,accelerate,-0.9,0.1,0.0,1,8.83,0.0
463,2820.98,7.04808,-0.967603,0.149078,0.990402,EDGE_GUARD,0.20426490038467968,0.20426490038467968,0.20426490038467968,0.20138606687438898,0.20138606687438898,0.7861370996153203,0.789015933125611,0.10400000000000001,0.0,52.0,0.0,-0.00375,-28.438314199698958,0.0,96.7549,0,216.0,216.0,0.0807551,0.264363,0.79549,75.6827,86.3074,90.3488,92.319,94.0854,95.3978,96.7549,63.3456,60.0379,55.9737,51.9632,45.8307,37.1431,28.3625,21.5229,12.3737,14.5638464,1.0,0.0,0.0,,accelerate,-0.9,0.1,0.0,1,8.85,0.0
464,2821.01,7.08601,-0.971628,0.152888,0.988144,EDGE_GUARD,0.2042424016390699,0.2042424016390699,0.2042424016390699,0.20136217144202548,0.20136217144202548,0.7839015983609301,0.7867818285579745,0.10400000000000001,0.0,52.0,0.0,-0.00375,-28.44520832915209,0.0,66.5686,-0.5,216.0,216.0,0.100275,0.333454,1.0488,76.6568,86.9069,90.867,92.8322,94.6234,95.9547,66.5686,61.7772,58.6407,54.7558,50.9105,45.0081,36.5998,28.0453,21.3427,12.325,14.5668808,1.0,0.0,0.0,,accelerate,-0.9,0.1,0.0,1,8.87,0.0
465,2821.05,7.13741,-0.979793,0.156718,0.985843,EDGE_GUARD,0.2042124033115904,0.2042124033115904,0.2042124033115904,0.20133027989563826,0.20133027989563826,0.7816305966884096,0.7845127201043618,0.10400000000000001,0.0,52.0,0.0,-0.00375,-28.454400501756197,0.0,63.6851,-0.5,216.0,216.0,0.120366,0.406799,1.34324,77.5802,87.4951,91.3777,93.3556,95.1723,96.5229,63.6851,60.2899,57.2975,53.5813,49.8921,44.2087,36.0682,27.7329,21.1642,12.2764,14.570992799999999,1.0,0.0,0.0,,accelerate,-0.9,0.1,0.0,1,8.89,0.0
466,2821.09,7.20359,-0.992101,0.160559,0.983502,EDGE_GUARD,0.20418240498411092,0.20418240498411092,0.20418240498411092,0.2012978430589236,0.2012978430589236,0.7793195950158891,0.7822041569410764,0.10400000000000001,0.0,52.0,0.0,-0.00375,-28.4635926743603,0.0,62.0349,-0.5,216.0,216.0,0.141013,0.484595,1.68822,78.4589,88.0712,91.8836,93.8883,95.7312,97.1015,62.0349,58.8653,56.0079,52.4502,48.9086,43.4331,35.5491,27.4257,20.9876,12.2279,14.5762872,1.0,0.0,0.0,,accelerate,-0.9,0.1,0.0,1,8.91,0.0
467,2821.13,7.26443,-1.00542,0.164425,0.981113,EDGE_GUARD,0.20415240665663142,0.20415240665663142,0.20415240665663142,0.20126560209152294,0.20126560209152294,0.7769605933433685,0.779847397908477,0.10400000000000001,0.0,52.0,0.0,-0.00375,-28.472784846964405,0.0,60.5161,-1,216.0,216.0,0.162309,0.567489,2.0986,79.3025,88.6384,92.3994,94.4328,96.3025,64.0318,60.5161,57.4943,54.764,51.3564,47.9549,42.6777,35.0403,27.1225,20.8125,12.1793,14.581154399999999,1.0,0.0,0.0,,accelerate,-0.9,0.1,0.0,1,8.93,0.0
468,2821.17,7.30931,-1.01204,0.168308,0.978678,EDGE_GUARD,0.20412240832915196,0.20412240832915196,0.20412240832915196,0.2012339488826217,0.2012339488826217,0.7745555916708481,0.7774440511173784,0.10400000000000001,0.0,52.0,0.0,-0.00375,-28.48197701956851,0.0,59.0597,-1,216.0,216.0,0.184239,0.655755,2.59273,80.1141,89.1956,92.9253,94.9881,96.8854,62.2596,59.0597,56.1768,53.5661,50.2998,47.0311,41.9429,34.5423,26.8239,20.6389,12.1307,14.5847448,1.0,0.0,0.0,,accelerate,-0.9,0.1,0.0,1,8.95,0.0
469,2821.21,7.34332,-1.018,0.172222,0.976196,EDGE_GUARD,0.20409241000167247,0.20409241000167247,0.20409241000167247,0.20120269617879538,0.20120269617879538,0.7721035899983275,0.7749933038212046,0.10400000000000001,0.0,52.0,0.0,-0.00375,-28.491169192172617,0.0,57.6582,-1.7,216.0,216.0,0.206819,0.749874,3.19864,80.8998,89.7453,93.4636,95.5565,64.3717,60.706,57.6582,54.9058,52.408,49.2759,46.1334,41.2259,34.0534,26.5288,20.4665,12.082,14.5874656,1.0,0.0,0.0,,accelerate,-0.9,0.1,0.0,1,8.97,0.0
470,2821.25,7.36585,-1.01457,0.176153,0.973667,EDGE_GUARD,0.20406241167419298,0.20406241167419298,0.20406241167419298,0.20117186673994625,0.20117186673994625,0.7696045883258069,0.7724951332600537,0.10400000000000001,0.0,52.0,0.0,-0.00375,-28.500361364776722,0.0,56.312,-1.7,216.0,216.0,0.230087,0.85038,3.95637,81.6601,90.2862,94.0127,96.1366,62.444,59.2175,56.312,53.6821,51.2908,48.2857,45.2631,40.528,33.5748,26.238,20.2958,12.0334,14.589268,1.0,0.0,0.0,,accelerate,-0.9,0.1,0.0,1,8.99,0.0
471,2821.29,7.39623,-1.0196,0.180115,0.971094,EDGE_GUARD,0.20403241334671351,0.20403241334671351,0.20403241334671351,0.20114074753622121,0.20114074753622121,0.7670615866532865,0.7699532524637788,0.10400000000000001,0.0,52.0,0.0,-0.00375,-28.509553537380828,0.0,55.0146,-1.7,216.0,216.0,0.25401,0.957669,4.9293,82.3997,90.82,94.5747,96.7304,60.8568,57.7862,55.0146,52.5006,50.2099,47.3251,44.4169,39.8467,33.1048,25.9507,20.1262,11.9847,14.5916984,1.0,0.0,0.0,,accelerate,-0.9,0.1,0.0,1,9.01,0.0
472,2821.33,7.44499,-1.02633,0.184095,0.968472,EDGE_GUARD,0.20400241501923402,0.20400241501923402,0.20400241501923402,0.2011089497534491,0.2011089497534491,0.764469584980766,0.7673630502465509,0.10400000000000001,0.0,52.0,0.0,-0.00375,-28.518745709984934,0.0,53.7668,-2.5,216.0,216.0,0.278651,1.07248,6.22042,83.1187,91.3458,95.1483,64.2697,59.3374,56.4128,53.7668,51.3617,49.166,46.3954,43.5956,39.1832,32.6444,25.6676,19.9581,11.9359,14.5955992,1.0,0.0,0.0,,accelerate,-0.9,0.1,0.0,1,9.03,0.0
473,2821.37,7.50948,-1.0413,0.188096,0.965802,EDGE_GUARD,0.20397241669175453,0.20397241669175453,0.20397241669175453,0.20107657062285011,0.20107657062285011,0.7618295833082456,0.7647254293771499,0.10400000000000001,0.0,52.0,0.0,-0.00375,-28.52793788258904,0.0,52.5648,-2.5,216.0,216.0,0.304027,1.19552,8.01171,83.8191,91.8751,95.7342,62.3023,57.8807,55.0928,52.5648,50.2624,48.1567,45.4944,42.798,38.5363,32.1931,25.3883,19.7916,11.8872,14.6007584,1.0,0.0,0.0,,accelerate,-0.9,0.1,0.0,1,9.05,0.0
474,2821.41,7.57362,-1.05471,0.192121,0.963086,EDGE_GUARD,0.20394241836427507,0.20394241836427507,0.20394241836427507,0.2010442034614332,0.2010442034614332,0.7591435816357249,0.7620417965385669,0.10400000000000001,0.0,52.0,0.0,-0.00375,-28.537130055193145,0.0,51.4054,-2.5,216.0,216.0,0.33013,1.32746,10.6579,84.503,92.4159,96.3331,60.6876,56.4817,53.822,51.4054,49.2001,47.1797,44.6201,42.0224,37.9049,31.7502,25.1127,19.6263,11.8385,14.6058896,1.0,0.0,0.0,,accelerate,-0.9,0.1,0.0,1,9.07,0.0
475,2821.45,7.62008,-1.06133,0.196163,0.960315,EDGE_GUARD,0.20391242003679558,0.20391242003679558,0.20391242003679558,0.2010124886691691,0.2010124886691691,0.7564025799632045,0.7593025113308309,0.10400000000000001,0.0,52.0,0.0,-0.00375,-28.54632222779725,0.0,50.2883,-4,216.0,216.0,0.357055,1.46942,14.9461,85.1705,92.9676,65.295,59.1438,55.1394,52.6003,50.2883,48.1746,46.2348,43.7729,41.269,37.2894,31.3163,24.841,19.4625,11.7897,14.6096064,1.0,0.0,0.0,,accelerate,-0.9,0.1,0.0,1,9.09,0.0
476,2821.49,7.65557,-1.06685,0.200235,0.957498,EDGE_GUARD,0.2038824217093161,0.2038824217093161,0.2038824217093161,0.20098117882800845,0.20098117882800845,0.7536155782906839,0.7565168211719915,0.10400000000000001,0.0,52.0,0.0,-0.00375,-28.555514400401357,0.0,49.2082,-4,216.0,216.0,0.384745,1.6222,23.0885,85.8247,93.5322,62.7694,57.662,53.8467,51.4211,49.2082,47.1813,45.318,42.9491,40.5349,36.6878,30.8898,24.5725,19.2999,11.7409,14.612445600000001,1.0,0.0,0.0,,brake,-0.9,0.0,0.12,1,9.11,0.0
477,2821.53,7.28028,-1.00927,0.204537,0.954709,EDGE_GUARD,0.20385242338183626,0.20385242338183626,0.20385242338183626,0.20096503442528557,0.20096503442528557,0.7508565766181637,0.7537439655747145,0.10400000000000001,0.0,52.0,0.0,-0.00375,-28.564706573005566,0.0,48.1186,-4,216.0,216.0,0.41268,1.78685,46.1905,86.4991,94.1407,61.0045,56.1775,52.5476,50.2338,48.1186,46.1778,44.3907,42.1143,39.7896,36.0752,30.4539,24.297,19.1327,11.691,14.5824224,1.0,0.0,0.0,,brake,-0.9,0.0,0.12,1,9.13,0.0
478,2821.56,6.92841,-0.961128,0.208651,0.952026,EDGE_GUARD,0.20382992463622682,0.20382992463622682,0.20382992463622682,0.20095549552791184,0.20095549552791184,0.7481960753637732,0.7510705044720882,0.10400000000000001,0.0,52.0,0.0,-0.00375,-28.571600702458593,0.0,47.1184,-4,216.0,216.0,0.439883,1.95569,65.643,87.1278,94.7327,59.4151,54.8239,51.3596,49.1458,47.1184,45.255,43.5364,41.3438,39.1004,35.5069,30.0475,24.0387,18.9752,11.6436,14.5542728,1.0,0.0,0.0,,brake,-0.9,0.0,0.12,1,9.15,0.0
479,2821.6,6.59382,-0.909305,0.212541,0.949445,EDGE_GUARD,0.20379992630874735,0.20379992630874735,0.20379992630874735,0.20093779410251864,0.20093779410251864,0.7456450736912527,0.7485072058974813,0.10400000000000001,0.0,52.0,0.0,-0.00375,-28.5807928750627,0.0,46.2075,-4,216.0,216.0,0.466348,2.12793,67.9392,87.7083,95.3013,57.9827,53.5995,50.2815,48.1567,46.2075,44.4132,42.7562,40.6388,38.4686,34.9842,29.672,23.7988,18.8281,11.5989,14.5275056,1.0,0.0,0.0,,brake,-0.9,0.0,0.12,1,9.17,0.0
480,2821.63,6.23645,-0.857414,0.216206,0.946979,EDGE_GUARD,0.20377742756313755,0.20377742756313755,0.20377742756313755,0.20092840094160705,0.20092840094160705,0.7432015724368625,0.746050599058393,0.10400000000000001,0.0,52.0,0.0,-0.00375,-28.587687004515832,0.0,45.3788,-4,216.0,216.0,0.491892,2.30225,69.5692,88.2432,95.8448,56.6915,52.4919,49.3039,47.2582,45.3788,43.6463,42.0444,39.9944,37.8901,34.5044,29.3257,23.5764,18.6913,11.557,14.498916,1.0,0.0,0.0,,brake,-0.9,0.0,0.12,1,9.19,0.0
481,2821.66,5.85486,-0.805317,0.219654,0.944635,EDGE_GUARD,0.20375492881752813,0.20375492881752813,0.20375492881752813,0.2009198634498197,0.2009198634498197,0.7408800711824719,0.7437151365501803,0.10400000000000001,0.0,52.0,0.0,-0.00375,-28.59458113396886,0.0,44.6239,-4,128.0,216.0,0.516422,2.47773,70.8727,88.7368,96.3634,55.5251,51.4883,48.416,46.4409,44.6239,42.9468,41.3943,39.4051,37.3601,34.0636,29.0063,23.3704,18.564,11.5178,14.4683888,1.0,0.0,0.0,,brake,-0.9,0.0,0.12,1,9.21,0.0
482,2821.69,5.49362,-0.757854,0.222872,0.942407,EDGE_GUARD,0.20373243007191832,0.20373243007191832,0.20373243007191832,0.20091055045091813,0.20091055045091813,0.7386745699280817,0.7414964495490819,0.10400000000000001,0.0,52.0,0.0,-0.00375,-28.60147526342199,0.0,43.9396,-4,128.0,216.0,0.539941,2.6534,71.9597,89.189,64.0342,54.4762,50.5831,47.6135,45.7011,43.9396,42.312,40.8037,38.8689,36.8772,33.6611,28.7135,23.1807,18.4462,11.4812,14.4394896,1.0,0.0,0.0,,brake,-0.9,0.0,0.12,1,9.23,0.0
483,2821.72,5.1348,-0.708279,0.225877,0.940302,EDGE_GUARD,0.2037099313263089,0.2037099313263089,0.2037099313263089,0.20090111930827267,0.20090111930827267,0.7365920686736911,0.7394008806917273,0.10400000000000001,0.0,52.0,0.0,-0.00375,-28.608369392875016,0.0,43.3179,-4,128.0,216.0,0.562364,2.82826,72.8925,89.6043,62.4249,53.5297,49.7642,46.886,45.0296,43.3179,41.7346,40.266,38.3801,36.4364,33.2928,28.4448,23.0059,18.3374,11.4471,14.410784,1.0,0.0,0.0,,brake,-0.9,0.0,0.12,1,9.25,0.0
484,2821.75,4.77618,-0.658301,0.228668,0.938324,EDGE_GUARD,0.2036874325806991,0.2036874325806991,0.2036874325806991,0.2008916511965131,0.2008916511965131,0.734636567419301,0.737432348803487,0.10400000000000001,0.0,52.0,0.0,-0.00375,-28.61526352232815,0.0,42.7546,-4,128.0,216.0,0.583596,3.00089,73.7032,89.9843,61.2667,52.6775,49.0252,46.2281,44.4218,42.7546,41.2109,39.7778,37.9357,36.0353,32.957,28.1989,22.8454,18.2371,11.4155,14.3820944,1.0,0.0,0.0,,brake,-0.9,0.0,0.12,1,9.27,0.0
485,2821.77,4.41116,-0.614255,0.231263,0.936478,EDGE_GUARD,0.20367243341695937,0.20367243341695937,0.20367243341695937,0.20088988473741942,0.20088988473741942,0.7328055665830406,0.7355881152625806,0.10400000000000001,0.0,52.0,0.0,-0.00375,-28.6198596086302,0.0,42.243,-4,128.0,216.0,0.603586,3.17037,74.4171,90.3328,60.2327,51.9077,48.3563,45.632,43.8705,42.243,40.7349,39.3337,37.5312,35.6695,32.6503,27.9738,22.698,18.1447,11.3863,14.3528928,1.0,0.0,0.0,,brake,-0.9,0.0,0.12,1,9.29,0.0
486,2821.79,4.0584,-0.547707,0.233651,0.934763,EDGE_GUARD,0.20365743425321964,0.20365743425321964,0.20365743425321964,0.2008876446145932,0.2008876446145932,0.7311055657467804,0.7338753553854068,0.10400000000000001,0.0,52.0,0.0,-0.00375,-28.624455694932255,0.0,41.7819,-4,128.0,216.0,0.622286,3.33509,75.0452,90.6495,59.3098,51.2175,47.7555,45.0956,43.3739,41.7819,40.3055,38.9328,37.1656,35.3387,32.3725,27.7693,22.5637,18.0603,11.3594,14.324672,1.0,0.0,0.0,,brake,-0.9,0.0,0.12,1,9.31,0.0
487,2821.81,3.70621,-0.496188,0.235844,0.933185,EDGE_GUARD,0.20364243508947988,0.20364243508947988,0.20364243508947988,0.20088535522965992,0.20088535522965992,0.7295425649105202,0.7322996447703402,0.10400000000000001,0.0,52.0,0.0,-0.00375,-28.629051781234306,0.0,41.3668,-4,128.0,216.0,0.639616,3.4937,75.6001,90.9376,58.4859,50.5991,47.2163,44.6136,42.9273,41.3668,39.9188,38.5715,36.8358,35.0401,32.1213,27.584,22.4416,17.9835,11.3349,14.2964968,1.0,0.0,0.0,,brake,-0.9,0.0,0.12,1,9.33,0.0
488,2821.83,3.35492,-0.44544,0.23783,0.931741,EDGE_GUARD,0.20362743592574015,0.20362743592574015,0.20362743592574015,0.2008830048527746,0.2008830048527746,0.7281135640742599,0.7308579951472254,0.10400000000000001,0.0,52.0,0.0,-0.00375,-28.63364786753636,0.0,40.9972,-4,128.0,216.0,0.655562,3.64455,76.0872,91.2001,57.7578,50.0505,46.7372,44.1849,42.5297,40.9972,39.5741,38.2492,36.5414,34.7733,31.8965,27.4179,22.332,17.9143,11.3127,14.2683936,1.0,0.0,0.0,,brake,-0.9,0.0,0.12,1,9.35,0.0
489,2821.85,3.00462,-0.394416,0.23961,0.930441,EDGE_GUARD,0.20361243676200041,0.20361243676200041,0.20361243676200041,0.2008805904731282,0.2008805904731282,0.7268285632379996,0.7295604095268717,0.10400000000000001,0.0,52.0,0.0,-0.00375,-28.638243953838412,0.0,40.671,-4,128.0,216.0,0.670004,3.78561,76.5117,91.4369,57.1196,49.5684,46.3156,43.8071,42.1792,40.671,39.2698,37.9647,36.2812,34.5374,31.6975,27.2705,22.2345,17.8526,11.2928,14.2403696,1.0,0.0,0.0,,brake,-0.9,0.0,0.12,1,9.37,0.0
490,2821.86,2.6571,-0.343617,0.241186,0.929291,EDGE_GUARD,0.20360493718013037,0.20360493718013037,0.20360493718013037,0.20088554782186677,0.20088554782186677,0.7256860628198696,0.7284054521781332,0.10400000000000001,0.0,52.0,0.0,-0.00375,-28.64054199698949,0.0,40.3863,-4,128.0,216.0,0.682859,3.91509,76.8789,91.6478,56.5658,49.1489,45.9483,43.4778,41.8735,40.3863,39.0041,37.7161,36.0538,34.331,31.5233,27.1413,22.1489,17.7983,11.2753,14.212568,1.0,0.0,0.0,,brake,-0.9,0.0,0.12,1,9.39,0.0
491,2821.88,2.31133,-0.290941,0.242547,0.928284,EDGE_GUARD,0.2035899380163906,0.2035899380163906,0.2035899380163906,0.20088291520127277,0.20088291520127277,0.7246940619836094,0.7274010847987272,0.10400000000000001,0.0,52.0,0.0,-0.00375,-28.645138083291542,0.0,40.1431,-4,128.0,216.0,0.694147,4.03138,77.19,91.8308,56.0951,48.7913,45.635,43.1967,41.6124,40.1431,38.7769,37.5034,35.8593,34.1543,31.374,27.0304,22.0752,17.7516,11.2602,14.1849064,1.0,0.0,0.0,,brake,-0.9,0.0,0.12,1,9.41,0.0
492,2821.89,1.97578,-0.27485,0.243784,0.927411,EDGE_GUARD,0.20358243843452092,0.20358243843452092,0.20358243843452092,0.2008873902645055,0.2008873902645055,0.723828561565479,0.7265236097354945,0.10400000000000001,0.0,52.0,0.0,-0.00375,-28.647436126442518,0.0,39.9255,-4,128.0,216.0,0.704038,4.13773,77.468,91.9983,55.6752,48.472,45.355,42.9453,41.3788,39.9255,38.5736,37.3131,35.685,33.996,31.2402,26.931,22.0092,17.7097,11.2467,14.1580624,1.0,0.0,0.0,,brake,-0.9,0.0,0.12,1,9.43,0.0
493,2821.9,1.63281,-0.250886,0.24488,0.926654,EDGE_GUARD,0.20357493885265088,0.20357493885265088,0.20357493885265088,0.20089210327256485,0.20089210327256485,0.7230790611473491,0.7257618967274351,0.10400000000000001,0.0,52.0,0.0,-0.00375,-28.649734169593597,0.0,39.7346,-4,128.0,216.0,0.712677,4.2336,77.7114,92.148,55.3082,48.1926,45.1097,42.725,41.174,39.7346,38.3953,37.146,35.5321,33.8571,31.1227,26.8436,21.9511,17.6729,11.2349,14.1306248,1.0,0.0,0.0,,brake,-0.9,0.0,0.12,1,9.45,0.0
494,2821.91,1.33807,-0.196522,0.245692,0.926016,EDGE_GUARD,0.2035674392707812,0.2035674392707812,0.2035674392707812,0.2008950772044026,0.2008950772044026,0.7224485607292188,0.7251209227955974,0.10400000000000001,0.0,52.0,0.0,-0.00375,-28.65203221274457,0.0,39.5928,-4,128.0,216.0,0.71985,4.31068,77.8902,92.2592,55.0373,47.9855,44.9278,42.5615,41.022,39.5928,38.2627,37.0218,35.4182,33.7535,31.035,26.7781,21.9074,17.645,11.2257,14.1070456,1.0,0.0,0.0,,brake,-0.9,0.0,0.12,1,9.47,0.0
495,2821.91,0.994874,-0.140457,0.246226,0.92551,EDGE_GUARD,0.2035674392707812,0.2035674392707812,0.2035674392707812,0.20090724732963866,0.20090724732963866,0.7219425607292189,0.7246027526703613,0.10400000000000001,0.0,52.0,0.0,-0.00375,-28.65203221274457,0.0,39.4983,-4,128.0,216.0,0.725426,4.36728,78.0066,92.3318,54.8579,47.8483,44.807,42.4527,40.9207,39.4983,38.1743,36.9388,35.3421,33.6842,30.9762,26.7341,21.8778,17.6259,11.2192,14.07958992,1.0,0.0,0.0,,brake,-0.9,0.0,0.12,1,9.49,0.0
496,2821.92,0.742519,-0.0980823,0.246786,0.925137,EDGE_GUARD,0.20355993968891115,0.20355993968891115,0.20355993968891115,0.20090867920635302,0.20090867920635302,0.7215770603110888,0.724228320793647,0.10400000000000001,0.0,52.0,0.0,-0.00375,-28.654330255895648,0.0,39.4029,-4,128.0,216.0,0.729734,4.41803,78.1277,92.4088,54.6755,47.7089,44.6845,42.3427,40.8184,39.4029,38.085,36.8552,35.2655,33.6146,30.9173,26.6902,21.8486,17.6074,11.2132,14.05940152,1.0,0.0,0.0,,brake,-0.9,0.0,0.12,1,9.51,0.0
497,2821.92,0.56507,-0.10784,0.247187,0.924838,EDGE_GUARD,0.20355993968891115,0.20355993968891115,0.20355993968891115,0.20091495075931165,0.20091495075931165,0.7212780603110889,0.7239230492406884,0.10400000000000001,0.0,52.0,0.0,-0.00375,-28.654330255895648,0.0,39.3342,-4,128.0,216.0,0.733141,4.45664,78.2141,92.464,54.5449,47.6089,44.5966,42.2636,40.7448,39.3342,38.0208,36.795,35.2103,33.5644,30.8747,26.6584,21.8274,17.5939,11.2088,14.0452056,1.0,0.0,0.0,,brake,-0.9,0.0,0.12,1,9.53,0.0
498,2821.92,0.452435,-0.066302,0.247517,0.924628,EDGE_GUARD,0.20355993968891115,0.20355993968891115,0.20355993968891115,0.20091892783112594,0.20091892783112594,0.7210680603110888,0.723709072168874,0.10400000000000001,0.0,52.0,0.0,-0.00375,-28.654330255895648,0.0,39.2785,-4,128.0,216.0,0.735602,4.48667,78.2848,92.5098,54.4385,47.5276,44.5252,42.1994,40.685,39.2785,37.9687,36.7462,35.1656,33.5237,30.8403,26.6328,21.8103,17.5831,11.2054,14.0361948,1.0,0.0,0.0,,brake,-0.9,0.0,0.12,1,9.55,0.0
499,2821.92,0.319821,-0.0252154,0.247719,0.924481,EDGE_GUARD,0.20355993968891115,0.20355993968891115,0.20355993968891115,0.2009236065965107,0.2009236065965107,0.7209210603110888,0.7235573934034893,0.10400000000000001,0.0,52.0,0.0,-0.00375,-28.654330255895648,0.0,39.2442,-4,128.0,216.0,0.73728,4.50615,78.3277,92.5373,54.3735,47.4778,44.4813,42.1598,40.6482,39.2442,37.9367,36.7162,35.138,33.4987,30.819,26.6169,21.7997,17.5763,11.2032,14.02558568,1.0,0.0,0.0,,brake,-0.9,0.0,0.12,1,9.57,0.0
500,2821.93,0.297194,-0.0521446,0.247994,0.924359,EDGE_GUARD,0.20355244010704143,0.20355244010704143,0.20355244010704143,0.2009169049143976,0.2009169049143976,0.7208065598929586,0.7234420950856024,0.10400000000000001,0.0,52.0,0.0,-0.00375,-28.656628299046623,0.0,39.199,-4,128.0,216.0,0.738813,4.52825,78.3863,92.5759,54.287,47.4118,44.4234,42.1078,40.5999,39.199,37.8945,36.6767,35.1019,33.4658,30.7913,26.5964,21.7862,17.5678,11.2006,14.02377552,1.0,0.0,0.0,,brake,-0.9,0.0,0.12,1,9.59,0.0
501,2821.93,0.209859,-0.01755,0.248115,0.924255,EDGE_GUARD,0.20355244010704143,0.20355244010704143,0.20355244010704143,0.20091998351534632,0.20091998351534632,0.7207025598929586,0.7233350164846537,0.10400000000000001,0.0,52.0,0.0,-0.00375,-28.656628299046623,0.0,39.1782,-4,128.0,216.0,0.739978,4.54102,78.4121,92.5925,54.2475,47.3814,44.3967,42.0838,40.5775,39.1782,37.875,36.6584,35.0851,33.4505,30.7783,26.5866,21.7796,17.5636,11.1992,14.01678872,1.0,0.0,0.0,,brake,-0.9,0.0,0.12,1,9.61,0.0
502,2821.93,0.226154,-0.0442971,0.248326,0.924164,EDGE_GUARD,0.20355244010704143,0.20355244010704143,0.20355244010704143,0.20091940924228427,0.20091940924228427,0.7206115598929586,0.7232445907577157,0.10400000000000001,0.0,52.0,0.0,-0.00375,-28.656628299046623,0.0,39.1438,-4,128.0,216.0,0.741134,4.55797,78.4567,92.622,54.1817,47.3313,44.3526,42.0441,40.5406,39.1438,37.8429,36.6283,35.0575,33.4255,30.7572,26.571,21.7693,17.5571,11.1973,14.01809232,1.0,0.0,0.0,,brake,-0.9,0.0,0.12,1,9.63,0.0
503,2821.93,0.155706,-0.010969,0.248404,0.924084,EDGE_GUARD,0.20355244010704143,0.20355244010704143,0.20355244010704143,0.20092189155073453,0.20092189155073453,0.7205315598929586,0.7231621084492654,0.10400000000000001,0.0,52.0,0.0,-0.00375,-28.656628299046623,0.0,39.1302,-4,128.0,216.0,0.742007,4.56701,78.4733,92.6327,54.156,47.3114,44.3352,42.0284,40.526,39.1302,37.8301,36.6163,35.0465,33.4154,30.7486,26.5645,21.7649,17.5543,11.1963,14.01245648,1.0,0.0,0.0,,brake,-0.9,0.0,0.12,1,9.65,0.0
504,2821.93,0.186873,-0.037243,0.248573,0.924011,EDGE_GUARD,0.20355244010704143,0.20355244010704143,0.20355244010704143,0.20092079349037228,0.20092079349037228,0.7204585598929586,0.7230902065096277,0.10400000000000001,0.0,52.0,0.0,-0.00375,-28.656628299046623,0.0,39.1025,-4,128.0,216.0,0.742934,4.58074,78.5093,92.6567,54.1031,47.2709,44.2997,41.9965,40.4963,39.1025,37.8042,36.5921,35.0243,33.3953,30.7316,26.5519,21.7566,17.5491,11.1947,14.01494984,1.0,0.0,0.0,,brake,-0.9,0.0,0.12,1,9.67,0.0
505,2821.93,0.126173,-0.00625906,0.248629,0.92395,EDGE_GUARD,0.20355244010704143,0.20355244010704143,0.20355244010704143,0.200922931835982,0.200922931835982,0.7203975598929586,0.7230270681640181,0.10400000000000001,0.0,52.0,0.0,-0.00375,-28.656628299046623,0.0,39.0927,-4,128.0,216.0,0.743601,4.5875,78.521,92.6642,54.0847,47.2568,44.2871,41.9852,40.4858,39.0927,37.795,36.5834,35.0164,33.388,30.7254,26.5472,21.7535,17.547,11.194,14.01009384,1.0,0.0,0.0,,brake,-0.9,0.0,0.12,1,9.69,0.0
506,2821.93,0.167135,-0.0327687,0.248778,0.923889,EDGE_GUARD,0.20355244010704143,0.20355244010704143,0.20355244010704143,0.2009214889158747,0.2009214889158747,0.7203365598929585,0.7229675110841253,0.10400000000000001,0.0,52.0,0.0,-0.00375,-28.656628299046623,0.0,39.0686,-4,128.0,216.0,0.744383,4.59938,78.5524,92.6851,54.0386,47.2216,44.2562,41.9574,40.46,39.0686,37.7725,36.5624,34.9971,33.3705,30.7106,26.5363,21.7462,17.5425,11.1927,14.0133708,1.0,0.0,0.0,,brake,-0.9,0.0,0.12,1,9.71,0.0
507,2821.93,0.109565,-0.00311748,0.248818,0.923828,EDGE_GUARD,0.20355244010704143,0.20355244010704143,0.20355244010704143,0.20092351675611267,0.20092351675611267,0.7202755598929586,0.7229044832438873,0.10400000000000001,0.0,52.0,0.0,-0.00375,-28.656628299046623,0.0,39.0611,-4,128.0,216.0,0.745031,4.60532,78.5609,92.6904,54.0248,47.2109,44.2467,41.9489,40.452,39.0611,37.7655,36.5557,34.991,33.365,30.7059,26.5327,21.7438,17.5409,11.192,14.0087652,1.0,0.0,0.0,,brake,-0.9,0.0,0.12,1,9.73,0.0
508,2821.93,0.154954,-0.0294348,0.248951,0.923773,EDGE_GUARD,0.20355244010704143,0.20355244010704143,0.20355244010704143,0.20092191804205795,0.20092191804205795,0.7202205598929585,0.722851081957942,0.10400000000000001,0.0,52.0,0.0,-0.00375,-28.656628299046623,0.0,39.0396,-4,128.0,216.0,0.745734,4.61601,78.5888,92.7091,53.9837,47.1796,44.2192,41.9241,40.429,39.0396,37.7454,36.537,34.9738,33.3493,30.6927,26.5229,21.7373,17.5368,11.1908,14.01239632,1.0,0.0,0.0,,brake,-0.9,0.0,0.12,1,9.75,0.0
509,2821.93,0.0990053,-0.000753849,0.24898,0.923724,EDGE_GUARD,0.20355244010704143,0.20355244010704143,0.20355244010704143,0.20092388862698085,0.20092388862698085,0.7201715598929586,0.7228001113730191,0.10400000000000001,0.0,52.0,0.0,-0.00375,-28.656628299046623,0.0,39.0341,-4,128.0,216.0,0.746249,4.62062,78.5949,92.7129,53.9735,47.1716,44.2122,41.9178,40.423,39.0341,37.7402,36.5321,34.9693,33.3452,30.6891,26.5202,21.7354,17.5356,11.1904,14.007920424,1.0,0.0,0.0,,brake,-0.9,0.0,0.12,1,9.77,0.0
510,2821.93,0.146824,-0.0268851,0.249102,0.923679,EDGE_GUARD,0.20355244010704143,0.20355244010704143,0.20355244010704143,0.20092220443593317,0.20092220443593317,0.7201265598929586,0.7227567955640668,0.10400000000000001,0.0,52.0,0.0,-0.00375,-28.656628299046623,0.0,39.0145,-4,128.0,216.0,0.74685,4.63019,78.6205,92.73,53.936,47.1429,44.1871,41.8952,40.402,39.0145,37.722,36.515,34.9536,33.331,30.6771,26.5113,21.7296,17.5319,11.1893,14.01174592,1.0,0.0,0.0,,brake,-0.9,0.0,0.12,1,9.79,0.0
511,2821.93,0.0916026,0.00100226,0.249123,0.923633,EDGE_GUARD,0.20355244010704143,0.20355244010704143,0.20355244010704143,0.20092414930545374,0.20092414930545374,0.7200805598929586,0.7227088506945463,0.10400000000000001,0.0,52.0,0.0,-0.00375,-28.656628299046623,0.0,39.0103,-4,128.0,216.0,0.747324,4.63417,78.6248,92.7326,53.9284,47.1371,44.1818,41.8904,40.3975,39.0103,37.718,36.5112,34.9502,33.3279,30.6744,26.5092,21.7281,17.5309,11.1889,14.007328208,1.0,0.0,0.0,,brake,-0.9,0.0,0.12,1,9.81,0.0
512,2821.94,0.140045,-0.0249323,0.249235,0.923587,EDGE_GUARD,0.2035449405251714,0.2035449405251714,0.2035449405251714,0.200914943644872,0.200914943644872,0.7200420594748287,0.7226720563551281,0.10400000000000001,0.0,52.0,0.0,-0.00375,-28.658926342197702,0.0,38.9923,-4,128.0,216.0,0.747912,4.64321,78.6482,92.7484,53.8939,47.1107,44.1586,41.8696,40.3782,38.9923,37.7011,36.4954,34.9357,33.3147,30.6633,26.501,21.7227,17.5275,11.1879,14.0112036,1.0,0.0,0.0,,brake,-0.9,0.0,0.12,1,9.83,0.0
513,2821.94,0.0848585,0.00238844,0.249247,0.923541,EDGE_GUARD,0.2035449405251714,0.2035449405251714,0.2035449405251714,0.20091688719912648,0.20091688719912648,0.7199960594748286,0.7226241128008735,0.10400000000000001,0.0,52.0,0.0,-0.00375,-28.658926342197702,0.0,38.9895,-4,128.0,216.0,0.748376,4.64669,78.6507,92.7497,53.889,47.1068,44.1551,41.8664,40.3752,38.9895,37.6985,36.4929,34.9334,33.3126,30.6614,26.4995,21.7216,17.5268,11.1875,14.00678868,1.0,0.0,0.0,,brake,-0.9,0.0,0.12,1,9.85,0.0
514,2821.94,0.13381,-0.0232029,0.249349,0.923499,EDGE_GUARD,0.2035449405251714,0.2035449405251714,0.2035449405251714,0.20091516326387596,0.20091516326387596,0.7199540594748286,0.722583836736124,0.10400000000000001,0.0,52.0,0.0,-0.00375,-28.658926342197702,0.0,38.973,-4,128.0,216.0,0.748923,4.65501,78.6722,92.7641,53.8576,47.0827,44.134,41.8474,40.3576,38.973,37.6831,36.4785,34.9202,33.3006,30.6513,26.492,21.7167,17.5237,11.1866,14.0107048,1.0,0.0,0.0,,brake,-0.9,0.0,0.12,1,9.87,0.0
515,2821.94,0.0788052,0.00362618,0.249353,0.923459,EDGE_GUARD,0.2035449405251714,0.2035449405251714,0.2035449405251714,0.20091710034104682,0.20091710034104682,0.7199140594748287,0.7225418996589532,0.10400000000000001,0.0,52.0,0.0,-0.00375,-28.658926342197702,0.0,38.9716,-4,128.0,216.0,0.749317,4.65767,78.673,92.7644,53.8552,47.0808,44.1323,41.8458,40.356,38.9716,37.6817,36.4772,34.919,33.2994,30.6503,26.4911,21.716,17.5232,11.1863,14.006304416,1.0,0.0,0.0,,brake,-0.9,0.0,0.12,1,9.89,0.0
516,2821.94,0.128341,-0.0217064,0.249446,0.923422,EDGE_GUARD,0.2035449405251714,0.2035449405251714,0.2035449405251714,0.20091535589423454,0.20091535589423454,0.7198770594748286,0.7225066441057655,0.10400000000000001,0.0,52.0,0.0,-0.00375,-28.658926342197702,0.0,38.9566,-4,128.0,216.0,0.749792,4.66516,78.6923,92.7775,53.8266,47.059,44.1131,41.8285,40.34,38.9566,37.6677,36.4641,34.907,33.2885,30.6411,26.4843,21.7115,17.5204,11.1855,14.01026728,1.0,0.0,0.0,,brake,-0.9,0.0,0.12,1,9.91,0.0
517,2821.94,0.0735418,0.0047027,0.249443,0.923386,EDGE_GUARD,0.2035449405251714,0.2035449405251714,0.2035449405251714,0.20091728566303363,0.20091728566303363,0.7198410594748287,0.7224687143369664,0.10400000000000001,0.0,52.0,0.0,-0.00375,-28.658926342197702,0.0,38.9563,-4,128.0,216.0,0.750147,4.66723,78.6916,92.7766,53.8264,47.0588,44.1128,41.8282,40.3397,38.9563,37.6674,36.4638,34.9067,33.2882,30.6408,26.484,21.7113,17.5201,11.1853,14.005883344,1.0,0.0,0.0,,brake,-0.9,0.0,0.12,1,9.93,0.0
518,2821.94,0.123702,-0.0204382,0.249528,0.923355,EDGE_GUARD,0.2035449405251714,0.2035449405251714,0.2035449405251714,0.2009155192847346,0.2009155192847346,0.7198100594748287,0.7224394807152654,0.10400000000000001,0.0,52.0,0.0,-0.00375,-28.658926342197702,0.0,38.9427,-4,128.0,216.0,0.750553,4.67391,78.7094,92.7886,53.8004,47.0388,44.0954,41.8126,40.3251,38.9427,37.6547,36.4519,34.8958,33.2783,30.6324,26.4778,21.7072,17.5176,11.1846,14.00989616,1.0,0.0,0.0,,brake,-0.9,0.0,0.12,1,9.95,0.0
519,2821.94,0.0689814,0.00562766,0.249519,0.923325,EDGE_GUARD,0.2035449405251714,0.2035449405251714,0.2035449405251714,0.20091744622753224,0.20091744622753224,0.7197800594748286,0.7224075537724677,0.10400000000000001,0.0,52.0,0.0,-0.00375,-28.658926342197702,0.0,38.9436,-4,128.0,216.0,0.75084,4.67523,78.7073,92.7869,53.8023,47.0402,44.0964,41.8136,40.326,38.9436,37.6554,36.4525,34.8964,33.2788,30.6328,26.4781,21.7072,17.5176,11.1845,14.005518512,1.0,0.0,0.0,,brake,-0.9,0.0,0.12,1,9.97,0.0
520,2821.94,0.119686,-0.0197609,0.249598,0.923294,EDGE_GUARD,0.2035449405251714,0.2035449405251714,0.2035449405251714,0.2009156607285036,0.2009156607285036,0.7197490594748286,0.7223783392714964,0.10400000000000001,0.0,52.0,0.0,-0.00375,-28.658926342197702,0.0,38.9308,-4,128.0,216.0,0.751239,4.68162,78.7238,92.798,53.778,47.0216,44.0801,41.7989,40.3123,38.9308,37.6435,36.4414,34.8862,33.2696,30.625,26.4723,21.7034,17.5152,11.1838,14.00957488,1.0,0.0,0.0,,brake,-0.9,0.0,0.12,1,9.99,0.0
521,2821.94,0.0651802,0.00600106,0.249586,0.923264,EDGE_GUARD,0.2035449405251714,0.2035449405251714,0.2035449405251714,0.20091758005812788,0.20091758005812788,0.7197190594748286,0.7223464199418721,0.10400000000000001,0.0,52.0,0.0,-0.00375,-28.658926342197702,0.0,38.932,-4,128.0,216.0,0.751523,4.68277,78.7212,92.7959,53.7808,47.0236,44.0819,41.8004,40.3137,38.932,37.6447,36.4425,34.8871,33.2704,30.6256,26.4726,21.7036,17.5152,11.1837,14.005214416,1.0,0.0,0.0,,brake,-0.9,0.0,0.12,1,10.01,0.0
522,2821.94,0.116371,-0.0197593,0.249663,0.923233,EDGE_GUARD,0.2035449405251714,0.2035449405251714,0.2035449405251714,0.20091577748020512,0.20091577748020512,0.7196880594748286,0.7223172225197949,0.10400000000000001,0.0,52.0,0.0,-0.00375,-28.658926342197702,0.0,38.9196,-4,128.0,216.0,0.75192,4.68907,78.7373,92.8068,53.757,47.0054,44.0659,41.786,40.3004,38.9196,37.6331,36.4316,34.8772,33.2613,30.618,26.467,21.6999,17.5129,11.183,14.00930968,1.0,0.0,0.0,,brake,-0.9,0.0,0.12,1,10.03,0.0
523,2821.94,0.0621382,0.00619497,0.24965,0.923203,EDGE_GUARD,0.2035449405251714,0.2035449405251714,0.2035449405251714,0.20091768715681824,0.20091768715681824,0.7196580594748286,0.7222853128431818,0.10400000000000001,0.0,52.0,0.0,-0.00375,-28.658926342197702,0.0,38.9211,-4,128.0,216.0,0.752202,4.69014,78.7343,92.8045,53.7602,47.0077,44.0679,41.7877,40.302,38.9211,37.6344,36.4328,34.8782,33.2623,30.6187,26.4675,21.7001,17.513,11.1829,14.004971056,1.0,0.0,0.0,,brake,-0.9,0.0,0.12,1,10.05,0.0
524,2821.94,0.113651,-0.0197534,0.249726,0.923172,EDGE_GUARD,0.2035449405251714,0.2035449405251714,0.2035449405251714,0.20091587327457916,0.20091587327457916,0.7196270594748286,0.7222561267254208,0.10400000000000001,0.0,52.0,0.0,-0.00375,-28.658926342197702,0.0,38.9089,-4,128.0,216.0,0.752597,4.69634,78.7501,92.8151,53.7368,46.9899,44.0521,41.7737,40.2889,38.9089,37.623,36.4221,34.8685,33.2534,30.6112,26.4619,21.6964,17.5107,11.1822,14.00909208,1.0,0.0,0.0,,brake,-0.9,0.0,0.12,1,10.07,0.0
525,2821.94,0.0595668,0.00635634,0.249711,0.923141,EDGE_GUARD,0.2035449405251714,0.2035449405251714,0.2035449405251714,0.20091777768558436,0.20091777768558436,0.7195960594748286,0.7222232223144156,0.10400000000000001,0.0,52.0,0.0,-0.00375,-28.658926342197702,0.0,38.9104,-4,128.0,216.0,0.752877,4.69739,78.7469,92.8127,53.7403,46.9925,44.0544,41.7756,40.2906,38.9104,37.6245,36.4235,34.8697,33.2545,30.6121,26.4625,21.6967,17.5108,11.1821,14.004765344,1.0,0.0,0.0,,brake,-0.9,0.0,0.12,1,10.09,0.0
526,2821.94,0.111304,-0.0197407,0.249786,0.923111,EDGE_GUARD,0.2035449405251714,0.2035449405251714,0.2035449405251714,0.2009159559310731,0.2009159559310731,0.7195660594748287,0.7221950440689269,0.10400000000000001,0.0,52.0,0.0,-0.00375,-28.658926342197702,0.0,38.8985,-4,128.0,216.0,0.753271,4.70352,78.7625,92.8232,53.7175,46.9749,44.039,41.7617,40.2778,38.8985,37.6133,36.413,34.86,33.2457,30.6047,26.457,21.6931,17.5085,11.1814,14.00890432,1.0,0.0,0.0,,brake,-0.9,0.0,0.12,1,10.11,0.0
527,2821.94,0.0573484,0.00650556,0.24977,0.92308,EDGE_GUARD,0.2035449405251714,0.2035449405251714,0.2035449405251714,0.20091785578539859,0.20091785578539859,0.7195350594748287,0.7221621442146015,0.10400000000000001,0.0,52.0,0.0,-0.00375,-28.658926342197702,0.0,38.9002,-4,128.0,216.0,0.75355,4.70451,78.7591,92.8206,53.7211,46.9777,44.0413,41.7639,40.2797,38.9002,37.6149,36.4145,34.8614,33.2469,30.6057,26.4576,21.6935,17.5087,11.1814,14.004587872,1.0,0.0,0.0,,brake,-0.9,0.0,0.12,1,10.13,0.0
528,2821.94,0.109305,-0.0197075,0.249844,0.92305,EDGE_GUARD,0.2035449405251714,0.2035449405251714,0.2035449405251714,0.20091602633072322,0.20091602633072322,0.7195050594748287,0.7221339736692768,0.10400000000000001,0.0,52.0,0.0,-0.00375,-28.658926342197702,0.0,38.8884,-4,128.0,216.0,0.753943,4.71059,78.7743,92.8309,53.6986,46.9605,44.0262,41.7502,40.2669,38.8884,37.6038,36.4041,34.8519,33.2383,30.5983,26.4522,21.6899,17.5064,11.1807,14.0087444,1.0,0.0,0.0,,brake,-0.9,0.0,0.12,1,10.15,0.0
529,2821.94,0.0554541,0.00664069,0.249828,0.923019,EDGE_GUARD,0.2035449405251714,0.2035449405251714,0.2035449405251714,0.2009179224742211,0.2009179224742211,0.7194740594748287,0.7221010775257789,0.10400000000000001,0.0,52.0,0.0,-0.00375,-28.658926342197702,0.0,38.8902,-4,128.0,216.0,0.754221,4.71153,78.7708,92.8282,53.7025,46.9634,44.0287,41.7524,40.269,38.8902,37.6055,36.4057,34.8533,33.2396,30.5993,26.4529,21.6903,17.5066,11.1806,14.004436328,1.0,0.0,0.0,,brake,-0.9,0.0,0.12,1,10.17,0.0
530,2821.94,0.10756,-0.0196856,0.2499,0.922989,EDGE_GUARD,0.2035449405251714,0.2035449405251714,0.2035449405251714,0.20091608778439146,0.20091608778439146,0.7194440594748286,0.7220729122156084,0.10400000000000001,0.0,52.0,0.0,-0.00375,-28.658926342197702,0.0,38.8786,-4,128.0,216.0,0.754612,4.71757,78.7859,92.8384,53.6802,46.9462,44.0136,41.7389,40.2565,38.8786,37.5946,36.3954,34.8439,33.231,30.5922,26.4475,21.6867,17.5044,11.18,14.0086048,1.0,0.0,0.0,,brake,-0.9,0.0,0.12,1,10.19,0.0
531,2821.94,0.0538178,0.00676188,0.249883,0.922958,EDGE_GUARD,0.2035449405251714,0.2035449405251714,0.2035449405251714,0.2009179800794883,0.2009179800794883,0.7194130594748286,0.7220400199205117,0.10400000000000001,0.0,52.0,0.0,-0.00375,-28.658926342197702,0.0,38.8805,-4,128.0,216.0,0.75489,4.71847,78.7823,92.8357,53.6844,46.9492,44.0162,41.7412,40.2586,38.8805,37.5964,36.3971,34.8454,33.2323,30.5932,26.4483,21.6871,17.5045,11.1799,14.004305424,1.0,0.0,0.0,,brake,-0.9,0.0,0.12,1,10.21,0.0
532,2821.95,0.106068,-0.0196548,0.249956,0.922928,EDGE_GUARD,0.2035374409433017,0.2035374409433017,0.2035374409433017,0.20090864074573117,0.20090864074573117,0.7193905590566982,0.7220193592542687,0.10400000000000001,0.0,52.0,0.0,-0.00375,-28.661224385348675,0.0,38.8688,-4,128.0,216.0,0.755281,4.72452,78.7973,92.8458,53.6622,46.9324,44.0013,41.7278,40.2461,38.8688,37.5855,36.3869,34.8361,33.2239,30.5861,26.443,21.6836,17.5023,11.1793,14.00848544,1.0,0.0,0.0,,brake,-0.9,0.0,0.12,1,10.23,0.0
533,2821.95,0.0524236,0.00687519,0.249939,0.922897,EDGE_GUARD,0.2035374409433017,0.2035374409433017,0.2035374409433017,0.20091052957936764,0.20091052957936764,0.7193595590566982,0.7219864704206324,0.10400000000000001,0.0,52.0,0.0,-0.00375,-28.661224385348675,0.0,38.8708,-4,128.0,216.0,0.755558,4.7254,78.7936,92.8429,53.6664,46.9355,44.004,41.7302,40.2482,38.8708,37.5874,36.3886,34.8377,33.2252,30.5872,26.4437,21.684,17.5025,11.1792,14.004193888,1.0,0.0,0.0,,brake,-0.9,0.0,0.12,1,10.25,0.0
534,2821.95,0.104791,-0.0196237,0.25001,0.922867,EDGE_GUARD,0.2035374409433017,0.2035374409433017,0.2035374409433017,0.2009086857169576,0.2009086857169576,0.7193295590566983,0.7219583142830424,0.10400000000000001,0.0,52.0,0.0,-0.00375,-28.661224385348675,0.0,38.8593,-4,128.0,216.0,0.755948,4.73141,78.8084,92.853,53.6444,46.9187,43.9893,41.7169,40.2359,38.8593,37.5766,36.3785,34.8284,33.2169,30.58,26.4384,21.6805,17.5003,11.1785,14.00838328,1.0,0.0,0.0,,brake,-0.9,0.0,0.12,1,10.27,0.0
535,2821.95,0.0511772,0.00697009,0.249993,0.922836,EDGE_GUARD,0.2035374409433017,0.2035374409433017,0.2035374409433017,0.20091057345755048,0.20091057345755048,0.7192985590566983,0.7219254265424495,0.10400000000000001,0.0,52.0,0.0,-0.00375,-28.661224385348675,0.0,38.8614,-4,128.0,216.0,0.756225,4.73226,78.8047,92.8502,53.6488,46.9218,43.992,41.7193,40.2381,38.8614,37.5785,36.3803,34.83,33.2182,30.5812,26.4392,21.6809,17.5005,11.1785,14.004094176,1.0,0.0,0.0,,brake,-0.9,0.0,0.12,1,10.29,0.0
536,2821.95,0.103679,-0.0195888,0.250064,0.922806,EDGE_GUARD,0.2035374409433017,0.2035374409433017,0.2035374409433017,0.20090872487718658,0.20090872487718658,0.7192685590566983,0.7218972751228134,0.10400000000000001,0.0,52.0,0.0,-0.00375,-28.661224385348675,0.0,38.85,-4,128.0,216.0,0.756615,4.73825,78.8194,92.8601,53.627,46.9051,43.9773,41.7061,40.2259,38.85,37.5678,36.3702,34.8208,33.2099,30.5741,26.4339,21.6775,17.4983,11.1778,14.00829432,1.0,0.0,0.0,,brake,-0.9,0.0,0.12,1,10.31,0.0
537,2821.95,0.0501163,0.00706175,0.250046,0.922775,EDGE_GUARD,0.2035374409433017,0.2035374409433017,0.2035374409433017,0.20091061080512115,0.20091061080512115,0.7192375590566983,0.7218643891948788,0.10400000000000001,0.0,52.0,0.0,-0.00375,-28.661224385348675,0.0,38.852,-4,128.0,216.0,0.756892,4.7391,78.8157,92.8573,53.6314,46.9083,43.9802,41.7086,40.2281,38.852,37.5697,36.3721,34.8224,33.2113,30.5753,26.4347,21.6779,17.4985,11.1778,14.004009304,1.0,0.0,0.0,,brake,-0.9,0.0,0.12,1,10.33,0.0
538,2821.95,0.102679,-0.0195597,0.250117,0.922745,EDGE_GUARD,0.2035374409433017,0.2035374409433017,0.2035374409433017,0.2009087600929761,0.2009087600929761,0.7192075590566983,0.721836239907024,0.10400000000000001,0.0,52.0,0.0,-0.00375,-28.661224385348675,0.0,38.8406,-4,128.0,216.0,0.757281,4.74509,78.8302,92.8671,53.6096,46.8918,43.9655,41.6954,40.2159,38.8406,37.5591,36.3621,34.8132,33.203,30.5682,26.4295,21.6745,17.4964,11.1771,14.00821432,1.0,0.0,0.0,,brake,-0.9,0.0,0.12,1,10.35,0.0
539,2821.95,0.0491651,0.0071425,0.250099,0.922714,EDGE_GUARD,0.2035374409433017,0.2035374409433017,0.2035374409433017,0.2009106442906288,0.2009106442906288,0.7191765590566983,0.7218033557093713,0.10400000000000001,0.0,52.0,0.0,-0.00375,-28.661224385348675,0.0,38.8427,-4,128.0,216.0,0.757558,4.74591,78.8265,92.8643,53.6139,46.895,43.9683,41.6979,40.2182,38.8427,37.561,36.3638,34.8148,33.2044,30.5694,26.4303,21.6749,17.4966,11.1771,14.003933208,1.0,0.0,0.0,,brake,-0.9,0.0,0.12,1,10.37,0.0
540,2821.95,0.101807,-0.0195314,0.250169,0.922684,EDGE_GUARD,0.2035374409433017,0.2035374409433017,0.2035374409433017,0.20090879080095628,0.20090879080095628,0.7191465590566982,0.7217752091990437,0.10400000000000001,0.0,52.0,0.0,-0.00375,-28.661224385348675,0.0,38.8314,-4,128.0,216.0,0.757947,4.75189,78.841,92.8741,53.5925,46.8784,43.9538,41.6848,40.206,38.8314,37.5504,36.3539,34.8057,33.1962,30.5624,26.4251,21.6715,17.4944,11.1764,14.00814456,1.0,0.0,0.0,,brake,-0.9,0.0,0.12,1,10.39,0.0
541,2821.95,0.0483575,0.00721583,0.250152,0.922653,EDGE_GUARD,0.2035374409433017,0.2035374409433017,0.2035374409433017,0.20091067272075927,0.20091067272075927,0.7191155590566982,0.7217423272792407,0.10400000000000001,0.0,52.0,0.0,-0.00375,-28.661224385348675,0.0,38.8335,-4,128.0,216.0,0.758223,4.75274,78.8372,92.8712,53.5968,46.8817,43.9566,41.6874,40.2084,38.8335,37.5523,36.3557,34.8074,33.1976,30.5636,26.4259,21.6719,17.4946,11.1764,14.0038686,1.0,0.0,0.0,,brake,-0.9,0.0,0.12,1,10.41,0.0
542,2821.95,0.101124,-0.0194986,0.250222,0.922623,EDGE_GUARD,0.2035374409433017,0.2035374409433017,0.2035374409433017,0.2009088148530704,0.2009088148530704,0.7190855590566982,0.7217141851469295,0.10400000000000001,0.0,52.0,0.0,-0.00375,-28.661224385348675,0.0,38.8222,-4,128.0,216.0,0.758612,4.7587,78.8518,92.8811,53.5754,46.8653,43.9421,41.6743,40.1962,38.8222,37.5418,36.3458,34.7983,33.1894,30.5566,26.4208,21.6685,17.4925,11.1757,14.00808992,1.0,0.0,0.0,,brake,-0.9,0.0,0.12,1,10.43,0.0
543,2821.95,0.0477031,0.00727292,0.250204,0.922592,EDGE_GUARD,0.2035374409433017,0.2035374409433017,0.2035374409433017,0.20091069575764406,0.20091069575764406,0.7190545590566982,0.7216813042423559,0.10400000000000001,0.0,52.0,0.0,-0.00375,-28.661224385348675,0.0,38.8243,-4,128.0,216.0,0.758888,4.75952,78.8479,92.8781,53.5798,46.8685,43.945,41.6768,40.1985,38.8243,37.5438,36.3477,34.7999,33.1908,30.5578,26.4215,21.6689,17.4927,11.1757,14.003816248,1.0,0.0,0.0,,brake,-0.9,0.0,0.12,1,10.45,0.0
544,2821.95,0.100581,-0.0194714,0.250274,0.922562,EDGE_GUARD,0.2035374409433017,0.2035374409433017,0.2035374409433017,0.20090883397495268,0.20090883397495268,0.7190245590566983,0.7216531660250474,0.10400000000000001,0.0,52.0,0.0,-0.00375,-28.661224385348675,0.0,38.8131,-4,128.0,216.0,0.759277,4.76549,78.8624,92.888,53.5584,46.8521,43.9306,41.6638,40.1864,38.8131,37.5332,36.3378,34.7909,33.1826,30.5509,26.4164,21.6655,17.4905,11.175,14.00804648,1.0,0.0,0.0,,brake,-0.9,0.0,0.12,1,10.47,0.0
545,2821.95,0.0472697,0.00732922,0.250256,0.922531,EDGE_GUARD,0.2035374409433017,0.2035374409433017,0.2035374409433017,0.2009107110145974,0.2009107110145974,0.7189935590566983,0.7216202889854026,0.10400000000000001,0.0,52.0,0.0,-0.00375,-28.661224385348675,0.0,38.8152,-4,128.0,216.0,0.759553,4.76631,78.8586,92.8851,53.5629,46.8554,43.9333,41.6664,40.1888,38.8152,37.5352,36.3396,34.7925,33.1841,30.5521,26.4172,21.666,17.4907,11.175,14.003781576,1.0,0.0,0.0,,brake,-0.9,0.0,0.12,1,10.49,0.0
546,2821.95,0.100242,-0.0194418,0.250326,0.922501,EDGE_GUARD,0.2035374409433017,0.2035374409433017,0.2035374409433017,0.20090884591288877,0.20090884591288877,0.7189635590566983,0.7215921540871113,0.10400000000000001,0.0,52.0,0.0,-0.00375,-28.661224385348675,0.0,38.804,-4,128.0,216.0,0.759942,4.77229,78.8731,92.8951,53.5413,46.839,43.9189,41.6534,40.1767,38.804,37.5247,36.3297,34.7835,33.1759,30.5451,26.412,21.6626,17.4886,11.1743,14.00801936,1.0,0.0,0.0,,brake,-0.9,0.0,0.12,1,10.51,0.0
547,2821.95,0.0469321,0.00736005,0.250308,0.92247,EDGE_GUARD,0.2035374409433017,0.2035374409433017,0.2035374409433017,0.20091072289907924,0.20091072289907924,0.7189325590566983,0.7215592771009207,0.10400000000000001,0.0,52.0,0.0,-0.00375,-28.661224385348675,0.0,38.806,-4,128.0,216.0,0.760218,4.77314,78.8693,92.8922,53.5458,46.8423,43.9218,41.6559,40.1789,38.806,37.5266,36.3315,34.7851,33.1773,30.5463,26.4128,21.663,17.4888,11.1743,14.003754568,1.0,0.0,0.0,,brake,-0.9,0.0,0.12,1,10.53,0.0
548,2821.95,0.0999563,-0.0194272,0.250378,0.92244,EDGE_GUARD,0.2035374409433017,0.2035374409433017,0.2035374409433017,0.20090885597383687,0.20090885597383687,0.7189025590566983,0.7215311440261631,0.10400000000000001,0.0,52.0,0.0,-0.00375,-28.661224385348675,0.0,38.7948,-4,128.0,216.0,0.760608,4.7791,78.8839,92.9021,53.5244,46.8259,43.9073,41.6429,40.1669,38.7948,37.5161,36.3217,34.7761,33.1691,30.5394,26.4077,21.6596,17.4867,11.1736,14.007996504,1.0,0.0,0.0,,brake,-0.9,0.0,0.12,1,10.55,0.0
549,2821.95,0.0466677,0.00738731,0.25036,0.922409,EDGE_GUARD,0.2035374409433017,0.2035374409433017,0.2035374409433017,0.20091073220669423,0.20091073220669423,0.7188715590566983,0.7214982677933058,0.10400000000000001,0.0,52.0,0.0,-0.00375,-28.661224385348675,0.0,38.797,-4,128.0,216.0,0.760884,4.77992,78.8801,92.8992,53.5288,46.8292,43.9102,41.6455,40.1693,38.797,37.5181,36.3235,34.7778,33.1706,30.5405,26.4085,21.66,17.4869,11.1736,14.003733416,1.0,0.0,0.0,,brake,-0.9,0.0,0.12,1,10.57,0.0
550,2821.95,0.0997294,-0.0194167,0.25043,0.922379,EDGE_GUARD,0.2035374409433017,0.2035374409433017,0.2035374409433017,0.2009088639641248,0.2009088639641248,0.7188415590566982,0.7214701360358752,0.10400000000000001,0.0,52.0,0.0,-0.00375,-28.661224385348675,0.0,38.7857,-4,128.0,216.0,0.761273,4.78592,78.8946,92.9092,53.5076,46.8128,43.8959,41.6325,40.1572,38.7857,37.5076,36.3137,34.7687,33.1624,30.5336,26.4033,21.6566,17.4847,11.1729,14.007978352,1.0,0.0,0.0,,brake,-0.9,0.0,0.12,1,10.59,0.0
551,2821.95,0.0464597,0.00740524,0.250412,0.922348,EDGE_GUARD,0.2035374409433017,0.2035374409433017,0.2035374409433017,0.20091073952886107,0.20091073952886107,0.7188105590566982,0.7214372604711389,0.10400000000000001,0.0,52.0,0.0,-0.00375,-28.661224385348675,0.0,38.7879,-4,128.0,216.0,0.761549,4.78673,78.8909,92.9063,53.512,46.8161,43.8987,41.635,40.1595,38.7879,37.5096,36.3155,34.7704,33.1638,30.5348,26.4041,21.6571,17.4849,11.1729,14.003716776,1.0,0.0,0.0,,brake,-0.9,0.0,0.12,1,10.61,0.0
552,2821.95,0.0995613,-0.019409,0.250482,0.922318,EDGE_GUARD,0.2035374409433017,0.2035374409433017,0.2035374409433017,0.200908869883762,0.200908869883762,0.7187805590566982,0.721409130116238,0.10400000000000001,0.0,52.0,0.0,-0.00375,-28.661224385348675,0.0,38.7766,-4,128.0,216.0,0.761938,4.79274,78.9053,92.9162,53.4906,46.7999,43.8843,41.6221,40.1475,38.7766,37.4991,36.3057,34.7614,33.1557,30.5279,26.399,21.6537,17.4828,11.1722,14.007964904,1.0,0.0,0.0,,brake,-0.9,0.0,0.12,1,10.63,0.0
553,2821.95,0.0462874,0.00741593,0.250463,0.922287,EDGE_GUARD,0.2035374409433017,0.2035374409433017,0.2035374409433017,0.2009107455942831,0.2009107455942831,0.7187495590566982,0.7213762544057168,0.10400000000000001,0.0,52.0,0.0,-0.00375,-28.661224385348675,0.0,38.7788,-4,128.0,216.0,0.762214,4.79355,78.9015,92.9133,53.4951,46.8032,43.8872,41.6247,40.1498,38.7788,37.501,36.3075,34.763,33.1571,30.5291,26.3998,21.6541,17.483,11.1722,14.003702992,1.0,0.0,0.0,,brake,-0.9,0.0,0.12,1,10.65,0.0
554,2821.95,0.0994167,-0.0194047,0.250533,0.922256,EDGE_GUARD,0.2035374409433017,0.2035374409433017,0.2035374409433017,0.20090887497584203,0.20090887497584203,0.7187185590566982,0.7213471250241579,0.10400000000000001,0.0,52.0,0.0,-0.00375,-28.661224385348675,0.0,38.7676,-4,128.0,216.0,0.762603,4.79955,78.9159,92.9232,53.4739,46.7869,43.8728,41.6117,40.1378,38.7676,37.4906,36.2977,34.754,33.149,30.5221,26.3947,21.6508,17.4809,11.1715,14.007953336,1.0,0.0,0.0,,brake,-0.9,0.0,0.12,1,10.67,0.0
555,2821.95,0.0461854,0.00743302,0.250515,0.922226,EDGE_GUARD,0.2035374409433017,0.2035374409433017,0.2035374409433017,0.20091074918495339,0.20091074918495339,0.7186885590566983,0.7213152508150467,0.10400000000000001,0.0,52.0,0.0,-0.00375,-28.661224385348675,0.0,38.7697,-4,128.0,216.0,0.762879,4.80036,78.9121,92.9203,53.4783,46.7902,43.8757,41.6142,40.1401,38.7697,37.4925,36.2995,34.7557,33.1504,30.5233,26.3955,21.6512,17.4811,11.1715,14.003694832,1.0,0.0,0.0,,brake,-0.9,0.0,0.12,1,10.69,0.0
556,2821.96,0.0993425,-0.0193996,0.250585,0.922195,EDGE_GUARD,0.20352994136143165,0.20352994136143165,0.20352994136143165,0.20090137800691854,0.20090137800691854,0.7186650586385683,0.7212936219930814,0.10400000000000001,0.0,52.0,0.0,-0.00375,-28.663522428499753,0.0,38.7585,-4,128.0,216.0,0.763268,4.80639,78.9267,92.9302,53.457,46.7738,43.8613,41.6014,40.1281,38.7585,37.482,36.2897,34.7467,33.1422,30.5164,26.3903,21.6478,17.4789,11.1708,14.0079474,1.0,0.0,0.0,,brake,-0.9,0.0,0.12,1,10.71,0.0
557,2821.96,0.04608,0.00743671,0.250567,0.922165,EDGE_GUARD,0.20352994136143165,0.20352994136143165,0.20352994136143165,0.2009032533134401,0.2009032533134401,0.7186350586385684,0.7212617466865598,0.10400000000000001,0.0,52.0,0.0,-0.00375,-28.663522428499753,0.0,38.7607,-4,128.0,216.0,0.763544,4.80717,78.9229,92.9273,53.4616,46.7771,43.8641,41.6039,40.1305,38.7607,37.4841,36.2915,34.7483,33.1437,30.5176,26.3911,21.6483,17.4791,11.1708,14.0036864,1.0,0.0,0.0,,brake,-0.9,0.0,0.12,1,10.73,0.0
558,2821.96,0.0992575,-0.0193943,0.250637,0.922134,EDGE_GUARD,0.20352994136143165,0.20352994136143165,0.20352994136143165,0.2009013810001845,0.2009013810001845,0.7186040586385684,0.7212326189998155,0.10400000000000001,0.0,52.0,0.0,-0.00375,-28.663522428499753,0.0,38.7494,-4,128.0,216.0,0.763933,4.81321,78.9373,92.9372,53.4402,46.7609,43.8498,41.591,40.1184,38.7494,37.4736,36.2817,34.7394,33.1356,30.5107,26.386,21.6449,17.477,11.1701,14.0079406,1.0,0.0,0.0,,brake,-0.9,0.0,0.12,1,10.75,0.0
559,2821.96,0.0459998,0.0074412,0.250618,0.922104,EDGE_GUARD,0.20352994136143165,0.20352994136143165,0.20352994136143165,0.20090325613668894,0.20090325613668894,0.7185740586385684,0.7212007438633111,0.10400000000000001,0.0,52.0,0.0,-0.00375,-28.663522428499753,0.0,38.7517,-4,128.0,216.0,0.764209,4.81402,78.9335,92.9343,53.4447,46.7642,43.8527,41.5935,40.1208,38.7517,37.4755,36.2836,34.741,33.137,30.5119,26.3868,21.6453,17.4772,11.1701,14.003679984,1.0,0.0,0.0,,brake,-0.9,0.0,0.12,1,10.77,0.0
560,2821.96,0.099185,-0.0193965,0.250688,0.922073,EDGE_GUARD,0.20352994136143165,0.20352994136143165,0.20352994136143165,0.2009013835532631,0.2009013835532631,0.7185430586385684,0.721171616446737,0.10400000000000001,0.0,52.0,0.0,-0.00375,-28.663522428499753,0.0,38.7404,-4,128.0,216.0,0.764599,4.82004,78.9479,92.9442,53.4235,46.7479,43.8384,41.5806,40.1088,38.7404,37.4651,36.2738,34.732,33.1289,30.505,26.3817,21.6419,17.4751,11.1694,14.0079348,1.0,0.0,0.0,,brake,-0.9,0.0,0.12,1,10.79,0.0
561,2821.96,0.0459552,0.0074484,0.25067,0.922043,EDGE_GUARD,0.20352994136143165,0.20352994136143165,0.20352994136143165,0.20090325770672446,0.20090325770672446,0.7185130586385683,0.7211397422932755,0.10400000000000001,0.0,52.0,0.0,-0.00375,-28.663522428499753,0.0,38.7425,-4,128.0,216.0,0.764875,4.82085,78.9441,92.9413,53.4279,46.7512,43.8412,41.5832,40.1112,38.7425,37.4671,36.2756,34.7337,33.1303,30.5062,26.3825,21.6424,17.4753,11.1694,14.003676416,1.0,0.0,0.0,,brake,-0.9,0.0,0.12,1,10.81,0.0
562,2821.96,0.0991663,-0.0193945,0.25074,0.922012,EDGE_GUARD,0.20352994136143165,0.20352994136143165,0.20352994136143165,0.20090138421178108,0.20090138421178108,0.7184820586385684,0.721110615788219,0.10400000000000001,0.0,52.0,0.0,-0.00375,-28.663522428499753,0.0,38.7314,-4,128.0,216.0,0.765264,4.82688,78.9585,92.9512,53.4067,46.735,43.827,41.5703,40.0991,38.7314,37.4567,36.2658,34.7247,33.1222,30.4993,26.3774,21.639,17.4732,11.1687,14.007933304,1.0,0.0,0.0,,brake,-0.9,0.0,0.12,1,10.83,0.0
563,2821.96,0.0459043,0.00744567,0.250722,0.921982,EDGE_GUARD,0.20352994136143165,0.20352994136143165,0.20352994136143165,0.20090325949853574,0.20090325949853574,0.7184520586385683,0.7210787405014643,0.10400000000000001,0.0,52.0,0.0,-0.00375,-28.663522428499753,0.0,38.7335,-4,128.0,216.0,0.76554,4.82769,78.9547,92.9483,53.4112,46.7383,43.8298,41.5729,40.1014,38.7335,37.4586,36.2676,34.7264,33.1236,30.5005,26.3782,21.6394,17.4734,11.1687,14.003672344,1.0,0.0,0.0,,brake,-0.9,0.0,0.12,1,10.85,0.0
564,2821.96,0.0991183,-0.019396,0.250791,0.921951,EDGE_GUARD,0.20352994136143165,0.20352994136143165,0.20352994136143165,0.20090138590209422,0.20090138590209422,0.7184210586385683,0.7210496140979057,0.10400000000000001,0.0,52.0,0.0,-0.00375,-28.663522428499753,0.0,38.7224,-4,128.0,216.0,0.76593,4.83373,78.9692,92.9583,53.39,46.722,43.8155,41.5599,40.0895,38.7224,37.4482,36.2579,34.7174,33.1155,30.4936,26.3731,21.6361,17.4712,11.168,14.007929464,1.0,0.0,0.0,,brake,-0.9,0.0,0.12,1,10.87,0.0
565,2821.96,0.0458459,0.00744796,0.250773,0.921921,EDGE_GUARD,0.20352994136143165,0.20352994136143165,0.20352994136143165,0.20090326155436555,0.20090326155436555,0.7183910586385683,0.7210177384456344,0.10400000000000001,0.0,52.0,0.0,-0.00375,-28.663522428499753,0.0,38.7245,-4,128.0,216.0,0.766206,4.83454,78.9653,92.9553,53.3944,46.7253,43.8184,41.5625,40.0918,38.7245,37.4502,36.2597,34.719,33.117,30.4948,26.3739,21.6365,17.4714,11.168,14.003667672,1.0,0.0,0.0,,brake,-0.9,0.0,0.12,1,10.89,0.0
566,2821.96,0.0990865,-0.0193917,0.250843,0.92189,EDGE_GUARD,0.20352994136143165,0.20352994136143165,0.20352994136143165,0.20090138702192642,0.20090138702192642,0.7183600586385683,0.7209886129780736,0.10400000000000001,0.0,52.0,0.0,-0.00375,-28.663522428499753,0.0,38.7134,-4,128.0,216.0,0.766596,4.84059,78.9798,92.9653,53.3733,46.7091,43.8041,41.5496,40.0799,38.7134,37.4398,36.2499,34.7101,33.1088,30.4879,26.3688,21.6331,17.4693,11.1674,14.00792692,1.0,0.0,0.0,,brake,-0.9,0.0,0.12,1,10.91,0.0
567,2821.96,0.0458153,0.00744767,0.250825,0.92186,EDGE_GUARD,0.20352994136143165,0.20352994136143165,0.20352994136143165,0.20090326263156377,0.20090326263156377,0.7183300586385684,0.7209567373684362,0.10400000000000001,0.0,52.0,0.0,-0.00375,-28.663522428499753,0.0,38.7155,-4,128.0,216.0,0.766871,4.8414,78.9759,92.9623,53.3777,46.7124,43.8069,41.5522,40.0822,38.7155,37.4417,36.2518,34.7118,33.1103,30.4891,26.3696,21.6336,17.4695,11.1673,14.003665224,1.0,0.0,0.0,,brake,-0.9,0.0,0.12,1,10.93,0.0
568,2821.96,0.0990661,-0.0193921,0.250894,0.921829,EDGE_GUARD,0.20352994136143165,0.20352994136143165,0.20352994136143165,0.20090138774030922,0.20090138774030922,0.7182990586385684,0.7209276122596908,0.10400000000000001,0.0,52.0,0.0,-0.00375,-28.663522428499753,0.0,38.7044,-4,128.0,216.0,0.767262,4.84746,78.9903,92.9722,53.3566,46.6962,43.7927,41.5393,40.0702,38.7044,37.4313,36.242,34.7028,33.1022,30.4822,26.3645,21.6302,17.4674,11.1667,14.007925288,1.0,0.0,0.0,,brake,-0.9,0.0,0.12,1,10.95,0.0
569,2821.96,0.0458108,0.00744954,0.250876,0.921799,EDGE_GUARD,0.20352994136143165,0.20352994136143165,0.20352994136143165,0.2009032627899753,0.2009032627899753,0.7182690586385684,0.7208957372100248,0.10400000000000001,0.0,52.0,0.0,-0.00375,-28.663522428499753,0.0,38.7065,-4,128.0,216.0,0.767537,4.84826,78.9865,92.9693,53.361,46.6995,43.7955,41.5418,40.0725,38.7065,37.4333,36.2438,34.7044,33.1036,30.4834,26.3653,21.6306,17.4676,11.1666,14.003664864,1.0,0.0,0.0,,brake,-0.9,0.0,0.12,1,10.97,0.0
570,2821.96,0.0990524,-0.0193977,0.250946,0.921768,EDGE_GUARD,0.20352994136143165,0.20352994136143165,0.20352994136143165,0.20090138822275255,0.20090138822275255,0.7182380586385684,0.7208666117772475,0.10400000000000001,0.0,52.0,0.0,-0.00375,-28.663522428499753,0.0,38.6954,-4,128.0,216.0,0.767928,4.85433,79.0009,92.9792,53.3399,46.6833,43.7813,41.529,40.0606,38.6954,37.4229,36.2341,34.6955,33.0955,30.4765,26.3602,21.6273,17.4655,11.166,14.007924192,1.0,0.0,0.0,,brake,-0.9,0.0,0.12,1,10.99,0.0
571,2821.96,0.045774,0.00744782,0.250928,0.921738,EDGE_GUARD,0.20352994136143165,0.20352994136143165,0.20352994136143165,0.200903264085429,0.200903264085429,0.7182080586385683,0.7208347359145709,0.10400000000000001,0.0,52.0,0.0,-0.00375,-28.663522428499753,0.0,38.6975,-4,128.0,216.0,0.768203,4.85514,78.9971,92.9763,53.3443,46.6866,43.7841,41.5315,40.0629,38.6975,37.4248,36.2359,34.6971,33.097,30.4777,26.361,21.6277,17.4657,11.1659,14.00366192,1.0,0.0,0.0,,brake,-0.9,0.0,0.12,1,11.01,0.0
572,2821.96,0.0990331,-0.0193978,0.250997,0.921707,EDGE_GUARD,0.20352994136143165,0.20352994136143165,0.20352994136143165,0.2009013889023988,0.2009013889023988,0.7181770586385684,0.7208056110976012,0.10400000000000001,0.0,52.0,0.0,-0.00375,-28.663522428499753,0.0,38.6864,-4,128.0,216.0,0.768593,4.86122,79.0116,92.9863,53.3232,46.6703,43.7699,41.5187,40.051,38.6864,37.4144,36.2261,34.6882,33.0888,30.4708,26.3558,21.6243,17.4636,11.1653,14.007922648,1.0,0.0,0.0,,brake,-0.9,0.0,0.12,1,11.03,0.0
573,2821.96,0.0457759,0.00744992,0.250979,0.921677,EDGE_GUARD,0.20352994136143165,0.20352994136143165,0.20352994136143165,0.20090326401854414,0.20090326401854414,0.7181470586385683,0.7207737359814559,0.10400000000000001,0.0,52.0,0.0,-0.00375,-28.663522428499753,0.0,38.6885,-4,128.0,216.0,0.76887,4.86202,79.0077,92.9833,53.3276,46.6736,43.7727,41.5212,40.0533,38.6885,37.4164,36.2279,34.6898,33.0903,30.472,26.3567,21.6248,17.4638,11.1652,14.003662072,1.0,0.0,0.0,,brake,-0.9,0.0,0.12,1,11.05,0.0
574,2821.96,0.0990436,-0.0194008,0.251049,0.921646,EDGE_GUARD,0.20352994136143165,0.20352994136143165,0.20352994136143165,0.20090138853264308,0.20090138853264308,0.7181160586385683,0.7207446114673569,0.10400000000000001,0.0,52.0,0.0,-0.00375,-28.663522428499753,0.0,38.6774,-4,128.0,216.0,0.76926,4.86811,79.0221,92.9933,53.3065,46.6574,43.7585,41.5084,40.0414,38.6774,37.406,36.2182,34.6809,33.0821,30.4651,26.3515,21.6214,17.4616,11.1646,14.007923488,1.0,0.0,0.0,,brake,-0.9,0.0,0.12,1,11.07,0.0
575,2821.96,0.0457611,0.00744513,0.251031,0.921616,EDGE_GUARD,0.20352994136143165,0.20352994136143165,0.20352994136143165,0.20090326453954183,0.20090326453954183,0.7180860586385683,0.7207127354604581,0.10400000000000001,0.0,52.0,0.0,-0.00375,-28.663522428499753,0.0,38.6795,-4,128.0,216.0,0.769536,4.86891,79.0184,92.9904,53.3109,46.6606,43.7613,41.5109,40.0437,38.6795,37.4079,36.22,34.6825,33.0836,30.4663,26.3523,21.6218,17.4618,11.1645,14.003660888,1.0,0.0,0.0,,brake,-0.9,0.0,0.12,1,11.09,0.0
576,2821.96,0.0990382,-0.0193991,0.2511,0.921585,EDGE_GUARD,0.20352994136143165,0.20352994136143165,0.20352994136143165,0.20090138872280316,0.20090138872280316,0.7180550586385683,0.7206836112771968,0.10400000000000001,0.0,52.0,0.0,-0.00375,-28.663522428499753,0.0,38.6684,-4,128.0,216.0,0.769926,4.87501,79.0327,93.0003,53.2898,46.6445,43.747,41.4981,40.0318,38.6684,37.3975,36.2102,34.6736,33.0755,30.4594,26.3472,21.6184,17.4597,11.1639,14.007923056,1.0,0.0,0.0,,brake,-0.9,0.0,0.12,1,11.11,0.0
577,2821.96,0.0457571,0.0074445,0.251082,0.921555,EDGE_GUARD,0.20352994136143165,0.20352994136143165,0.20352994136143165,0.2009032646803519,0.2009032646803519,0.7180250586385684,0.7206517353196481,0.10400000000000001,0.0,52.0,0.0,-0.00375,-28.663522428499753,0.0,38.6705,-4,128.0,216.0,0.770202,4.87581,79.0289,92.9974,53.2943,46.6477,43.7499,41.5006,40.0341,38.6705,37.3995,36.2121,34.6752,33.0769,30.4606,26.348,21.6189,17.4599,11.1638,14.003660568,1.0,0.0,0.0,,brake,-0.9,0.0,0.12,1,11.13,0.0
578,2821.96,0.0990419,-0.0194034,0.251152,0.921524,EDGE_GUARD,0.20352994136143165,0.20352994136143165,0.20352994136143165,0.20090138859250828,0.20090138859250828,0.7179940586385684,0.7206226114074917,0.10400000000000001,0.0,52.0,0.0,-0.00375,-28.663522428499753,0.0,38.6594,-4,128.0,216.0,0.770592,4.88192,79.0433,93.0073,53.273,46.6316,43.7356,41.4878,40.0222,38.6594,37.3891,36.2023,34.6663,33.0688,30.4537,26.3429,21.6155,17.4578,11.1632,14.007923352,1.0,0.0,0.0,,brake,-0.9,0.0,0.12,1,11.15,0.0
579,2821.96,0.0457713,0.00744276,0.251134,0.921494,EDGE_GUARD,0.20352994136143165,0.20352994136143165,0.20352994136143165,0.20090326418047588,0.20090326418047588,0.7179640586385684,0.7205907358195242,0.10400000000000001,0.0,52.0,0.0,-0.00375,-28.663522428499753,0.0,38.6615,-4,128.0,216.0,0.770868,4.88272,79.0395,93.0044,53.2776,46.6348,43.7385,41.4903,40.0244,38.6615,37.3911,36.2042,34.6679,33.0702,30.4549,26.3437,21.616,17.458,11.1631,14.003661704,1.0,0.0,0.0,,brake,-0.9,0.0,0.12,1,11.17,0.0
580,2821.96,0.099065,-0.0194056,0.251203,0.921463,EDGE_GUARD,0.20352994136143165,0.20352994136143165,0.20352994136143165,0.2009013877790455,0.2009013877790455,0.7179330586385684,0.7205616122209545,0.10400000000000001,0.0,52.0,0.0,-0.00375,-28.663522428499753,0.0,38.6504,-4,128.0,216.0,0.771259,4.88884,79.0538,93.0143,53.2564,46.6187,43.7242,41.4775,40.0125,38.6504,37.3807,36.1944,34.659,33.0621,30.4481,26.3386,21.6126,17.4559,11.1625,14.0079252,1.0,0.0,0.0,,brake,-0.9,0.0,0.12,1,11.19,0.0
581,2821.96,0.0457625,0.00743405,0.251185,0.921432,EDGE_GUARD,0.20352994136143165,0.20352994136143165,0.20352994136143165,0.20090326449025822,0.20090326449025822,0.7179020586385684,0.7205287355097418,0.10400000000000001,0.0,52.0,0.0,-0.00375,-28.663522428499753,0.0,38.6525,-4,128.0,216.0,0.771535,4.88964,79.0499,93.0114,53.261,46.6221,43.7271,41.48,40.0148,38.6525,37.3826,36.1962,34.6606,33.0636,30.4492,26.3395,21.613,17.4561,11.1624,14.003661,1.0,0.0,0.0,,brake,-0.9,0.0,0.12,1,11.21,0.0
582,2821.97,0.0990604,-0.0194099,0.251255,0.921402,EDGE_GUARD,0.20352244177956197,0.20352244177956197,0.20352244177956197,0.20089388835916414,0.20089388835916414,0.717879558220438,0.720508111640836,0.10400000000000001,0.0,52.0,0.0,-0.00375,-28.66582047165073,0.0,38.6414,-4,128.0,216.0,0.771925,4.89577,79.0643,93.0213,53.2399,46.6059,43.7129,41.4672,40.003,38.6414,37.3723,36.1865,34.6517,33.0555,30.4424,26.3344,21.6097,17.454,11.1618,14.007924832,1.0,0.0,0.0,,brake,-0.9,0.0,0.12,1,11.23,0.0
583,2821.97,0.0457556,0.00743555,0.251237,0.921371,EDGE_GUARD,0.20352244177956197,0.20352244177956197,0.20352244177956197,0.20089576515128607,0.20089576515128607,0.7178485582204381,0.720475234848714,0.10400000000000001,0.0,52.0,0.0,-0.00375,-28.66582047165073,0.0,38.6435,-4,128.0,216.0,0.772201,4.89657,79.0605,93.0184,53.2443,46.6092,43.7157,41.4698,40.0053,38.6435,37.3742,36.1883,34.6534,33.057,30.4436,26.3352,21.6101,17.4542,11.1617,14.003660448,1.0,0.0,0.0,,brake,-0.9,0.0,0.12,1,11.25,0.0
584,2821.97,0.0990835,-0.0194064,0.251306,0.921341,EDGE_GUARD,0.20352244177956197,0.20352244177956197,0.20352244177956197,0.2008938875457013,0.2008938875457013,0.7178185582204379,0.7204471124542986,0.10400000000000001,0.0,52.0,0.0,-0.00375,-28.66582047165073,0.0,38.6324,-4,128.0,216.0,0.772591,4.9027,79.0748,93.0283,53.2233,46.593,43.7015,41.457,39.9934,38.6324,37.3638,36.1786,34.6445,33.0489,30.4367,26.3301,21.6067,17.4521,11.1611,14.00792668,1.0,0.0,0.0,,brake,-0.9,0.0,0.12,1,11.27,0.0
585,2821.97,0.0457691,0.00743267,0.251288,0.92131,EDGE_GUARD,0.20352244177956197,0.20352244177956197,0.20352244177956197,0.20089576467605177,0.20089576467605177,0.717787558220438,0.7204142353239482,0.10400000000000001,0.0,52.0,0.0,-0.00375,-28.66582047165073,0.0,38.6346,-4,128.0,216.0,0.772867,4.90347,79.071,93.0254,53.2278,46.5963,43.7044,41.4595,39.9957,38.6346,37.3659,36.1805,34.6461,33.0503,30.4379,26.3309,21.6072,17.4523,11.161,14.003661528,1.0,0.0,0.0,,brake,-0.9,0.0,0.12,1,11.29,0.0
586,2821.97,0.0990935,-0.0194085,0.251357,0.92128,EDGE_GUARD,0.20352244177956197,0.20352244177956197,0.20352244177956197,0.2008938871935528,0.2008938871935528,0.7177575582204381,0.7203861128064472,0.10400000000000001,0.0,52.0,0.0,-0.00375,-28.66582047165073,0.0,38.6235,-4,128.0,216.0,0.773258,4.90962,79.0854,93.0353,53.2068,46.5802,43.6902,41.4467,39.9838,38.6235,37.3555,36.1707,34.6372,33.0422,30.4311,26.3258,21.6038,17.4501,11.1604,14.00792748,1.0,0.0,0.0,,brake,-0.9,0.0,0.12,1,11.31,0.0
587,2821.97,0.0457832,0.00742709,0.251339,0.921249,EDGE_GUARD,0.20352244177956197,0.20352244177956197,0.20352244177956197,0.20089576417969596,0.20089576417969596,0.717726558220438,0.720353235820304,0.10400000000000001,0.0,52.0,0.0,-0.00375,-28.66582047165073,0.0,38.6256,-4,128.0,216.0,0.773534,4.91042,79.0815,93.0323,53.2112,46.5835,43.6931,41.4493,39.9861,38.6256,37.3575,36.1725,34.6389,33.0437,30.4323,26.3266,21.6043,17.4503,11.1603,14.003662656,1.0,0.0,0.0,,brake,-0.9,0.0,0.12,1,11.33,0.0
588,2821.97,0.0990943,-0.019415,0.251409,0.921219,EDGE_GUARD,0.20352244177956197,0.20352244177956197,0.20352244177956197,0.20089388716538095,0.20089388716538095,0.717696558220438,0.7203251128346191,0.10400000000000001,0.0,52.0,0.0,-0.00375,-28.66582047165073,0.0,38.6146,-4,128.0,216.0,0.773924,4.91658,79.0958,93.0422,53.1902,46.5674,43.6789,41.4365,39.9743,38.6146,37.3471,36.1628,34.63,33.0356,30.4254,26.3215,21.6009,17.4482,11.1597,14.007927544,1.0,0.0,0.0,,brake,-0.9,0.0,0.12,1,11.35,0.0
589,2821.97,0.0457753,0.00742341,0.25139,0.921188,EDGE_GUARD,0.20352244177956197,0.20352244177956197,0.20352244177956197,0.20089576445779606,0.20089576445779606,0.7176655582204381,0.7202922355422039,0.10400000000000001,0.0,52.0,0.0,-0.00375,-28.66582047165073,0.0,38.6167,-4,128.0,216.0,0.774201,4.91734,79.092,93.0394,53.1947,46.5707,43.6818,41.439,39.9766,38.6167,37.3491,36.1647,34.6316,33.0371,30.4266,26.3223,21.6014,17.4484,11.1597,14.003662024,1.0,0.0,0.0,,brake,-0.9,0.0,0.12,1,11.37,0.0
590,2821.97,0.0991179,-0.0194133,0.25146,0.921158,EDGE_GUARD,0.20352244177956197,0.20352244177956197,0.20352244177956197,0.20089388633431052,0.20089388633431052,0.7176355582204381,0.7202641136656895,0.10400000000000001,0.0,52.0,0.0,-0.00375,-28.66582047165073,0.0,38.6057,-4,128.0,216.0,0.774592,4.92351,79.1063,93.0493,53.1737,46.5546,43.6676,41.4263,39.9647,38.6057,37.3387,36.155,34.6227,33.029,30.4198,26.3172,21.598,17.4463,11.159,14.007929432,1.0,0.0,0.0,,brake,-0.9,0.0,0.12,1,11.39,0.0
591,2821.97,0.0458013,0.00742145,0.251442,0.921127,EDGE_GUARD,0.20352244177956197,0.20352244177956197,0.20352244177956197,0.2008957635425298,0.2008957635425298,0.717604558220438,0.7202312364574702,0.10400000000000001,0.0,52.0,0.0,-0.00375,-28.66582047165073,0.0,38.6078,-4,128.0,216.0,0.774867,4.92431,79.1025,93.0463,53.1781,46.5579,43.6704,41.4288,39.967,38.6078,37.3407,36.1568,34.6243,33.0305,30.4209,26.318,21.5985,17.4465,11.159,14.003664104,1.0,0.0,0.0,,brake,-0.9,0.0,0.12,1,11.41,0.0
592,2821.97,0.0991322,-0.0194216,0.251511,0.921097,EDGE_GUARD,0.20352244177956197,0.20352244177956197,0.20352244177956197,0.20089388583073806,0.20089388583073806,0.717574558220438,0.720203114169262,0.10400000000000001,0.0,52.0,0.0,-0.00375,-28.66582047165073,0.0,38.5967,-4,128.0,216.0,0.775259,4.93048,79.1168,93.0563,53.1571,46.5418,43.6562,41.416,39.9552,38.5967,37.3303,36.1471,34.6154,33.0223,30.4141,26.313,21.5951,17.4444,11.1583,14.007930576,1.0,0.0,0.0,,brake,-0.9,0.0,0.12,1,11.43,0.0
593,2821.97,0.0457927,0.00741647,0.251493,0.921066,EDGE_GUARD,0.20352244177956197,0.20352244177956197,0.20352244177956197,0.20089576384527172,0.20089576384527172,0.7175435582204381,0.7201702361547283,0.10400000000000001,0.0,52.0,0.0,-0.00375,-28.66582047165073,0.0,38.5988,-4,128.0,216.0,0.775534,4.93128,79.113,93.0533,53.1615,46.5451,43.6591,41.4185,39.9575,38.5988,37.3323,36.1489,34.6171,33.0238,30.4153,26.3138,21.5955,17.4446,11.1583,14.003663416,1.0,0.0,0.0,,brake,-0.9,0.0,0.12,1,11.45,0.0
594,2821.97,0.099135,-0.0194219,0.251563,0.921036,EDGE_GUARD,0.20352244177956197,0.20352244177956197,0.20352244177956197,0.20089388573213648,0.20089388573213648,0.7175135582204379,0.7201421142678635,0.10400000000000001,0.0,52.0,0.0,-0.00375,-28.66582047165073,0.0,38.5877,-4,128.0,216.0,0.775926,4.93746,79.1274,93.0633,53.1405,46.529,43.6449,41.4058,39.9456,38.5877,37.3219,36.1392,34.6082,33.0157,30.4084,26.3087,21.5922,17.4425,11.1576,14.0079308,1.0,0.0,0.0,,brake,-0.9,0.0,0.12,1,11.47,0.0
