step,distFromStart,speedX,speedY,angle,trackPos,sensorFront,curLapTime,lastLapTime,steer,accel,brake,gear
1,2743.1,0.0,0.0,1.74846e-07,-9.53674e-07,160.615,-0.962,0.0,3.1821971999999996e-08,1.0,0.0,1
2,2743.1,0.0,0.0,1.74846e-07,-9.53674e-07,160.615,-0.942,0.0,5.537023127999999e-08,1.0,0.0,1
3,2743.1,0.0,0.0,1.74846e-07,-9.53674e-07,160.615,-0.922,0.0,7.27959431472e-08,1.0,0.0,1
4,2743.1,0.0,0.0,1.74846e-07,-9.53674e-07,160.615,-0.902,0.0,8.5690969928928e-08,1.0,0.0,1
5,2743.1,0.0,0.0,1.74846e-07,-9.53674e-07,160.615,-0.882,0.0,9.523328974740671e-08,1.0,0.0,1
6,2743.1,0.0,0.0,1.74846e-07,-9.53674e-07,160.615,-0.862,0.0,1.0229460641308097e-07,1.0,0.0,1
7,2743.1,0.0,0.0,1.74846e-07,-9.53674e-07,160.615,-0.842,0.0,1.0751998074567992e-07,1.0,0.0,1
8,2743.1,0.0,0.0,1.74846e-07,-9.53674e-07,160.615,-0.822,0.0,1.1138675775180313e-07,1.0,0.0,1
9,2743.1,0.0,0.0,1.74846e-07,-9.53674e-07,160.615,-0.802,0.0,1.1424817273633431e-07,1.0,0.0,1
10,2743.1,0.0,0.0,1.74846e-07,-9.53674e-07,160.615,-0.782,0.0,1.1636561982488738e-07,1.0,0.0,1
11,2743.1,0.0,0.0,1.74846e-07,-9.53674e-07,160.615,-0.762,0.0,1.1793253067041666e-07,1.0,0.0,1
12,2743.1,0.0,0.0,1.74846e-07,-9.53674e-07,160.615,-0.742,0.0,1.1909204469610832e-07,1.0,0.0,1
13,2743.1,0.0,0.0,1.74846e-07,-9.53674e-07,160.615,-0.722,0.0,1.1995008507512015e-07,1.0,0.0,1
14,2743.1,0.0,0.0,1.74846e-07,-9.53674e-07,160.615,-0.702,0.0,1.205850349555889e-07,1.0,0.0,1
15,2743.1,0.0,0.0,1.74846e-07,-9.53674e-07,160.615,-0.682,0.0,1.2105489786713578e-07,1.0,0.0,1
16,2743.1,0.0,0.0,1.74846e-07,-9.53674e-07,160.615,-0.662,0.0,1.2140259642168049e-07,1.0,0.0,1
17,2743.1,0.0,0.0,1.74846e-07,-9.53674e-07,160.615,-0.642,0.0,1.2165989335204354e-07,1.0,0.0,1
18,2743.1,0.0,0.0,1.74846e-07,-9.53674e-07,160.615,-0.622,0.0,1.2185029308051223e-07,1.0,0.0,1
19,2743.1,0.0,0.0,1.74846e-07,-9.53674e-07,160.615,-0.602,0.0,1.2199118887957904e-07,1.0,0.0,1
20,2743.1,0.0,0.0,1.74846e-07,-9.53674e-07,160.615,-0.582,0.0,1.2209545177088847e-07,1.0,0.0,1
21,2743.1,0.0,0.0,1.74846e-07,-9.53674e-07,160.615,-0.562,0.0,1.2217260631045747e-07,1.0,0.0,1
22,2743.1,0.0,0.0,1.74846e-07,-9.53674e-07,160.615,-0.542,0.0,1.2222970066973852e-07,1.0,0.0,1
23,2743.1,0.0,0.0,1.74846e-07,-9.53674e-07,160.615,-0.522,0.0,1.222719504956065e-07,1.0,0.0,1
24,2743.1,0.0,0.0,1.74846e-07,-9.53674e-07,160.615,-0.502,0.0,1.223032153667488e-07,1.0,0.0,1
25,2743.1,0.0,0.0,1.74846e-07,-9.53674e-07,160.615,-0.482,0.0,1.223263513713941e-07,1.0,0.0,1
26,2743.1,0.0,0.0,1.74846e-07,-9.53674e-07,160.615,-0.462,0.0,1.2234347201483162e-07,1.0,0.0,1
27,2743.1,0.0,0.0,1.74846e-07,-9.53674e-07,160.615,-0.442,0.0,1.2235614129097537e-07,1.0,0.0,1
28,2743.1,0.0,0.0,1.74846e-07,-9.53674e-07,160.615,-0.422,0.0,1.2236551655532178e-07,1.0,0.0,1
29,2743.1,0.0,0.0,1.74846e-07,-9.53674e-07,160.615,-0.402,0.0,1.2237245425093813e-07,1.0,0.0,1
30,2743.1,0.0,0.0,1.74846e-07,-9.53674e-07,160.615,-0.382,0.0,1.2237758814569422e-07,1.0,0.0,1
31,2743.1,0.0,0.0,1.74846e-07,-9.53674e-07,160.615,-0.362,0.0,1.223813872278137e-07,1.0,0.0,1
32,2743.1,0.0,0.0,1.74846e-07,-9.53674e-07,160.615,-0.342,0.0,1.2238419854858216e-07,1.0,0.0,1
33,2743.1,0.0,0.0,1.74846e-07,-9.53674e-07,160.615,-0.322,0.0,1.223862789259508e-07,1.0,0.0,1
34,2743.1,0.0,0.0,1.74846e-07,-9.53674e-07,160.615,-0.302,0.0,1.2238781840520357e-07,1.0,0.0,1
35,2743.1,0.0,0.0,1.74846e-07,-9.53674e-07,160.615,-0.282,0.0,1.2238895761985064e-07,1.0,0.0,1
36,2743.1,0.0,0.0,1.74846e-07,-9.53674e-07,160.615,-0.262,0.0,1.2238980063868946e-07,1.0,0.0,1
37,2743.1,0.0,0.0,1.74846e-07,-9.53674e-07,160.615,-0.242,0.0,1.223904244726302e-07,1.0,0.0,1
38,2743.1,0.0,0.0,1.74846e-07,-9.53674e-07,160.615,-0.222,0.0,1.2239088610974634e-07,1.0,0.0,1
39,2743.1,0.0,0.0,1.74846e-07,-9.53674e-07,160.615,-0.202,0.0,1.2239122772121227e-07,1.0,0.0,1
40,2743.1,0.0,0.0,1.74846e-07,-9.53674e-07,160.615,-0.182,0.0,1.2239148051369708e-07,1.0,0.0,1
41,2743.1,0.0,0.0,1.74846e-07,-9.53674e-07,160.615,-0.162,0.0,1.2239166758013582e-07,1.0,0.0,1
42,2743.1,0.0,0.0,1.74846e-07,-9.53674e-07,160.615,-0.142,0.0,1.223918060093005e-07,1.0,0.0,1
43,2743.1,0.0,0.0,1.74846e-07,-9.53674e-07,160.615,-0.122,0.0,1.2239190844688237e-07,1.0,0.0,1
44,2743.1,0.0,0.0,1.74846e-07,-9.53674e-07,160.615,-0.102,0.0,1.2239198425069295e-07,1.0,0.0,1
45,2743.1,0.0,0.0,1.74846e-07,-9.53674e-07,160.615,-0.082,0.0,1.2239204034551277e-07,1.0,0.0,1
46,2743.1,0.0,0.0,1.74846e-07,-9.53674e-07,160.615,-0.062,0.0,1.2239208185567946e-07,1.0,0.0,1
47,2743.1,0.0,0.0,1.74846e-07,-9.53674e-07,160.615,-0.042,0.0,1.223921125732028e-07,1.0,0.0,1
48,2743.1,0.0,0.0,1.74846e-07,-9.53674e-07,160.615,-0.022,0.0,1.2239213530417005e-07,1.0,0.0,1
49,2743.1,0.0,0.0,1.74846e-07,-9.53674e-07,160.615,0.018,0.0,1.2239215212508583e-07,1.0,0.0,1
50,2743.1,0.199321,8.1081e-09,1.74846e-07,-9.53674e-07,160.615,0.038,0.0,1.223921645725635e-07,1.0,0.0,1
51,2743.1,0.179602,4.55662e-11,1.74846e-07,-9.53674e-07,160.614,0.058,0.0,1.2235001166369917e-07,1.0,0.0,1
52,2743.1,0.197278,-1.04956e-09,1.74846e-07,-9.53674e-07,160.613,0.078,0.0,1.2244373743949647e-07,1.0,0.0,1
53,2743.1,0.978049,1.6531e-07,1.74846e-07,-9.53674e-07,160.609,0.098,0.0,1.226729959890523e-07,1.0,0.0,1
54,2743.11,1.88997,-1.29556e-05,1.74846e-07,-9.53674e-07,160.601,0.118,0.0,1.2284080340148055e-07,0.88,0.0,1
55,2743.12,2.78396,-9.86416e-06,-3.01992e-07,-9.53674e-07,160.588,0.138,0.0,1.9608047176870938e-07,1.0,0.0,1
56,2743.14,3.75096,0.000239542,-2.68618e-06,-9.53674e-07,160.569,0.158,0.0,1.6467419583518836e-07,1.0,0.0,1
57,2743.16,4.65615,8.32512e-05,-1.25567e-06,-9.53674e-07,160.546,0.178,0.0,-1.5439240586494297e-06,1.0,0.0,1
58,2743.19,5.55605,1.40486e-06,-1.25567e-06,-9.53674e-07,160.517,0.198,0.0,-1.636835862924929e-06,1.0,0.0,1
59,2743.23,6.44768,8.14461e-07,-1.25567e-06,-9.53674e-07,160.484,0.218,0.0,-1.0941798812300489e-06,1.0,0.0,1
60,2743.27,7.33367,1.82285e-06,-1.25567e-06,-9.53674e-07,160.445,0.238,0.0,-3.72959615872841e-07,1.0,0.0,1
61,2743.31,8.26007,5.88141e-07,-1.25567e-06,-9.53674e-07,160.397,0.26,0.0,6.56144376855967e-07,1.0,0.0,1
62,2743.36,9.14346,1.5222e-07,-1.25567e-06,-9.53674e-07,160.349,0.28,0.0,2.2257332818194485e-06,1.0,0.0,1
63,2743.42,10.0442,-9.01265e-07,-1.25567e-06,-9.53674e-07,160.295,0.3,0.0,4.5124792976972176e-06,1.0,0.0,1
64,2743.47,10.9545,-8.01956e-07,-1.25567e-06,-9.53674e-07,160.236,0.32,0.0,7.74668714197111e-06,1.0,0.0,1
65,2743.54,11.8414,-2.32944e-07,-1.25567e-06,-1.04904e-06,160.173,0.34,0.0,1.218656406167429e-05,0.88,0.0,1
66,2743.61,12.702,-2.21392e-07,-1.25567e-06,-1.04904e-06,160.104,0.36,0.0,1.8147606719722976e-05,1.0,0.0,1
67,2743.68,13.5833,-8.61768e-08,-1.25567e-06,-1.04904e-06,160.031,0.38,0.0,2.595871252183467e-05,1.0,0.0,1
68,2743.76,14.4449,-3.98583e-08,-1.25567e-06,-1.04904e-06,159.953,0.4,0.0,3.60023641816694e-05,0.88,0.0,1
69,2743.84,15.2945,-4.56155e-08,-1.25567e-06,-1.04904e-06,159.87,0.42,0.0,4.867329501632375e-05,1.0,0.0,1
70,2743.93,16.1729,9.26885e-09,-1.25567e-06,-1.14441e-06,159.783,0.44,0.0,6.378914642305689e-05,1.0,0.0,1
71,2744.02,17.0372,3.2432e-09,-1.25567e-06,-1.14441e-06,159.69,0.46,0.0,8.167702692827677e-05,0.88,0.0,1
72,2744.12,17.8888,-6.83871e-09,-1.25567e-06,-1.14441e-06,159.593,0.48,0.0,0.00010268929418117294,1.0,0.0,1
73,2744.23,18.8209,8.12019e-10,-1.25567e-06,-1.14441e-06,159.48,0.502,0.0,0.00012719354615740863,0.88,0.0,1
74,2744.34,19.6635,-3.13034e-09,-1.25567e-06,-1.14441e-06,159.373,0.522,0.0,0.00015593641591828199,1.0,0.0,1
75,2744.45,20.5115,-5.76909e-09,-1.25567e-06,-1.23978e-06,159.261,0.542,0.0,0.00018914342315017447,0.88,0.0,1
76,2744.57,21.356,-2.86355e-09,-1.25567e-06,-1.23978e-06,159.145,0.562,0.0,0.00022699634485101334,1.0,0.0,1
77,2744.69,22.2046,-1.15303e-09,-1.25567e-06,-1.23978e-06,159.024,0.582,0.0,0.00026975674048028593,0.88,0.0,1
78,2744.81,23.0494,2.2119e-09,-1.25567e-06,-1.33514e-06,158.898,0.602,0.0,0.0003177318968280961,1.0,0.0,1
79,2744.94,23.8982,-1.59905e-09,-1.25567e-06,-1.33514e-06,158.767,0.622,0.0,0.0003712722688442436,0.88,0.0,1
80,2745.08,24.7429,-2.0011e-09,-1.25567e-06,-1.33514e-06,158.632,0.642,0.0,0.00043070443698502267,1.0,0.0,1
81,2745.22,25.5912,-6.71086e-09,-1.25567e-06,-1.43051e-06,158.492,0.662,0.0,0.000496403091865832,0.88,0.0,1
82,2745.36,26.4353,0.00215614,-1.36534e-05,-1.43051e-06,158.343,0.682,0.0,0.0005687364846301935,1.0,0.0,1
83,2745.51,27.2829,0.00292299,-3.27269e-05,-1.43051e-06,158.188,0.702,0.0,0.0006346178772498265,0.88,0.0,1
84,2745.67,28.1263,0.00333103,-5.22772e-05,-1.52588e-06,158.028,0.722,0.0,0.0007039138726729782,1.0,0.0,1
85,2745.83,28.9734,0.00356041,-7.23044e-05,-1.52588e-06,157.863,0.742,0.0,0.0007798449479610828,0.88,0.0,1
86,2745.99,29.7853,0.00377309,-9.18547e-05,-1.52588e-06,157.693,0.762,0.0,0.0008639257069628435,0.88,0.0,1
87,2746.16,30.6137,0.00389153,-0.000112359,-1.62125e-06,157.519,0.782,0.0,0.0009569421237628094,1.0,0.0,1
88,2746.33,31.4611,0.00394251,-0.000133816,-1.62125e-06,157.34,0.802,0.0,0.0010594553196306027,0.88,0.0,1
89,2746.51,32.2928,0.00401766,-0.000155751,-1.71661e-06,157.156,0.822,0.0,0.0011717636856657567,0.88,0.0,1
90,2746.69,33.1273,0.00407831,-0.000177685,-1.71661e-06,156.967,0.842,0.0,0.001294120603565567,0.88,0.0,1
91,2746.88,33.9776,0.00409912,-0.00020105,-1.71661e-06,156.774,0.862,0.0,0.0014269807659602583,0.88,0.0,1
92,2747.07,34.8492,0.00631677,-0.000239197,7.34329e-06,156.571,0.882,0.0,0.0015706199792082068,0.88,0.0,1
93,2747.26,35.7434,0.0068844,-0.000288788,3.78609e-05,156.359,0.902,0.0,0.001710789100980891,0.88,0.0,1
94,2747.47,36.6588,0.0068669,-0.000343148,6.82831e-05,156.141,0.922,0.0,0.0018571052778904602,0.88,0.0,1
95,2747.67,37.5924,0.0065157,-0.000400368,9.88007e-05,155.917,0.942,0.0,0.0020137015547006523,0.88,0.0,1
96,2747.88,38.5405,0.00587471,-0.000461404,0.000129223,155.686,0.962,0.0,0.0021827574725460314,0.88,0.0,1
97,2748.1,39.5006,0.0049393,-0.000527207,0.00015974,155.449,0.982,0.0,0.0023658407407448046,0.88,0.0,1
98,2748.35,40.5726,0.0056013,-0.000623528,0.000193214,155.175,1.004,0.0,0.0025643336657416053,0.88,0.0,1
99,2748.57,41.5639,0.00397542,-0.000732247,0.000223637,154.913,1.024,0.0,0.0027671847993484076,0.88,0.0,1
100,2748.81,42.5727,0.00148708,-0.000854317,0.000254154,154.642,1.044,0.0,0.002988380025159325,0.88,0.0,1
101,2749.05,43.6004,-0.00153392,-0.000987355,0.000284576,154.362,1.064,0.0,0.0032300153390118222,0.88,0.0,1
102,2749.29,44.6485,-0.00503228,-0.00113279,0.000345612,154.073,1.084,0.0,0.0034931635034840553,0.88,0.0,1
103,2749.54,45.7181,-0.00708522,-0.00130731,0.000406551,153.768,1.104,0.0,0.0037772927226662916,0.88,0.0,1
104,2749.8,46.7849,-0.0116569,-0.00151283,0.000467587,153.448,1.124,0.0,0.004071255567666248,0.88,0.0,2
105,2750.06,47.8075,-0.0169703,-0.00174076,0.000528526,153.116,1.144,0.0,0.004388556339978626,0.88,0.0,2
106,2750.33,48.7976,-0.0194812,-0.0019992,0.000610828,152.768,1.164,0.0,0.004733471387930866,0.88,0.0,2
107,2750.61,49.7682,-0.0217062,-0.00227958,0.000702381,152.409,1.184,0.0,0.005089253967477008,0.88,0.0,2
108,2750.89,50.7313,-0.0236184,-0.00256902,0.000815201,152.04,1.204,0.0,0.005459577114067357,0.88,0.0,2
109,2751.17,51.6881,-0.022581,-0.00287944,0.000940228,151.66,1.224,0.0,0.005849890299510614,0.88,0.0,2
110,2751.46,52.6382,-0.0222401,-0.00320656,0.00109282,151.269,1.244,0.0,0.0062503083758986885,0.88,0.0,2
111,2751.76,53.5774,-0.0185343,-0.00355035,0.00126972,150.868,1.264,0.0,0.0066743515179869695,0.88,0.0,2
112,2752.06,54.4979,-0.0145589,-0.00390083,0.00147409,150.459,1.284,0.0,0.007113109563026656,0.88,0.0,2
113,2752.36,55.3884,-0.00641052,-0.00425464,0.00170908,150.043,1.304,0.0,0.007580272061147798,0.88,0.0,2
114,2752.67,56.2407,0.00149919,-0.00460416,0.00198059,149.623,1.324,0.0,0.008068915185960816,0.88,0.0,2
115,2752.99,57.0631,0.0111245,-0.00495845,0.00229177,149.197,1.344,0.0,0.008601096681049348,0.88,0.0,2
116,2753.31,57.8756,0.0173472,-0.00532228,0.00263653,148.763,1.364,0.0,0.009183891257802178,0.88,0.0,2
117,2753.63,58.693,0.0234752,-0.005709,0.00301495,148.316,1.384,0.0,0.009851065858088938,0.88,0.0,2
118,2753.96,59.5215,0.0283198,-0.00613672,0.00342989,147.851,1.404,0.0,0.010609633967344255,0.88,0.0,2
119,2754.29,60.3633,0.0291373,-0.00659639,0.00388145,147.371,1.424,0.0,0.011470943732568722,0.88,0.0,2
120,2754.63,61.22,0.0302775,-0.00709135,0.0043788,146.874,1.444,0.0,0.012463483436397655,0.88,0.0,2
121,2754.97,62.0919,0.0329717,-0.00765497,0.00491581,146.349,1.464,0.0,0.01357795758464407,0.88,0.0,2
122,2755.32,62.9791,0.0323562,-0.00829536,0.00550785,145.793,1.484,0.0,0.014644923869173841,0.88,0.0,2
123,2755.67,63.8813,0.0293479,-0.00900728,0.00614862,145.207,1.504,0.0,0.01568453372147768,0.88,0.0,2
124,2756.03,64.7981,0.0240952,-0.00979263,0.00684738,144.589,1.524,0.0,0.016708327590019337,0.88,0.0,2
125,2756.39,65.729,0.016308,-0.0106571,0.00760717,143.936,1.544,0.0,0.017722912483771926,0.88,0.0,2
126,2756.76,66.6736,0.00542813,-0.0116084,0.00843344,143.245,1.564,0.0,0.018733448533093763,0.88,0.0,2
127,2757.14,67.6316,-0.00933193,-0.0126579,0.00933361,142.51,1.584,0.0,0.01974137790847122,0.88,0.0,2
128,2757.51,68.6027,-0.0289971,-0.0138181,0.0103101,141.724,1.604,0.0,0.020750987400035132,0.88,0.0,2
129,2757.9,69.5859,-0.0547516,-0.015106,0.0113689,140.879,1.624,0.0,0.021768688582566635,0.88,0.0,2
130,2758.29,70.5789,-0.0871565,-0.016537,0.0125164,139.965,1.644,0.0,0.022801929096955963,0.88,0.0,2
131,2758.68,71.5796,-0.126419,-0.0181263,0.0137614,138.97,1.664,0.0,0.023727466478333646,0.88,0.0,2
132,2759.08,72.5865,-0.172848,-0.0198873,0.0151102,137.883,1.684,0.0,0.024710711751615794,0.88,0.0,2
133,2759.49,73.5988,-0.226885,-0.0218352,0.016575,136.684,1.704,0.0,0.025742654590030875,0.88,0.0,2
134,2759.9,74.6157,-0.289098,-0.0239862,0.0181648,135.352,1.724,0.0,0.026814818666856116,0.88,0.0,2
135,2760.32,75.6365,-0.360152,-0.0263575,0.019889,133.853,1.744,0.0,0.027919040051310358,0.88,0.0,2
136,2760.74,76.6609,-0.4408,-0.0289677,0.0217688,132.135,1.764,0.0,0.028999396052657278,0.88,0.0,2
137,2761.17,77.6883,-0.531865,-0.0318363,0.0238194,130.113,1.784,0.0,0.02992228054209655,0.88,0.0,2
138,2761.61,78.7186,-0.634229,-0.0349849,0.0260563,127.602,1.804,0.0,0.03063926733424468,0.88,0.0,2
139,2762.05,79.7515,-0.750822,-0.0384162,0.0284976,124.04,1.824,0.0,0.031146340315215803,0.88,0.0,2
140,2762.49,80.7867,-0.879754,-0.0421293,0.0311617,115.018,1.844,0.0,0.03147501220360021,0.88,0.0,2
141,2762.94,81.8241,-1.01851,-0.0461515,0.0340699,104.685,1.864,0.0,0.03165297347822166,0.88,0.0,2
142,2763.4,82.8632,-1.17212,-0.0505031,0.0372466,95.3568,1.884,0.0,0.03169428953724644,0.88,0.0,2
143,2763.87,83.9039,-1.33969,-0.0551918,0.0407103,86.9492,1.904,0.0,0.03163001822092808,0.88,0.0,2
144,2764.33,84.9457,-1.52313,-0.0602129,0.0445004,79.3914,1.924,0.0,0.03147950287833656,0.88,0.0,2
145,2764.81,85.9884,-1.71815,-0.0655769,0.0486385,72.5899,1.944,0.0,0.03126848572803899,0.88,0.0,2
146,2765.29,87.0082,-1.87345,-0.0711954,0.0531734,66.5511,1.964,0.0,0.03099125587433654,0.88,0.0,3
147,2765.77,87.5376,-1.62014,-0.0755666,0.0583185,62.3674,1.984,0.0,0.030394240118989512,0.88,0.0,3
148,2766.31,87.4872,-1.12732,-0.078069,0.0648858,59.9511,2.006,0.0,0.027688363038312652,1.0,0.0,3
149,2766.84,88.0662,-0.824208,-0.0799697,0.0721976,58.0715,2.028,0.0,0.022502664341050853,1.0,0.0,3
150,2767.38,88.928,-0.688377,-0.081919,0.0800283,56.2141,2.05,0.0,0.016482865408698373,0.88,0.0,3
151,2767.93,89.7981,-0.581357,-0.0835164,0.0882863,54.6464,2.072,0.0,0.01065894246416529,0.88,0.0,3
152,2768.48,90.6681,-0.484375,-0.0845912,0.0969043,53.4437,2.094,0.0,0.005176721571338845,0.88,0.0,3
153,2769.03,91.5352,-0.392278,-0.0851429,0.105818,52.5741,2.116,0.0,8.367018888890288e-05,0.88,0.0,3
154,2769.59,92.3996,-0.311688,-0.0852478,0.114967,51.9723,2.138,0.0,-0.004603331064713666,0.88,0.0,3
155,2770.16,93.2641,-0.242877,-0.0849956,0.124287,51.5773,2.16,0.0,-0.00885381262143102,0.88,0.0,3
156,2770.73,94.132,-0.187023,-0.0844472,0.133729,51.3517,2.182,0.0,-0.0126569704588929,0.88,0.0,3
157,2771.31,95.0063,-0.138554,-0.0836395,0.143248,51.2768,2.204,0.0,-0.01600746367668414,0.88,0.0,3
158,2771.89,95.8911,-0.0961983,-0.0825923,0.152806,51.3461,2.226,0.0,-0.018934949969752778,0.88,0.0,3
159,2772.47,96.7872,-0.0551269,-0.0813311,0.162373,51.5517,2.248,0.0,-0.021467553051006092,0.88,0.0,3
160,2773.07,97.6932,-0.0187774,-0.0798538,0.171912,51.9053,2.27,0.0,-0.023656276469245098,0.88,0.0,3
161,2773.67,98.5943,0.0170736,-0.078172,0.181397,52.4124,2.292,0.0,-0.0255188779259561,0.8575900000000006,0.0,3
162,2774.27,99.4924,0.052469,-0.0763424,0.1908,53.0496,2.314,0.0,-0.027090571584665206,0.88,0.0,3
163,2774.88,100.398,0.086072,-0.0743931,0.200099,53.8114,2.336,0.0,-0.02840691737704441,0.88,0.0,3
164,2775.49,101.304,0.116685,-0.0723398,0.209275,54.7012,2.358,0.0,-0.029491787927735772,0.88,0.0,3
165,2776.11,102.208,0.144294,-0.0701926,0.218308,55.7276,2.38,0.0,-0.03035861810711675,0.88,0.0,3
166,2776.74,103.11,0.169532,-0.0679539,0.22718,56.9074,2.402,0.0,-0.031018350697398063,0.88,0.0,3
167,2777.37,104.01,0.195524,-0.0656489,0.235865,58.2405,2.424,0.0,-0.03148223209072065,0.88,0.0,3
168,2778.01,104.909,0.217347,-0.0632804,0.244361,59.7455,2.446,0.0,-0.03177847533771501,0.88,0.0,3
169,2778.65,105.806,0.24,-0.0608562,0.252646,61.4412,2.468,0.0,-0.03190312558742055,0.88,0.0,3
170,2779.3,106.702,0.261282,-0.0583981,0.260709,63.3336,2.49,0.0,-0.03187990489373903,0.88,0.0,3
171,2779.95,107.596,0.280494,-0.0559166,0.26854,65.4405,2.512,0.0,-0.03175523580305706,0.88,0.0,3
172,2780.61,108.489,0.297585,-0.0534175,0.276126,67.7885,2.534,0.0,-0.03153459081100208,0.88,0.0,3
173,2781.28,109.381,0.315024,-0.0509294,0.283462,70.3766,2.556,0.0,-0.031201762463652735,0.88,0.0,3
174,2781.95,110.271,0.327366,-0.0484589,0.290539,73.231,2.578,0.0,-0.03076506470307876,0.88,0.0,3
175,2782.62,111.16,0.339592,-0.046016,0.297354,76.3749,2.6,0.0,-0.03020523833858554,0.88,0.0,3
176,2783.31,112.047,0.347218,-0.0435985,0.303903,79.8558,2.622,0.0,-0.029537576491805582,0.88,0.0,3
177,2783.99,112.932,0.355543,-0.0412129,0.310177,83.714,2.644,0.0,-0.02875114079368503,0.88,0.0,3
178,2784.69,113.816,0.362268,-0.0388811,0.316179,87.9595,2.666,0.0,-0.0278675888104409,0.88,0.0,3
179,2785.38,114.699,0.366709,-0.0366133,0.32191,92.6223,2.688,0.0,-0.02689640877583555,0.88,0.0,3
180,2786.09,115.58,0.368873,-0.0344146,0.327373,97.6379,2.71,0.0,-0.025843939352951924,0.88,0.0,3
181,2786.8,116.459,0.368983,-0.0322874,0.332567,99.6431,2.732,0.0,-0.02471670641871418,0.88,0.0,3
182,2787.51,117.337,0.365078,-0.030207,0.337492,100.593,2.754,0.0,-0.024605538838554708,0.88,0.0,3
183,2788.23,118.214,0.363428,-0.0281699,0.342152,101.18,2.776,0.0,-0.02394558082208655,0.88,0.0,3
184,2788.95,119.089,0.361601,-0.0261954,0.346553,101.545,2.798,0.0,-0.02290622585156551,0.88,0.0,3
185,2789.68,119.962,0.358672,-0.0242913,0.350694,101.756,2.82,0.0,-0.02161291459268964,0.88,0.0,3
186,2790.42,120.834,0.356631,-0.0224894,0.354588,101.836,2.842,0.0,-0.020133989873949407,0.88,0.0,3
187,2791.16,121.763,0.358228,-0.0207689,0.35824,101.819,2.864,0.0,-0.018538155636285136,1.0,0.0,3
188,2791.91,122.706,0.365815,-0.0191057,0.361676,101.73,2.886,0.0,-0.01699005483196369,0.88,0.0,3
189,2792.66,123.593,0.355228,-0.0175956,0.364892,101.544,2.908,0.0,-0.015537781125861001,0.88,0.0,3
190,2793.42,124.522,0.346232,-0.016228,0.367892,101.275,2.93,0.0,-0.01404903935730751,1.0,0.0,3
191,2794.18,125.46,0.336511,-0.0149472,0.370702,100.952,2.952,0.0,-0.01277023638444097,0.88,0.0,3
192,2794.95,125.781,0.290019,-0.0138648,0.373305,100.544,2.974,0.0,-0.0119255068234533,0.88,0.0,4
193,2795.72,125.669,0.2351,-0.0129545,0.375689,100.07,2.996,0.0,-0.010867898318390972,1.0,0.0,4
194,2796.49,125.568,0.197712,-0.0120776,0.37788,99.5794,3.018,0.0,-0.009591376839062119,0.7941604631109895,0.0,4
195,2797.25,124.788,0.183212,-0.0112627,0.3799,99.0659,3.04,0.0,-0.008289858349835226,0.0,0.3,4
196,2798.01,123.265,0.185862,-0.0105489,0.381779,98.5235,3.062,0.0,-0.0067980551746794505,0.0,0.6,3
197,2798.76,121.414,0.187435,-0.0100353,0.383549,97.9274,3.084,0.0,-0.005424964733460602,0.0,0.62,3
198,2799.49,119.423,0.179503,-0.00968248,0.385225,97.2933,3.106,0.0,-0.004107076614589215,0.0,0.62,3
199,2800.22,117.318,0.172303,-0.00938398,0.386817,96.6547,3.128,0.0,-0.0027628228296418,0.0,0.62,3
200,2800.93,115.184,0.168094,-0.00911886,0.38834,96.0185,3.15,0.0,-0.0013873810213236553,0.0,0.62,3
201,2801.62,113.055,0.16212,-0.00889856,0.389799,95.3817,3.172,0.0,6.344732205186164e-06,0.0,0.62,3
202,2802.31,110.946,0.153895,-0.0087269,0.391196,94.7436,3.194,0.0,0.001430894723168015,0.0,0.62,3
203,2802.98,108.997,0.142181,-0.00860483,0.392542,94.1039,3.216,0.0,0.0028847878360963664,0.0,0.33999999999999997,3
204,2803.64,107.781,0.128907,-0.00853759,0.393839,93.4589,3.238,0.0,0.004354932516147193,0.0,0.05999999999999994,3
205,2804.3,107.728,0.111847,-0.00869066,0.395114,92.7563,3.26,0.0,0.005692235634959582,0.25,0.0,3
206,2804.96,108.063,0.0790995,-0.00903303,0.39639,92.001,3.282,0.0,0.006478041579092021,0.5,0.0,3
207,2805.62,108.695,0.052083,-0.00945598,0.39769,91.2208,3.304,0.0,0.0067846019746511475,0.75,0.0,3
208,2806.29,109.402,0.0284623,-0.00990945,0.399023,90.4287,3.326,0.0,0.006600315060574543,0.6965777003738721,0.0,3
209,2806.95,108.896,0.0115786,-0.0102847,0.400396,89.6572,3.348,0.0,0.0060063431706378735,0.0,0.3,3
210,2807.61,107.483,0.00130843,-0.0105417,0.401772,88.9255,3.37,0.0,0.005580968950752882,0.0,0.6,3
211,2808.27,105.717,-0.00658254,-0.0107134,0.403149,88.2277,3.392,0.0,0.005498009641228409,0.0,0.62,3
212,2808.91,103.912,-0.00591484,-0.0108274,0.404526,87.5568,3.414,0.0,0.005660310867734189,0.0,0.33999999999999997,3
213,2809.54,102.659,0.0103214,-0.0109676,0.405902,86.8886,3.436,0.0,0.00598046741380714,0.0,0.05999999999999994,3
214,2810.16,102.631,0.0151505,-0.0113052,0.407315,86.1704,3.458,0.0,0.006255638317211504,0.25,0.0,3
215,2810.79,102.974,0.00733039,-0.0117281,0.408773,85.4283,3.48,0.0,0.006336471676233031,0.5,0.0,3
216,2811.42,103.559,-0.00124922,-0.0121616,0.410284,84.6805,3.502,0.0,0.0062601189557928835,0.6729320208197911,0.0,3
217,2812.05,103.027,-0.00522379,-0.012533,0.41184,83.9488,3.524,0.0,0.00610642399847745,0.0,0.3,3
218,2812.68,101.619,-0.00900966,-0.0127929,0.413418,83.2541,3.546,0.0,0.006110696642566994,0.0,0.6,3
219,2813.29,100.133,-0.00900751,-0.0129641,0.414995,82.5926,3.568,0.0,0.006313478680131379,0.0,0.31999999999999995,3
220,2813.9,99.1709,0.00696098,-0.0131624,0.416579,81.932,3.59,0.0,0.007266635815446957,0.0,0.039999999999999925,3
221,2814.51,99.1718,0.0158523,-0.0135768,0.418209,81.2163,3.612,0.0,0.008367751778541613,0.25,0.0,3
222,2815.11,99.3378,0.0145374,-0.0141223,0.419905,80.4651,3.634,0.0,0.009305007263167003,0.28,0.0,3
223,2815.72,99.7216,0.0111486,-0.0147379,0.421672,79.6936,3.656,0.0,0.010010173146735891,0.53,0.0,3
224,2816.33,100.339,0.00237378,-0.0153902,0.423518,78.909,3.678,0.0,0.010441708474822963,0.7022971601609262,0.0,3
225,2816.95,101.017,-0.00306139,-0.0160678,0.425453,78.1131,3.7,0.0,0.010619860210986676,0.6720681280819263,0.0,3
226,2817.57,101.648,-0.00692481,-0.0167392,0.42747,77.3147,3.722,0.0,0.010547255226501389,0.6396945629043116,0.0,3
227,2818.19,102.233,-0.010919,-0.0173691,0.429582,76.5232,3.744,0.0,0.010262287729253765,0.6103263347553493,0.0,3
228,2818.82,101.674,-0.0121867,-0.0179284,0.431769,75.7498,3.766,0.0,0.00981418852357939,0.0,0.3,3
229,2819.43,100.928,-0.00878641,-0.0184348,0.434,74.9958,3.788,0.0,0.009324270423767192,0.0,0.09999999999999998,3
230,2820.05,100.816,-0.00510181,-0.0190027,0.436295,74.2276,3.81,0.0,0.008796195816369106,0.18,0.0,3
231,2820.67,101.021,-0.00940939,-0.0195854,0.438666,73.4546,3.832,0.0,0.008166529293771898,0.36,0.0,3
232,2821.29,101.441,-0.0152675,-0.0201204,0.441104,72.6925,3.854,0.0,0.007464196301305174,0.54,0.0,3
233,2821.9,100.839,-0.0164203,-0.0205811,0.443604,71.9502,3.876,0.0,0.006706164116456175,0.0,0.3,3
234,2822.52,99.3631,-0.0224227,-0.0209292,0.446121,71.2456,3.898,0.0,0.005973460000327864,0.0,0.6,3
235,2823.12,97.727,-0.0251288,-0.0211681,0.448623,70.5806,3.92,0.0,0.005372547359686954,0.0,0.39999999999999997,3
236,2823.71,96.4357,-0.0146728,-0.0213659,0.451107,69.9361,3.942,0.0,0.0048867662794751035,0.0,0.19999999999999996,3
237,2824.3,96.2244,-0.00821533,-0.021623,0.453619,69.2803,3.964,0.0,0.0043993237833388765,0.18,0.0,3
238,2824.89,96.431,-0.00620791,-0.0219005,0.45617,68.6186,3.986,0.0,0.003832084153809665,0.36,0.0,3
239,2825.48,96.8489,-0.00832242,-0.0221418,0.458761,67.9649,4.008,0.0,0.0031902313884957702,0.54,0.0,3
240,2826.07,97.4551,-0.00792147,-0.0223468,0.461391,67.3178,4.03,0.0,0.002504434752908886,0.6908898549672933,0.0,3
241,2826.67,98.1129,-0.00941068,-0.0225108,0.464061,66.6776,4.052,0.0,0.0018525776386059804,0.6673051285594893,0.0,3
242,2827.27,98.744,-0.0102798,-0.0226157,0.466764,66.049,4.074,0.0,0.0012579244840380276,0.6539581770944394,0.0,3
243,2827.87,99.3633,-0.00835582,-0.0226844,0.469496,65.4262,4.096,0.0,0.0007014586746364032,0.6515442131819724,0.0,3
244,2828.48,99.9837,-0.00877938,-0.0227211,0.472248,64.8079,4.118,0.0,0.0001114000879564492,0.6569512908744143,0.0,3
245,2829.1,100.618,-0.00719704,-0.0227321,0.475028,64.1921,4.14,0.0,-0.0002766230038378139,0.6672554113779254,0.0,3
246,2829.71,101.271,-0.00801795,-0.0227101,0.477814,63.5809,4.162,0.0,-0.0005292124953802086,0.6808435195599165,0.0,3
247,2830.33,101.944,-0.00611088,-0.0226582,0.480631,62.9726,4.184,0.0,-0.0006807236156402966,0.6964438448670824,0.0,3
248,2830.96,102.634,-0.0037451,-0.0225952,0.483451,62.3629,4.206,0.0,-0.0007474923546377699,0.7134808407009777,0.0,3
249,2831.59,103.346,-0.00164142,-0.022528,0.486292,61.7495,4.228,0.0,-0.0006432300425939895,0.7311586957624064,0.0,3
250,2832.22,104.077,0.00267579,-0.0224856,0.489145,61.1257,4.25,0.0,-0.000417108629969965,0.7489761992617423,0.0,3
251,2832.86,104.917,0.00351643,-0.0224698,0.492023,60.4906,4.272,0.0,-0.0001046662790339206,0.9289761992617422,0.0,3
252,2833.51,105.832,0.00329862,-0.0224627,0.494919,59.8479,4.294,0.0,0.00029762922633713924,0.88,0.0,3
253,2834.15,106.74,0.00511835,-0.0224851,0.497842,59.1929,4.316,0.0,0.0005897794177774254,0.88,0.0,3
254,2834.81,107.641,0.0035436,-0.0225385,0.500796,58.5253,4.338,0.0,0.000740297331256447,0.88,0.0,3
255,2835.47,108.535,0.00110137,-0.0226038,0.503784,57.8496,4.36,0.0,0.0008033223510866435,0.88,0.0,3
256,2836.14,109.426,-0.00128289,-0.0226749,0.506801,57.1674,4.382,0.0,0.0005278552938326192,0.88,0.0,3
257,2836.81,110.314,-0.00570027,-0.022723,0.509847,56.4851,4.404,0.0,-0.00014572417400569935,0.88,0.0,3
258,2837.48,111.138,-0.00858736,-0.0227163,0.512911,55.8099,4.426,0.0,-0.0011009238446594198,0.7619082003618723,0.0,3
259,2838.16,110.653,-0.00637331,-0.0226134,0.515981,55.1536,4.448,0.0,-0.0023594389056456316,0.0,0.3,3
260,2838.83,109.144,0.00276611,-0.0223792,0.518999,54.5321,4.47,0.0,-0.003946906250957328,0.0,0.6,3
261,2839.5,107.286,0.0176005,-0.0220578,0.521953,53.9383,4.492,0.0,-0.005613103974587682,0.0,0.62,3
262,2840.14,105.292,0.0363299,-0.0216716,0.52483,53.3682,4.514,0.0,-0.007302416462213034,0.0,0.62,3
263,2840.78,103.228,0.0551121,-0.0212272,0.52762,52.8207,4.536,0.0,-0.008946443184977728,0.0,0.62,3
264,2841.4,101.14,0.0736629,-0.0207222,0.530317,52.2961,4.558,0.0,-0.010533118068274401,0.0,0.62,3
265,2842.02,99.0638,0.0920427,-0.0201715,0.532923,51.791,4.58,0.0,-0.012036090007967468,0.0,0.62,3
266,2842.61,97.0953,0.102866,-0.0195912,0.535426,51.3018,4.602,0.0,-0.013474167014887954,0.0,0.42,3
267,0.0993652,95.4868,0.0914979,-0.018916,0.536844,50.8642,4.624,0.0,-0.014811250765192756,0.0,0.21999999999999997,3
268,0.680511,95.0424,0.0534373,-0.0179634,0.539081,50.4581,4.646,0.0,-0.01598273708143537,0.18,0.019999999999999962,3
269,1.26157,95.1716,0.0328469,-0.0168561,0.541162,50.0773,4.668,0.0,-0.016960092203865795,0.28,0.0,3
270,1.84369,95.3508,0.0156476,-0.0157748,0.543097,49.687,4.69,0.0,-0.01810753764731495,0.28,0.0,3
271,2.42691,95.5264,-0.000858921,-0.0147512,0.544891,49.2821,4.712,0.0,-0.01949406402358808,0.28,0.0,3
272,3.0112,95.6994,-0.0178938,-0.0137249,0.546545,48.8735,4.734,0.0,-0.021118733490861182,0.28,0.0,3
273,3.59546,95.4681,-0.0276865,-0.0125552,0.548059,48.4857,4.756,0.0,-0.022915259338312035,0.0,0.07722998853848832,3
274,4.17746,95.0451,-0.0409184,-0.0109486,0.549396,48.1677,4.778,0.0,-0.030609498475532584,0.0,0.09321288971186174,3
275,4.75674,94.5938,-0.0386633,-0.00880601,0.550504,47.9319,4.8,0.0,-0.03629959718083468,0.0,0.0987498666635083,3
276,5.33328,94.1442,-0.0241207,-0.00618634,0.551346,47.7637,4.822,0.0,-0.04019526134954717,0.0,0.09675725269426969,3
277,5.90717,93.7152,-0.00388909,-0.00319674,0.551886,47.6424,4.844,0.0,-0.04269071596117326,0.0,0.08994064278326218,3
278,6.47852,93.3181,0.0193169,9.27383e-06,0.552097,47.5421,4.866,0.0,-0.044152781551156525,0.0,0.08019887283153355,3
279,7.04837,93.2851,0.0229676,0.00316254,0.551962,47.4226,4.888,0.0,-0.044852304499592925,0.25,0.0,3
280,7.61893,93.4418,0.00901569,0.00610272,0.551459,47.2613,4.91,0.0,-0.04507186110471696,0.2700097860505855,0.0,3
281,8.19049,93.598,-0.00979379,0.00888888,0.550619,47.0682,4.932,0.0,-0.04497999792734615,0.2616975903352801,0.0,3
282,8.76193,93.3542,-0.0198298,0.0116562,0.549438,46.8643,4.954,0.0,-0.04456875388250587,0.0,0.08136706024778288,3
283,9.332,93.3232,-0.0209163,0.0144176,0.547943,46.6527,4.976,0.0,-0.04369180944106759,0.25,0.0,3
284,9.90271,93.4783,-0.0277599,0.0170207,0.546133,46.4128,4.998,0.0,-0.042580953215381794,0.2701686242201865,0.0,3
285,10.4744,93.6348,-0.030984,0.0195107,0.544019,46.151,5.02,0.0,-0.04134046090702776,0.2641197103753355,0.0,3
286,11.046,93.4002,-0.0275063,0.0220059,0.541623,45.8837,5.042,0.0,-0.040158107337137226,0.0,0.07848660112352618,3
287,11.6161,93.3169,-0.0202181,0.0245347,0.538956,45.6156,5.064,0.0,-0.03901087293261163,0.18,0.0,3
288,12.1865,93.4561,-0.0222288,0.0269285,0.536005,45.3256,5.086,0.0,-0.037811042086414094,0.2745846554247797,0.0,3
289,12.758,93.6175,-0.0256739,0.0292281,0.532779,45.0185,5.108,0.0,-0.03653596461801635,0.26701831303539325,0.0,3
290,13.3293,93.3803,-0.0199617,0.0314994,0.529291,44.7035,5.13,0.0,-0.03520947477322483,0.0,0.07855168885157582,3
291,13.8991,93.3005,-0.0141922,0.0337446,0.525565,44.3823,5.152,0.0,-0.033869629882667104,0.18,0.0,3
292,14.4682,92.9986,-0.00976445,0.0359159,0.521597,44.0493,5.174,0.0,-0.032500156746345855,0.0,0.09682632565554282,3
293,15.0346,92.5346,0.00984304,0.0381482,0.517413,43.7212,5.196,0.0,-0.03110846985319806,0.0,0.10798773316450322,3
294,15.5981,92.0622,0.0269111,0.0403672,0.513022,43.3902,5.218,0.0,-0.029772335785816003,0.0,0.1078337616430825,3
295,16.1587,91.6033,0.042376,0.0425202,0.508429,43.0511,5.24,0.0,-0.02843299064251683,0.0,0.10349201510402395,3
296,16.7165,91.1648,0.0496594,0.0445857,0.503635,42.7019,5.262,0.0,-0.027077110517593195,0.0,0.09673175029137855,3
297,17.2716,90.7521,0.0517397,0.0465662,0.498642,42.3435,5.284,0.0,-0.02566277742937617,0.0,0.08852377432026842,3
298,17.8251,90.6744,0.0446155,0.0483327,0.493454,41.9626,5.306,0.0,-0.02404609136847874,0.18,0.0,3
299,18.379,90.8135,0.0285515,0.0498193,0.488062,41.5516,5.328,0.0,-0.022149399212435243,0.2712907968956926,0.0,3
300,18.9338,90.9853,0.013905,0.0511065,0.482486,41.1186,5.35,0.0,-0.020072282097775597,0.2785289218127267,0.0,3
301,19.4897,91.1594,0.00254594,0.0522247,0.476752,40.667,5.372,0.0,-0.017934296864654,0.28,0.0,3
302,20.0465,91.3329,-0.00488622,0.053201,0.470877,40.1998,5.394,0.0,-0.01581647390764091,0.28,0.0,3
303,20.6045,91.5059,-0.00854674,0.0540567,0.464883,39.7192,5.416,0.0,-0.013713274823878732,0.28,0.0,3
304,21.1634,91.6785,-0.00607709,0.0547802,0.458786,39.2247,5.438,0.0,-0.010923949315567266,0.28,0.0,3
305,21.7234,91.8514,-0.000994056,0.0553524,0.452609,38.7146,5.46,0.0,-0.007721561229857594,0.28,0.0,3
306,22.2844,92.0249,0.0081081,0.0557371,0.446378,38.1862,5.482,0.0,-0.004364204939639883,0.28,0.0,3
307,22.8465,92.1985,0.0148395,0.0559298,0.440109,37.6396,5.504,0.0,-0.0008448918829368295,0.28,0.0,3
308,23.4097,92.3723,0.0239712,0.0559177,0.433832,37.0742,5.526,0.0,0.0028288736778979847,0.28,0.0,3
309,23.9743,92.6873,0.0329106,0.0556791,0.427554,36.4885,5.548,0.0,0.007049273907963918,0.46,0.0,3
310,24.5414,93.1948,0.0422329,0.0551762,0.421304,35.8787,5.57,0.0,0.011819037473028633,0.64,0.0,3
311,25.1123,93.8943,0.0450622,0.0543641,0.415091,35.2407,5.592,0.0,0.016896661454889057,0.8200000000000001,0.0,3
312,25.688,94.7425,0.036509,0.053209,0.408933,34.5717,5.614,0.0,0.02234581827710006,0.9144389437969316,0.0,3
313,26.2691,95.6096,0.0242795,0.0516914,0.40286,33.8706,5.636,0.0,0.028116972864570954,0.7959647239071063,0.0,3
314,26.8555,96.481,0.010265,0.0498318,0.396912,33.1401,5.658,0.0,0.03382357372655291,0.9172130770373392,0.0,3
315,27.4474,97.3521,-0.0110553,0.0476042,0.391129,32.3792,5.68,0.0,0.0394255080189574,0.7988470547068155,0.0,3
316,28.0446,98.2513,-0.0385219,0.0450005,0.38555,31.5885,5.702,0.0,0.04491916068031204,0.9788470547068155,0.0,3
317,28.6476,99.1929,-0.0894729,0.0418799,0.380206,30.7589,5.724,0.0,0.05022187088492519,0.88,0.0,3
318,29.2563,100.106,-0.145795,0.0383331,0.375153,29.8987,5.746,0.0,0.05448159064560951,0.88,0.0,3
319,29.8706,101.009,-0.203629,0.034416,0.370453,29.0134,5.768,0.0,0.05767757689520131,0.88,0.0,3
320,30.4905,101.908,-0.267647,0.030188,0.366132,28.1087,5.79,0.0,0.06002230642224487,0.88,0.0,3
321,31.116,102.806,-0.331794,0.0257108,0.362238,27.1902,5.812,0.0,0.06170805023173418,0.88,0.0,3
322,31.747,103.704,-0.399851,0.0210906,0.358804,26.2659,5.834,0.0,0.06117933018742654,0.88,0.0,3
323,32.3836,104.6,-0.465417,0.0164828,0.355853,25.3463,5.856,0.0,0.05845800751165048,0.88,0.0,3
324,33.0257,105.496,-0.520772,0.0120222,0.353391,24.4397,5.878,0.0,0.05412755400853654,0.88,0.0,3
325,33.6733,106.391,-0.562689,0.00781419,0.351416,23.5518,5.9,0.0,0.049330337942655025,0.88,0.0,3
326,34.326,107.077,-0.538319,0.00412362,0.349936,22.6969,5.922,0.0,0.04268840860571227,0.54,0.0,3
327,34.9814,107.331,-0.441286,0.00138565,0.348972,21.8976,5.944,0.0,0.03417479544389985,0.28,0.0,3
328,35.6378,107.483,-0.353908,-0.000616415,0.348434,21.1403,5.966,0.0,0.02418523009473409,0.28,0.0,3
329,36.2951,107.635,-0.292991,-0.00202547,0.348209,20.4152,5.988,0.0,0.013782334466769408,0.27758653247028975,0.0,3
330,36.9512,106.917,-0.260713,-0.0028169,0.348187,19.7238,6.01,0.0,0.003299093552640648,0.0,0.3,3
331,37.5999,105.395,-0.243467,-0.00309937,0.348267,19.0653,6.032,0.0,-0.0064566984727721256,0.0,0.6,3
332,38.2382,103.69,-0.220653,-0.00294436,0.348367,18.4377,6.054,0.0,-0.01542685796226995,0.0,0.39999999999999997,3
333,38.8672,102.422,-0.209786,-0.0021996,0.348437,17.8455,6.076,0.0,-0.023702513017132006,0.0,0.19999999999999996,3
334,39.4919,102.211,-0.184352,-0.000560456,0.34838,17.2951,6.098,0.0,-0.031427684394866665,0.18,0.0,3
335,40.1109,101.873,-0.13642,-0.000918121,0.348152,16.7757,6.12,0.0,-0.03910868672252837,0.0,0.10184353216886531,3
336,40.7045,100.798,-0.0533965,-0.0127564,0.348902,16.2806,6.142,0.0,-0.04684429591055926,0.0,0.4018435321688653,3
337,41.2909,99.7352,-0.00853236,-0.0240508,0.351151,15.8025,6.164,0.0,-0.05735825068250017,0.0,0.2018435321688653,3
338,41.8721,99.0827,0.00339801,-0.0343233,0.354721,15.36,6.186,0.0,-0.06948202658204182,0.0,0.12619571650153352,3
339,42.4482,97.9736,0.0876668,-0.0436755,0.359491,14.9472,6.208,0.0,-0.08227529482500832,0.0,0.42619571650153354,3
340,43.0154,96.3745,0.241261,-0.0526899,0.365436,14.5405,6.23,0.0,-0.09568263174639537,0.0,0.62,3
341,43.5715,94.573,0.410375,-0.0616517,0.372528,14.1292,6.252,0.0,-0.10979131641406387,0.0,0.62,3
342,44.1162,92.6954,0.555203,-0.0705878,0.380704,13.7128,6.274,0.0,-0.12403436967113578,0.0,0.62,3
343,44.6487,90.774,0.672715,-0.0795051,0.389882,13.292,6.296,0.0,-0.13334271843469372,0.0,0.62,3
344,45.169,88.8273,0.760074,-0.0884482,0.399979,12.8663,6.318,0.0,-0.144301699510087,0.0,0.6416902679358074,3
345,45.6769,86.8879,0.807745,-0.0974718,0.410912,12.435,6.34,0.0,-0.1560014071405146,0.0,0.5809656139078291,3
346,46.1725,85.011,0.793673,-0.106629,0.422592,11.9979,6.362,0.0,-0.1679601743077126,0.0,0.5144240793600731,3
347,46.6562,83.1628,0.744505,-0.115914,0.434933,11.5567,6.384,0.0,-0.17971259810148688,0.0,0.62,3
348,47.128,81.3125,0.693613,-0.125314,0.44789,11.1127,6.406,0.0,-0.1911682215868042,0.0,0.62,2
349,47.5882,79.4898,0.6325,-0.134888,0.461438,10.6651,6.428,0.0,-0.20226100360036425,0.0,0.62,2
350,48.0364,77.6716,0.568175,-0.144634,0.475531,10.2151,6.45,0.0,-0.21310959699160803,0.0,0.62,2
351,48.4729,75.8274,0.512776,-0.154437,0.490147,9.76655,6.472,0.0,-0.22388345201806387,0.0,0.62,2
352,48.8974,73.9731,0.463225,-0.164223,0.505231,9.32217,6.494,0.0,-0.2348179053647534,0.0,0.62,2
353,49.31,72.11,0.417102,-0.173975,0.520766,8.88263,6.516,0.0,-0.24601187608774586,0.0,0.62,2
354,49.7108,70.2928,0.359144,-0.18368,0.536699,8.44885,6.538,0.0,-0.25750235281413714,0.0,0.42,2
355,50.1004,68.6367,0.278227,-0.193257,0.552962,8.02341,6.56,0.0,-0.2691158000454378,0.0,0.35,2
356,50.4797,67.0887,0.191232,-0.202574,0.569527,7.60885,6.582,0.0,-0.28076700185030207,0.0,0.35,2
357,50.8491,65.5822,0.108627,-0.21144,0.586355,7.2086,6.604,0.0,-0.2921917101371105,0.0,0.35,2
358,51.2089,64.1096,0.0322938,-0.219682,0.603371,6.82535,6.626,0.0,-0.3034895533240912,0.0,0.35,2
359,51.5595,62.6664,-0.040458,-0.227175,0.62052,6.46029,6.648,0.0,-0.3190961163217436,0.0,0.35,2
360,51.9009,61.2471,-0.113984,-0.233805,0.637714,6.11444,6.67,0.0,-0.3376080452733127,0.0,0.35,2
361,52.2336,59.8474,-0.192738,-0.23946,0.654874,5.78847,6.692,0.0,-0.3580091406468623,0.0,0.35,2
362,52.5577,58.464,-0.282212,-0.244003,0.671897,5.48366,6.714,0.0,-0.37953934681094614,0.0,0.35,2
363,52.8735,57.0973,-0.386927,-0.247279,0.688673,5.20144,6.736,0.0,-0.40158529365904205,0.0,0.35,2
364,53.1812,55.7498,-0.507881,-0.249137,0.705085,4.94326,6.758,0.0,-0.42085477672216826,0.0,0.35,2
365,53.4811,54.4251,-0.641659,-0.249469,0.721024,4.7099,6.78,0.0,-0.4364841135158189,0.0,0.35,2
366,53.7737,53.1263,-0.781773,-0.248247,0.736378,4.50154,6.802,0.0,-0.44866755960012183,0.0,0.35,2
367,54.0591,51.8522,-0.917903,-0.245556,0.75106,4.317,6.824,0.0,-0.4578719878281007,0.0,0.35,2
368,54.3376,50.6,-1.04326,-0.241589,0.765007,4.15405,6.846,0.0,-0.46467400610967835,0.0,0.35,2
369,54.6094,49.3661,-1.15413,-0.236596,0.778183,4.00998,6.868,0.0,-0.469627983154962,0.0,0.35,2
370,54.8747,48.2421,-1.20211,-0.230865,0.790594,3.88134,6.89,0.0,-0.47322868419115655,0.0,0.35,2
371,55.1343,47.2099,-1.17831,-0.225076,0.802379,3.75814,6.912,0.0,-0.47637002229475056,0.0,0.35,2
372,55.3882,46.1934,-1.1597,-0.219711,0.813593,3.63411,6.934,0.0,-0.4799655987781752,0.0,0.35,2
373,55.6366,45.1478,-1.15159,-0.214883,0.824255,3.50798,6.956,0.0,-0.4839032017631838,0.0,0.35,2
374,55.8792,44.0918,-1.14919,-0.210628,0.834409,3.37903,6.978,0.0,-0.4881010454751308,0.0,0.35,2
375,56.1159,43.0452,-1.14386,-0.206816,0.84408,3.24884,7.0,0.0,-0.4925580402947403,0.0,0.35,1
376,56.347,42.0134,-1.13102,-0.203394,0.853319,3.11746,7.022,0.0,-0.497355060727733,0.0,0.35,1
377,56.5724,40.9843,-1.10841,-0.200325,0.862155,2.98524,7.044,0.0,-0.5025846719682898,0.0,0.35,1
378,56.7921,39.9611,-1.08052,-0.19753,0.870626,2.85274,7.066,0.0,-0.5083477213214034,0.0,0.35,1
379,57.0061,38.9524,-1.05597,-0.194918,0.878758,2.72078,7.088,0.0,-0.5146343925056084,0.0,0.35,1
380,57.2146,37.942,-1.04356,-0.192323,0.886549,2.59135,7.11,0.0,-0.5212961290246734,0.0,0.35,1
381,57.4175,36.9179,-1.05465,-0.189552,0.893983,2.46694,7.132,0.0,-0.5221054612683107,0.0,0.35,1
382,57.6149,35.9012,-1.07063,-0.186286,0.901022,2.35147,7.154,0.0,-0.5223669971077632,0.0,0.35,1
383,57.8067,34.8647,-1.07779,-0.181768,0.907661,2.25228,7.176,0.0,-0.523487599150937,0.0,0.35,1
384,57.9929,33.8148,-1.12112,-0.176027,0.913815,2.17076,7.198,0.0,-0.525552791677711,0.0,0.35,1
385,58.1735,32.7368,-1.19909,-0.169466,0.919426,2.10495,7.22,0.0,-0.527725739453925,0.0,0.35,1
386,58.3484,31.6731,-1.28604,-0.162497,0.924438,2.05318,7.242,0.0,-0.5294847053036047,0.0,0.35,1
387,58.5177,30.6257,-1.3562,-0.155332,0.928871,2.01426,7.264,0.0,-0.530769971942994,0.0,0.35,1
388,58.6815,29.596,-1.3972,-0.148151,0.932774,1.98644,7.286,0.0,-0.5318938776164847,0.0,0.35,1
389,58.8399,28.5835,-1.4119,-0.141121,0.936208,1.96774,7.308,0.0,-0.5331928455908299,0.0,0.35,1
390,58.9929,27.5884,-1.40477,-0.134398,0.93922,1.95621,7.33,0.0,-0.5348754842773632,0.0,0.35,1
391,59.1405,26.6112,-1.37893,-0.128114,0.941878,1.94936,7.352,0.0,-0.5371709400773726,0.0,0.35,1
392,59.2829,25.6508,-1.33722,-0.122377,0.944223,1.94517,7.374,0.0,-0.5402366789414458,0.0,0.35,1
393,59.4201,24.7037,-1.28116,-0.117264,0.946319,1.94108,7.396,0.0,-0.5441794616118213,0.0,0.35,1
394,59.5522,23.7625,-1.21226,-0.112816,0.948209,1.93514,7.418,0.0,-0.5490923455307786,0.0,0.35,1
395,59.6792,22.8185,-1.13289,-0.109024,0.949941,1.9259,7.44,0.0,-0.5550599460030183,0.0,0.35,1
396,59.8009,21.8639,-1.04657,-0.105834,0.951557,1.91235,7.462,0.0,-0.5621462876775529,0.0,0.35,1
397,59.9173,20.8923,-0.957408,-0.10317,0.953072,1.89492,7.484,0.0,-0.5703766808707901,0.0,0.35,1
398,60.0284,19.8988,-0.870205,-0.100937,0.954504,1.87401,7.506,0.0,-0.5797329929830846,0.0,0.35,1
399,60.1339,18.8847,-0.78891,-0.0990499,0.955862,1.85052,7.528,0.0,-0.5901552198106568,0.0,0.35,1
400,60.2338,17.8355,-0.716954,-0.0973964,0.95715,1.82581,7.55,0.0,-0.6015487421155459,0.0,0.35,1
401,60.3279,16.7706,-0.6569,-0.0959036,0.958357,1.80126,7.572,0.0,-0.6051810164589598,0.0,0.35,1
402,60.4162,15.6977,-0.607109,-0.0945473,0.959476,1.77752,7.594,0.0,-0.6058726662983215,0.0,0.35,1
403,60.4986,14.6196,-0.568103,-0.0932772,0.960501,1.75569,7.616,0.0,-0.6051943404163991,0.0,0.35,1
404,60.575,13.5392,-0.551096,-0.0919959,0.961412,1.73789,7.638,0.0,-0.7467010570165276,0.0,0.35,1
405,60.6456,12.459,-0.557339,-0.0905629,0.962177,1.72735,7.66,0.0,-0.8202845496485943,0.0,0.35,1
406,60.7104,11.3799,-0.57838,-0.0889196,0.962788,1.7255,7.682,0.0,-0.858547965817269,0.0,0.35,1
407,60.7693,10.3012,-0.609422,-0.0870288,0.963225,1.73391,7.704,0.0,-0.8784449422249798,0.0,0.35,1
408,60.8229,9.43442,-0.843265,-0.0844917,0.96339,1.76272,7.726,0.0,-0.8887913699569896,0.0,0.14999999999999997,1
409,60.8729,8.86047,-1.11584,-0.0805573,0.963081,1.83289,7.748,0.0,-0.8941715123776346,0.0,0.12,1
410,60.92,8.34629,-1.13146,-0.0763933,0.96251,1.92147,7.77,0.0,-0.89696918643637,0.0,0.12,1
411,60.9646,7.91175,-1.08192,-0.0723646,0.961903,2.01408,7.792,0.0,-0.8984239769469125,0.0,0.12,1
412,61.007,7.5844,-1.04195,-0.0685584,0.961275,2.10843,7.814,0.0,-0.8991804680123945,0.0,0.12,1
413,61.0472,7.14623,-0.995975,-0.0649045,0.960645,2.20439,7.836,0.0,-0.8995738433664451,0.0,0.12,1
414,61.0853,6.69786,-0.932398,-0.061429,0.960012,2.30134,7.858,0.0,-0.8997783985505514,0.0,0.12,1
415,61.1211,6.32241,-0.871316,-0.0582028,0.959388,2.39662,7.88,0.0,-0.8998847672462867,0.0,0.12,1
416,61.1548,5.99654,-0.824511,-0.0552182,0.958781,2.48946,7.902,0.0,-0.8999400789680692,0.0,0.12,1
417,61.1863,5.60723,-0.772635,-0.0524309,0.958194,2.58003,7.924,0.0,-0.8999688410633959,0.0,0.12,1
418,61.2156,5.15584,-0.71264,-0.0498172,0.957629,2.66829,7.946,0.0,-0.8999837973529659,0.0,0.12,1
419,61.2428,4.71028,-0.651154,-0.047388,0.957085,2.75355,7.968,0.0,-0.8999915746235423,0.0,0.12,1
420,61.2677,4.34097,-0.596856,-0.0451752,0.956581,2.83369,7.99,0.0,-0.899995618804242,0.0,0.12,1
421,61.2885,3.98423,-0.545881,-0.0433492,0.956142,2.90234,8.01,0.0,-0.8999977217782058,0.0,0.12,1
422,61.3089,4.14541,-0.572965,-0.0417576,0.955717,2.96526,8.03,0.0,-0.9,0.2,0.0,1
423,61.3286,3.83219,-0.527452,-0.0400398,0.955289,3.03291,8.05,0.0,-0.9,0.0,0.12,1
424,61.3476,3.90629,-0.531155,-0.0383847,0.954884,3.09877,8.07,0.0,-0.9,0.2,0.0,1
425,61.3673,4.00182,-0.530966,-0.0368391,0.954459,3.16357,8.09,0.0,-0.9,0.2,0.0,1
426,61.3863,3.68354,-0.510124,-0.0351024,0.954012,3.23619,8.11,0.0,-0.9,0.0,0.12,1
427,61.4047,3.76441,-0.513606,-0.033536,0.95358,3.30397,8.13,0.0,-0.9,0.2,0.0,1
428,61.4237,3.9311,-0.540547,-0.0319616,0.953138,3.37357,8.15,0.0,-0.9,0.2,0.0,1
429,61.4435,4.06112,-0.554005,-0.0303908,0.952685,3.44462,8.17,0.0,-0.9,0.2,0.0,1
430,61.4626,3.74424,-0.514948,-0.0287225,0.952226,3.5201,8.19,0.0,-0.9,0.0,0.12,1
431,61.481,3.78931,-0.521165,-0.0271666,0.951776,3.5926,8.21,0.0,-0.9,0.2,0.0,1
432,61.5002,3.88967,-0.520222,-0.025674,0.951311,3.66466,8.23,0.0,-0.9,0.2,0.0,1
433,61.52,4.00932,-0.535619,-0.0241423,0.950829,3.73973,8.25,0.0,-0.9,0.2,0.0,1
434,61.5392,3.7133,-0.502132,-0.0224286,0.950337,3.82273,8.27,0.0,-0.9,0.0,0.12,1
435,61.5576,3.8014,-0.521423,-0.0208372,0.94985,3.90223,8.29,0.0,-0.9,0.2,0.0,1
436,61.5767,3.89849,-0.521089,-0.019327,0.949355,3.98023,8.31,0.0,-0.9,0.2,0.0,1
437,61.5966,4.0173,-0.537462,-0.0177991,0.948844,4.06048,8.33,0.0,-0.9,0.2,0.0,1
438,61.617,4.13235,-0.564904,-0.0161716,0.948304,4.1468,8.35,0.0,-0.9,0.14,0.0,1
439,61.6378,4.24939,-0.588726,-0.0145187,0.947747,4.23594,8.37,0.0,-0.9,0.14,0.0,1
440,61.659,4.32548,-0.593935,-0.012835,0.947172,4.32814,8.39,0.0,-0.9,0.14,0.0,1
441,61.6806,4.36733,-0.592718,-0.0111206,0.946568,4.42394,8.41,0.0,-0.9,0.14,0.0,1
442,61.7025,4.41934,-0.599922,-0.0093655,0.94595,4.52325,8.43,0.0,-0.9,0.14,0.0,1
443,61.7249,4.50689,-0.609252,-0.00759637,0.94531,4.62522,8.45,0.0,-0.9,0.14,0.0,1
444,61.7477,4.61823,-0.63301,-0.00578314,0.944646,4.73133,8.47,0.0,-0.9,0.14,0.0,1
445,61.7709,4.72815,-0.6566,-0.00393349,0.943964,4.84092,8.49,0.0,-0.9,0.14,0.0,1
446,61.7944,4.80539,-0.662422,-0.00205678,0.943259,4.95396,8.51,0.0,-0.9,0.14,0.0,1
447,61.8184,4.86266,-0.672942,-0.00013119,0.942529,5.0715,8.53,0.0,-0.9,0.14,0.0,1
448,61.8427,4.91766,-0.670846,0.0018096,0.941775,5.19201,8.55,0.0,-0.9,0.14,0.0,1
449,61.8675,4.98974,-0.678963,0.00378275,0.940999,5.31619,8.57,0.0,-0.9,0.14,0.0,1
450,61.8926,5.0871,-0.702082,0.0057953,0.940195,5.44459,8.59,0.0,-0.9,0.14,0.0,1
451,61.9181,5.19449,-0.716654,0.00783384,0.939368,5.57649,8.61,0.0,-0.9,0.14,0.0,1
452,61.9441,5.28554,-0.73691,0.00991464,0.938519,5.71267,8.63,0.0,-0.9,0.14,0.0,1
453,61.9704,5.36317,-0.747353,0.0120245,0.937638,5.85283,8.65,0.0,-0.9,0.14,0.0,1
454,61.997,5.40965,-0.744914,0.0141603,0.936732,5.99653,8.67,0.0,-0.9,0.14,0.0,1
455,62.0241,5.46641,-0.752833,0.0163418,0.935802,6.14484,8.69,0.0,-0.9,0.14,0.0,1
456,62.0517,5.55284,-0.763132,0.0185419,0.934844,6.29639,8.71,0.0,-0.9,0.14,0.0,1
457,62.0795,5.66142,-0.785577,0.020779,0.933856,6.45229,8.73,0.0,-0.9,0.14,0.0,1
458,62.1078,5.76526,-0.808108,0.0230552,0.932841,6.61331,8.75,0.0,-0.9,0.14,0.0,1
459,62.1365,5.84268,-0.814603,0.0253544,0.931795,6.78417,8.77,0.0,-0.9,0.14,0.0,1
460,62.1655,5.90311,-0.824512,0.0276996,0.930716,6.96834,8.79,0.0,-0.9,0.14,0.0,1
461,62.195,5.96272,-0.822783,0.0300621,0.929609,7.16508,8.81,0.0,-0.9,0.14,0.0,1
462,62.2248,6.02933,-0.833688,0.0324652,0.928471,7.37735,8.83,0.0,-0.9,0.14,0.0,1
463,62.255,6.11384,-0.846885,0.034906,0.927301,7.60662,8.85,0.0,-0.9,0.14,0.0,1
464,62.2856,6.22247,-0.866961,0.0373674,0.926097,7.85367,8.87,0.0,-0.9,0.14,0.0,1
465,62.3166,6.32345,-0.888666,0.0398734,0.924859,8.12242,8.89,0.0,-0.9,0.14,0.0,1
466,62.3479,6.4009,-0.895313,0.0424021,0.923587,8.41347,8.91,0.0,-0.9,0.14,0.0,1
467,62.3797,6.46233,-0.90464,0.0449772,0.92228,8.73185,8.93,0.0,-0.9,0.14,0.0,1
468,62.4118,6.52345,-0.903462,0.0475731,0.920941,9.0785,8.95,0.0,-0.9,0.14,0.0,1
469,62.4443,6.59038,-0.914034,0.0502094,0.919568,9.4594,8.97,0.0,-0.9,0.14,0.0,1
470,62.4772,6.67502,-0.925807,0.0528799,0.918159,9.87883,8.99,0.0,-0.9,0.14,0.0,1
471,62.5105,6.78025,-0.945628,0.0555744,0.916714,10.3413,9.01,0.0,-0.9,0.14,0.0,1
472,62.5442,6.8807,-0.965696,0.0583116,0.915231,10.8561,9.03,0.0,-0.9,0.14,0.0,1
473,62.5783,6.95987,-0.97368,0.061073,0.913709,11.4293,9.05,0.0,-0.9,0.14,0.0,1
474,62.6127,7.02653,-0.983809,0.0638809,0.912147,12.075,9.07,0.0,-0.9,0.14,0.0,1
475,62.6476,7.08517,-0.9821,0.066713,0.910545,12.8027,9.09,0.0,-0.9,0.14,0.0,1
476,62.6827,7.15107,-0.991973,0.0695881,0.908902,13.6324,9.11,0.0,-0.9,0.14,0.0,1
477,62.7183,7.23607,-1.0027,0.0724945,0.907221,14.5835,9.13,0.0,-0.9,0.14,0.0,1
478,62.7543,7.3374,-1.02192,0.0754322,0.905496,15.6843,9.15,0.0,-0.9,0.14,0.0,1
479,62.7906,7.43636,-1.03969,0.0784097,0.903731,16.9745,9.17,0.0,-0.9,0.14,0.0,1
480,62.8274,7.51748,-1.04977,0.0814151,0.901925,18.5016,9.19,0.0,-0.9,0.14,0.0,1
481,62.8645,7.58861,-1.05953,0.0844657,0.900069,20.345,9.21,0.0,-0.9,0.14,0.0,1
482,62.9019,7.64667,-1.05914,0.0875453,0.898174,22.6013,9.23,0.0,-0.9,0.14,0.0,1
483,62.9398,7.71149,-1.06706,0.0906698,0.896233,25.4373,9.25,0.0,-0.9,0.14,0.0,1
484,62.9785,8.00478,-1.09727,0.0938692,0.894229,29.1476,9.27,0.0,-0.9,0.42,0.0,1
485,63.0187,8.34641,-1.14338,0.0972073,0.892114,34.3181,9.29,0.0,-0.9,0.42,0.0,1
486,63.0606,8.69109,-1.18914,0.100656,0.889883,41.937,9.31,0.0,-0.9,0.42,0.0,1
487,63.1042,9.0287,-1.23821,0.104235,0.887538,54.3012,9.33,0.0,-0.9,0.42,0.0,1
488,63.1492,9.35678,-1.30298,0.108036,0.885052,78.4042,9.35,0.0,-0.9,0.42,0.0,1
489,63.1959,9.67315,-1.34319,0.11196,0.882431,143.081,9.37,0.0,-0.9,0.42,0.0,1
490,63.2441,9.99297,-1.38372,0.11602,0.879678,182.552,9.39,0.0,-0.9,0.42,0.0,1
491,63.2939,10.3209,-1.42865,0.120237,0.876789,181.142,9.41,0.0,-0.9,0.42,0.0,1
492,63.3452,10.6588,-1.47686,0.12461,0.873759,179.592,9.43,0.0,-0.9,0.42,0.0,1
493,63.3982,10.9999,-1.5261,0.129134,0.870578,177.878,9.45,0.0,-0.9,0.42,0.0,1
494,63.4527,11.335,-1.57111,0.133816,0.867249,175.966,9.47,0.0,-0.9,0.42,0.0,1
495,63.5087,11.6677,-1.61948,0.13866,0.86376,173.807,9.49,0.0,-0.9,0.42,0.0,1
496,63.5663,11.993,-1.66133,0.143658,0.86011,171.326,9.51,0.0,-0.9,0.42,0.0,1
497,63.6255,12.3135,-1.69962,0.148811,0.8563,168.389,9.53,0.0,-0.9,0.42,0.0,1
498,63.6861,12.6375,-1.73844,0.154122,0.852316,164.703,9.55,0.0,-0.9,0.42,0.0,1
499,63.7484,12.9678,-1.77956,0.159589,0.848161,159.273,9.57,0.0,-0.9,0.42,0.0,1
500,63.8122,13.3031,-1.82226,0.165213,0.843817,144.125,9.59,0.0,-0.9,0.42,0.0,1
501,63.8775,13.6406,-1.86565,0.170988,0.839291,128.628,9.61,0.0,-0.9,0.42,0.0,1
502,63.9444,13.978,-1.90889,0.176915,0.834566,115.813,9.63,0.0,-0.9,0.42,0.0,1
503,64.0128,14.314,-1.95148,0.18299,0.829639,105.05,9.65,0.0,-0.9,0.42,0.0,1
504,64.0827,14.6496,-1.99017,0.189197,0.824511,95.9062,9.67,0.0,-0.8975126257176486,0.42,0.0,1
505,64.1542,14.9904,-2.01046,0.19544,0.819186,88.1292,9.69,0.0,-0.8849748476966013,0.42,0.0,1
506,64.2272,15.3347,-2.01722,0.201652,0.813675,81.4821,9.71,0.0,-0.8673733609870721,0.42,0.0,1
507,64.3018,15.6809,-2.0157,0.207804,0.807989,75.7538,9.73,0.0,-0.8472839896866952,0.42,0.0,1
508,64.3781,16.0287,-2.00868,0.213877,0.802132,70.7746,9.75,0.0,-0.8259817236547171,0.42,0.0,1
509,64.456,16.3779,-1.99691,0.219857,0.796092,66.4134,9.77,0.0,-0.8040974229464243,0.42,0.0,1
510,64.5354,16.7268,-1.9791,0.225739,0.789876,62.5623,9.79,0.0,-0.781950997462088,0.42,0.0,1
511,64.6166,17.0842,-1.95591,0.231553,0.783505,59.1242,9.81,0.0,-0.7597444390213712,0.42,0.0,1
512,64.6994,17.442,-1.9361,0.237258,0.776955,56.0493,9.83,0.0,-0.737552619355932,0.42,0.0,1
513,64.7839,17.8011,-1.9137,0.242836,0.770228,53.2879,9.85,0.0,-0.715271909109277,0.42,0.0,1
514,64.8701,18.161,-1.89073,0.248287,0.763328,50.7937,9.87,0.0,-0.6929818383445074,0.42,0.0,1
515,64.9566,17.8907,-1.80173,0.253862,0.756381,48.4741,9.89,0.0,-0.6706842332275802,0.0,0.12,1
516,65.0427,18.1493,-1.64517,0.258462,0.749493,46.5888,9.91,0.0,-0.58,0.42,0.0,1
517,65.1308,18.5281,-1.53113,0.262318,0.742561,44.9946,9.93,0.0,-0.5339999999999999,0.42,0.0,1
518,65.221,18.9189,-1.36827,0.265459,0.735609,43.641,9.95,0.0,-0.4589999999999999,0.42,0.0,1
519,65.3134,19.3112,-1.1838,0.26777,0.728675,42.5197,9.97,0.0,-0.3839999999999999,0.42,0.0,1
520,65.4078,19.703,-0.987653,0.269232,0.721785,41.6067,9.99,0.0,-0.3089999999999999,0.42,0.0,1
521,65.5046,20.0931,-0.782504,0.269823,0.714969,40.8849,10.01,0.0,-0.23399999999999987,0.42,0.0,1
522,65.6035,20.4784,-0.61406,0.269685,0.708234,40.3108,10.03,0.0,-0.1797288415340499,0.42,0.0,1
523,65.7046,20.8601,-0.493884,0.26903,0.701546,39.8343,10.05,0.0,-0.1437772135014343,0.42,0.0,1
524,65.8078,21.2399,-0.413098,0.268027,0.694867,39.4188,10.07,0.0,-0.11951962842294345,0.42,0.0,1
525,65.9131,21.6188,-0.356835,0.266769,0.688168,39.0444,10.09,0.0,-0.10263164820683873,0.42,0.0,1
526,66.0205,21.9974,-0.314851,0.265303,0.681445,38.7003,10.11,0.0,-0.09040598981021362,0.42,0.0,1
527,66.1298,22.3757,-0.285196,0.263679,0.67468,38.3767,10.13,0.0,-0.0811652911423143,0.42,0.0,1
528,66.2412,22.7538,-0.262937,0.261922,0.667872,38.0681,10.15,0.0,-0.07380857799519239,0.42,0.0,1
529,66.3547,23.1317,-0.244625,0.260045,0.661022,37.7717,10.17,0.0,-0.06766120191136411,0.42,0.0,1
530,66.4702,23.5096,-0.226915,0.258049,0.654128,37.4872,10.19,0.0,-0.062316149746795474,0.42,0.0,1
531,66.5878,23.8872,-0.21379,0.255949,0.647191,37.2113,10.21,0.0,-0.05754442306108032,0.42,0.0,1
532,66.7074,24.2647,-0.19927,0.253738,0.640223,36.945,10.23,0.0,-0.053141938906065014,0.42,0.0,1
533,66.8291,24.6418,-0.186403,0.251424,0.633226,36.6865,10.25,0.0,-0.04905081733948281,0.42,0.0,1
534,66.9529,25.0187,-0.173748,0.24901,0.6262,36.4352,10.27,0.0,-0.04519341402533775,0.42,0.0,1
535,67.0787,25.3951,-0.163522,0.246506,0.619145,36.189,10.29,0.0,-0.04153442302608797,0.42,0.0,1
536,67.2066,25.7714,-0.15122,0.243904,0.612068,35.9495,10.31,0.0,-0.03802074365421568,0.42,0.0,1
537,67.3366,26.1474,-0.140627,0.241208,0.604974,35.7153,10.33,0.0,-0.03467466551725856,0.42,0.0,1
538,67.4687,26.5232,-0.127768,0.238406,0.597881,35.4884,10.35,0.0,-0.03146416726543774,0.42,0.0,1
539,67.603,26.8988,-0.116561,0.235507,0.590781,35.2671,10.37,0.0,-0.028422745189514455,0.42,0.0,1
540,67.7393,27.2741,-0.10839,0.232526,0.583675,35.0491,10.39,0.0,-0.02551981544563109,0.42,0.0,1
541,67.8777,27.6492,-0.098442,0.229452,0.576571,34.8357,10.41,0.0,-0.022714285142102268,0.42,0.0,1
542,68.0249,28.024,-0.0876861,0.228604,0.569465,34.6279,10.43,0.0,-0.0200415616464617,0.42,0.0,1
543,68.1776,28.3985,-0.0764773,0.2289,0.562268,34.4254,10.45,0.0,-0.016963898414864103,0.42,0.0,1
544,68.3322,28.7728,-0.0622197,0.229135,0.554975,34.2301,10.47,0.0,-0.013348229170514678,0.42,0.0,1
545,68.489,29.1468,-0.0466723,0.229305,0.547604,34.0431,10.49,0.0,-0.009419921562851066,0.42,0.0,1
546,68.6477,29.5204,-0.030476,0.229406,0.540151,33.8645,10.51,0.0,-0.005315115425508339,0.42,0.0,1
547,68.8085,29.8937,-0.0138335,0.229437,0.532614,33.6943,10.53,0.0,-0.0011199934442364104,0.42,0.0,1
548,68.9713,30.2667,0.00316671,0.229396,0.525005,33.5329,10.55,0.0,0.003109055694563204,0.42,0.0,1
549,69.136,30.5637,0.020414,0.229287,0.517334,33.3798,10.57,0.0,0.0073315464982706725,0.32,0.0,1
550,69.3025,30.9825,0.0374173,0.229115,0.509587,33.2338,10.59,0.0,0.011455328991977352,0.5,0.0,1
551,69.4718,31.5568,0.0572733,0.228847,0.501747,33.0993,10.61,0.0,0.015606580350941115,0.6799999999999999,0.0,1
552,69.6447,32.271,0.074011,0.228455,0.493777,32.9792,10.63,0.0,0.019824603674599643,0.8599999999999999,0.0,1
553,69.8219,33.1072,0.086874,0.227937,0.48564,32.8727,10.65,0.0,0.024164706861904132,1.0,0.0,1
554,70.0038,34.0036,0.0994634,0.227275,0.477314,32.7821,10.67,0.0,0.0286416700720751,0.88,0.0,1
555,70.1907,34.9105,0.111567,0.226488,0.468808,32.7046,10.69,0.0,0.03316132932369306,0.88,0.0,1
556,70.3826,35.8272,0.125192,0.225568,0.460112,32.6413,10.71,0.0,0.03763477825540888,0.88,0.0,1
557,70.5795,36.7531,0.134985,0.2245,0.451245,32.5948,10.73,0.0,0.041984711474842715,0.88,0.0,1
558,70.7815,37.6865,0.139941,0.223265,0.442198,32.5678,10.75,0.0,0.04623081216356207,0.88,0.0,1
559,70.9887,38.6267,0.139783,0.221811,0.43298,32.5683,10.77,0.0,0.05060413713122067,0.88,0.0,1
560,71.2011,39.5754,0.128412,0.220097,0.423592,32.6026,10.79,0.0,0.05515080896297889,0.88,0.0,1
561,71.4186,40.5365,0.107152,0.21808,0.414025,32.6783,10.81,0.0,0.059631151936614675,0.88,0.0,1
562,71.6416,41.514,0.0721193,0.215725,0.404297,32.8021,10.83,0.0,0.0641546856454072,0.88,0.0,1
563,71.87,42.5115,0.0164359,0.213071,0.394397,32.9704,10.85,0.0,0.06429870786730431,0.88,0.0,1
564,72.1039,43.5311,-0.0502343,0.210133,0.384317,33.1827,10.87,0.0,0.06548498251693304,0.88,0.0,1
565,72.3435,44.5738,-0.126362,0.206871,0.374072,33.4489,10.89,0.0,0.0674482297325397,0.88,0.0,1
566,72.5889,45.6398,-0.213375,0.203219,0.363658,33.7835,10.91,0.0,0.0699693158700121,0.88,0.0,1
567,72.8402,46.7036,-0.312927,0.199123,0.353083,34.2016,10.93,0.0,0.07287721838823077,0.88,0.0,2
568,73.0973,47.7229,-0.414934,0.19458,0.342387,34.7132,10.95,0.0,0.07603594626348209,0.88,0.0,2
569,73.3599,48.7068,-0.494237,0.189671,0.331625,35.315,10.97,0.0,0.07928230040341194,0.88,0.0,2
570,73.6282,49.662,-0.51623,0.184645,0.320885,35.9724,10.99,0.0,0.0823793968303831,0.88,0.0,2
571,73.9018,50.6013,-0.509335,0.179577,0.31022,36.6776,11.01,0.0,0.08501320050979802,0.88,0.0,2
572,74.1808,51.5234,-0.474533,0.174528,0.299658,37.4232,11.03,0.0,0.08666023305914784,0.88,0.0,2
573,74.4651,52.4229,-0.406193,0.169633,0.289267,38.1845,11.05,0.0,0.08770255485647968,0.88,0.0,2
574,74.7546,53.2901,-0.302307,0.165046,0.279083,38.9258,11.07,0.0,0.08811682710665576,0.88,0.0,2
575,75.049,54.1164,-0.170824,0.160847,0.269137,39.6222,11.09,0.0,0.08791716686597961,0.88,0.0,2
576,75.3482,54.9081,-0.0337697,0.15689,0.259434,40.3027,11.11,0.0,0.08691212831885063,0.88,0.0,2
577,75.6519,55.693,0.0684585,0.153059,0.249955,40.9923,11.13,0.0,0.08511963870477324,0.88,0.0,2
578,75.9602,56.4796,0.135882,0.149399,0.240664,41.6767,11.15,0.0,0.08278970391823504,0.88,0.0,2
579,76.2731,57.2716,0.174248,0.145904,0.231527,42.3535,11.17,0.0,0.08015477757175364,0.88,0.0,2
580,76.5905,58.0721,0.191528,0.14255,0.222506,43.0254,11.19,0.0,0.07738934944646353,0.88,0.0,2
581,76.9125,58.8828,0.195614,0.139299,0.21357,43.7011,11.21,0.0,0.07461582878260016,0.88,0.0,2
582,77.2392,59.7054,0.186596,0.136128,0.204722,44.3865,11.23,0.0,0.0719066325302199,0.88,0.0,2
583,77.5705,60.5405,0.168663,0.133028,0.195937,45.0835,11.25,0.0,0.06928427506086193,0.88,0.0,2
584,77.9066,61.3887,0.146409,0.129964,0.187212,45.8035,11.27,0.0,0.06676074767420606,0.88,0.0,2
585,78.2477,62.3213,0.133805,0.127053,0.178535,46.5046,11.29,0.0,0.064351858891652,0.88,0.0,2
586,78.5942,63.2651,0.147071,0.124313,0.169924,47.1771,11.31,0.0,0.062031219710272534,0.88,0.0,2
587,78.9458,64.1574,0.164343,0.121714,0.161386,47.8275,11.33,0.0,0.05970870282212362,0.88,0.0,2
588,79.3023,65.0226,0.164389,0.119178,0.152929,48.4847,11.35,0.0,0.057432988671069246,0.88,0.0,2
589,79.6637,65.8845,0.154071,0.116546,0.144533,49.2134,11.37,0.0,0.059260062465005585,0.88,0.0,2
590,80.0301,66.7606,0.124349,0.113712,0.136211,50.068,11.39,0.0,0.06009618040318977,0.88,0.0,2
591,80.4015,67.6579,0.0741406,0.11066,0.127945,51.0684,11.41,0.0,0.06013165123172109,0.88,0.0,2
592,80.778,68.5795,0.00702253,0.107389,0.119737,52.2351,11.43,0.0,0.05991625859662053,0.88,0.0,2
593,81.1597,69.526,-0.0780035,0.103898,0.11158,53.5902,11.45,0.0,0.058965545981260484,0.88,0.0,2
594,81.5468,70.4928,-0.178209,0.100186,0.103486,55.164,11.47,0.0,0.05808248248703758,0.88,0.0,2
595,81.9393,71.474,-0.290952,0.0962458,0.0954668,56.9978,11.49,0.0,0.05694140926609129,0.88,0.0,2
596,82.3375,72.4682,-0.414124,0.0920704,0.0875355,59.1435,11.51,0.0,0.056030993903990974,0.88,0.0,2
597,82.7413,73.4732,-0.546546,0.087651,0.0796969,61.6697,11.53,0.0,0.055218729213736426,0.88,0.0,2
598,83.1508,74.4863,-0.68772,0.0829762,0.0719784,64.6697,11.55,0.0,0.054427652709812285,0.88,0.0,2
599,83.566,75.5043,-0.835665,0.0780143,0.064397,68.2873,11.57,0.0,0.053606182958863366,0.88,0.0,2
600,83.987,76.5226,-0.991943,0.0727426,0.0569823,72.7163,11.59,0.0,0.05219681554214979,0.88,0.0,2
601,84.4138,77.546,-1.15799,0.0670143,0.0497858,78.3842,11.61,0.0,0.05109766343415898,0.88,0.0,2
602,84.8464,78.5755,-1.34989,0.0608641,0.0428078,85.7198,11.63,0.0,0.050077933298105705,0.88,0.0,2
603,85.2849,79.607,-1.55789,0.0543631,0.0360958,95.3409,11.65,0.0,0.049104557152786124,0.88,0.0,2
604,85.7292,80.6372,-1.77668,0.0475455,0.029665,108.323,11.67,0.0,0.04787845912901663,0.88,0.0,2
605,86.1794,81.6633,-2.00711,0.0404475,0.0235467,126.562,11.69,0.0,0.046295974163691356,0.88,0.0,2
606,86.6354,82.6831,-2.24577,0.0330999,0.0177775,138.164,11.71,0.0,0.044413966292351004,0.88,0.0,2
607,87.0975,83.7751,-2.47098,0.0255713,0.0123901,142.121,11.73,0.0,0.04235546425739535,0.88,0.0,2
608,87.5659,84.9205,-2.65304,0.0180496,0.00745029,144.945,11.75,0.0,0.03987826755298908,0.88,0.0,2
609,88.0409,86.0415,-2.79752,0.0106391,0.00301113,147.171,11.77,0.0,0.036738564822643406,0.88,0.0,2
610,88.5219,87.008,-2.76432,0.00373381,-0.00083437,148.895,11.79,0.0,0.03288029000127184,0.88,0.0,3
611,89.006,87.1286,-2.17828,-0.000311255,-0.00372744,149.589,11.81,0.0,0.027466573161237764,1.0,0.0,3
612,89.4899,87.0694,-1.59367,-0.00234246,-0.00565052,149.665,11.83,0.0,0.018164072106689244,1.0,0.0,3
613,89.9747,87.5421,-1.22301,-0.00367522,-0.00688486,149.537,11.85,0.0,0.006690842299875202,1.0,0.0,3
614,90.4633,88.2956,-1.0349,-0.00478435,-0.00771561,149.341,11.87,0.0,-0.004731626776631451,0.88,0.0,3
615,90.9563,89.0805,-0.879298,-0.00525576,-0.00827827,148.966,11.89,0.0,-0.014849787338835602,0.88,0.0,3
616,91.4536,89.8676,-0.728308,-0.00494504,-0.00864992,148.377,11.91,0.0,-0.02363240109654274,0.88,0.0,3
617,91.9553,90.6501,-0.581063,-0.00391841,-0.00891113,147.591,11.93,0.0,-0.031170315812778952,0.88,0.0,3
618,92.4612,91.4254,-0.450348,-0.00230032,-0.00915117,146.636,11.95,0.0,-0.03757994204323252,0.88,0.0,3
619,92.9716,92.1945,-0.339154,-0.000213444,-0.00943775,145.538,11.97,0.0,-0.042893740054779195,0.88,0.0,3
620,93.4863,93.0112,-0.239965,0.0022735,-0.00982657,144.306,11.99,0.0,-0.04715255486972866,1.0,0.0,3
621,94.0056,93.8518,-0.145177,0.00511044,-0.0103974,142.942,12.01,0.0,-0.050459741712721835,0.88,0.0,3
622,94.5295,94.6543,-0.0677399,0.00818306,-0.0111918,141.468,12.03,0.0,-0.05295605175492485,0.88,0.0,3
623,95.0577,95.4444,-0.000680358,0.0114346,-0.0122498,139.888,12.05,0.0,-0.054691409233742085,0.88,0.0,3
624,95.5904,96.2371,0.0628322,0.014836,-0.0135935,138.195,12.07,0.0,-0.055767862978302586,0.88,0.0,3
625,96.1275,97.0744,0.10878,0.0182928,-0.015258,136.404,12.09,0.0,-0.05632842702301889,0.88,0.0,3
626,96.6692,97.8868,0.138067,0.0217112,-0.0172676,134.532,12.11,0.0,-0.056467733763089445,0.88,0.0,3
627,97.2154,98.6874,0.16388,0.0251338,-0.0196357,132.538,12.13,0.0,-0.056216110931667916,0.88,0.0,3
628,97.7659,99.4792,0.196715,0.0286278,-0.0223755,130.351,12.15,0.0,-0.05567220319027407,0.88,0.0,3
629,98.3208,100.273,0.240835,0.0322111,-0.0254804,127.876,12.17,0.0,-0.054956704763454337,0.88,0.0,3
630,98.88,101.071,0.289958,0.0358579,-0.0289707,124.933,12.19,0.0,-0.05410497726865173,0.88,0.0,3
631,99.4436,101.873,0.33816,0.0395347,-0.0328535,120.869,12.21,0.0,-0.053138364671647315,0.88,0.0,3
632,100.012,102.678,0.38095,0.0432078,-0.0371237,111.459,12.23,0.0,-0.05208132215696003,0.88,0.0,3
633,100.584,103.479,0.414989,0.0468454,-0.0418093,102.309,12.25,0.0,-0.05092962790777696,0.8692290606212788,0.0,3
634,101.161,104.258,0.4344,0.0504065,-0.0469352,94.578,12.27,0.0,-0.04965621458855345,0.8297115069372859,0.0,3
635,101.742,104.995,0.435257,0.0538117,-0.0524849,88.0824,12.29,0.0,-0.048205344176757196,0.7908916574352519,0.0,3
636,102.326,105.74,0.428428,0.0570716,-0.0584782,82.5308,12.31,0.0,-0.04654490754073203,0.8738036933813673,0.0,3
637,102.915,106.449,0.417894,0.0602384,-0.0649004,77.6636,12.33,0.0,-0.0447144798722696,0.7160334607647395,0.0,3
638,103.508,107.12,0.394011,0.0631967,-0.0717482,73.4904,12.35,0.0,-0.042713677880110684,0.7998562734085182,0.0,3
639,104.104,107.804,0.37888,0.0660182,-0.0790083,69.8036,12.37,0.0,-0.0402969940534945,0.7654287385492089,0.0,3
640,104.703,108.454,0.358355,0.068678,-0.0866815,66.5451,12.39,0.0,-0.03766204936900012,0.7302335733194054,0.0,3
641,105.307,109.064,0.334773,0.0711431,-0.0947305,63.6769,12.41,0.0,-0.034862474352631324,0.6966518398231009,0.0,3
642,105.913,109.635,0.308025,0.073393,-0.103145,61.1544,12.43,0.0,-0.03196094325531668,0.6650078700067544,0.0,3
643,106.52,109.17,0.278868,0.075377,-0.111848,58.9698,12.45,0.0,-0.02854241400948488,0.0,0.3,3
644,107.122,108.448,0.256855,0.0772262,-0.120745,56.9838,12.47,0.0,-0.0249793345400946,0.0,0.09999999999999998,3
645,107.722,108.268,0.241018,0.0789913,-0.129862,55.1354,12.49,0.0,-0.021425542263293545,0.18,0.0,3
646,108.322,108.416,0.218026,0.0804834,-0.139185,53.5355,12.51,0.0,-0.017786978293436364,0.36,0.0,3
647,108.923,108.759,0.20024,0.0817086,-0.148726,52.1501,12.53,0.0,-0.01440462914313745,0.54,0.0,3
648,109.527,109.267,0.184867,0.0826978,-0.158457,50.9386,12.55,0.0,-0.010767602453684463,0.6745534716883717,0.0,3
649,110.134,109.825,0.170675,0.0834373,-0.168357,49.8942,12.57,0.0,-0.006965971433387332,0.6481418626424882,0.0,3
650,110.741,109.374,0.150054,0.0838844,-0.178374,49.0312,12.59,0.0,-0.003104800583003502,0.0,0.3,3
651,111.344,108.65,0.132783,0.0841161,-0.188373,48.3014,12.61,0.0,0.0005097816585300889,0.0,0.09999999999999998,3
652,111.945,108.467,0.115917,0.0841287,-0.198371,47.6992,12.63,0.0,0.0038068270182574186,0.18,0.0,3
653,112.546,108.615,0.0930348,0.0839179,-0.208382,47.2217,12.65,0.0,0.006427448330863259,0.36,0.0,3
654,113.148,108.954,0.0742024,0.0835155,-0.218398,46.8483,12.67,0.0,0.00857576327879496,0.54,0.0,3
655,113.753,109.429,0.0497554,0.0829234,-0.228415,46.5773,12.69,0.0,0.010722836796963016,0.6583917172192661,0.0,3
656,114.358,108.999,0.0249231,0.0822526,-0.238413,46.3479,12.71,0.0,0.012465873767035892,0.0,0.3,3
657,114.959,108.281,0.0155573,0.0815411,-0.248259,46.1469,12.73,0.0,0.01376711734506018,0.0,0.09999999999999998,3
658,115.558,108.126,0.00565079,0.0807118,-0.258011,46.0153,12.75,0.0,0.014427624091506436,0.18,0.0,3
659,116.157,108.278,-0.00439637,0.0797948,-0.267644,45.9387,12.77,0.0,0.014626777788807194,0.36,0.0,3
660,116.758,108.626,-0.0209023,0.0788566,-0.277216,45.8766,12.79,0.0,0.014477230688118198,0.54,0.0,3
661,117.361,109.135,-0.035088,0.0779241,-0.286731,45.8133,12.81,0.0,0.014114462801706302,0.6696658475537851,0.0,3
662,117.967,109.689,-0.0454426,0.0770042,-0.29619,45.7446,12.83,0.0,0.013584459018872043,0.6432261426718724,0.0,3
663,118.574,109.209,-0.050906,0.0761916,-0.305564,45.6158,12.85,0.0,0.01291782220427109,0.0,0.3,3
664,119.177,108.507,-0.0559914,0.0754226,-0.314782,45.4683,12.87,0.0,0.012113717475964788,0.0,0.09999999999999998,3
665,119.777,108.351,-0.0632545,0.0746551,-0.323871,45.3256,12.89,0.0,0.011217119833060089,0.18,0.0,3
666,120.378,108.499,-0.0634595,0.0739822,-0.332883,45.1275,12.91,0.0,0.010288253221361916,0.36,0.0,3
667,120.98,108.846,-0.0620618,0.0733731,-0.341847,44.89,12.93,0.0,0.009327957574117765,0.54,0.0,3
668,121.584,109.341,-0.0620515,0.0728119,-0.35078,44.6214,12.95,0.0,0.00839263135807527,0.6523263581674341,0.0,3
669,122.189,108.911,-0.0624457,0.072336,-0.359645,44.3012,12.97,0.0,0.007494473678634888,0.0,0.3,3
670,122.79,108.185,-0.0579088,0.0719108,-0.368401,43.9533,12.99,0.0,0.0065975765338825865,0.0,0.09999999999999998,3
671,123.389,108.016,-0.0518693,0.071492,-0.377044,43.6053,13.01,0.0,0.005671265423777993,0.18,0.0,3
672,123.988,108.168,-0.0491234,0.0711007,-0.385651,43.2392,13.03,0.0,0.004744006520681665,0.36,0.0,3
673,124.589,108.522,-0.0470829,0.0707695,-0.39424,42.8338,13.05,0.0,0.0038576313400063966,0.54,0.0,3
674,125.191,109.035,-0.0448961,0.0705047,-0.40282,42.3855,13.07,0.0,0.003024130329920643,0.6633746646012098,0.0,3
675,125.797,109.589,-0.0387565,0.0702873,-0.41141,41.9048,13.09,0.0,0.0025862361686385506,0.6367245428329794,0.0,3
676,126.404,109.101,-0.0320751,0.0701535,-0.419975,41.3736,13.11,0.0,0.0021186999279909882,0.0,0.3,3
677,127.005,107.77,-0.0234247,0.0701196,-0.428454,40.7885,13.13,0.0,0.00160404046092543,0.0,0.6,3
678,127.597,106.276,-0.0154883,0.0701514,-0.436821,40.1732,13.15,0.0,0.001052947565554586,0.0,0.39999999999999997,3
679,128.183,105.129,-0.000182315,0.0702808,-0.445061,39.5127,13.17,0.0,0.0005800781185740565,0.0,0.19999999999999996,3
680,128.763,104.695,0.00483342,0.0703342,-0.453248,38.9002,13.19,0.0,0.00022568250810999196,0.18,0.0,3
681,129.344,104.854,0.00310691,0.0703381,-0.461441,38.3152,13.21,0.0,7.255235312868632e-05,0.36,0.0,3
682,129.926,105.215,0.00233249,0.0703469,-0.469638,37.7273,13.23,0.0,0.00014483255530418868,0.54,0.0,3
683,130.511,105.771,0.00239965,0.0703613,-0.477881,37.1333,13.25,0.0,0.00040197844779930067,0.72,0.0,3
684,131.098,106.328,0.000620378,0.0702972,-0.486158,36.578,13.27,0.0,0.000810424923923241,0.7939710609078289,0.0,3
685,131.69,106.989,-0.000745283,0.0702475,-0.49448,36.0109,13.29,0.0,0.0013367030362972142,0.6451678514433895,0.0,3
686,132.285,107.64,0.00090159,0.0701783,-0.502847,35.4498,13.31,0.0,0.0019801961543763217,0.7310539127841372,0.0,3
687,132.883,108.293,0.00240439,0.0700635,-0.511258,34.907,13.33,0.0,0.002736750114388145,0.6973566181444382,0.0,3
688,133.485,108.895,0.003351,0.0698929,-0.51969,34.3884,13.35,0.0,0.003691921854580083,0.6634945071601683,0.0,3
689,134.088,108.432,0.00474316,0.0696951,-0.528119,33.8807,13.37,0.0,0.0048141357095665815,0.0,0.3,3
690,134.686,107.719,0.0119883,0.0694873,-0.536451,33.3818,13.39,0.0,0.005994971806390274,0.0,0.09999999999999998,3
691,135.283,107.576,0.0166559,0.0691656,-0.544708,32.9395,13.41,0.0,0.007152832106727992,0.18,0.0,3
692,135.879,107.738,0.0135144,0.0687211,-0.552932,32.5533,13.43,0.0,0.008264419839254626,0.36,0.0,3
693,136.478,108.094,0.00697312,0.0681918,-0.561123,32.2046,13.45,0.0,0.009341946675408238,0.54,0.0,3
694,137.078,108.606,0.000566027,0.0675654,-0.569284,31.8982,13.47,0.0,0.01136509208238716,0.6674292807739568,0.0,3
695,137.682,109.164,-0.00680588,0.0668278,-0.577425,31.6402,13.49,0.0,0.012854277839777694,0.6407686060963604,0.0,3
696,138.289,109.711,-0.0157123,0.0660168,-0.585513,31.4153,13.51,0.0,0.013992958378185164,0.6427869829471723,0.0,3
697,138.896,109.253,-0.0227251,0.0652118,-0.593524,31.188,13.53,0.0,0.015060284910417124,0.0,0.3,3
698,139.5,108.537,-0.0199193,0.0644168,-0.601386,30.9616,13.55,0.0,0.016225830635864236,0.0,0.09999999999999998,3
699,140.101,108.382,-0.0177206,0.0634577,-0.609097,30.8209,13.57,0.0,0.017334916689852403,0.18,0.0,3
700,140.702,108.539,-0.0232531,0.0623575,-0.616706,30.7535,13.59,0.0,0.01849087814119843,0.36,0.0,3
701,141.303,107.95,-0.0361469,0.0611437,-0.624163,30.7531,13.61,0.0,0.019754848449573408,0.0,0.3,3
702,141.897,106.589,-0.0785297,0.0598335,-0.631434,30.8177,13.63,0.0,0.020939073617079612,0.0,0.6,3
703,142.484,105.118,-0.114827,0.0585327,-0.638507,30.8973,13.65,0.0,0.022041392300434566,0.0,0.31999999999999995,3
704,143.064,104.37,-0.111768,0.0569994,-0.645366,31.1254,13.67,0.0,0.022997179120163528,0.0,0.039999999999999925,3
705,143.643,104.371,-0.112174,0.0552343,-0.651998,31.5184,13.69,0.0,0.023678781175328775,0.25,0.0,3
706,144.222,104.666,-0.111633,0.053525,-0.658444,31.9214,13.71,0.0,0.024284902854321565,0.5,0.0,3
707,144.804,105.163,-0.110989,0.0518474,-0.66471,32.3488,13.73,0.0,0.025018351799247676,0.6457147479979304,0.0,3
708,145.387,104.711,-0.106825,0.0502588,-0.670798,32.7645,13.75,0.0,0.02594905577822896,0.0,0.3,3
709,145.965,103.43,-0.128065,0.0488092,-0.676651,33.1369,13.77,0.0,0.026826086272994692,0.0,0.6,3
710,146.534,101.833,-0.162172,0.0475388,-0.682318,33.4255,13.79,0.0,0.027637144112516457,0.0,0.62,3
711,147.093,99.953,-0.196336,0.0463513,-0.687774,33.6924,13.81,0.0,0.02769365057054205,0.0,0.7022378549187865,3
712,147.642,98.013,-0.230102,0.0452256,-0.693044,33.9477,13.83,0.0,0.02843445571400622,0.0,0.6419565615233935,3
713,148.18,96.0958,-0.255149,0.0441162,-0.698124,34.2248,13.85,0.0,0.02977130459170923,0.0,0.5765202934017998,3
714,148.708,94.2532,-0.268378,0.042991,-0.703024,34.55,13.87,0.0,0.031404868787729565,0.0,0.5098035915112908,3
715,149.225,92.5284,-0.263294,0.0418233,-0.707722,34.9522,13.89,0.0,0.033091845231702374,0.0,0.44429783558193764,3
716,149.734,90.9175,-0.217192,0.0405937,-0.712209,35.4574,13.91,0.0,0.034581470544124325,0.0,0.3820256207376535,3
717,150.234,89.5847,-0.139119,0.0392867,-0.716403,36.1025,13.93,0.0,0.035827651174740266,0.0,0.323108494383835,3
718,150.728,88.5467,-0.0704013,0.0376379,-0.72033,37.1615,13.95,0.0,0.03635796153508254,0.0,0.27399456173513503,3
719,151.217,87.7165,-0.0385065,0.0356841,-0.723982,38.6834,13.97,0.0,0.03644527826290102,0.0,0.2354147077932292,3
720,151.702,86.9936,-0.0277134,0.0335741,-0.727386,40.6066,13.99,0.0,0.03659504168379417,0.0,0.20412839571540348,3
721,152.183,86.354,-0.0267922,0.0313967,-0.730541,42.9189,14.01,0.0,0.03699170054722222,0.0,0.17639499098385322,3
722,152.661,85.7893,-0.0236689,0.02918,-0.733473,45.676,14.03,0.0,0.03762378862931623,0.0,0.15139721861925073,3
723,153.136,85.292,-0.0199999,0.0269371,-0.736172,48.9771,14.05,0.0,0.038277469210959134,0.0,0.12889471105118572,3
724,153.608,84.8563,-0.0109258,0.024663,-0.738639,52.9918,14.07,0.0,0.03876444555976481,0.0,0.10866530080846869,3
725,154.078,84.5011,-0.00135992,0.0223672,-0.740872,57.9308,14.09,0.0,0.039014963327232074,0.0,0.09053895082763411,2
726,154.547,84.3695,0.0123949,0.0200759,-0.742857,63.9023,14.11,0.0,0.03907357333601929,0.25,0.0,2
727,155.016,84.321,0.0227552,0.0178182,-0.744621,65.9467,14.13,0.0,0.03823675664239276,0.271288429003006,0.0,2
728,155.484,84.4818,0.0382883,0.0156993,-0.746166,66.885,14.15,0.0,0.03754581782223863,0.2771575134411228,0.0,2
729,155.954,84.6932,0.0575178,0.0137645,-0.747502,67.4506,14.17,0.0,0.03689416671395858,0.27343187637548555,0.0,2
730,156.425,84.8959,0.0753504,0.0119498,-0.748649,67.8264,14.19,0.0,0.036107208702644465,0.26789352522631504,0.0,2
731,156.898,85.0896,0.092915,0.0101672,-0.749601,68.1055,14.21,0.0,0.03513594718238852,0.26333012729974625,0.0,2
732,157.37,84.9257,0.0971769,0.0083763,-0.750375,68.3271,14.23,0.0,0.03403610070579393,0.0,0.07721160879991264,3
733,157.841,84.8091,0.0888314,0.0065102,-0.751003,68.5269,14.25,0.0,0.03301339367603989,0.25,0.0,2
734,158.312,84.7623,0.0758271,0.00463456,-0.751434,68.6883,14.27,0.0,0.03215370097581179,0.28,0.0,2
735,158.783,84.7091,0.0638133,0.00279862,-0.751727,68.8013,14.29,0.0,0.03142960517665267,0.28,0.0,2
736,159.254,84.6537,0.0567282,0.000991642,-0.751833,68.8772,14.31,0.0,0.030746155011490077,0.28,0.0,2
737,159.724,84.6105,0.0594246,-0.000742435,-0.751799,68.9079,14.33,0.0,0.02991718272703748,0.28,0.0,2
738,160.195,84.9242,0.0624027,-0.00232828,-0.75159,68.8777,14.35,0.0,0.028875861065733078,0.43330138760893167,0.0,2
739,160.668,85.3394,0.0653904,-0.00378782,-0.751237,68.7965,14.37,0.0,0.02768895005347227,0.4203074404268618,0.0,2
740,161.142,85.4406,0.0660569,-0.00516242,-0.750728,68.6799,14.39,0.0,0.026418196415321848,0.40154274935080764,0.0,3
741,161.617,85.3837,0.0606879,-0.00653887,-0.750092,68.5539,14.41,0.0,0.025147382338833943,0.3979505358032979,0.0,3
742,162.091,85.3369,0.0518749,-0.00790983,-0.749354,68.417,14.43,0.0,0.023946208574888488,0.40186682615923874,0.0,3
743,162.566,85.5247,0.0449404,-0.00920415,-0.7485,68.2527,14.45,0.0,0.02280164961955774,0.40497658741965653,0.0,3
744,163.042,85.7814,0.0431433,-0.0103963,-0.747519,68.056,14.47,0.0,0.021665795487420873,0.39612038662537463,0.0,3
745,163.519,86.0274,0.0406487,-0.0114893,-0.74643,67.8292,14.49,0.0,0.02048479962129983,0.3836122823515885,0.0,3
746,163.997,86.2614,0.0407277,-0.0124962,-0.745247,67.5768,14.51,0.0,0.01930125095801802,0.37140739932557865,0.0,3
747,164.477,86.4849,0.0411038,-0.0134379,-0.743958,67.3047,14.53,0.0,0.018101529998899066,0.35962707610829114,0.0,3
748,164.958,86.6975,0.0410203,-0.0143228,-0.742577,67.0156,14.55,0.0,0.01689778185734388,0.34823872732672057,0.0,3
749,165.441,86.8996,0.0402983,-0.0151554,-0.741115,66.711,14.57,0.0,0.01570686979231791,0.3372948999786536,0.0,3
750,165.924,87.0922,0.0389221,-0.0159389,-0.739579,66.3922,14.59,0.0,0.014543214803996788,0.32680001790113866,0.0,3
751,166.408,87.2756,0.034155,-0.0166538,-0.737965,66.0558,14.61,0.0,0.013416802957260549,0.3167247451065761,0.0,3
752,166.894,87.4498,0.0321108,-0.01731,-0.736282,65.7043,14.63,0.0,0.012371247489006126,0.30706814864485554,0.0,3
753,167.38,87.6156,0.0294638,-0.0179158,-0.734537,65.34,14.65,0.0,0.011354760845836639,0.29784034529156345,0.0,3
754,167.867,87.7727,0.0265185,-0.0184682,-0.732736,64.9625,14.67,0.0,0.010378188380141016,0.2890095092014795,0.0,3
755,168.355,87.9219,0.0235048,-0.0189667,-0.730881,64.5724,14.69,0.0,0.009446592275628291,0.2805966018807516,0.0,3
756,168.844,88.0635,0.0234225,-0.0194339,-0.72898,64.1742,14.71,0.0,0.00856986763034001,0.27256544825303364,0.0,3
757,169.333,88.1979,0.0210088,-0.0198693,-0.727033,63.768,14.73,0.0,0.007707618585134808,0.26490331390047417,0.0,3
758,169.823,87.9902,0.0183867,-0.0202645,-0.725058,63.3533,14.75,0.0,0.006893700490827844,0.0,0.07877428574485854,3
759,170.311,87.985,0.0139353,-0.020632,-0.723035,62.9337,14.77,0.0,0.006140376687735526,0.25,0.0,3
760,170.8,88.1137,0.0110344,-0.0209311,-0.72099,62.5,14.79,0.0,0.005450220653152201,0.2671034117119915,0.0,3
761,171.29,88.2423,0.0112798,-0.0211976,-0.718913,62.0591,14.81,0.0,0.004800305371766739,0.2600903462397055,0.0,3
762,171.78,88.0293,0.00921541,-0.0214273,-0.716822,61.611,14.83,0.0,0.004178963828752599,0.0,0.08225095728629785,3
763,172.267,87.503,0.00951208,-0.0216231,-0.714707,61.1588,14.85,0.0,0.0036353873855198685,0.0,0.1715229472487711,3
764,172.752,86.931,0.00770116,-0.0217869,-0.712593,60.7037,14.87,0.0,0.003130423517730814,0.0,0.15166988222387964,3
765,173.233,86.4245,0.00851074,-0.021928,-0.710476,60.2474,14.89,0.0,0.002689095269271282,0.0,0.13003139352496781,3
766,173.712,85.9791,0.00683627,-0.022039,-0.708368,59.7881,14.91,0.0,0.002265193645210532,0.0,0.1108942616195224,3
767,174.188,85.5872,0.0078028,-0.0221242,-0.706253,59.3265,14.93,0.0,0.0018939405706292932,0.0,0.09409689250846917,3
768,174.662,85.2423,0.00927599,-0.0222003,-0.704141,58.8653,14.95,0.0,0.0015336977066916723,0.0,0.07935210628333614,3
769,175.135,85.23,0.00681542,-0.0222607,-0.702028,58.4025,14.97,0.0,0.0012138983321100345,0.25,0.0,3
770,175.609,85.3661,0.00556943,-0.0223143,-0.699909,57.9377,14.99,0.0,0.0009923222117953223,0.27382649873158427,0.0,3
771,176.084,85.5033,0.00491723,-0.0223651,-0.697784,57.4716,15.01,0.0,0.000827496884947315,0.26653798083322744,0.0,3
772,176.558,85.3038,0.0050982,-0.0224038,-0.695661,57.0034,15.03,0.0,0.0006972431675227848,0.0,0.07756212106918471,3
773,177.032,85.2933,0.0059193,-0.0224355,-0.693533,56.535,15.05,0.0,0.000582050873982842,0.25,0.0,3
774,177.506,85.4239,0.00271224,-0.0224584,-0.691399,56.0646,15.07,0.0,0.00047596826923842887,0.26865965536363623,0.0,3
775,177.981,85.5546,0.00447659,-0.0224863,-0.689259,55.5942,15.09,0.0,0.0005879323643323273,0.2616021617595726,0.0,3
776,178.456,85.3464,0.00530941,-0.0225187,-0.687116,55.1246,15.11,0.0,0.0009936377916897065,0.0,0.08244123958964494,3
777,178.929,85.0073,0.00992006,-0.0225584,-0.684969,54.658,15.13,0.0,0.0015604209223148628,0.0,0.08092570893976286,3
778,179.4,84.6766,0.0119756,-0.0226166,-0.682826,54.1961,15.15,0.0,0.0022591468542809243,0.0,0.07773042131915876,3
779,179.869,84.3763,0.0154619,-0.0227129,-0.680689,53.7418,15.17,0.0,0.0029682567315306493,0.0,0.0774002063971328,2
780,180.337,84.0893,0.0173134,-0.0228808,-0.678531,53.3002,15.19,0.0,0.0036615466337766795,0.0,0.08020474134619185,2
781,180.803,83.765,0.0153056,-0.0230938,-0.67637,52.8668,15.21,0.0,0.0043470327218407614,0.0,0.08502784370452988,2
782,181.267,83.3369,0.011798,-0.0234019,-0.6742,52.4496,15.23,0.0,0.0050280339238654706,0.0,0.08980518488283178,2
783,181.728,82.9011,0.0073899,-0.0237989,-0.67201,52.0476,15.25,0.0,0.0057437804006308475,0.0,0.09156627292581732,2
784,182.188,82.4613,0.00104212,-0.0242409,-0.669804,51.654,15.27,0.0,0.006381010654303729,0.0,0.09371826434180044,2
785,182.644,82.0181,-0.00123101,-0.0247198,-0.667567,51.2674,15.29,0.0,0.006978991693465177,0.0,0.09621735840230354,2
786,183.098,81.5693,-0.00451355,-0.0252241,-0.665306,50.8862,15.31,0.0,0.0074888548629321525,0.0,0.09890762410956509,2
787,183.55,81.1142,-0.00409538,-0.0257573,-0.663012,50.5107,15.33,0.0,0.007945393766250442,0.0,0.10158971823360528,2
788,183.999,80.6549,-0.00525379,-0.0263121,-0.660681,50.14,15.35,0.0,0.008312224923695634,0.0,0.10414807572705233,2
789,184.445,80.1922,-0.00325058,-0.0268936,-0.658311,49.7747,15.37,0.0,0.008612846290503552,0.0,0.10622711198649608,2
790,184.891,80.2029,0.0163773,-0.027555,-0.655887,49.4211,15.39,0.0,0.014269033114053,0.25,0.0,2
791,185.337,80.4198,0.0399536,-0.0283296,-0.653364,49.0812,15.41,0.0,0.017541593022450435,0.28,0.0,2
792,185.784,80.6493,0.0536788,-0.029188,-0.650741,48.7504,15.43,0.0,0.019186757126916518,0.28,0.0,2
793,186.232,80.8772,0.064022,-0.0300809,-0.648019,48.4216,15.45,0.0,0.01978905261334199,0.28,0.0,2
794,186.682,81.1032,0.0684581,-0.0309778,-0.645206,48.0907,15.47,0.0,0.019705852488042044,0.28,0.0,2
795,187.133,81.3274,0.0682879,-0.0318425,-0.642306,47.7528,15.49,0.0,0.01919861017170682,0.28,0.0,2
796,187.585,81.5501,0.0663679,-0.032672,-0.639321,47.4077,15.51,0.0,0.018421183281189853,0.28,0.0,2
797,188.039,81.7721,0.0634926,-0.0334735,-0.636255,47.0565,15.53,0.0,0.017465155782937638,0.28,0.0,2
798,188.494,81.9945,0.0599831,-0.0342491,-0.633106,46.6995,15.55,0.0,0.0163935831327326,0.28,0.0,2
799,188.949,82.2169,0.0560899,-0.0349933,-0.629885,46.3362,15.57,0.0,0.015243295436984158,0.28,0.0,2
800,189.407,82.4344,0.0513841,-0.0356994,-0.626594,45.9658,15.59,0.0,0.014036862896955944,0.28,0.0,2
801,189.865,82.6544,0.0449825,-0.0363755,-0.623239,45.5895,15.61,0.0,0.012791660172818681,0.28,0.0,2
802,190.325,82.878,0.0397981,-0.0370082,-0.619819,45.2057,15.63,0.0,0.011518872292141623,0.28,0.0,2
803,190.785,83.0995,0.0329673,-0.0375658,-0.616347,44.8108,15.65,0.0,0.010208724242544494,0.28,0.0,2
804,191.247,83.3202,0.029157,-0.0380492,-0.612814,44.4052,15.67,0.0,0.008881572725404475,0.28,0.0,2
805,191.711,83.5399,0.0263246,-0.0384743,-0.609239,43.991,15.69,0.0,0.0075171387366286015,0.28,0.0,2
806,192.175,83.7584,0.0206732,-0.0388264,-0.605618,43.5666,15.71,0.0,0.006109511077990683,0.28,0.0,2
807,192.641,83.9757,0.0170315,-0.0391099,-0.60197,43.1328,15.73,0.0,0.004680660868488268,0.28,0.0,2
808,193.108,84.192,0.0108337,-0.0393195,-0.598283,42.6892,15.75,0.0,0.003213756337793046,0.28,0.0,2
809,193.576,84.4073,0.00677872,-0.0394607,-0.594591,42.2364,15.77,0.0,0.0017682402024241494,0.28,0.0,2
810,194.045,84.6219,0.000359145,-0.0395275,-0.590877,41.7741,15.79,0.0,0.0004406254462562603,0.28,0.0,2
811,194.515,84.836,-0.00369951,-0.0395251,-0.587156,41.3031,15.81,0.0,-0.0007242092824090141,0.28,0.0,2
812,194.987,85.0496,-0.00705235,-0.0394682,-0.583435,40.825,15.83,0.0,-0.0017411292571688436,0.28,0.0,2
813,195.459,85.0876,-0.0101991,-0.0393587,-0.579717,40.3406,15.85,0.0,-0.0026229397788895435,0.28,0.0,3
814,195.931,85.0316,-0.00987593,-0.0392119,-0.576024,39.8526,15.87,0.0,-0.003398630034284338,0.28,0.0,3
815,196.403,84.9857,-0.0116026,-0.0390295,-0.572329,39.3616,15.89,0.0,-0.0041140364851058675,0.28,0.0,3
816,196.875,84.9682,-0.0134625,-0.0388108,-0.568699,38.8669,15.91,0.0,-0.004761757344378686,0.28,0.0,2
817,197.346,84.9134,-0.0125572,-0.0385591,-0.565059,38.3696,15.93,0.0,-0.005341438832011235,0.28,0.0,2
818,197.818,84.8632,-0.0140263,-0.038273,-0.561454,37.8694,15.95,0.0,-0.005886169367233629,0.28,0.0,2
819,198.289,85.0049,-0.0143728,-0.0379726,-0.557877,37.368,15.97,0.0,-0.006377709867921616,0.28,0.0,2
820,198.761,85.0487,-0.0178634,-0.0376467,-0.554336,36.8636,15.99,0.0,-0.006812049481515904,0.28,0.0,3
821,199.28,84.99,-0.0178156,-0.0372397,-0.550458,36.305,16.012,0.0,-0.007181055864835872,0.28,0.0,3
822,199.799,84.9407,-0.0169654,-0.0367801,-0.546645,35.7422,16.034,0.0,-0.007541053842582962,0.28,0.0,2
823,200.318,84.8838,-0.0140196,-0.0362801,-0.542864,35.1766,16.056,0.0,-0.00787783835327904,0.28,0.0,2
824,200.836,84.827,-0.0122645,-0.0357707,-0.539149,34.6112,16.078,0.0,-0.008198390853888219,0.28,0.0,2
825,201.354,84.9895,-0.0129962,-0.0352872,-0.535472,34.0487,16.1,0.0,-0.008491143922803684,0.28,0.0,2
826,201.874,85.2308,-0.0191579,-0.0348113,-0.531842,33.4859,16.122,0.0,-0.008724950202612082,0.28,0.0,2
827,202.395,85.2657,-0.0226255,-0.0343173,-0.528268,32.9211,16.144,0.0,-0.00886354458791537,0.28,0.0,3
828,202.916,85.2074,-0.0229081,-0.0337913,-0.524732,32.3546,16.166,0.0,-0.0089624749473785,0.28,0.0,3
829,203.436,85.1721,-0.0222122,-0.0332561,-0.521286,31.7882,16.188,0.0,-0.009055169806219319,0.28,0.0,3
830,203.956,85.2915,-0.0229629,-0.0327448,-0.517879,31.2243,16.21,0.0,-0.009138430772563683,0.28,0.0,3
831,204.478,85.4564,-0.0243326,-0.0322488,-0.514519,30.6614,16.232,0.0,-0.009189263967044623,0.28,0.0,3
832,205.0,85.6212,-0.0254939,-0.0317582,-0.511208,30.0985,16.254,0.0,-0.009203845505499585,0.28,0.0,3
833,205.524,85.7859,-0.0262756,-0.0312703,-0.507937,29.5356,16.276,0.0,-0.009187769794708405,0.28,0.0,3
834,206.048,85.9506,-0.0267546,-0.0307838,-0.504706,28.9725,16.298,0.0,-0.0091470115161366,0.28,0.0,3
835,206.574,86.1159,-0.0258572,-0.0303017,-0.501524,28.4094,16.32,0.0,-0.009085682907259777,0.28,0.0,3
836,207.101,86.2813,-0.0240752,-0.0298456,-0.498379,27.8479,16.342,0.0,-0.009000505528644068,0.28,0.0,3
837,207.628,86.4476,-0.0236572,-0.0294006,-0.495281,27.2869,16.364,0.0,-0.008906007792796147,0.28,0.0,3
838,208.157,86.615,-0.0243524,-0.0289493,-0.492222,26.725,16.386,0.0,-0.008793366613689539,0.28,0.0,3
839,208.687,86.7835,-0.0254254,-0.028481,-0.489203,26.1616,16.408,0.0,-0.00865396041931281,0.28,0.0,3
840,209.217,86.9529,-0.0231599,-0.0280219,-0.486233,25.5984,16.43,0.0,-0.008483753808752366,0.28,0.0,3
841,209.749,87.103,-0.0180458,-0.0275496,-0.483302,25.0341,16.452,0.0,-0.008295908433469308,0.28,0.0,3
842,210.282,87.2841,-0.0139208,-0.0270643,-0.480411,24.4687,16.474,0.0,-0.00807916459381502,0.28,0.0,3
843,210.815,87.4593,-0.0135334,-0.0265921,-0.477558,23.9038,16.496,0.0,-0.007818303436158632,0.28,0.0,3
844,211.35,87.6331,-0.0151721,-0.0261344,-0.474751,23.3394,16.518,0.0,-0.007501104626928985,0.28,0.0,3
845,211.886,87.8056,-0.0146762,-0.0257141,-0.471987,22.777,16.54,0.0,-0.007129662931026729,0.28,0.0,3
846,212.423,87.9768,-0.0166602,-0.0253235,-0.469264,22.2159,16.562,0.0,-0.006739866850174439,0.28,0.0,3
847,212.961,88.1469,-0.0154955,-0.0249663,-0.466579,21.6563,16.584,0.0,-0.006268755941278865,0.28,0.0,3
848,213.5,88.3163,-0.0161282,-0.0246322,-0.46392,21.0976,16.606,0.0,-0.005720126363186688,0.28,0.0,3
849,214.04,88.4852,-0.0134711,-0.0243266,-0.461294,20.5399,16.628,0.0,-0.005104107512385161,0.28,0.0,3
850,214.582,88.6546,-0.00989862,-0.0240674,-0.458689,19.9842,16.65,0.0,-0.004457579965648599,0.28,0.0,3
851,215.124,88.8246,-0.00933008,-0.0238349,-0.456096,19.4294,16.672,0.0,-0.003795054646086614,0.28,0.0,3
852,215.667,88.9948,-0.00637412,-0.0236344,-0.45352,18.8755,16.694,0.0,-0.0029823279738520557,0.28,0.0,3
853,216.211,89.1653,-0.00306155,-0.0234836,-0.450959,18.3235,16.716,0.0,-0.0017211022238405166,0.28,0.0,3
854,216.757,89.336,0.00305703,-0.0234119,-0.4484,17.7745,16.738,0.0,-0.00014497372057586922,0.28,0.0,3
855,217.303,89.5069,0.00914242,-0.023439,-0.445836,17.2294,16.76,0.0,0.0016198774171880133,0.28,0.0,3
856,217.85,89.6783,0.0121953,-0.0235465,-0.443256,16.6869,16.782,0.0,0.0034936283782842185,0.28,0.0,3
857,218.374,89.8501,0.0176111,-0.0125198,-0.441166,16.1472,16.804,0.0,0.005444489031274358,0.28,0.0,3
858,218.895,90.0224,0.0356079,0.000100553,-0.440459,15.6152,16.826,0.0,0.010571290067016655,0.28,0.0,3
859,219.417,90.1871,0.0570878,0.012409,-0.441084,15.0961,16.848,0.0,0.01839583936690345,0.28,0.0,3
860,219.94,90.3609,0.0824905,0.0242357,-0.443021,14.5953,16.87,0.0,0.028117975806150938,0.28,0.0,3
861,220.463,90.5352,0.110847,0.0354959,-0.446216,14.1148,16.892,0.0,0.0391276957170068,0.28,0.0,3
862,220.987,90.7073,0.142054,0.0461413,-0.450584,13.6552,16.914,0.0,0.050971497096485324,0.28,0.0,3
863,221.51,90.0161,0.117493,0.0563286,-0.456104,13.2089,16.936,0.0,0.05286110238571774,0.0,0.3,3
864,222.025,88.6297,0.0465459,0.0661647,-0.462704,12.7713,16.958,0.0,0.05796305207046268,0.0,0.5381460297628394,3
865,222.53,87.0104,-0.0263399,0.0758101,-0.470306,12.3371,16.98,0.0,0.06564771964649578,0.0,0.4953719305613858,3
866,223.025,85.3754,-0.0670422,0.0850635,-0.478856,11.9126,17.002,0.0,0.07503677621321986,0.0,0.4393956220209286,3
867,223.51,83.6436,-0.113451,0.093639,-0.488176,11.5081,17.024,0.0,0.08875452534250317,0.0,0.62,3
868,223.984,81.8044,-0.194137,0.101721,-0.498238,11.1162,17.046,0.0,0.1005692282553349,0.0,0.62,2
869,224.445,79.9228,-0.26566,0.10956,-0.508951,10.7294,17.068,0.0,0.11170372598043331,0.0,0.62,2
870,224.895,78.0165,-0.317505,0.117329,-0.520235,10.3431,17.09,0.0,0.12239722328564158,0.0,0.62,2
871,225.333,76.1655,-0.328363,0.124976,-0.532027,9.95948,17.112,0.0,0.13266517196125022,0.0,0.42,2
872,225.76,74.4997,-0.252304,0.132285,-0.544204,9.58573,17.134,0.0,0.14217508982234356,0.0,0.35,2
873,226.177,73.0031,-0.117629,0.138654,-0.556611,9.23865,17.156,0.0,0.1500477657980568,0.0,0.35,2
874,226.586,71.633,0.0074353,0.143505,-0.569115,8.93252,17.178,0.0,0.1558689771697589,0.0,0.35,2
875,226.986,70.3394,0.0879305,0.147019,-0.58163,8.66096,17.2,0.0,0.1600542540126595,0.0,0.35,2
876,227.378,69.0811,0.158449,0.149871,-0.594096,8.40641,17.222,0.0,0.1633843106390804,0.0,0.35,2
877,227.762,67.8448,0.216304,0.152398,-0.606479,8.16047,17.244,0.0,0.16623022581335284,0.0,0.35,2
878,228.139,66.6147,0.259962,0.154629,-0.618772,7.92214,17.266,0.0,0.16902696324905922,0.0,0.35,2
879,228.509,65.3836,0.291814,0.15649,-0.630951,7.69307,17.288,0.0,0.1721816231566154,0.0,0.35,2
880,228.871,64.1548,0.321849,0.157925,-0.642988,7.47456,17.31,0.0,0.17598859672913783,0.0,0.35,2
881,229.226,62.9331,0.352713,0.158943,-0.654854,7.26635,17.332,0.0,0.17989328456945472,0.0,0.35,2
882,229.573,61.7201,0.385993,0.15962,-0.666502,7.06717,17.354,0.0,0.1837578986526815,0.0,0.35,2
883,229.913,60.5148,0.420556,0.16005,-0.677919,6.87492,17.376,0.0,0.18748710428009557,0.0,0.35,2
884,230.246,59.3166,0.469303,0.160231,-0.689074,6.68999,17.398,0.0,0.1958107995726947,0.0,0.35,2
885,230.572,58.1235,0.526799,0.160099,-0.699931,6.51418,17.42,0.0,0.2070707136913328,0.0,0.35,2
886,230.892,56.9347,0.589961,0.159604,-0.710461,6.34883,17.442,0.0,0.22022292987996708,0.0,0.35,2
887,231.204,55.7493,0.657246,0.158702,-0.720631,6.19533,17.464,0.0,0.23460292283158662,0.0,0.35,2
888,231.509,54.5661,0.724849,0.15737,-0.730421,6.05436,17.486,0.0,0.24977910145041843,0.0,0.35,2
889,231.808,53.3819,0.794578,0.155593,-0.739802,5.92675,17.508,0.0,0.2655090245913668,0.0,0.35,2
890,232.1,52.188,0.872678,0.153301,-0.748734,5.81466,17.53,0.0,0.28160943412149253,0.0,0.35,2
891,232.385,51.0018,0.957717,0.150435,-0.757183,5.72017,17.552,0.0,0.2978710863605334,0.0,0.35,2
892,232.664,49.8248,1.03358,0.147055,-0.765126,5.64287,17.574,0.0,0.3134776107023043,0.0,0.35,2
893,232.936,48.6531,1.10121,0.143298,-0.772552,5.58068,17.596,0.0,0.3268573414494364,0.0,0.35,2
894,233.202,47.4858,1.15907,0.139286,-0.779471,5.53153,17.618,0.0,0.33768459869254286,0.0,0.35,2
895,233.461,46.3218,1.20718,0.135136,-0.785892,5.49345,17.64,0.0,0.3462128970952475,0.0,0.35,2
896,233.714,45.159,1.24914,0.130913,-0.791834,5.4652,17.662,0.0,0.3529121883438656,0.0,0.35,2
897,233.96,43.9953,1.28539,0.126658,-0.797309,5.44623,17.684,0.0,0.3582270262487074,0.0,0.35,2
898,234.2,42.8353,1.32024,0.12238,-0.802333,5.43651,17.706,0.0,0.3625555994051217,0.0,0.35,1
899,234.434,41.6762,1.35134,0.118092,-0.806918,5.43602,17.728,0.0,0.36616521604478136,0.0,0.35,1
900,234.661,40.5,1.37799,0.113852,-0.811087,5.4434,17.75,0.0,0.3644228407267743,0.0,0.35,1
901,234.882,39.3213,1.39939,0.109726,-0.814854,5.45721,17.772,0.0,0.36103819125853265,0.0,0.35,1
902,235.096,38.1525,1.4063,0.105692,-0.818249,5.47764,17.794,0.0,0.35777992975286743,0.0,0.35,1
903,235.303,36.9924,1.40091,0.101755,-0.821308,5.50398,17.816,0.0,0.35548649996082193,0.0,0.35,1
904,235.505,35.8959,1.37661,0.0979117,-0.824063,5.53584,17.838,0.0,0.3544335732047954,0.0,0.35,1
905,235.7,34.8868,1.3099,0.0942625,-0.826592,5.56907,17.86,0.0,0.35464723016506705,0.0,0.35,1
906,235.89,33.8761,1.25271,0.0910257,-0.828934,5.59716,17.882,0.0,0.3563278783219911,0.0,0.35,1
907,236.075,32.8661,1.20536,0.0881164,-0.831097,5.62171,17.904,0.0,0.3591114943167084,0.0,0.35,1
908,236.253,31.8555,1.16525,0.0854497,-0.833089,5.64454,17.926,0.0,0.3626934791975983,0.0,0.35,1
909,236.427,30.8424,1.13027,0.0829668,-0.834921,5.66689,17.948,0.0,0.3668639440425069,0.0,0.35,1
910,236.594,29.8248,1.09974,0.0806251,-0.836601,5.68953,17.97,0.0,0.37148919572524747,0.0,0.35,1
911,236.756,28.8045,1.07588,0.0783711,-0.838129,5.71398,17.992,0.0,0.37647704460721687,0.0,0.35,1
912,236.912,27.781,1.06018,0.0761403,-0.839503,5.74203,18.014,0.0,0.3817209222007013,0.0,0.35,1
913,237.063,26.755,1.05167,0.0738899,-0.840718,5.77509,18.036,0.0,0.38711596714166563,0.0,0.35,1
914,237.208,25.7277,1.04986,0.0715831,-0.841773,5.81438,18.058,0.0,0.39259376389210365,0.0,0.35,1
915,237.347,24.7001,1.05205,0.0691997,-0.842662,5.86079,18.08,0.0,0.3981055634291397,0.0,0.35,1
916,237.481,23.6733,1.05642,0.0667305,-0.84339,5.91468,18.102,0.0,0.40364749811812783,0.0,0.35,1
917,237.608,22.6481,1.05932,0.0641841,-0.843954,5.976,18.124,0.0,0.4092399142774772,0.0,0.35,1
918,237.731,21.6249,1.05907,0.0615737,-0.844369,6.04429,18.146,0.0,0.41495822408182137,0.0,0.35,1
919,237.847,20.6038,1.0538,0.0589236,-0.844633,6.11889,18.168,0.0,0.4208815719176241,0.0,0.35,1
920,237.958,19.5845,1.04269,0.0562542,-0.844769,6.19884,18.19,0.0,0.4270865536551752,0.0,0.35,1
921,238.064,18.5669,1.02642,0.0535857,-0.844786,6.28322,18.212,0.0,0.4336516553296253,0.0,0.35,1
922,238.163,17.5509,1.00487,0.0509349,-0.844705,6.37106,18.234,0.0,0.44063548829710464,0.0,0.35,1
923,238.259,17.0717,1.06074,0.0483565,-0.844497,6.46129,18.256,0.0,0.4386440900144385,0.0,0.06999999999999995,1
924,238.353,16.8703,1.05955,0.0458966,-0.844176,6.55193,18.278,0.0,0.4277784984536751,0.06,0.0,1
925,238.447,17.052,1.05722,0.0437941,-0.843826,6.63242,18.3,0.0,0.41071886979332345,0.28,0.0,1
926,238.542,17.3118,1.02259,0.041909,-0.843463,6.70673,18.322,0.0,0.3885354682842919,0.28,0.0,1
927,238.638,17.5738,0.965598,0.0403164,-0.843137,6.77058,18.344,0.0,0.36327306165962037,0.28,0.0,1
928,238.737,17.8357,0.905955,0.0390135,-0.842869,6.82334,18.366,0.0,0.33641331626277876,0.28,0.0,1
929,238.836,18.0974,0.852696,0.0379749,-0.842651,6.86574,18.388,0.0,0.31106448124512365,0.28,0.0,1
930,238.937,18.3558,0.837995,0.0370322,-0.842463,6.90419,18.41,0.0,0.30390622152065766,0.28,0.0,1
931,239.039,18.6121,0.87292,0.0359783,-0.842251,6.94752,18.432,0.0,0.3081591133190696,0.28,0.0,1
932,239.143,18.8701,0.921077,0.0347071,-0.841961,7.00094,18.454,0.0,0.31916010506147335,0.28,0.0,1
933,239.248,19.132,0.93106,0.0334319,-0.841627,7.05602,18.476,0.0,0.31540999923341245,0.28,0.0,1
934,239.355,19.3969,0.911589,0.0322874,-0.841284,7.10693,18.498,0.0,0.30244381921479946,0.28,0.0,1
935,239.463,19.6634,0.878385,0.031326,-0.840962,7.15077,18.52,0.0,0.28576193032787156,0.28,0.0,1
936,239.573,19.9303,0.842107,0.0305579,-0.840672,7.18683,18.542,0.0,0.2695603772381663,0.28,0.0,1
937,239.684,20.1975,0.808893,0.0299659,-0.840418,7.21553,18.564,0.0,0.2555571663941051,0.28,0.0,1
938,239.797,20.4646,0.780124,0.0295307,-0.840195,7.23758,18.586,0.0,0.2441941215950336,0.28,0.0,1
939,239.911,20.7313,0.758981,0.029217,-0.840003,7.25432,18.608,0.0,0.23533808140369147,0.28,0.0,1
940,240.026,20.9975,0.746331,0.0289874,-0.839835,7.26729,18.63,0.0,0.22858824644934578,0.28,0.0,1
941,240.143,21.2637,0.735147,0.0288407,-0.839682,7.27678,18.652,0.0,0.22348462283256926,0.28,0.0,1
942,240.262,21.5295,0.731535,0.0287399,-0.839545,7.28415,18.674,0.0,0.21969426332731992,0.28,0.0,1
943,240.382,21.7951,0.729454,0.028681,-0.839416,7.2897,18.696,0.0,0.21683919781659022,0.28,0.0,1
944,240.503,22.0606,0.730102,0.0286505,-0.839298,7.29389,18.718,0.0,0.2146918566594265,0.28,0.0,1
945,240.626,22.326,0.731248,0.0286477,-0.839188,7.29685,18.74,0.0,0.21305220365478977,0.28,0.0,1
946,240.75,22.5912,0.734897,0.0286614,-0.839084,7.29903,18.762,0.0,0.2117945370494498,0.28,0.0,1
947,240.876,22.8562,0.738994,0.0286913,-0.838984,7.3005,18.784,0.0,0.21077632930116172,0.28,0.0,1
948,241.003,23.1211,0.743066,0.0287364,-0.838889,7.30128,18.806,0.0,0.20990622016820765,0.28,0.0,1
949,241.132,23.386,0.747023,0.0287973,-0.838801,7.30125,18.828,0.0,0.2091587969744661,0.28,0.0,1
950,241.262,23.6505,0.753471,0.0288621,-0.838718,7.30097,18.85,0.0,0.20851353205461476,0.28,0.0,1
951,241.394,23.915,0.757877,0.028939,-0.838641,7.30009,18.872,0.0,0.2079177712790904,0.28,0.0,1
952,241.527,24.1794,0.761684,0.0290352,-0.838567,7.29836,18.894,0.0,0.20739209553417037,0.28,0.0,1
953,241.662,24.4436,0.767901,0.0291346,-0.838503,7.2963,18.916,0.0,0.20693209169686033,0.28,0.0,1
954,241.798,24.7077,0.772079,0.0292494,-0.838443,7.29353,18.938,0.0,0.20649423469004272,0.28,0.0,1
955,241.935,24.9716,0.778293,0.0293676,-0.838391,7.29044,18.96,0.0,0.20610665831774877,0.28,0.0,1
956,242.074,25.2352,0.785031,0.0294889,-0.838344,7.2871,18.982,0.0,0.20573967937523197,0.28,0.0,1
957,242.215,25.4995,0.78914,0.0296236,-0.838304,7.28313,19.004,0.0,0.20539151417556564,0.28,0.0,1
958,242.357,25.7628,0.79511,0.0297688,-0.838271,7.2785,19.026,0.0,0.20509971106438066,0.28,0.0,1
959,242.5,26.026,0.801824,0.0299153,-0.838245,7.2737,19.048,0.0,0.20483329591569688,0.28,0.0,1
960,242.645,26.2889,0.808722,0.0300615,-0.838226,7.26875,19.07,0.0,0.2045806912623306,0.28,0.0,1
961,242.791,26.552,0.812875,0.0302201,-0.838213,7.26318,19.092,0.0,0.204320867599659,0.28,0.0,1
962,242.939,26.815,0.818802,0.0303831,-0.838209,7.25717,19.114,0.0,0.2040815427875154,0.28,0.0,1
963,243.088,27.0779,0.825192,0.0305477,-0.838213,7.25094,19.136,0.0,0.2038497144201866,0.28,0.0,1
964,243.239,27.3407,0.83167,0.0307129,-0.838226,7.24445,19.158,0.0,0.2036283283667748,0.28,0.0,1
965,243.391,27.6037,0.835421,0.0308952,-0.838248,7.23711,19.18,0.0,0.20342153068291768,0.28,0.0,1
966,243.544,27.8664,0.841038,0.0310828,-0.83828,7.22932,19.202,0.0,0.20326921585750862,0.28,0.0,1
967,243.699,28.1289,0.847222,0.031274,-0.838321,7.22115,19.224,0.0,0.2031376941117184,0.28,0.0,1
968,243.856,28.3914,0.853559,0.0314661,-0.838371,7.21276,19.246,0.0,0.2030192450779828,0.28,0.0,1
969,244.014,28.6537,0.859908,0.0316606,-0.838431,7.20401,19.268,0.0,0.20291263997709677,0.28,0.0,1
970,244.173,28.9158,0.866238,0.0318572,-0.838499,7.19498,19.29,0.0,0.20281920346887305,0.28,0.0,1
971,244.334,29.1779,0.872521,0.0320547,-0.838579,7.18565,19.312,0.0,0.20273927627050403,0.28,0.0,1
972,244.496,29.4398,0.878752,0.0322545,-0.838667,7.17601,19.334,0.0,0.20267347908957123,0.28,0.0,1
973,244.66,29.7016,0.884943,0.0324554,-0.838765,7.16604,19.356,0.0,0.20263164696043262,0.28,0.0,1
974,244.825,29.9633,0.891079,0.0326599,-0.838873,7.15573,19.378,0.0,0.20267113995566344,0.28,0.0,1
975,244.992,30.2248,0.897168,0.0328643,-0.838993,7.14514,19.4,0.0,0.2027754207184194,0.28,0.0,1
976,245.16,30.4863,0.903207,0.0330712,-0.839124,7.13416,19.422,0.0,0.20293139319316972,0.28,0.0,1
977,245.329,30.6265,0.907928,0.0332831,-0.839264,7.12278,19.444,0.0,0.20312932008558304,0.14,0.0,1
978,245.499,30.7474,0.912576,0.0334861,-0.83941,7.11157,19.466,0.0,0.20348927500317363,0.14,0.0,1
979,245.669,30.8682,0.919631,0.0336657,-0.839562,7.10108,19.488,0.0,0.20396538587094484,0.14,0.0,1
980,245.84,30.9892,0.9243,0.0338358,-0.839719,7.09081,19.51,0.0,0.20447609903395664,0.14,0.0,1
981,246.012,31.11,0.930772,0.0339903,-0.839879,7.08105,19.532,0.0,0.2050323967203505,0.14,0.0,1
982,246.185,31.2307,0.937686,0.0341261,-0.840041,7.07189,19.554,0.0,0.20559045782423807,0.14,0.0,1
983,246.358,31.3515,0.941822,0.0342586,-0.840209,7.0627,19.576,0.0,0.2061381212169139,0.14,0.0,1
984,246.532,31.472,0.947891,0.0343797,-0.840379,7.05394,19.598,0.0,0.20671190090057207,0.14,0.0,1
985,246.706,31.5926,0.951773,0.0344972,-0.840553,7.04513,19.62,0.0,0.20727640129066785,0.14,0.0,1
986,246.881,31.713,0.957785,0.0346015,-0.840731,7.03672,19.642,0.0,0.20786085128310489,0.14,0.0,1
987,247.057,31.8334,0.961714,0.0347018,-0.840911,7.02842,19.664,0.0,0.2084301862593554,0.14,0.0,1
988,247.233,31.9535,0.968069,0.034786,-0.841095,7.02058,19.686,0.0,0.2090157598603039,0.14,0.0,1
989,247.411,32.0735,0.975678,0.0348462,-0.841276,7.01372,19.708,0.0,0.20957976925884242,0.14,0.0,1
990,247.587,31.8447,0.961366,0.0345519,-0.841458,7.01967,19.73,0.0,0.21010859808466487,0.0,0.08113707692307702,1
991,247.764,31.9592,0.970059,0.0343225,-0.841629,7.02354,19.752,0.0,0.21111626889160695,0.14,0.0,1
992,247.941,32.079,0.983764,0.0343119,-0.841785,7.01983,19.774,0.0,0.211816495128889,0.14,0.0,1
993,248.118,31.8503,0.970701,0.0339679,-0.841935,7.02845,19.796,0.0,0.21231553233427355,0.0,0.0813486153846154,1
994,248.294,31.9652,0.979494,0.0336948,-0.842071,7.03488,19.818,0.0,0.2132605623593003,0.14,0.0,1
995,248.471,31.7472,0.974298,0.0332988,-0.842192,7.04617,19.84,0.0,0.2138891583209615,0.0,0.07697169230769227,1
996,248.647,31.864,0.985528,0.0329778,-0.842289,7.0554,19.862,0.0,0.21478408754553333,0.14,0.0,1
997,248.823,31.9838,0.997216,0.0329009,-0.842371,7.05608,19.884,0.0,0.21531865251579627,0.14,0.0,1
998,249.0,31.7631,0.986549,0.032476,-0.842442,7.06982,19.906,0.0,0.21568766730249417,0.0,0.07768707692307686,1
999,249.176,31.8798,0.993052,0.03214,-0.842497,7.08071,19.928,0.0,0.21647413606537952,0.14,0.0,1
1000,249.352,31.9992,1.00593,0.0320358,-0.842535,7.08354,19.95,0.0,0.2169863898057171,0.14,0.0,1
1001,249.529,31.7784,0.993044,0.0315842,-0.842562,7.09949,19.972,0.0,0.21731307077618336,0.0,0.07827938461538454,1
1002,249.705,31.895,1.00195,0.0312109,-0.842575,7.11297,19.994,0.0,0.2180904545120466,0.14,0.0,1
1003,249.882,32.0143,1.01584,0.0310629,-0.842565,7.11871,20.016,0.0,0.21855163774679515,0.14,0.0,1
1004,250.058,31.7903,1.00338,0.0305683,-0.842543,7.13763,20.038,0.0,0.2188139259526124,0.0,0.07886015384615377,1
1005,250.234,31.9071,1.01271,0.0301541,-0.842503,7.15405,20.06,0.0,0.21953207278372605,0.14,0.0,1
1006,250.411,32.0264,1.02372,0.0299802,-0.842441,7.16219,20.082,0.0,0.21992782899926114,0.14,0.0,1
1007,250.588,31.8026,1.00958,0.0294622,-0.842369,7.18345,20.104,0.0,0.22016565089713863,0.0,0.07932553846153854,1
1008,250.764,31.9194,1.01819,0.0290168,-0.842274,7.2026,20.126,0.0,0.22087821543906652,0.14,0.0,1
1009,250.941,32.0388,1.02928,0.0288194,-0.842161,7.21295,20.148,0.0,0.22126113413277765,0.14,0.0,1
1010,251.118,31.8125,1.01494,0.0282771,-0.842034,7.23668,20.17,0.0,0.22147560366518204,0.0,0.0798024615384616,1
1011,251.294,31.929,1.0237,0.0278166,-0.841893,7.25775,20.192,0.0,0.22216841568819662,0.14,0.0,1
1012,251.471,32.0482,1.03774,0.0275833,-0.841722,7.27106,20.214,0.0,0.2225267303915761,0.14,0.0,1
1013,251.648,31.8218,1.0244,0.0270016,-0.84154,7.29788,20.236,0.0,0.22266984321553285,0.0,0.08016400000000004,1
1014,251.824,31.9389,1.0307,0.026508,-0.841332,7.32208,20.258,0.0,0.22328768819616307,0.14,0.0,1
1015,252.001,32.0582,1.04401,0.0262559,-0.841104,7.33761,20.28,0.0,0.22360511577632963,0.14,0.0,1
1016,252.178,31.8291,1.03016,0.0256492,-0.840858,7.36723,20.302,0.0,0.22371491579334168,0.0,0.08054861538461534,1
1017,252.354,31.946,1.03648,0.0251378,-0.840597,7.3937,20.324,0.0,0.22430670931637292,0.14,0.0,1
1018,252.531,32.0653,1.04981,0.0248635,-0.840306,7.41183,20.346,0.0,0.2245924672958877,0.14,0.0,1
1019,252.708,31.8362,1.03586,0.0242363,-0.84,7.44398,20.368,0.0,0.22466387002336563,0.0,0.08082169230769232,1
1020,252.885,31.9534,1.04215,0.0237026,-0.839675,7.47308,20.39,0.0,0.22522000839877726,0.14,0.0,1
1021,253.062,32.0729,1.05267,0.023424,-0.839324,7.49303,20.412,0.0,0.225465432651475,0.14,0.0,1
1022,253.239,31.8438,1.04053,0.022783,-0.83896,7.52742,20.434,0.0,0.22553317586602528,0.0,0.08111399999999988,1
1023,253.415,31.9611,1.04745,0.0222257,-0.838568,7.55937,20.456,0.0,0.226055666984173,0.14,0.0,1
1024,253.592,32.0807,1.05825,0.0219275,-0.838155,7.58179,20.478,0.0,0.22625276866384048,0.14,0.0,1
1025,253.769,31.8519,1.0433,0.0212798,-0.837727,7.61829,20.5,0.0,0.226256338731444,0.0,0.081414,1
1026,253.946,31.9691,1.05217,0.0207072,-0.83727,7.65266,20.522,0.0,0.22674206140072156,0.14,0.0,1
1027,254.122,31.7513,1.04362,0.0200215,-0.836794,7.69207,20.544,0.0,0.22685991453567547,0.0,0.07712169230769234,1
1028,254.299,31.8709,1.05158,0.0194404,-0.836292,7.72814,20.566,0.0,0.22730343102200468,0.14,0.0,1
1029,254.475,31.9907,1.06278,0.0191171,-0.83576,7.75471,20.588,0.0,0.22737869342544909,0.14,0.0,1
1030,254.652,31.7703,1.04812,0.018446,-0.835213,7.7956,20.61,0.0,0.22724722155561786,0.0,0.07795246153846154,1
1031,254.828,31.8893,1.05677,0.0178588,-0.834641,7.83382,20.632,0.0,0.22759412415108693,0.14,0.0,1
1032,255.005,32.009,1.068,0.0175236,-0.834042,7.86265,20.654,0.0,0.22758005326175287,0.14,0.0,1
1033,255.182,31.7862,1.05057,0.0168508,-0.833431,7.90542,20.676,0.0,0.22737206018908712,0.0,0.07865630769230769,1
1034,255.358,31.9048,1.05856,0.0162619,-0.832793,7.94556,20.698,0.0,0.227694153543802,0.14,0.0,1
1035,255.535,32.0246,1.06971,0.0159264,-0.83213,7.97609,20.72,0.0,0.22764382629762375,0.14,0.0,1
1036,255.712,31.8019,1.05225,0.0152523,-0.831453,8.02076,20.742,0.0,0.22738425826153955,0.0,0.07925630769230765,1
1037,255.888,31.9206,1.06027,0.0146617,-0.83075,8.06274,20.764,0.0,0.22765371805066567,0.14,0.0,1
1038,256.065,32.0406,1.07145,0.0143254,-0.830022,8.09497,20.786,0.0,0.2275545506733022,0.14,0.0,1
1039,256.243,32.161,1.07401,0.0140195,-0.829271,8.12653,20.808,0.0,0.22725012196157707,0.14,0.0,1
1040,256.422,32.2811,1.07631,0.0137306,-0.828513,8.15753,20.83,0.0,0.2269287246100329,0.14,0.0,1
1041,256.601,32.4011,1.07871,0.0134489,-0.827746,8.18848,20.852,0.0,0.2266100496411077,0.14,0.0,1
1042,256.781,32.5211,1.07859,0.0131814,-0.826961,8.21927,20.874,0.0,0.22629749193145365,0.14,0.0,1
1043,256.961,32.6409,1.0807,0.012921,-0.826173,8.24979,20.896,0.0,0.22605724554419862,0.14,0.0,1
1044,257.143,32.7607,1.08375,0.012656,-0.825371,8.2808,20.918,0.0,0.22586166436445265,0.14,0.0,1
1045,257.324,32.8804,1.08713,0.0123847,-0.824548,8.31257,20.94,0.0,0.22568470142418623,0.14,0.0,1
1046,257.507,33.0002,1.09056,0.0121151,-0.823725,8.34429,20.962,0.0,0.2255129083349284,0.14,0.0,1
1047,257.69,33.1202,1.09099,0.0118554,-0.822882,8.37602,20.984,0.0,0.22534725719283047,0.14,0.0,1
1048,257.874,33.24,1.09322,0.0116031,-0.822032,8.4076,21.006,0.0,0.22521923081914516,0.14,0.0,1
1049,258.059,33.3597,1.09597,0.0113505,-0.821171,8.43942,21.028,0.0,0.22507121119484133,0.14,0.0,1
1050,258.244,33.4794,1.09888,0.0110964,-0.820294,8.47162,21.05,0.0,0.22490234871483217,0.14,0.0,1
1051,258.43,33.5991,1.10187,0.0108451,-0.819411,8.50385,21.072,0.0,0.22471503504597728,0.14,0.0,1
1052,258.617,33.7188,1.10486,0.01059,-0.818506,8.53678,21.094,0.0,0.22451513219269587,0.14,0.0,1
1053,258.804,33.8389,1.10502,0.0103557,-0.817606,8.56863,21.116,0.0,0.22430335372668553,0.14,0.0,1
1054,258.992,33.9591,1.10697,0.0101211,-0.816678,8.60115,21.138,0.0,0.2241251543436014,0.14,0.0,1
1055,259.181,34.0794,1.10964,0.00989351,-0.815761,8.63306,21.16,0.0,0.22394363485090088,0.14,0.0,1
1056,259.37,34.1999,1.1125,0.00965887,-0.81481,8.66601,21.182,0.0,0.22375592334292604,0.14,0.0,1
1057,259.561,34.3205,1.11553,0.00943002,-0.813866,8.69851,21.204,0.0,0.22356561125518573,0.14,0.0,1
1058,259.751,34.4416,1.11564,0.00921082,-0.812896,8.73122,21.226,0.0,0.2234408321659263,0.14,0.0,1
1059,259.943,34.5627,1.11765,0.00900266,-0.811932,8.76328,21.248,0.0,0.2233966593797223,0.14,0.0,1
1060,260.135,34.6839,1.12025,0.00879085,-0.810945,8.79592,21.27,0.0,0.22339118908916306,0.14,0.0,1
1061,260.328,34.8052,1.12314,0.00858179,-0.809956,8.82845,21.292,0.0,0.22338784728907224,0.14,0.0,1
1062,260.521,34.9267,1.12608,0.00837162,-0.808955,8.86134,21.314,0.0,0.22335744397925106,0.14,0.0,1
1063,260.716,35.0481,1.13187,0.00814298,-0.807927,8.89554,21.336,0.0,0.22399044264544923,0.14,0.0,1
1064,260.911,35.1698,1.13599,0.00791374,-0.806906,8.92953,21.358,0.0,0.2243249480425916,0.14,0.0,1
1065,261.106,35.2917,1.13935,0.00767857,-0.805853,8.96449,21.38,0.0,0.2244817035250236,0.14,0.0,1
1066,261.303,35.4135,1.14539,0.0074304,-0.804794,9.00013,21.402,0.0,0.22452243782785725,0.14,0.0,1
1067,261.5,35.5359,1.14666,0.00719231,-0.803726,9.03544,21.424,0.0,0.22445000956509836,0.14,0.0,1
1068,261.697,35.6582,1.14894,0.00695542,-0.80263,9.07131,21.446,0.0,0.22436205154535735,0.14,0.0,1
1069,261.896,35.7807,1.15174,0.00672415,-0.801541,9.1067,21.468,0.0,0.2242477526222137,0.14,0.0,1
1070,262.095,35.9033,1.15462,0.00649238,-0.800437,9.14245,21.49,0.0,0.22411369460788938,0.14,0.0,1
1071,262.295,36.026,1.15749,0.00625616,-0.799305,9.17894,21.512,0.0,0.22392839343797255,0.14,0.0,1
1072,262.495,36.149,1.16043,0.00602242,-0.798168,9.21536,21.534,0.0,0.22363688846945665,0.14,0.0,1
1073,262.697,36.2723,1.15989,0.00581068,-0.797036,9.25068,21.556,0.0,0.22328091282849688,0.14,0.0,1
1074,262.899,36.3958,1.15835,0.00562117,-0.795882,9.28552,21.578,0.0,0.2222548222709256,0.14,0.0,1
1075,263.101,36.5195,1.15675,0.00545073,-0.794706,9.31992,21.6,0.0,0.22146552922739554,0.14,0.0,1
1076,263.305,36.6432,1.15834,0.00529349,-0.793556,9.35312,21.622,0.0,0.2208286745186218,0.14,0.0,1
1077,263.509,36.7672,1.1581,0.00514966,-0.792396,9.38586,21.644,0.0,0.2202568365977375,0.14,0.0,1
1078,263.714,36.8912,1.15994,0.00500852,-0.791216,9.41891,21.666,0.0,0.21974953561742283,0.14,0.0,1
1079,263.919,37.0155,1.15952,0.0048804,-0.790017,9.45177,21.688,0.0,0.21925545810465327,0.14,0.0,1
1080,264.126,37.1399,1.16114,0.00476059,-0.788818,9.48413,21.71,0.0,0.21879723861927908,0.14,0.0,1
1081,264.333,37.2646,1.16071,0.00466526,-0.787645,9.51479,21.732,0.0,0.2183396240425369,0.14,0.0,1
1082,264.541,37.3893,1.16221,0.00457555,-0.786458,9.54551,21.754,0.0,0.217918002292116,0.14,0.0,1
1083,264.749,37.5143,1.16148,0.00450119,-0.785257,9.57575,21.776,0.0,0.21749632386625495,0.14,0.0,1
1084,264.958,37.6392,1.16281,0.00443304,-0.784045,9.60592,21.798,0.0,0.21708895618831414,0.14,0.0,1
1085,265.168,37.7643,1.16494,0.00436461,-0.782819,9.6363,21.82,0.0,0.21657202229782013,0.14,0.0,1
1086,265.378,37.8896,1.16425,0.00430757,-0.781583,9.66634,21.842,0.0,0.21598769145655455,0.14,0.0,1
1087,265.59,38.0154,1.16273,0.00427821,-0.780376,9.6945,21.864,0.0,0.2154431349680107,0.14,0.0,1
1088,265.802,38.1409,1.16396,0.00426561,-0.779189,9.72139,21.886,0.0,0.21494258291072255,0.14,0.0,1
1089,266.015,38.2667,1.1632,0.0042716,-0.777999,9.74748,21.908,0.0,0.21444337361273189,0.14,0.0,1
1090,266.229,38.3924,1.16459,0.00428689,-0.776806,9.77318,21.93,0.0,0.21397228719533856,0.14,0.0,1
1091,266.443,38.5183,1.16384,0.00432044,-0.77561,9.79805,21.952,0.0,0.21349490426395085,0.14,0.0,1
1092,266.658,38.6441,1.16519,0.00436252,-0.774414,9.82251,21.974,0.0,0.2130438014036921,0.14,0.0,1
1093,266.874,38.7699,1.16729,0.00440574,-0.773219,9.84681,21.996,0.0,0.21258665297526455,0.14,0.0,1
1094,267.091,38.896,1.16675,0.00446624,-0.772025,9.87028,22.018,0.0,0.21211692481575953,0.14,0.0,1
1095,267.308,39.0219,1.16813,0.00453508,-0.770837,9.89322,22.04,0.0,0.21167618054590234,0.14,0.0,1
1096,267.526,39.1481,1.16726,0.00462234,-0.769654,9.91514,22.062,0.0,0.21123515118094485,0.14,0.0,1
1097,267.745,39.2742,1.1685,0.00471908,-0.768479,9.93646,22.084,0.0,0.21092192901395246,0.14,0.0,1
1098,267.964,39.4003,1.1705,0.00481868,-0.767313,9.95737,22.106,0.0,0.2106930377952278,0.14,0.0,1
1099,268.185,39.5264,1.17286,0.00492084,-0.766155,9.97792,22.128,0.0,0.21053067947381165,0.14,0.0,1
1100,268.406,39.6527,1.17231,0.00503629,-0.764978,9.99828,22.15,0.0,0.21041020928072435,0.14,0.0,1
1101,268.627,39.7789,1.17346,0.00515568,-0.763775,10.0189,22.172,0.0,0.21035415749241715,0.14,0.0,1
1102,268.849,39.9052,1.17547,0.00527918,-0.762586,10.0391,22.194,0.0,0.21031764192189875,0.14,0.0,1
1103,269.072,40.0314,1.17789,0.00540632,-0.761414,10.0586,22.216,0.0,0.21028725130989478,0.14,0.0,1
1104,269.296,40.1576,1.18046,0.00553697,-0.760258,10.0776,22.238,0.0,0.21026032825578156,0.14,0.0,1
1105,269.521,40.2838,1.18309,0.00567108,-0.759122,10.096,22.26,0.0,0.2102381372422597,0.14,0.0,1
1106,269.746,40.4099,1.1856,0.00580335,-0.757973,10.1147,22.282,0.0,0.21022325213169546,0.14,0.0,1
1107,269.972,40.5361,1.18793,0.00593317,-0.756805,10.1338,22.304,0.0,0.21021318563964786,0.14,0.0,1
1108,270.199,40.6623,1.1904,0.00606769,-0.755661,10.1522,22.326,0.0,0.21020457456864017,0.14,0.0,1
1109,270.426,40.7887,1.19129,0.00621533,-0.754544,10.1693,22.348,0.0,0.210160098099042,0.14,0.0,1
1110,270.655,40.9148,1.19276,0.00636691,-0.753407,10.1867,22.37,0.0,0.2100910413097548,0.14,0.0,1
1111,270.883,41.0412,1.19512,0.00651723,-0.752272,10.204,22.392,0.0,0.20997735422961367,0.14,0.0,1
1112,271.113,41.1675,1.19841,0.00666732,-0.75117,10.2207,22.414,0.0,0.20980808943455398,0.14,0.0,1
1113,271.344,41.2938,1.20183,0.00680906,-0.75005,10.238,22.436,0.0,0.20958511801197532,0.14,0.0,1
1114,271.575,41.4205,1.20218,0.00696474,-0.748937,10.2545,22.458,0.0,0.20931294360751437,0.14,0.0,1
1115,271.807,41.5472,1.20419,0.00713176,-0.747856,10.2698,22.48,0.0,0.20904906141456944,0.14,0.0,1
1116,272.039,41.6738,1.20628,0.00729406,-0.746741,10.2859,22.502,0.0,0.20884105342232173,0.14,0.0,1
1117,272.273,41.8005,1.20866,0.00746351,-0.74567,10.3009,22.524,0.0,0.20870789639590984,0.14,0.0,1
1118,272.507,41.9272,1.21082,0.00763059,-0.744576,10.3163,22.546,0.0,0.2086610664847926,0.14,0.0,1
1119,272.742,42.054,1.21304,0.00780356,-0.743511,10.3309,22.568,0.0,0.20869297611197174,0.14,0.0,1
1120,272.977,42.1805,1.21486,0.00797391,-0.742436,10.3457,22.59,0.0,0.20879877058699228,0.14,0.0,1
1121,273.214,42.3074,1.21601,0.00813258,-0.741392,10.3603,22.612,0.0,0.20896807933367256,0.14,0.0,1
1122,273.451,42.4344,1.21784,0.00829512,-0.740331,10.3751,22.634,0.0,0.20919748996610277,0.14,0.0,1
1123,273.688,42.5613,1.22024,0.00846994,-0.739304,10.3887,22.656,0.0,0.20946385619257474,0.14,0.0,1
1124,273.927,42.6878,1.22563,0.00863034,-0.738255,10.4032,22.678,0.0,0.20976083761903971,0.14,0.0,1
1125,274.166,42.8143,1.22955,0.00878811,-0.737226,10.4174,22.7,0.0,0.21002466200209252,0.14,0.0,1
1126,274.406,42.9407,1.23276,0.0089491,-0.736212,10.4312,22.722,0.0,0.2102686870284258,0.14,0.0,1
1127,274.647,43.067,1.23545,0.0091083,-0.735183,10.4453,22.744,0.0,0.21049713092947958,0.14,0.0,1
1128,274.889,43.193,1.24083,0.00925106,-0.734164,10.4598,22.766,0.0,0.21070927950150148,0.14,0.0,1
1129,275.131,43.319,1.24435,0.00938529,-0.73316,10.4744,22.788,0.0,0.21086798601636847,0.14,0.0,1
1130,275.374,43.445,1.24689,0.00951803,-0.732153,10.489,22.81,0.0,0.2110089078781993,0.14,0.0,1
1131,275.617,43.5709,1.24916,0.00965089,-0.731149,10.5036,22.832,0.0,0.21114603686970101,0.14,0.0,1
1132,275.862,43.6968,1.25125,0.00978458,-0.730148,10.518,22.854,0.0,0.2112826851729454,0.14,0.0,1
1133,276.107,43.8225,1.25337,0.00992084,-0.729163,10.532,22.876,0.0,0.21142126353597113,0.14,0.0,1
1134,276.353,43.9479,1.25838,0.0100411,-0.728176,10.5466,22.898,0.0,0.21155032645030525,0.14,0.0,1
1135,276.6,44.0735,1.26168,0.0101541,-0.7272,10.5613,22.92,0.0,0.21161179421413162,0.14,0.0,1
1136,276.847,44.1989,1.26426,0.0102676,-0.726229,10.5758,22.942,0.0,0.21163364844141794,0.14,0.0,1
1137,277.095,44.3242,1.26659,0.0103813,-0.725256,10.5903,22.964,0.0,0.21162830673917019,0.14,0.0,1
1138,277.344,44.4493,1.26876,0.0104958,-0.724285,10.6047,22.986,0.0,0.2116004984706281,0.14,0.0,1
1139,277.593,44.5744,1.2709,0.0106122,-0.723327,10.6188,23.008,0.0,0.21155551063956599,0.14,0.0,1
1140,277.844,44.6996,1.27003,0.0107471,-0.722376,10.632,23.03,0.0,0.2114982503438246,0.14,0.0,1
1141,278.095,44.8249,1.26825,0.010905,-0.721436,10.6438,23.052,0.0,0.21147367570064315,0.14,0.0,1
1142,278.346,44.9497,1.26772,0.011081,-0.720503,10.6548,23.074,0.0,0.21144302295286865,0.14,0.0,1
1143,278.599,45.0746,1.26917,0.0112566,-0.719578,10.6656,23.096,0.0,0.21139687724000872,0.14,0.0,1
1144,278.852,45.085,1.26288,0.0110753,-0.718664,10.6911,23.118,0.0,0.21131654312178857,0.14,0.0,2
1145,279.104,45.0656,1.24743,0.0103999,-0.717734,10.7375,23.14,0.0,0.21132315868588586,0.14,0.0,2
1146,279.357,45.0902,1.23837,0.00965494,-0.716782,10.7872,23.162,0.0,0.21138541480499548,0.14,0.0,2
1147,279.611,45.221,1.24553,0.00932693,-0.715794,10.8202,23.184,0.0,0.21133695262723123,0.14,0.0,2
1148,279.865,45.3029,1.26411,0.00939149,-0.714802,10.8368,23.206,0.0,0.21102227004432794,0.14,0.0,2
1149,280.119,45.3844,1.27498,0.0095005,-0.713783,10.852,23.228,0.0,0.21055176777865964,0.14,0.0,2
1150,280.374,45.4666,1.27786,0.00964159,-0.712772,10.8657,23.25,0.0,0.2100841463965687,0.14,0.0,2
1151,280.63,45.5492,1.27967,0.00980109,-0.711764,10.8785,23.272,0.0,0.20972683778175227,0.14,0.0,2
1152,280.885,45.6312,1.2759,0.00995713,-0.710773,10.891,23.294,0.0,0.20944091638637963,0.14,0.0,2
1153,281.142,45.714,1.27508,0.0101303,-0.709783,10.9028,23.316,0.0,0.20919502536503198,0.14,0.0,2
1154,281.399,45.7966,1.27601,0.0103213,-0.708814,10.9135,23.338,0.0,0.20894312209989524,0.14,0.0,2
1155,281.656,45.8791,1.27771,0.0105221,-0.707849,10.9236,23.36,0.0,0.20867421663558905,0.14,0.0,2
1156,281.914,45.9617,1.27692,0.0107467,-0.706891,10.9326,23.382,0.0,0.2083883514024627,0.14,0.0,2
1157,282.173,46.0443,1.27798,0.0109859,-0.705961,10.9404,23.404,0.0,0.20812915225806178,0.14,0.0,2
1158,282.431,46.1267,1.27946,0.0112254,-0.705035,10.9481,23.426,0.0,0.2078726456752909,0.14,0.0,2
1159,282.691,46.2091,1.2809,0.0114643,-0.704121,10.9556,23.448,0.0,0.20761425935889277,0.14,0.0,2
1160,282.951,46.2917,1.27912,0.0117207,-0.703236,10.9618,23.47,0.0,0.20735602745982518,0.14,0.0,2
1161,283.211,46.3742,1.27891,0.011985,-0.70235,10.9676,23.492,0.0,0.207149627248583,0.14,0.0,2
1162,283.472,46.4568,1.27934,0.0122515,-0.701487,10.9729,23.514,0.0,0.20697718039769616,0.14,0.0,2
1163,283.733,46.5393,1.28003,0.0125203,-0.700648,10.9777,23.536,0.0,0.2067518574022491,0.14,0.0,2
1164,283.995,46.6221,1.27792,0.0128087,-0.699818,10.9815,23.558,0.0,0.20645867886181826,0.14,0.0,2
1165,284.257,46.7046,1.27774,0.0131093,-0.699007,10.9844,23.58,0.0,0.20616113079417572,0.14,0.0,2
1166,284.52,46.7872,1.27834,0.0134132,-0.69822,10.9867,23.602,0.0,0.20584372036143656,0.14,0.0,2
1167,284.784,46.8697,1.27917,0.0137191,-0.697446,10.9886,23.624,0.0,0.20550725413982163,0.14,0.0,2
1168,285.047,46.9524,1.27731,0.014045,-0.696703,10.9913,23.646,0.0,0.20515747671496376,0.14,0.0,2
1169,285.312,47.035,1.27729,0.0143828,-0.695978,11.0009,23.668,0.0,0.20484216810062306,0.14,0.0,2
1170,285.576,47.1176,1.27774,0.0147231,-0.695277,11.0185,23.69,0.0,0.20453170251956126,0.14,0.0,2
1171,285.842,47.2008,1.2716,0.0151069,-0.694602,11.043,23.712,0.0,0.2042234038004395,0.14,0.0,2
1172,286.107,47.2836,1.26925,0.0155196,-0.693958,11.0756,23.734,0.0,0.20401084592020713,0.14,0.0,2
1173,286.374,47.3663,1.26985,0.0159298,-0.693336,11.1185,23.756,0.0,0.2038911180490542,0.14,0.0,2
1174,286.64,47.4492,1.27242,0.0163256,-0.692737,11.1733,23.778,0.0,0.20379563413823326,0.14,0.0,2
1175,286.908,47.5323,1.27573,0.0167067,-0.692151,11.2415,23.8,0.0,0.2036925085447735,0.14,0.0,2
1176,287.175,47.6156,1.27894,0.017079,-0.691592,11.3235,23.822,0.0,0.20357378860309763,0.14,0.0,2
1177,287.444,47.6993,1.2786,0.0174654,-0.691053,11.4198,23.844,0.0,0.2034488597079085,0.14,0.0,2
1178,287.712,47.783,1.27936,0.0178616,-0.690536,11.5318,23.866,0.0,0.2033695225503292,0.14,0.0,2
1179,287.981,47.8669,1.28023,0.0182606,-0.690044,11.6617,23.888,0.0,0.2033137377705615,0.14,0.0,2
1180,288.251,47.951,1.28104,0.018663,-0.689581,11.8113,23.91,0.0,0.2032759772489421,0.14,0.0,2
1181,288.521,48.0347,1.278,0.0190349,-0.689137,11.9853,23.932,0.0,0.20325530594231955,0.14,0.0,2
1182,288.792,48.1196,1.27636,0.0193987,-0.688715,12.185,23.954,0.0,0.20328780341270658,0.14,0.0,2
1183,289.063,48.2042,1.27701,0.0197871,-0.688327,12.4107,23.976,0.0,0.20333730165418162,0.14,0.0,2
1184,289.334,48.2884,1.28162,0.0201747,-0.687956,12.6683,23.998,0.0,0.2035310192942972,0.14,0.0,2
1185,289.606,48.3724,1.28497,0.0205637,-0.687603,12.9618,24.02,0.0,0.2039293798621707,0.14,0.0,2
1186,289.879,48.4565,1.28777,0.0209584,-0.687271,13.2957,24.042,0.0,0.20449132905970074,0.14,0.0,2
1187,290.152,48.5402,1.29306,0.0213367,-0.686962,13.6779,24.064,0.0,0.205179741814386,0.14,0.0,2
1188,290.426,48.6237,1.29905,0.0216844,-0.686668,14.118,24.086,0.0,0.20648022866121296,0.14,0.0,2
1189,290.7,48.7067,1.30785,0.0219804,-0.686391,14.6281,24.108,0.0,0.2076178898979707,0.14,0.0,2
1190,290.973,48.4936,1.29352,0.0218604,-0.686142,15.2664,24.13,0.0,0.2086045343892493,0.0,0.07732189885065074,2
1191,291.247,48.5705,1.29291,0.0216446,-0.685873,16.0192,24.152,0.0,0.20996074920115804,0.14,0.0,2
1192,291.52,48.6543,1.30994,0.021734,-0.685592,16.8488,24.174,0.0,0.2110665154515448,0.14,0.0,2
1193,291.794,48.4389,1.30134,0.0214821,-0.685304,17.8815,24.196,0.0,0.21186986799644392,0.0,0.0782931175129398,2
1194,292.067,48.516,1.30374,0.0211545,-0.684985,19.1207,24.218,0.0,0.21299786289658795,0.14,0.0,2
1195,292.34,48.5995,1.32287,0.0211477,-0.684657,20.5281,24.24,0.0,0.21392179424512459,0.14,0.0,2
1196,292.613,48.3872,1.31258,0.0208191,-0.684298,22.3217,24.262,0.0,0.21410978115282153,0.0,0.07749647236566769,2
1197,292.886,48.4654,1.31464,0.0204333,-0.683941,24.1854,24.284,0.0,0.21493990958063217,0.14,0.0,2
1198,293.159,48.549,1.33354,0.0203718,-0.683557,25.7725,24.306,0.0,0.21575148926271426,0.14,0.0,2
1199,293.433,48.635,1.32275,0.0204452,-0.683145,27.2098,24.328,0.0,0.2164189126250228,0.14,0.0,2
1200,293.707,48.7208,1.29857,0.0207933,-0.682783,28.4998,24.35,0.0,0.2173417911161738,0.14,0.0,2
1201,293.982,48.8058,1.2933,0.0211974,-0.682474,29.7171,24.372,0.0,0.2186477243138314,0.14,0.0,2
1202,294.257,48.8906,1.30859,0.0214742,-0.682171,30.916,24.394,0.0,0.21997531250233698,0.14,0.0,2
1203,294.533,48.9761,1.33514,0.0215456,-0.681861,32.1197,24.416,0.0,0.22101413676781986,0.14,0.0,2
1204,294.816,49.0636,1.36155,0.0192156,-0.681507,33.3259,24.438,0.0,0.221654251490998,0.14,0.0,2
1205,295.117,49.1538,1.37709,0.0121139,-0.680788,34.5192,24.46,0.0,0.2213257142099747,0.14,0.0,2
1206,295.417,49.2464,1.38164,0.00500643,-0.679629,35.6852,24.482,0.0,0.21908372398213824,0.14,0.0,2
1207,295.719,49.342,1.37289,-0.00202811,-0.678054,36.8112,24.504,0.0,0.21505808099246093,0.14,0.0,2
1208,296.02,49.4397,1.35719,-0.00895441,-0.676076,37.8935,24.526,0.0,0.2106045182980899,0.14,0.0,2
1209,296.323,49.5194,1.29855,-0.0160056,-0.673714,38.9792,24.548,0.0,0.20593825440291336,0.14,0.0,2
1210,296.625,49.6357,1.24223,-0.0231761,-0.67099,40.0677,24.57,0.0,0.20159812603599608,0.14,0.0,2
1211,296.929,49.7445,1.21672,-0.029996,-0.667897,41.0726,24.592,0.0,0.19733480063581954,0.14,0.0,2
1212,297.233,49.8503,1.20526,-0.0365132,-0.664414,42.0068,24.614,0.0,0.19280903411490613,0.14,0.0,2
1213,297.537,49.9557,1.19453,-0.0427873,-0.660542,42.8837,24.636,0.0,0.187980206300281,0.14,0.0,2
1214,297.842,50.0609,1.18173,-0.0488569,-0.656318,43.7112,24.658,0.0,0.18296383263774624,0.14,0.0,2
1215,298.148,50.166,1.16309,-0.054755,-0.651745,44.4971,24.68,0.0,0.177864363888275,0.14,0.0,2
1216,298.454,50.2729,1.11179,-0.0603395,-0.646837,45.2169,24.702,0.0,0.17279564486007662,0.14,0.0,2
1217,298.761,50.4782,1.07134,-0.0657282,-0.641649,45.8917,24.724,0.0,0.16819916014793726,0.28,0.0,2
1218,299.069,50.7072,1.04615,-0.0711408,-0.636149,46.5613,24.746,0.0,0.16371743123489046,0.28,0.0,2
1219,299.378,50.9384,1.02834,-0.0765814,-0.630312,47.2273,24.768,0.0,0.1590673341781119,0.28,0.0,2
1220,299.689,51.1735,1.01066,-0.0820045,-0.624147,47.8816,24.79,0.0,0.1541736004105278,0.28,0.0,2
1221,300.001,51.4113,0.990287,-0.0873524,-0.617657,48.5144,24.812,0.0,0.14908719661133926,0.28,0.0,2
1222,300.314,51.6513,0.966951,-0.0925856,-0.610813,49.1199,24.834,0.0,0.14389239221349426,0.28,0.0,2
1223,300.628,51.8935,0.940969,-0.0976844,-0.603665,49.6945,24.856,0.0,0.1386397530857586,0.28,0.0,2
1224,300.944,52.1372,0.90969,-0.102622,-0.596189,50.2346,24.878,0.0,0.1333398874036495,0.28,0.0,2
1225,301.261,52.3371,0.855733,-0.10747,-0.588439,50.752,24.9,0.0,0.12804869031033972,0.28,0.0,2
1226,301.579,52.6037,0.778273,-0.112689,-0.580422,51.3244,24.922,0.0,0.12306352107995078,0.28,0.0,2
1227,301.899,52.8731,0.739291,-0.117629,-0.572101,51.8424,24.944,0.0,0.11837409247338472,0.28,0.0,2
1228,302.22,53.1295,0.726266,-0.122107,-0.563494,52.2769,24.966,0.0,0.11345170570048205,0.28,0.0,2
1229,302.543,53.3822,0.717842,-0.126249,-0.554557,52.6501,24.988,0.0,0.10816880372572034,0.28,0.0,2
1230,302.866,53.6322,0.705781,-0.130136,-0.545339,52.9761,25.01,0.0,0.10264628095390683,0.28,0.0,2
1231,303.191,53.8808,0.684643,-0.133807,-0.535866,53.2608,25.032,0.0,0.09704160538249733,0.28,0.0,2
1232,303.518,54.1283,0.659786,-0.137298,-0.52614,53.5114,25.054,0.0,0.0915336363179724,0.28,0.0,2
1233,303.846,54.3754,0.627881,-0.140615,-0.516186,53.7286,25.076,0.0,0.08616127979860613,0.28,0.0,2
1234,304.175,54.6224,0.595217,-0.143772,-0.506015,53.9152,25.098,0.0,0.0809950122744695,0.28,0.0,2
1235,304.506,54.8705,0.56191,-0.146778,-0.495653,54.0723,25.12,0.0,0.07600414710730846,0.28,0.0,2
1236,304.838,55.1188,0.528621,-0.149622,-0.485056,54.1997,25.142,0.0,0.07116715114893787,0.28,0.0,2
1237,305.171,55.3673,0.495802,-0.152297,-0.474297,54.2952,25.164,0.0,0.06646056038818503,0.28,0.0,2
1238,305.506,55.616,0.466542,-0.154819,-0.46336,54.3621,25.186,0.0,0.061854437682012126,0.28,0.0,2
1239,305.842,55.8644,0.435595,-0.157178,-0.452232,54.3994,25.208,0.0,0.05730051248940937,0.28,0.0,2
1240,306.18,56.1129,0.407309,-0.159383,-0.44095,54.4085,25.23,0.0,0.05283545618137333,0.28,0.0,2
1241,306.519,56.3613,0.376876,-0.161421,-0.429524,54.3876,25.252,0.0,0.04843327524767832,0.28,0.0,2
1242,306.859,56.6093,0.348783,-0.163301,-0.417898,54.3393,25.274,0.0,0.04414075702914316,0.28,0.0,2
1243,307.201,56.8571,0.321451,-0.165035,-0.406165,54.2646,25.296,0.0,0.03992523215448823,0.28,0.0,2
1244,307.544,57.1046,0.294358,-0.166625,-0.394325,54.1639,25.318,0.0,0.03579182935844749,0.28,0.0,2
1245,307.889,57.3518,0.267305,-0.16807,-0.38238,54.0378,25.34,0.0,0.031752498242327495,0.28,0.0,2
1246,308.235,57.598,0.240281,-0.169366,-0.370329,53.8857,25.362,0.0,0.027814354359298216,0.28,0.0,2
1247,308.582,57.8447,0.212381,-0.170493,-0.358174,53.7052,25.384,0.0,0.02398161288579159,0.28,0.0,2
1248,308.931,58.0905,0.185041,-0.171448,-0.345915,53.4962,25.406,0.0,0.020274700394898076,0.28,0.0,2
1249,309.282,58.3349,0.16163,-0.172258,-0.333553,53.2632,25.428,0.0,0.016692510373475015,0.28,0.0,2
1250,309.634,58.5783,0.136286,-0.172923,-0.321089,53.0066,25.45,0.0,0.013147898631281062,0.28,0.0,2
1251,309.987,58.8205,0.11371,-0.173454,-0.308551,52.7282,25.472,0.0,0.009682878831359753,0.28,0.0,2
1252,310.342,59.0621,0.0889101,-0.173846,-0.296013,52.426,25.494,0.0,0.006290748737366668,0.28,0.0,2
1253,310.698,59.303,0.066283,-0.174103,-0.283377,52.1031,25.516,0.0,0.0030337172520378134,0.28,0.0,2
1254,311.055,59.5498,0.0456995,-0.174242,-0.270744,51.7604,25.538,0.0,-0.00012456219395328132,0.28,0.0,2
1255,311.415,59.7907,0.0255757,-0.17429,-0.258034,51.4035,25.56,0.0,-0.0032017879758236855,0.28,0.0,2
1256,311.775,60.0286,0.00410193,-0.174208,-0.245342,51.0256,25.582,0.0,-0.00619982187097049,0.28,0.0,2
1257,312.137,60.2652,-0.0168097,-0.173995,-0.232612,50.6279,25.604,0.0,-0.009077734832988044,0.28,0.0,2
1258,312.501,60.503,-0.0363588,-0.173657,-0.219868,50.2113,25.626,0.0,-0.011968500031236312,0.28,0.0,2
1259,312.866,60.7423,-0.0551446,-0.1732,-0.207144,49.7767,25.648,0.0,-0.014872732567995456,0.28,0.0,2
1260,313.232,60.9819,-0.078309,-0.172604,-0.194429,49.3218,25.67,0.0,-0.01774286247470219,0.28,0.0,2
1261,313.6,61.2213,-0.100846,-0.171809,-0.181733,48.8385,25.692,0.0,-0.02048502007001482,0.28,0.0,2
1262,313.97,61.4596,-0.119716,-0.170877,-0.169082,48.3358,25.714,0.0,-0.023083161476822316,0.28,0.0,2
1263,314.341,61.6953,-0.136925,-0.169841,-0.156466,47.8188,25.736,0.0,-0.025579119817964617,0.28,0.0,2
1264,314.714,61.929,-0.138362,-0.168801,-0.143896,47.3009,25.758,0.0,-0.02533725666876332,0.28,0.0,2
1265,315.085,62.1607,-0.140815,-0.163712,-0.131519,46.7836,25.78,0.0,-0.025795000767130268,0.28,0.0,2
1266,315.458,62.3909,-0.139996,-0.158533,-0.119469,46.2665,25.802,0.0,-0.026144138927363475,0.28,0.0,2
1267,315.833,62.6198,-0.138719,-0.153334,-0.107773,45.7493,25.824,0.0,-0.02640290084236417,0.28,0.0,2
1268,316.21,62.8634,-0.139621,-0.148158,-0.0964188,45.2376,25.846,0.0,-0.026574764347759273,0.28,0.0,2
1269,316.589,63.0937,-0.152112,-0.143011,-0.0854218,44.7321,25.868,0.0,-0.026656055696572013,0.28,0.0,2
1270,316.97,63.3165,-0.160477,-0.137792,-0.0747925,44.2197,25.89,0.0,-0.02658928504653431,0.28,0.0,2
1271,317.353,63.5368,-0.158378,-0.132501,-0.064537,43.7009,25.912,0.0,-0.026393700920013738,0.28,0.0,2
1272,317.738,63.7599,-0.152807,-0.127151,-0.0546463,43.1774,25.934,0.0,-0.026116323857343485,0.28,0.0,2
1273,318.124,63.9867,-0.146236,-0.121755,-0.0451355,42.6508,25.956,0.0,-0.025763361642017618,0.28,0.0,2
1274,318.512,64.2167,-0.13755,-0.116353,-0.0359955,42.1262,25.978,0.0,-0.02537266724246982,0.28,0.0,2
1275,318.903,64.4484,-0.132984,-0.11095,-0.0272415,41.6039,26.0,0.0,-0.024958697925455155,0.28,0.0,2
1276,319.294,64.6809,-0.127636,-0.105559,-0.018866,41.0857,26.022,0.0,-0.024492113901480466,0.28,0.0,2
1277,319.688,64.9134,-0.12576,-0.100173,-0.0108826,40.5703,26.044,0.0,-0.023972654766350864,0.28,0.0,2
1278,320.084,65.1458,-0.12211,-0.094795,-0.00328674,40.0582,26.066,0.0,-0.02337507055437587,0.28,0.0,2
1279,320.481,65.3784,-0.121029,-0.0894154,0.00390625,39.5481,26.088,0.0,-0.022709077568036556,0.28,0.0,2
1280,320.88,65.6113,-0.117807,-0.084039,0.010704,39.0404,26.11,0.0,-0.021954614148337933,0.28,0.0,2
1281,321.281,65.8445,-0.113781,-0.0786785,0.0171021,38.5365,26.132,0.0,-0.021057953398306326,0.28,0.0,2
1282,321.683,66.0779,-0.106086,-0.0733582,0.0230988,38.039,26.154,0.0,-0.019441936441568237,0.28,0.0,2
1283,322.087,66.3115,-0.100062,-0.0680743,0.028688,37.5472,26.176,0.0,-0.017660199978408887,0.28,0.0,2
1284,322.493,66.5455,-0.0912158,-0.0628366,0.0338806,37.0621,26.198,0.0,-0.015743135790057837,0.28,0.0,2
1285,322.901,66.7798,-0.0813359,-0.0576612,0.0386917,36.5852,26.22,0.0,-0.013900114412878108,0.28,0.0,2
1286,323.31,67.0145,-0.0710106,-0.0525507,0.0431213,36.1168,26.242,0.0,-0.012070823940268822,0.28,0.0,2
1287,323.721,67.2479,-0.0625354,-0.0475011,0.0471298,35.6555,26.264,0.0,-0.010184057100840901,0.28,0.0,2
1288,324.133,67.4824,-0.0538848,-0.0424912,0.050769,35.1996,26.286,0.0,-0.00817205012966646,0.28,0.0,2
1289,324.547,67.7135,-0.0423867,-0.0375568,0.0540146,34.7522,26.308,0.0,-0.0058857659587691485,0.28,0.0,2
1290,324.963,67.9406,-0.0265684,-0.0327375,0.0569092,34.3174,26.33,0.0,-0.0033939135503129794,0.28,0.0,2
1291,325.38,68.1638,-0.0141059,-0.0280122,0.0593857,33.8919,26.352,0.0,-0.0008000888889842309,0.28,0.0,2
1292,325.799,68.3829,0.000242365,-0.0233834,0.0615372,33.4769,26.374,0.0,0.0018325400861801634,0.28,0.0,2
1293,326.219,68.5998,0.0107269,-0.0188335,0.0633591,33.0701,26.396,0.0,0.0044830069152328724,0.28,0.0,2
1294,326.64,68.8387,0.0245564,-0.0143659,0.0647293,32.6699,26.418,0.0,0.007182650611697216,0.28,0.0,2
1295,327.063,69.0611,0.0436945,-0.00995922,0.0657562,32.2757,26.44,0.0,0.009909010870481256,0.28,0.0,2
1296,327.487,69.2708,0.0648394,-0.00563598,0.0664413,31.8892,26.462,0.0,0.012661269913400774,0.28,0.0,2
1297,327.913,69.4727,0.0813325,-0.00144017,0.0667801,31.514,26.484,0.0,0.015427143520969223,0.28,0.0,2
1298,328.34,69.6755,0.094893,0.00259137,0.0668533,31.1541,26.506,0.0,0.018130375068281076,0.28,0.0,2
1299,328.768,69.8831,0.104206,0.00644672,0.0666183,30.8096,26.528,0.0,0.020771474603858933,0.28,0.0,2
1300,329.197,70.097,0.108093,0.0101656,0.0660309,30.4756,26.55,0.0,0.023366523047797867,0.28,0.0,2
1301,329.628,70.3149,0.11524,0.0137677,0.0651093,30.1504,26.572,0.0,0.025891438306799984,0.28,0.0,2
1302,330.06,70.5343,0.122409,0.0172813,0.0639359,29.8325,26.594,0.0,0.028390432362980667,0.28,0.0,2
1303,330.493,70.7535,0.134405,0.0207118,0.0624359,29.52,26.616,0.0,0.030864394799948923,0.28,0.0,2
1304,330.928,70.9718,0.145483,0.0240663,0.0606644,29.2129,26.638,0.0,0.033293946034102184,0.28,0.0,2
1305,331.363,71.1897,0.159478,0.02733,0.0586182,28.9123,26.66,0.0,0.03567962538010924,0.28,0.0,2
1306,331.8,71.4076,0.171607,0.0305029,0.0562943,28.6177,26.682,0.0,0.038003897328579075,0.28,0.0,2
1307,332.239,71.6254,0.183302,0.0335916,0.0537018,28.3287,26.704,0.0,0.04028767056865651,0.28,0.0,2
1308,332.678,71.843,0.197567,0.0365704,0.0508484,28.047,26.726,0.0,0.042539310400015844,0.28,0.0,2
1309,333.119,72.0605,0.208947,0.0394411,0.0477539,27.7728,26.748,0.0,0.0447400916039499,0.28,0.0,2
1310,333.561,72.2781,0.218788,0.0422171,0.0444031,27.5043,26.77,0.0,0.04695490006054782,0.28,0.0,2
1311,334.004,72.4958,0.22753,0.0449018,0.0408173,27.2414,26.792,0.0,0.049238027790178496,0.28,0.0,2
1312,334.448,72.7107,0.270483,0.0472735,0.0370178,27.0014,26.814,0.0,0.051565149430974955,0.28,0.0,2
1313,334.894,72.9261,0.290037,0.0493193,0.0330475,26.7855,26.836,0.0,0.0536271028633905,0.28,0.0,2
1314,335.34,73.1385,0.29827,0.0513369,0.0289169,26.5703,26.858,0.0,0.055582687889503324,0.28,0.0,2
1315,335.788,73.3474,0.302115,0.0533749,0.024585,26.3516,26.88,0.0,0.05754787218332459,0.28,0.0,2
1316,336.237,73.5528,0.299168,0.0554452,0.0200577,26.1285,26.902,0.0,0.05958600922608414,0.28,0.0,2
1317,336.687,73.7554,0.289574,0.0575519,0.0153336,25.9009,26.924,0.0,0.06184554871405274,0.28,0.0,2
1318,337.138,73.9846,0.286112,0.0597205,0.0103699,25.6661,26.946,0.0,0.06434425041158666,0.28,0.0,2
1319,337.59,74.1884,0.337092,0.06223,0.00522766,25.4048,26.968,0.0,0.06701282709997214,0.28,0.0,2
1320,338.044,74.3829,0.379461,0.0646809,-8.8501e-05,25.1466,26.99,0.0,0.0695627887943125,0.28,0.0,2
1321,338.498,74.5691,0.399286,0.0667938,-0.00559387,24.9116,27.012,0.0,0.07210005273038868,0.28,0.0,2
1322,338.953,74.7573,0.395422,0.0684894,-0.011293,24.7046,27.034,0.0,0.07471106788932597,0.28,0.0,2
1323,339.409,74.9506,0.376348,0.069819,-0.0171661,24.5219,27.056,0.0,0.07750024870655813,0.28,0.0,2
1324,339.866,75.1497,0.351761,0.0709032,-0.0231995,24.3545,27.078,0.0,0.08046814705997642,0.28,0.0,2
1325,340.325,75.352,0.34002,0.0718133,-0.0293518,24.1977,27.1,0.0,0.08350164316179984,0.28,0.0,2
1326,340.784,75.5553,0.335229,0.0726266,-0.035611,24.0462,27.122,0.0,0.08638771145314608,0.28,0.0,2
1327,341.244,75.758,0.341761,0.0733808,-0.0419708,23.8973,27.144,0.0,0.08910268489059187,0.28,0.0,2
1328,341.706,75.9594,0.354036,0.0740638,-0.0483856,23.7524,27.166,0.0,0.09160746428345073,0.28,0.0,2
1329,342.168,76.1605,0.365721,0.0746741,-0.0548706,23.6115,27.188,0.0,0.09391829992734406,0.28,0.0,2
1330,342.632,76.3613,0.377729,0.0752137,-0.0614182,23.4743,27.21,0.0,0.09608695260712156,0.28,0.0,2
1331,343.096,76.5618,0.389657,0.0756693,-0.0680069,23.3421,27.232,0.0,0.09813731065818226,0.28,0.0,2
1332,343.562,76.7618,0.400525,0.076026,-0.0746536,23.2156,27.254,0.0,0.10008262970852685,0.28,0.0,2
1333,344.028,76.9615,0.409465,0.076275,-0.0813248,23.096,27.276,0.0,0.10193558442532019,0.28,0.0,2
1334,344.496,77.1611,0.416264,0.0764139,-0.0880249,22.9832,27.298,0.0,0.10370456053147284,0.28,0.0,2
1335,344.964,77.3547,0.475384,0.0760721,-0.094696,22.9038,27.32,0.0,0.10539238297233558,0.28,0.0,2
1336,345.434,77.5519,0.490954,0.0752575,-0.101282,22.8582,27.342,0.0,0.10653769839008645,0.28,0.0,2
1337,345.905,77.7479,0.483856,0.0745188,-0.107811,22.808,27.364,0.0,0.10744959910231446,0.28,0.0,2
1338,346.377,77.9412,0.475017,0.0739543,-0.11431,22.7457,27.386,0.0,0.10836065764800051,0.28,0.0,2
1339,346.849,78.1318,0.458292,0.0735654,-0.120808,22.6708,27.408,0.0,0.10932495876941131,0.28,0.0,2
1340,347.323,78.3201,0.434452,0.0733409,-0.127322,22.5838,27.43,0.0,0.11042394640123354,0.28,0.0,2
1341,347.798,78.5377,0.468327,0.0734761,-0.13383,22.4714,27.452,0.0,0.11168435345538488,0.28,0.0,2
1342,348.274,78.7222,0.537944,0.0741707,-0.140337,22.3198,27.474,0.0,0.11275371242358899,0.28,0.0,2
1343,348.75,78.8989,0.57574,0.0747436,-0.146855,22.1762,27.496,0.0,0.11361121051183637,0.28,0.0,2
1344,349.228,79.0724,0.567586,0.0748765,-0.153403,22.0623,27.518,0.0,0.11449747200358087,0.28,0.0,2
1345,349.707,79.2497,0.530767,0.0745312,-0.159984,21.9806,27.54,0.0,0.11558658271117926,0.28,0.0,2
1346,350.186,79.4323,0.479207,0.0738302,-0.166588,21.9228,27.562,0.0,0.11687436154140704,0.28,0.0,2
1347,350.667,79.6217,0.404518,0.0731713,-0.173232,21.861,27.584,0.0,0.10831321169045405,0.28,0.0,2
1348,351.148,79.8139,0.349257,0.0728282,-0.179919,21.7762,27.606,0.0,0.10243067689955082,0.28,0.0,2
1349,351.63,80.0061,0.318736,0.0728153,-0.186641,21.6674,27.628,0.0,0.09848731284034173,0.28,0.0,2
1350,352.113,80.1973,0.307459,0.0730549,-0.193413,21.5397,27.65,0.0,0.09591028182153635,0.28,0.0,2
1351,352.598,80.388,0.302957,0.0734752,-0.20024,21.3983,27.672,0.0,0.09429089567428806,0.28,0.0,2
1352,353.083,80.5785,0.303545,0.0740193,-0.207135,21.2468,27.694,0.0,0.09337849247122555,0.28,0.0,2
1353,353.569,80.7684,0.307944,0.0746249,-0.214117,21.0894,27.716,0.0,0.09291863065297305,0.28,0.0,2
1354,354.056,80.9572,0.312296,0.0752494,-0.22115,20.9295,27.738,0.0,0.09278416418316074,0.28,0.0,2
1355,354.544,81.1451,0.314954,0.0758733,-0.228252,20.7681,27.76,0.0,0.09289843558615524,0.28,0.0,2
1356,355.033,81.332,0.317232,0.076486,-0.235461,20.6054,27.782,0.0,0.09324467932928589,0.28,0.0,2
1357,355.523,81.5142,0.358488,0.0767293,-0.242696,20.467,27.804,0.0,0.0937699894544213,0.28,0.0,2
1358,356.014,81.6981,0.360019,0.0767244,-0.249934,20.3447,27.826,0.0,0.09415514073852516,0.28,0.0,2
1359,356.505,81.88,0.35488,0.0767823,-0.257182,20.2175,27.848,0.0,0.09455498639163155,0.28,0.0,2
1360,356.998,82.0595,0.344692,0.0769707,-0.264476,20.0801,27.87,0.0,0.09500835171583413,0.28,0.0,2
1361,357.491,82.2363,0.332381,0.0772917,-0.27182,19.9323,27.892,0.0,0.09560531007878591,0.28,0.0,2
1362,357.985,82.4185,0.316672,0.0777463,-0.27923,19.774,27.914,0.0,0.09640870837257279,0.28,0.0,2
1363,358.481,82.6089,0.371129,0.0786556,-0.286711,19.5835,27.936,0.0,0.0974093478677212,0.28,0.0,2
1364,358.977,82.7793,0.416904,0.0797698,-0.294249,19.3783,27.958,0.0,0.09829119065104322,0.28,0.0,2
1365,359.473,82.942,0.431156,0.0806971,-0.301851,19.1842,27.98,0.0,0.09919630379683937,0.28,0.0,2
1366,359.971,83.105,0.412521,0.0812646,-0.309576,19.0112,28.002,0.0,0.10024984275151835,0.28,0.0,2
1367,360.469,83.2705,0.378911,0.0814914,-0.317378,18.8586,28.024,0.0,0.1016507753361837,0.28,0.0,2
1368,360.968,83.4386,0.340724,0.0814852,-0.325264,18.7191,28.046,0.0,0.10332674137905684,0.28,0.0,2
1369,361.468,83.6078,0.31301,0.081342,-0.333197,18.5869,28.068,0.0,0.10519570145021857,0.28,0.0,2
1370,361.968,83.7768,0.297659,0.0811167,-0.34117,18.4585,28.09,0.0,0.10718024687393723,0.28,0.0,2
1371,362.47,83.9447,0.293093,0.0808374,-0.349124,18.3331,28.112,0.0,0.10919542817549908,0.28,0.0,2
1372,362.971,83.5934,0.28132,0.0803374,-0.35706,18.2215,28.134,0.0,0.11113773265974733,0.0,0.08874717211253697,2
1373,363.468,83.044,0.230365,0.0792128,-0.36489,18.1517,28.156,0.0,0.11300261954145861,0.0,0.09332492772860508,2
1374,363.962,82.5081,0.166097,0.0775906,-0.37261,18.116,28.178,0.0,0.11491655076291771,0.0,0.08594202199681653,2
1375,364.454,82.4281,0.136485,0.0759164,-0.380188,18.0859,28.2,0.0,0.11685853184378246,0.18,0.0,2
1376,364.945,82.0664,0.147647,0.0744113,-0.387593,18.0474,28.222,0.0,0.11861387850329781,0.0,0.08064270267459232,2
1377,365.434,81.995,0.159177,0.0728526,-0.394827,18.0152,28.244,0.0,0.12008754286463386,0.18,0.0,2
1378,365.923,81.9719,0.220974,0.0712757,-0.401855,17.9879,28.266,0.0,0.12131499405082716,0.14,0.0,2
1379,366.41,81.3337,0.214513,0.0692685,-0.408643,17.994,28.288,0.0,0.12201385739929935,0.0,0.18667648077551363,2
1380,366.893,80.4789,0.165798,0.067062,-0.41517,18.0189,28.31,0.0,0.12261699537415419,0.0,0.19642551020342033,2
1381,367.369,79.6385,0.09636,0.0646446,-0.421472,18.0632,28.332,0.0,0.12338466363622913,0.0,0.1871885231510597,2
1382,367.841,78.8445,0.031003,0.0620308,-0.427554,18.1264,28.354,0.0,0.1243563518604367,0.0,0.17043625367618084,2
1383,368.309,78.1134,-0.01722,0.0592802,-0.433403,18.2051,28.376,0.0,0.1254245067173533,0.0,0.14923344340877465,2
1384,368.772,77.4401,0.0196313,0.0566427,-0.43895,18.2832,28.398,0.0,0.12644997968804433,0.0,0.12555704042444932,2
1385,369.231,76.8653,0.102672,0.0543562,-0.444119,18.3449,28.42,0.0,0.12700859889195543,0.0,0.10025751951660147,2
1386,369.688,76.7577,0.194384,0.0524976,-0.448993,18.3823,28.442,0.0,0.12701355573619494,0.14,0.0,2
1387,370.145,76.7258,0.292212,0.0511693,-0.453575,18.3873,28.464,0.0,0.12654095366074128,0.14,0.0,2
1388,370.602,76.6943,0.365059,0.0500638,-0.457936,18.3804,28.486,0.0,0.1257518965705593,0.14,0.0,2
1389,371.058,76.6635,0.413499,0.0490617,-0.462123,18.3693,28.508,0.0,0.12472452767505199,0.14,0.0,2
1390,371.514,76.6331,0.442625,0.048103,-0.466183,18.3575,28.53,0.0,0.12357400146134932,0.14,0.0,2
1391,371.97,76.2585,0.435109,0.0469438,-0.470105,18.3635,28.552,0.0,0.12237457103512059,0.0,0.08456049740843952,2
1392,372.422,75.7192,0.384235,0.0452851,-0.473914,18.4093,28.574,0.0,0.12142975526262009,0.0,0.10639161864579887,2
1393,372.87,75.139,0.326006,0.0433478,-0.477589,18.4797,28.596,0.0,0.12085677090175181,0.0,0.11744016137080739,2
1394,373.315,74.5354,0.273787,0.0412387,-0.481123,18.5671,28.618,0.0,0.12054762624893794,0.0,0.12385744202642876,2
1395,373.756,73.9212,0.231736,0.0390592,-0.484494,18.6646,28.64,0.0,0.1203691006821565,0.0,0.12723487957085503,2
1396,374.194,73.3022,0.207244,0.0368719,-0.487677,18.768,28.662,0.0,0.12021659556054347,0.0,0.12866186552000378,2
1397,374.628,72.6842,0.197956,0.0347065,-0.490648,18.8756,28.684,0.0,0.11998302982331643,0.0,0.12876956007212598,2
1398,375.058,72.0714,0.200634,0.032581,-0.493405,18.9861,28.706,0.0,0.11961978934189973,0.0,0.12804548300866203,2
1399,375.485,71.4652,0.208671,0.0305251,-0.495955,19.0968,28.728,0.0,0.11913730587428303,0.0,0.12681905594812165,2
1400,375.907,70.8677,0.221426,0.0285615,-0.498285,19.2062,28.75,0.0,0.11829248643857866,0.0,0.1252606851051872,2
1401,376.328,70.7562,0.267475,0.0269551,-0.500407,19.2919,28.772,0.0,0.11727159517656437,0.14,0.0,2
1402,376.749,70.7432,0.342058,0.0259004,-0.502336,19.3373,28.794,0.0,0.11582927222520714,0.14,0.0,2
1403,377.169,70.7298,0.409536,0.0252167,-0.504099,19.3559,28.816,0.0,0.11399708677804904,0.14,0.0,2
1404,377.589,70.383,0.44371,0.0245572,-0.505745,19.3751,28.838,0.0,0.11200022464140785,0.0,0.08143871516346206,2
1405,378.005,69.9407,0.43857,0.023614,-0.507286,19.4202,28.86,0.0,0.11021442001425866,0.0,0.07876505429346171,2
1406,378.421,69.8718,0.439621,0.0227945,-0.508756,19.4569,28.882,0.0,0.10894093964351392,0.14,0.0,2
1407,378.835,69.5338,0.443236,0.0221076,-0.510159,19.484,28.904,0.0,0.1077708296774014,0.0,0.08025182619067277,2
1408,379.247,69.1019,0.421691,0.0211425,-0.511482,19.5364,28.926,0.0,0.10691971777400076,0.0,0.0771795971356807,2
1409,379.657,69.0364,0.41788,0.0203348,-0.512746,19.5771,28.948,0.0,0.10641531296820399,0.14,0.0,2
1410,380.066,68.7064,0.428254,0.0197042,-0.513934,19.6047,28.97,0.0,0.10598924213348608,0.0,0.07803498404403086,2
1411,380.474,68.64,0.437548,0.0190761,-0.515057,19.6336,28.992,0.0,0.10566131220333025,0.14,0.0,2
1412,380.881,68.3056,0.444874,0.0185509,-0.516107,19.6554,29.014,0.0,0.10532633089847968,0.0,0.07999445613767839,2
1413,381.286,68.2389,0.451562,0.0180186,-0.517108,19.679,29.036,0.0,0.10510420004259614,0.14,0.0,2
1414,381.691,67.9053,0.458372,0.0175484,-0.518054,19.6985,29.058,0.0,0.10488171506155579,0.0,0.08023802297281545,2
1415,382.094,67.8395,0.462743,0.0170362,-0.518932,19.7233,29.08,0.0,0.10475396250878134,0.14,0.0,2
1416,382.496,67.5119,0.467257,0.0165691,-0.519774,19.745,29.102,0.0,0.10461125964213963,0.0,0.07775499591525167,2
1417,382.896,67.4488,0.469557,0.0160501,-0.520575,19.7721,29.124,0.0,0.104551332234546,0.14,0.0,2
1418,383.297,67.4427,0.48521,0.0157959,-0.52132,19.7778,29.146,0.0,0.10446654237043926,0.14,0.0,2
1419,383.697,67.4364,0.501815,0.0156498,-0.522029,19.7748,29.168,0.0,0.10432019938698757,0.14,0.0,2
1420,384.098,67.43,0.515271,0.0155536,-0.522716,19.7681,29.19,0.0,0.10413713029468574,0.14,0.0,2
1421,384.498,67.4234,0.525083,0.0154819,-0.523367,19.76,29.212,0.0,0.1039458938010418,0.14,0.0,2
1422,384.899,67.4167,0.531403,0.0154177,-0.524008,19.7515,29.234,0.0,0.1037707010597281,0.14,0.0,2
1423,385.299,67.4099,0.534829,0.0153476,-0.524649,19.7434,29.256,0.0,0.10362695073965644,0.14,0.0,2
1424,385.699,67.4032,0.535859,0.0152645,-0.525264,19.7372,29.278,0.0,0.10352089002411685,0.14,0.0,2
1425,386.099,67.0782,0.517283,0.0149901,-0.525882,19.7473,29.3,0.0,0.10345133755137886,0.0,0.07709494126608235,2
1426,386.497,67.0166,0.502785,0.0145683,-0.5265,19.7703,29.322,0.0,0.10358118312063136,0.14,0.0,2
1427,386.894,67.0126,0.493441,0.0144362,-0.52709,19.7687,29.344,0.0,0.10372379566411515,0.14,0.0,2
1428,387.292,67.0084,0.49415,0.0144706,-0.527689,19.7526,29.366,0.0,0.10384533160624956,0.14,0.0,2
1429,387.69,67.0044,0.500698,0.0145409,-0.528282,19.7333,29.388,0.0,0.10392747233608465,0.14,0.0,2
1430,388.088,67.0009,0.511737,0.0145681,-0.528868,19.7181,29.41,0.0,0.10395658680065953,0.14,0.0,2
1431,388.486,66.9977,0.522953,0.0145276,-0.529443,19.7089,29.432,0.0,0.10396893507660339,0.14,0.0,2
1432,388.883,66.9952,0.532309,0.0144343,-0.529999,19.7047,29.454,0.0,0.10395779341077761,0.14,0.0,2
1433,389.281,66.9933,0.539043,0.0143123,-0.530534,19.7035,29.476,0.0,0.10392465054108393,0.14,0.0,2
1434,389.679,66.9848,0.516987,0.0140538,-0.531056,19.7144,29.498,0.0,0.1038821526018022,0.14,0.0,2
1435,390.076,66.987,0.499204,0.0136964,-0.531592,19.7336,29.52,0.0,0.1039320953909362,0.14,0.0,2
1436,390.474,66.9874,0.498981,0.0134273,-0.532108,19.7457,29.542,0.0,0.10396739540033606,0.14,0.0,2
1437,390.872,66.9872,0.507078,0.0132458,-0.532608,19.7504,29.564,0.0,0.10391445233918627,0.14,0.0,2
1438,391.269,66.9866,0.51855,0.013135,-0.533067,19.7499,29.586,0.0,0.10385542549231477,0.14,0.0,2
1439,391.667,66.9856,0.529669,0.0130684,-0.533514,19.7459,29.608,0.0,0.10390702555934095,0.14,0.0,2
1440,392.064,66.9843,0.538435,0.0130193,-0.53394,19.7407,29.63,0.0,0.1040351984143271,0.14,0.0,2
1441,392.462,66.9827,0.543729,0.0129647,-0.534372,19.7359,29.652,0.0,0.10419376755214795,0.14,0.0,2
1442,392.859,66.9807,0.548138,0.0128706,-0.534778,19.7351,29.674,0.0,0.10472609078659749,0.14,0.0,2
1443,393.257,66.9791,0.548057,0.0127387,-0.535176,19.7378,29.696,0.0,0.10515165882971783,0.14,0.0,2
1444,393.655,66.9774,0.5495,0.012569,-0.535556,19.7442,29.718,0.0,0.1055039906667926,0.14,0.0,2
1445,394.052,66.976,0.549003,0.0123773,-0.535916,19.753,29.74,0.0,0.10578295169977965,0.14,0.0,2
1446,394.449,66.9746,0.548381,0.0121822,-0.536279,19.762,29.762,0.0,0.10624947026645076,0.14,0.0,2
1447,394.846,66.5162,0.527799,0.0117848,-0.536597,19.7898,29.784,0.0,0.10689063097481026,0.0,0.1352042427609274,2
1448,395.239,65.9614,0.492891,0.0109794,-0.536865,19.8547,29.806,0.0,0.10778022762794547,0.0,0.11757430142138202,2
1449,395.629,65.4755,0.463938,0.00992084,-0.537102,19.943,29.828,0.0,0.10881031389266763,0.0,0.09623646908025034,2
1450,396.016,65.0521,0.446146,0.00870705,-0.537325,20.0459,29.85,0.0,0.10984673059893661,0.0,0.0775484857317594,2
1451,396.402,65.0019,0.458885,0.00767183,-0.537437,20.1358,29.872,0.0,0.11078386877781879,0.14,0.0,2
1452,396.787,65.0045,0.494967,0.00701094,-0.53744,20.195,29.894,0.0,0.11140275381875546,0.14,0.0,2
1453,397.173,65.0077,0.512601,0.00658369,-0.537373,20.2348,29.916,0.0,0.11170696157467781,0.14,0.0,2
1454,397.559,65.0122,0.509914,0.00656247,-0.537279,20.2389,29.938,0.0,0.11188955341259002,0.14,0.0,2
1455,397.945,65.0166,0.518039,0.00670123,-0.537195,20.2283,29.96,0.0,0.11213796446823149,0.14,0.0,2
1456,398.331,65.0209,0.538587,0.00674582,-0.537103,20.2263,29.982,0.0,0.11242241121941812,0.14,0.0,2
1457,398.716,65.0259,0.564802,0.00654149,-0.536978,20.2474,30.004,0.0,0.11265332970582587,0.14,0.0,2
1458,399.102,65.0324,0.584174,0.0061276,-0.536789,20.2889,30.026,0.0,0.1127172106109673,0.14,0.0,2
1459,399.488,65.0405,0.597183,0.00560045,-0.53656,20.3416,30.048,0.0,0.11265997440614729,0.14,0.0,2
1460,399.874,65.0457,0.599347,0.00501943,-0.536258,20.4009,30.07,0.0,0.112513359270898,0.14,0.0,2
1461,400.26,65.0427,0.520712,0.0039959,-0.535967,20.5004,30.092,0.0,0.11233681826510446,0.14,0.0,2
1462,400.646,65.0644,0.491742,0.0029664,-0.535655,20.6012,30.114,0.0,0.11230170071583649,0.14,0.0,2
1463,401.033,65.0779,0.501697,0.00219631,-0.535268,20.6804,30.136,0.0,0.11202917395467424,0.14,0.0,2
1464,401.419,65.0904,0.524471,0.00165725,-0.534821,20.7399,30.158,0.0,0.11143468624340874,0.14,0.0,2
1465,401.805,65.1015,0.551966,0.0012815,-0.534285,20.7863,30.18,0.0,0.11060408707290612,0.14,0.0,2
1466,402.191,65.1121,0.572448,0.00100303,-0.533705,20.8248,30.202,0.0,0.10975050709370116,0.14,0.0,2
1467,402.578,65.1221,0.584575,0.000773907,-0.533084,20.8597,30.224,0.0,0.1089222894515033,0.14,0.0,2
1468,402.965,65.1318,0.588318,0.000558853,-0.532434,20.894,30.246,0.0,0.10815081182747859,0.14,0.0,2
1469,403.351,65.1417,0.584437,0.000341415,-0.53177,20.9287,30.268,0.0,0.10745700022212268,0.14,0.0,2
1470,403.738,65.1519,0.576828,0.00013113,-0.531091,20.9633,30.29,0.0,0.10603725793426565,0.14,0.0,2
1471,404.125,65.1627,0.565226,-3.31402e-05,-0.530424,20.9932,30.312,0.0,0.10443487851875284,0.14,0.0,2
1472,404.512,65.1736,0.556351,-0.000142336,-0.529744,21.0183,30.334,0.0,0.10272905137427768,0.14,0.0,2
1473,404.898,65.1847,0.54605,-0.000181198,-0.529074,21.0367,30.356,0.0,0.10096713534622172,0.14,0.0,2
1474,405.285,65.196,0.535786,-0.000132799,-0.528419,21.0466,30.378,0.0,0.09926488936573295,0.14,0.0,2
1475,405.673,65.2072,0.528828,-1.5974e-05,-0.527779,21.0499,30.4,0.0,0.0976124361488854,0.14,0.0,2
1476,406.06,65.2185,0.520027,0.000172615,-0.527162,21.046,30.422,0.0,0.09598496241818762,0.14,0.0,2
1477,406.447,65.23,0.510625,0.000444651,-0.526564,21.034,30.444,0.0,0.09439949337880896,0.14,0.0,2
1478,406.834,65.2413,0.504076,0.000779152,-0.526007,21.0153,30.466,0.0,0.09287023423152188,0.14,0.0,2
1479,407.222,65.2529,0.4954,0.0011816,-0.525487,20.9896,30.488,0.0,0.09137983550762985,0.14,0.0,2
1480,407.609,65.2654,0.470667,0.00169754,-0.525018,20.9524,30.51,0.0,0.08994158160617667,0.14,0.0,2
1481,407.997,65.2803,0.42354,0.00262618,-0.524654,20.8752,30.532,0.0,0.08865076879782968,0.14,0.0,2
1482,408.385,65.2964,0.400684,0.00381279,-0.524414,20.7722,30.554,0.0,0.08766738053185981,0.14,0.0,2
1483,408.773,65.3134,0.406865,0.00493026,-0.524289,20.6733,30.576,0.0,0.08718525960526631,0.14,0.0,2
1484,409.16,65.3318,0.427444,0.00580502,-0.524226,20.5956,30.598,0.0,0.08658041214419432,0.14,0.0,2
1485,409.548,65.352,0.443554,0.00649738,-0.524193,20.5339,30.62,0.0,0.08588741511974518,0.14,0.0,2
1486,409.937,65.3742,0.453572,0.00712013,-0.524207,20.4777,30.642,0.0,0.08531123611431432,0.14,0.0,2
1487,410.325,65.3948,0.459347,0.00772309,-0.524252,20.4226,30.664,0.0,0.08483812166732783,0.14,0.0,2
1488,410.713,65.3773,0.350714,0.00778222,-0.524393,20.4143,30.686,0.0,0.08445718623080821,0.14,0.0,2
1489,411.102,65.4359,0.301799,0.00764918,-0.52464,20.4208,30.708,0.0,0.0846466225359066,0.14,0.0,2
1490,411.49,65.4671,0.317585,0.00788403,-0.524899,20.3941,30.73,0.0,0.08488393463819563,0.14,0.0,2
1491,411.879,65.4949,0.356542,0.00841761,-0.525148,20.341,30.752,0.0,0.08489087453349192,0.14,0.0,2
1492,412.268,65.5209,0.397303,0.00914502,-0.525407,20.2705,30.774,0.0,0.08465587824537388,0.14,0.0,2
1493,412.657,65.5459,0.42663,0.00998306,-0.52567,20.1903,30.796,0.0,0.08426681757739261,0.14,0.0,2
1494,413.046,65.57,0.447138,0.010849,-0.525973,20.1071,30.818,0.0,0.08384139594277415,0.14,0.0,2
1495,413.436,65.5936,0.454645,0.0117087,-0.52634,20.0234,30.84,0.0,0.08343497611235676,0.14,0.0,2
1496,413.825,65.6171,0.45531,0.0125353,-0.526775,19.9413,30.862,0.0,0.08311482448348965,0.14,0.0,2
1497,414.215,65.641,0.452023,0.0133255,-0.527263,19.8616,30.884,0.0,0.08292228482209897,0.14,0.0,2
1498,414.605,65.6652,0.447753,0.0140967,-0.52782,19.7822,30.906,0.0,0.08285151966153029,0.14,0.0,2
1499,414.995,65.6895,0.444203,0.0148621,-0.528458,19.7017,30.928,0.0,0.08287837718146529,0.14,0.0,2
1500,415.385,65.714,0.441941,0.0156329,-0.529149,19.6199,30.95,0.0,0.08297904057266028,0.14,0.0,2
1501,415.775,65.7384,0.440736,0.0164113,-0.529912,19.5359,30.972,0.0,0.0831327529130083,0.14,0.0,2
1502,416.165,65.7626,0.440231,0.0171969,-0.530739,19.4503,30.994,0.0,0.08332699013974353,0.14,0.0,2
1503,416.556,65.7868,0.443302,0.017967,-0.53163,19.3648,31.016,0.0,0.08355487638375339,0.14,0.0,2
1504,416.946,65.8109,0.444515,0.018723,-0.532578,19.2794,31.038,0.0,0.08379916381519156,0.14,0.0,2
1505,417.337,65.835,0.44526,0.0194759,-0.533586,19.1932,31.06,0.0,0.08419110709265296,0.14,0.0,2
1506,417.728,65.8589,0.448917,0.020206,-0.534651,19.1079,31.082,0.0,0.08470918399092874,0.14,0.0,2
1507,418.119,65.8849,0.418309,0.0210199,-0.535776,19.0144,31.104,0.0,0.08531378199120927,0.14,0.0,2
1508,418.51,65.9138,0.357354,0.0223684,-0.537044,18.8733,31.126,0.0,0.08618678221698031,0.14,0.0,2
1509,418.901,65.9446,0.322682,0.0241599,-0.538516,18.6916,31.148,0.0,0.08752252001559696,0.14,0.0,2
1510,419.292,65.9752,0.354213,0.0257483,-0.540134,18.5247,31.17,0.0,0.08916326243860331,0.14,0.0,2
1511,419.684,66.0073,0.406414,0.0267396,-0.541798,18.4064,31.192,0.0,0.09066393452980534,0.14,0.0,2
1512,420.075,66.042,0.447283,0.0272806,-0.543463,18.3251,31.214,0.0,0.09188932737423788,0.14,0.0,2
1513,420.467,66.0792,0.476472,0.0275853,-0.545129,18.263,31.236,0.0,0.0929811672067602,0.14,0.0,2
1514,420.859,66.0978,0.482136,0.0277483,-0.546788,18.2126,31.258,0.0,0.09400513947688538,0.14,0.0,2
1515,421.251,66.0253,0.272688,0.0267971,-0.548528,18.2509,31.28,0.0,0.09508718464705178,0.14,0.0,2
1516,421.643,66.1679,0.139012,0.0251188,-0.550433,18.3456,31.302,0.0,0.0971407132775921,0.14,0.0,2
1517,422.035,66.2319,0.187116,0.0242124,-0.552249,18.3793,31.324,0.0,0.09925567842363432,0.14,0.0,2
1518,422.428,66.2756,0.295927,0.0239632,-0.553911,18.3624,31.346,0.0,0.10061008813587805,0.14,0.0,2
1519,422.821,66.3164,0.396557,0.0240867,-0.555443,18.3175,31.368,0.0,0.10118963796853393,0.14,0.0,2
1520,423.214,66.3558,0.469646,0.0243511,-0.556888,18.2677,31.39,0.0,0.10128442120950466,0.14,0.0,2
1521,423.607,66.3945,0.51525,0.0246053,-0.558293,18.2409,31.412,0.0,0.10116516760410942,0.14,0.0,2
1522,424.001,66.4326,0.537501,0.0247848,-0.55966,18.2495,31.434,0.0,0.10103654798214215,0.14,0.0,2
1523,424.395,66.471,0.54215,0.0248685,-0.561031,18.303,31.456,0.0,0.10101413055461109,0.14,0.0,2
1524,424.789,66.5101,0.538413,0.0248849,-0.562407,18.4109,31.478,0.0,0.10101449279523014,0.14,0.0,2
1525,425.183,66.5496,0.53252,0.0248711,-0.563797,18.5872,31.5,0.0,0.10087598555499366,0.14,0.0,2
1526,425.577,66.5893,0.527593,0.0248528,-0.565189,18.8594,31.522,0.0,0.10064033124891597,0.14,0.0,2
1527,425.972,66.629,0.524587,0.0248432,-0.566585,19.2851,31.544,0.0,0.100697034294046,0.14,0.0,2
1528,426.367,66.6686,0.523211,0.0248475,-0.567982,20.0271,31.566,0.0,0.10076815943626455,0.14,0.0,2
1529,426.761,66.3334,0.505741,0.0246732,-0.569377,53.8247,31.588,0.0,0.10085990379805909,0.0,0.10026404729178531,2
1530,427.152,65.8224,0.470621,0.0241497,-0.570776,53.0447,31.61,0.0,0.10115874039398774,0.0,0.12820435276672845,2
1531,427.54,65.246,0.44052,0.0234525,-0.572137,52.2605,31.632,0.0,0.1016988825533433,0.0,0.14734212560718574,2
1532,427.925,64.6212,0.415074,0.0226545,-0.573462,51.4786,31.654,0.0,0.10235364738001348,0.0,0.16157852081265525,2
1533,428.305,63.9677,0.400367,0.0217869,-0.574727,50.7016,31.676,0.0,0.10291220658570197,0.0,0.1703958725244557,2
1534,428.682,63.4075,0.342116,0.0211341,-0.575955,49.9509,31.698,0.0,0.10332839144165512,0.0,0.17508416417772976,2
1535,429.056,62.9369,0.257345,0.0213063,-0.57724,49.2699,31.72,0.0,0.10403738860376233,0.0,0.18112540838220836,2
1536,429.427,62.3812,0.197293,0.0222876,-0.578639,48.6562,31.742,0.0,0.10529333402712503,0.0,0.18895681418966304,2
1537,429.793,61.5444,0.187365,0.0236294,-0.580156,48.0786,31.764,0.0,0.10702863446589621,0.0,0.19184568191715157,2
1538,430.155,60.5875,0.261715,0.0245461,-0.581705,47.482,31.786,0.0,0.10907148551053451,0.0,0.1817535746410868,2
1539,430.511,59.9032,0.386295,0.0240688,-0.583105,46.7963,31.808,0.0,0.1108866378833751,0.0,0.16495841953564147,2
1540,430.863,59.3066,0.441414,0.0227826,-0.584319,46.0624,31.83,0.0,0.11187165637308102,0.0,0.15756193227147308,2
1541,431.212,58.7374,0.472293,0.0213509,-0.58537,45.3278,31.852,0.0,0.11239707023300552,0.0,0.15277387849854526,2
1542,431.559,58.3355,0.293647,0.0193565,-0.586371,44.5639,31.874,0.0,0.112653552485229,0.0,0.14838941475366513,2
1543,431.903,57.9583,-0.0140005,0.016129,-0.587497,43.7267,31.896,0.0,0.1136396234513794,0.0,0.15020243875611974,2
1544,432.244,57.3363,-0.277032,0.0119729,-0.588745,42.8405,31.918,0.0,0.11578275984829571,0.0,0.14817402149908787,2
1545,432.581,56.6495,-0.154571,0.0085113,-0.589769,42.0158,31.94,0.0,0.11861447848613457,0.0,0.12979240001822326,2
1546,432.915,56.2227,0.122114,0.00643134,-0.590305,41.2909,31.962,0.0,0.12008945953560199,0.0,0.10378701940538476,2
1547,433.246,55.8742,0.354158,0.0050602,-0.590408,40.618,31.984,0.0,0.11985821778606608,0.0,0.08311569920072596,2
1548,433.577,55.9412,0.508638,0.00415373,-0.590193,39.9783,32.006,0.0,0.11866199759167365,0.18,0.0,2
1549,433.878,56.114,0.589158,0.00365067,-0.589832,39.4178,32.026,0.0,0.11703627002748235,0.28,0.0,2
1550,434.181,56.3044,0.625691,0.00322795,-0.589377,38.8627,32.046,0.0,0.11548410387131358,0.28,0.0,2
1551,434.484,56.4945,0.638465,0.00283957,-0.588869,38.3102,32.066,0.0,0.11422860533860425,0.28,0.0,2
1552,434.789,56.6858,0.638036,0.00246,-0.588342,37.7593,32.086,0.0,0.1132873518752874,0.28,0.0,2
1553,435.094,56.8784,0.631842,0.00209618,-0.587788,37.2102,32.106,0.0,0.1124885390121914,0.28,0.0,2
1554,435.401,57.072,0.626854,0.00174022,-0.587225,36.6626,32.126,0.0,0.11187551432528041,0.28,0.0,2
1555,435.708,57.2663,0.623491,0.0013845,-0.586638,36.116,32.146,0.0,0.11156790095738935,0.28,0.0,2
1556,436.017,57.4614,0.619012,0.00104427,-0.586044,35.5715,32.166,0.0,0.11147686522340763,0.28,0.0,2
1557,436.327,57.6566,0.620512,0.00069809,-0.585423,35.0276,32.186,0.0,0.11155591569980225,0.28,0.0,2
1558,436.638,57.8523,0.619,0.000354052,-0.584789,34.4853,32.206,0.0,0.1113930388051293,0.28,0.0,2
1559,436.949,58.0483,0.618955,2.00272e-05,-0.584119,33.9443,32.226,0.0,0.11140271426670753,0.28,0.0,2
1560,437.262,58.2445,0.622213,-0.000331163,-0.583432,33.4037,32.246,0.0,0.11153173209311769,0.28,0.0,2
1561,437.576,58.4411,0.623768,-0.000696659,-0.582724,32.8637,32.266,0.0,0.11170292121497519,0.28,0.0,2
1562,437.892,58.638,0.624514,-0.00106311,-0.581985,32.3249,32.286,0.0,0.111713371095459,0.28,0.0,2
1563,438.208,58.8353,0.624706,-0.0014298,-0.581226,31.7875,32.306,0.0,0.11150023330580007,0.28,0.0,2
1564,438.525,59.0331,0.621529,-0.00177884,-0.580446,31.2525,32.326,0.0,0.1111620468535231,0.28,0.0,2
1565,438.843,59.2312,0.619441,-0.00211287,-0.57964,30.7197,32.346,0.0,0.11075198611903217,0.28,0.0,2
1566,439.163,59.432,0.591844,-0.00230122,-0.578833,30.1959,32.366,0.0,0.11028485728646689,0.28,0.0,2
1567,439.483,59.6327,0.572496,-0.00232267,-0.578041,29.6818,32.386,0.0,0.10989972669684976,0.28,0.0,2
1568,439.805,59.8342,0.565305,-0.00231552,-0.577258,29.1705,32.406,0.0,0.10953852603844995,0.28,0.0,2
1569,440.128,60.0366,0.568198,-0.00236392,-0.576485,28.6578,32.426,0.0,0.10908695973520195,0.28,0.0,2
1570,440.458,60.2407,0.575117,-0.00473356,-0.575684,28.1425,32.446,0.0,0.10847030277395792,0.28,0.0,2
1571,440.814,60.4461,0.58115,-0.0156448,-0.574366,27.6261,32.466,0.0,0.10726403292620292,0.28,0.0,2
1572,441.17,60.6535,0.578834,-0.0265708,-0.572314,27.112,32.486,0.0,0.10396833578141762,0.28,0.0,2
1573,441.528,60.8626,0.56532,-0.0374112,-0.569531,26.6048,32.506,0.0,0.0991071071328442,0.28,0.0,2
1574,441.887,61.0635,0.538403,-0.0480969,-0.566036,26.1073,32.526,0.0,0.09310942885942655,0.28,0.0,2
1575,442.246,61.2547,0.467056,-0.0588148,-0.561868,25.6116,32.546,0.0,0.08632533595149205,0.28,0.0,2
1576,442.606,61.4867,0.414755,-0.0693519,-0.557036,25.1265,32.566,0.0,0.07915378566511787,0.28,0.0,2
1577,442.968,61.7066,0.3824,-0.0795286,-0.551521,24.6588,32.586,0.0,0.07158914650580256,0.28,0.0,2
1578,443.33,61.925,0.354434,-0.0893536,-0.545333,24.2074,32.606,0.0,0.06365072953378664,0.28,0.0,2
1579,443.692,62.1422,0.323351,-0.0988278,-0.538503,23.7715,32.626,0.0,0.055432867292164976,0.28,0.0,2
1580,444.055,62.2467,0.294044,-0.10798,-0.531041,23.3494,32.646,0.0,0.047196039716314156,0.14,0.0,2
1581,444.418,62.3188,0.261266,-0.11685,-0.522974,22.9391,32.666,0.0,0.03908815826695851,0.14,0.0,2
1582,444.781,62.3898,0.220495,-0.125427,-0.514346,22.5407,32.686,0.0,0.031150455674612502,0.14,0.0,2
1583,445.143,62.4598,0.175947,-0.133695,-0.505181,22.1544,32.706,0.0,0.023423335248441812,0.14,0.0,2
1584,445.505,62.5289,0.133606,-0.14168,-0.495485,21.7787,32.726,0.0,0.01596412735016293,0.14,0.0,2
1585,445.866,62.5974,0.0829928,-0.149336,-0.48529,21.415,32.746,0.0,0.006103372043582203,0.14,0.0,2
1586,446.228,62.6653,0.033383,-0.156647,-0.474617,21.0634,32.766,0.0,-0.002758710745562238,0.14,0.0,2
1587,446.588,62.7324,-0.0124942,-0.163641,-0.463517,20.7228,32.786,0.0,-0.010931669473352406,0.14,0.0,2
1588,446.949,62.7994,-0.0538431,-0.170357,-0.45197,20.3912,32.806,0.0,-0.018477369985351544,0.14,0.0,2
1589,447.309,62.8692,-0.0952981,-0.176832,-0.439969,20.0668,32.826,0.0,-0.02548393856894468,0.14,0.0,2
1590,447.668,62.9343,-0.141239,-0.183064,-0.427577,19.7499,32.846,0.0,-0.03211918716223085,0.14,0.0,2
1591,448.028,62.9982,-0.18225,-0.189041,-0.414803,19.4405,32.866,0.0,-0.038428908886670846,0.14,0.0,2
1592,448.386,63.1737,-0.219852,-0.194731,-0.401649,19.1394,32.886,0.0,-0.04454229243637438,0.28,0.0,2
1593,448.746,63.3806,-0.250595,-0.200147,-0.38811,18.8456,32.906,0.0,-0.05056547955596223,0.28,0.0,2
1594,449.105,63.5889,-0.279086,-0.205324,-0.374187,18.5577,32.926,0.0,-0.056587630854919524,0.28,0.0,2
1595,449.465,63.7971,-0.313125,-0.210225,-0.359901,18.2768,32.946,0.0,-0.06261555729497878,0.28,0.0,2
1596,449.825,64.0062,-0.345031,-0.214856,-0.34528,18.0024,32.966,0.0,-0.06835519865674014,0.28,0.0,2
1597,450.186,64.2153,-0.374206,-0.219274,-0.330316,17.7327,32.986,0.0,-0.07363795726550688,0.28,0.0,2
1598,450.546,64.4237,-0.399536,-0.223517,-0.315017,17.4662,33.006,0.0,-0.0786145028120554,0.28,0.0,2
1599,450.908,64.6318,-0.419669,-0.22762,-0.299421,17.202,33.026,0.0,-0.08347498287371152,0.28,0.0,2
1600,451.269,64.8393,-0.440059,-0.231586,-0.283507,16.9399,33.046,0.0,-0.08830888994952317,0.28,0.0,2
1601,451.63,65.0462,-0.460221,-0.235399,-0.267274,16.68,33.066,0.0,-0.09311455434215107,0.28,0.0,2
1602,451.992,65.2526,-0.480497,-0.239043,-0.250769,16.423,33.086,0.0,-0.09789068877090522,0.28,0.0,2
1603,452.354,65.4659,-0.506878,-0.242558,-0.233961,16.1673,33.106,0.0,-0.10262094540853961,0.28,0.0,2
1604,452.717,65.6732,-0.544698,-0.24599,-0.216892,15.912,33.126,0.0,-0.10729505954541585,0.28,0.0,2
1605,453.079,65.8768,-0.581226,-0.249247,-0.199592,15.6597,33.146,0.0,-0.11180596247650379,0.28,0.0,2
1606,453.442,66.0788,-0.606442,-0.252268,-0.182055,15.4118,33.166,0.0,-0.11625387369842616,0.28,0.0,2
1607,453.805,66.2814,-0.623615,-0.255026,-0.164211,15.168,33.186,0.0,-0.12074499192983146,0.28,0.0,2
1608,454.169,66.4855,-0.633178,-0.257538,-0.14614,14.9285,33.206,0.0,-0.12530539495520843,0.28,0.0,2
1609,454.532,66.6898,-0.648002,-0.259815,-0.127853,14.6929,33.226,0.0,-0.12994395749915374,0.28,0.0,2
1610,454.896,66.8934,-0.668254,-0.261801,-0.109395,14.4627,33.246,0.0,-0.13451553608108546,0.28,0.0,2
1611,455.26,67.0986,-0.685368,-0.263535,-0.0907928,14.237,33.266,0.0,-0.13916836937229152,0.28,0.0,2
1612,455.625,67.3036,-0.701258,-0.26511,-0.0719978,14.0127,33.286,0.0,-0.1435916446930095,0.28,0.0,2
1613,455.989,67.5082,-0.711976,-0.266573,-0.0530571,13.7892,33.306,0.0,-0.14747016662415172,0.28,0.0,2
1614,456.354,67.7122,-0.722666,-0.267941,-0.0339676,13.5657,33.326,0.0,-0.1508385146663535,0.28,0.0,2
1615,456.719,67.9159,-0.73043,-0.269223,-0.014727,13.342,33.346,0.0,-0.1537759434105594,0.28,0.0,2
1616,457.085,68.1194,-0.734831,-0.270436,0.00466461,13.1175,33.366,0.0,-0.15645783298999555,0.28,0.0,2
1617,457.451,68.3288,-0.74565,-0.271594,0.0241776,12.8921,33.386,0.0,-0.1591583020203439,0.28,0.0,2
1618,457.817,68.5322,-0.770971,-0.272752,0.043837,12.6643,33.406,0.0,-0.1621011353486232,0.28,0.0,2
1619,458.183,68.7328,-0.801796,-0.273823,0.0636017,12.4364,33.426,0.0,-0.1655507307004172,0.28,0.0,2
1620,458.55,68.9317,-0.821978,-0.274707,0.0834785,12.2104,33.446,0.0,-0.16933880436917773,0.28,0.0,2
1621,458.917,69.1306,-0.831421,-0.27534,0.103446,11.988,33.466,0.0,-0.1733148686286195,0.28,0.0,2
1622,459.283,68.8493,-0.818186,-0.275507,0.123456,11.7743,33.486,0.0,-0.17754591888879573,0.0,0.11687478586543038,2
1623,459.645,68.0366,-0.722942,-0.27504,0.143313,11.5747,33.506,0.0,-0.18251384184098168,0.0,0.31405014503271833,2
1624,460.001,66.9083,-0.586704,-0.274356,0.162937,11.3805,33.526,0.0,-0.18890269900088535,0.0,0.40342931488820766,2
1625,460.35,65.6579,-0.462385,-0.273476,0.182327,11.1912,33.546,0.0,-0.19674835798592666,0.0,0.4000156639304221,2
1626,460.692,64.4072,-0.381226,-0.272158,0.201358,11.0134,33.566,0.0,-0.2058570565603315,0.0,0.3823100584332747,2
1627,461.026,63.2124,-0.345016,-0.27018,0.219985,10.8523,33.586,0.0,-0.21471582527339067,0.0,0.3573001059477505,2
1628,461.355,62.1048,-0.347121,-0.267516,0.238133,10.7093,33.606,0.0,-0.22266843708975842,0.0,0.328897618981829,2
1629,461.677,61.0912,-0.380382,-0.264334,0.255743,10.5814,33.626,0.0,-0.229336667998914,0.0,0.29963665196465156,2
1630,461.994,60.1735,-0.440609,-0.260817,0.272801,10.465,33.646,0.0,-0.2345894976868676,0.0,0.2707897016469815,2
1631,462.307,59.3457,-0.51476,-0.257146,0.289311,10.3562,33.666,0.0,-0.23849517089561473,0.0,0.2431981732517059,2
1632,462.615,58.5995,-0.609618,-0.253457,0.305266,10.2523,33.686,0.0,-0.24162518223038543,0.0,0.21721522705591204,2
1633,462.92,57.9299,-0.718797,-0.249875,0.320692,10.1504,33.706,0.0,-0.2440383898636712,0.0,0.19296541871633913,2
1634,463.221,57.3317,-0.828889,-0.246412,0.335603,10.0502,33.726,0.0,-0.2457954847825575,0.0,0.17059371822441788,2
1635,463.519,56.7995,-0.920876,-0.242978,0.350025,9.95337,33.746,0.0,-0.24709294878130256,0.0,0.1501564566197883,2
1636,463.815,56.3261,-0.991902,-0.239506,0.364021,9.86092,33.766,0.0,-0.24826606102186988,0.0,0.13164075318488544,2
1637,464.108,55.9062,-1.0463,-0.235943,0.377618,9.77379,33.786,0.0,-0.24955689763288047,0.0,0.11491774165128195,2
1638,464.399,55.534,-1.0863,-0.232285,0.390849,9.69176,33.806,0.0,-0.2510536276746197,0.0,0.09989609903958979,2
1639,464.689,55.2053,-1.1212,-0.228548,0.403733,9.6144,33.826,0.0,-0.2527895619547807,0.0,0.08643826603931888,2
1640,464.976,55.0884,-1.16626,-0.225084,0.41629,9.53353,33.846,0.0,-0.2546794309901689,0.14,0.0,2
1641,465.264,55.1397,-1.22741,-0.222137,0.4286,9.44247,33.866,0.0,-0.25647707391890473,0.14,0.0,2
1642,465.552,55.1899,-1.28182,-0.219419,0.440677,9.3476,33.886,0.0,-0.2579791222010068,0.14,0.0,2
1643,465.841,55.2399,-1.32208,-0.216826,0.452568,9.25075,33.906,0.0,-0.25943715242481435,0.14,0.0,2
1644,466.128,55.0227,-1.33716,-0.21393,0.464236,9.16226,33.926,0.0,-0.26109187156436553,0.0,0.07823882225127057,2
1645,466.415,54.9196,-1.34382,-0.210776,0.475666,9.08142,33.946,0.0,-0.26334741853564175,0.14,0.0,2
1646,466.701,54.9696,-1.36922,-0.207847,0.486897,8.99656,33.966,0.0,-0.26598137546413475,0.14,0.0,2
1647,466.987,55.0183,-1.39456,-0.204908,0.497946,8.91292,33.986,0.0,-0.26860791197306255,0.14,0.0,2
1648,467.273,54.4198,-1.33644,-0.201778,0.508768,8.83539,34.006,0.0,-0.2712167108277365,0.0,0.2664229034503705,2
1649,467.553,53.6196,-1.27307,-0.198288,0.519302,8.76899,34.026,0.0,-0.27513198536333683,0.0,0.2433750989299739,2
1650,467.83,52.9016,-1.25361,-0.194288,0.529498,8.71824,34.046,0.0,-0.2799711707436692,0.0,0.21257645980216466,2
1651,468.103,51.9719,-1.18112,-0.189989,0.539307,8.67927,34.066,0.0,-0.2846758099697962,0.0,0.35,2
1652,468.37,50.9075,-1.10761,-0.185832,0.548756,8.64129,34.086,0.0,-0.2899764034689605,0.0,0.35,2
1653,468.631,49.8312,-1.06986,-0.181654,0.557819,8.60884,34.106,0.0,-0.2955440638589478,0.0,0.35,2
1654,468.887,48.755,-1.05634,-0.177374,0.56646,8.58463,34.126,0.0,-0.30089051071603806,0.0,0.35,2
1655,469.137,47.6826,-1.05998,-0.173018,0.57465,8.56883,34.146,0.0,-0.30579591000266854,0.0,0.35,2
1656,469.382,46.614,-1.07388,-0.168656,0.582396,8.55982,34.166,0.0,-0.3101919508091295,0.0,0.35,2
1657,469.621,45.5476,-1.09521,-0.164342,0.589709,8.55636,34.186,0.0,-0.31413385349530515,0.0,0.35,2
1658,469.855,44.4826,-1.11877,-0.160107,0.596594,8.55771,34.206,0.0,-0.31712557534732266,0.0,0.35,2
1659,470.083,43.4231,-1.14294,-0.155965,0.603052,8.5637,34.226,0.0,-0.3200629602763695,0.0,0.35,1
1660,470.306,42.3691,-1.16494,-0.151922,0.609096,8.57406,34.246,0.0,-0.32298286702087203,0.0,0.35,1
1661,470.523,41.3133,-1.18011,-0.147998,0.614764,8.58782,34.266,0.0,-0.3259472145654153,0.0,0.35,1
1662,470.735,40.2402,-1.18766,-0.144146,0.620068,8.60606,34.286,0.0,-0.3290704868112604,0.0,0.35,1
1663,470.941,39.1653,-1.19733,-0.140356,0.625015,8.62916,34.306,0.0,-0.3324471304124246,0.0,0.35,1
1664,471.141,38.0889,-1.21398,-0.136584,0.62962,8.65828,34.326,0.0,-0.33600091453545816,0.0,0.35,1
1665,471.336,37.0146,-1.23664,-0.132778,0.633884,8.69507,34.346,0.0,-0.33961274773427674,0.0,0.35,1
1666,471.526,35.9462,-1.25946,-0.128928,0.637798,8.74019,34.366,0.0,-0.3431152602247803,0.0,0.35,1
1667,471.71,34.8851,-1.28084,-0.125051,0.641394,8.7929,34.386,0.0,-0.34653169406107437,0.0,0.35,1
1668,471.888,33.8303,-1.29579,-0.121178,0.644664,8.85259,34.406,0.0,-0.34992694389241114,0.0,0.35,1
1669,472.061,32.7788,-1.30372,-0.117341,0.647636,8.91796,34.426,0.0,-0.35341200502845227,0.0,0.35,1
1670,472.229,31.7291,-1.30706,-0.11355,0.650323,8.98864,34.446,0.0,-0.35708597701129696,0.0,0.35,1
1671,472.391,30.681,-1.30588,-0.109808,0.652746,9.06417,34.466,0.0,-0.36099283755534034,0.0,0.35,1
1672,472.548,29.634,-1.30043,-0.106122,0.654932,9.14394,34.486,0.0,-0.3651657226563822,0.0,0.35,1
1673,472.701,29.1037,-1.39581,-0.102131,0.656841,9.2408,34.506,0.0,-0.3696338811920258,0.0,0.12,1
1674,472.851,28.7315,-1.44166,-0.0978926,0.658475,9.35342,34.526,0.0,-0.371996394848369,0.0,0.12,1
1675,473.0,28.3595,-1.45583,-0.0937506,0.659921,9.46893,34.546,0.0,-0.3731724932032573,0.0,0.12,1
1676,473.147,27.9891,-1.45472,-0.089693,0.661179,9.58768,34.566,0.0,-0.37396815552786533,0.0,0.12,1
1677,473.292,27.6185,-1.44664,-0.085692,0.662294,9.7098,34.586,0.0,-0.3747052766699918,0.0,0.12,1
1678,473.435,27.2478,-1.43673,-0.0817341,0.663257,9.83586,34.606,0.0,-0.3755094974822418,0.0,0.12,1
1679,473.576,26.8774,-1.42385,-0.0778207,0.664075,9.96576,34.626,0.0,-0.37641884189522756,0.0,0.12,1
1680,473.715,26.5065,-1.41262,-0.0739368,0.664774,10.0995,34.646,0.0,-0.3774356940676584,0.0,0.12,1
1681,473.852,26.1357,-1.40446,-0.0700659,0.665319,10.2385,34.666,0.0,-0.3785059651954647,0.0,0.12,1
1682,473.987,25.7654,-1.39454,-0.0662206,0.665736,10.3817,34.686,0.0,-0.379563655908119,0.0,0.12,1
1683,474.119,24.8721,-1.30685,-0.0626436,0.666053,10.5189,34.706,0.0,-0.3806309204835475,0.0,0.35,1
1684,474.247,24.3544,-1.32291,-0.0591178,0.666273,10.6582,34.726,0.0,-0.38393868181050816,0.0,0.12,1
1685,474.374,24.3467,-1.36906,-0.0556846,0.666329,10.7994,34.746,0.0,-0.38661544762728606,0.14,0.0,1
1686,474.501,24.4395,-1.39366,-0.052515,0.666273,10.9339,34.766,0.0,-0.3872749624305043,0.14,0.0,1
1687,474.629,24.5354,-1.40027,-0.049414,0.666116,11.0694,34.786,0.0,-0.38668066023091124,0.14,0.0,1
1688,474.758,24.6311,-1.3957,-0.0463817,0.665874,11.2056,34.806,0.0,-0.3854789016736545,0.14,0.0,1
1689,474.886,24.7258,-1.39127,-0.0433944,0.665568,11.3428,34.826,0.0,-0.3840226236328842,0.14,0.0,1
1690,475.016,24.8201,-1.38672,-0.0404347,0.665192,11.4821,34.846,0.0,-0.3824008381785743,0.14,0.0,1
1691,475.145,24.9136,-1.3864,-0.0374767,0.664745,11.6246,34.866,0.0,-0.3806721788390254,0.14,0.0,1
1692,475.276,25.0074,-1.38666,-0.0345097,0.664204,11.7711,34.886,0.0,-0.37881058730023376,0.14,0.0,1
1693,475.406,25.1018,-1.38715,-0.0315357,0.663583,11.9213,34.906,0.0,-0.37683823580418047,0.14,0.0,1
1694,475.537,25.1969,-1.38589,-0.0285673,0.662892,12.0745,34.926,0.0,-0.37477167635400965,0.14,0.0,1
1695,475.669,25.2928,-1.38128,-0.0256279,0.662122,12.2297,34.946,0.0,-0.3726540057968182,0.14,0.0,1
1696,475.801,25.3883,-1.3782,-0.0227096,0.661275,12.3872,34.966,0.0,-0.37053830544221533,0.14,0.0,1
1697,475.934,25.4843,-1.37403,-0.0198152,0.660361,12.5466,34.986,0.0,-0.3683993073482589,0.14,0.0,1
1698,476.067,25.5803,-1.37164,-0.0169384,0.659372,12.7083,35.006,0.0,-0.36625444637727383,0.14,0.0,1
1699,476.201,25.6764,-1.36946,-0.0140778,0.658306,12.8724,35.026,0.0,-0.3640765500604584,0.14,0.0,1
1700,476.335,25.7727,-1.367,-0.011234,0.657156,13.039,35.046,0.0,-0.36186752273722456,0.14,0.0,1
1701,476.47,25.8693,-1.36414,-0.00841129,0.65593,13.2076,35.066,0.0,-0.35963179581790183,0.14,0.0,1
1702,476.605,25.9664,-1.35846,-0.00562012,0.654621,13.3778,35.086,0.0,-0.3573777922957416,0.14,0.0,1
1703,476.741,26.0635,-1.35417,-0.0028547,0.65324,13.5496,35.106,0.0,-0.35511725571648306,0.14,0.0,1
1704,476.877,26.1607,-1.35031,-0.000111103,0.651789,13.7231,35.126,0.0,-0.3528271886934598,0.14,0.0,1
1705,477.014,26.2581,-1.34657,0.0026114,0.650256,13.8985,35.146,0.0,-0.3505088511528758,0.14,0.0,1
1706,477.151,26.3561,-1.34037,0.00530052,0.648654,14.0747,35.166,0.0,-0.34816464300690253,0.14,0.0,1
1707,477.289,26.4541,-1.3358,0.00796402,0.646986,14.2523,35.186,0.0,-0.34583058547896145,0.14,0.0,1
1708,477.427,26.5526,-1.32932,0.0105944,0.645238,14.4308,35.206,0.0,-0.3434811200503159,0.14,0.0,1
1709,477.566,26.651,-1.32468,0.0131989,0.643425,14.6103,35.226,0.0,-0.34112273533142945,0.14,0.0,1
1710,477.705,26.7496,-1.32071,0.015781,0.641535,14.7913,35.246,0.0,-0.3387227360990266,0.14,0.0,1
1711,477.845,26.8487,-1.31448,0.0183307,0.639571,14.9729,35.266,0.0,-0.3362798806422213,0.14,0.0,1
1712,477.985,26.9479,-1.30992,0.0208534,0.637532,15.1555,35.286,0.0,-0.333832964011389,0.14,0.0,1
1713,478.126,27.0474,-1.30341,0.0233419,0.635429,15.3384,35.306,0.0,-0.3313576097937314,0.14,0.0,1
1714,478.267,27.1472,-1.29863,0.0258037,0.633256,15.5219,35.326,0.0,-0.3288866631882391,0.14,0.0,1
1715,478.409,27.2455,-1.29172,0.0282493,0.63101,15.7077,35.346,0.0,-0.3263925423579158,0.14,0.0,1
1716,478.552,27.3467,-1.28639,0.0306797,0.628695,15.9023,35.366,0.0,-0.32390595747917394,0.14,0.0,1
1717,478.695,27.4478,-1.27924,0.0330596,0.62631,16.1053,35.386,0.0,-0.321392737561559,0.14,0.0,1
1718,478.838,27.5484,-1.27403,0.0354016,0.623856,16.3181,35.406,0.0,-0.3188871469386324,0.14,0.0,1
1719,478.982,27.6491,-1.26705,0.0377007,0.621334,16.541,35.426,0.0,-0.31636304623482275,0.14,0.0,1
1720,479.127,27.7496,-1.26203,0.0399661,0.618746,16.775,35.446,0.0,-0.3138504240032809,0.14,0.0,1
1721,479.272,27.8501,-1.25518,0.0421926,0.616093,17.0206,35.466,0.0,-0.31132260019247426,0.14,0.0,1
1722,479.418,27.9505,-1.2501,0.0443902,0.613364,17.2795,35.486,0.0,-0.30877364161467497,0.14,0.0,1
1723,479.564,28.0511,-1.24302,0.0465519,0.610571,17.5516,35.506,0.0,-0.30615050409254163,0.14,0.0,1
1724,479.71,28.1515,-1.23765,0.0486854,0.607718,17.8385,35.526,0.0,-0.3035101624588814,0.14,0.0,1
1725,479.858,28.2524,-1.23024,0.0507832,0.604803,18.1405,35.546,0.0,-0.3008415381973523,0.14,0.0,1
1726,480.005,28.3536,-1.22201,0.052839,0.601828,18.4581,35.566,0.0,-0.2981833350039406,0.14,0.0,1
1727,480.154,28.4545,-1.21602,0.0548643,0.598783,18.7936,35.586,0.0,-0.2955459191825167,0.14,0.0,1
1728,480.303,28.5558,-1.20823,0.0568501,0.595679,19.1473,35.606,0.0,-0.2928960482225683,0.14,0.0,1
1729,480.452,28.6572,-1.19977,0.058791,0.592521,19.5197,35.626,0.0,-0.2902627822191905,0.14,0.0,1
1730,480.602,28.7585,-1.1936,0.0606997,0.589293,19.914,35.646,0.0,-0.2876301555814898,0.14,0.0,1
1731,480.753,28.86,-1.18541,0.0625679,0.586012,20.3305,35.666,0.0,-0.2848683034651962,0.14,0.0,1
1732,480.904,28.9622,-1.17157,0.0643681,0.582676,20.7676,35.686,0.0,-0.28204556538407033,0.14,0.0,1
1733,481.055,29.0645,-1.16003,0.0661091,0.579289,21.2277,35.706,0.0,-0.27925923652698015,0.14,0.0,1
1734,481.208,29.167,-1.15096,0.0678083,0.575851,21.7148,35.726,0.0,-0.276476308258646,0.14,0.0,1
1735,481.36,29.2695,-1.14655,0.0694859,0.572363,22.2337,35.746,0.0,-0.27366817638814533,0.14,0.0,1
1736,481.514,29.3727,-1.13859,0.071123,0.568813,22.7849,35.766,0.0,-0.2699536010233942,0.14,0.0,1
1737,481.668,29.4761,-1.13115,0.0727183,0.565215,23.3706,35.786,0.0,-0.2665174309795798,0.14,0.0,1
1738,481.822,29.5801,-1.12061,0.0742584,0.561571,23.9916,35.806,0.0,-0.26326351345876015,0.14,0.0,1
1739,481.977,29.6843,-1.11103,0.0757476,0.55788,24.6515,35.826,0.0,-0.2601758311345528,0.14,0.0,1
1740,482.133,30.0015,-1.10163,0.0772705,0.554123,25.3713,35.846,0.0,-0.2571767066306923,0.42,0.0,1
1741,482.291,30.1506,-1.09316,0.0787051,0.55031,26.1346,35.866,0.0,-0.2537851892752839,0.14,0.0,1
1742,482.449,30.2551,-1.08211,0.0800201,0.546455,26.9356,35.886,0.0,-0.25048068133368784,0.14,0.0,1
1743,482.608,30.3601,-1.07197,0.0812835,0.542561,27.7921,35.906,0.0,-0.24738333472211832,0.14,0.0,1
1744,482.767,30.4655,-1.06226,0.0825057,0.538628,28.7118,35.926,0.0,-0.24442132305348635,0.14,0.0,1
1745,482.927,30.5711,-1.05528,0.0836961,0.534645,29.7045,35.946,0.0,-0.2415505715724915,0.14,0.0,1
1746,483.087,30.6773,-1.04651,0.0848445,0.530626,30.775,35.966,0.0,-0.238709049429183,0.14,0.0,1
1747,483.249,30.7839,-1.03696,0.0859431,0.526572,31.93,35.986,0.0,-0.2359159079716527,0.14,0.0,1
1748,483.41,30.8908,-1.02704,0.0869895,0.522483,33.1782,36.006,0.0,-0.23317325339193706,0.14,0.0,1
1749,483.573,30.9993,-1.01542,0.087992,0.518362,34.5337,36.026,0.0,-0.2304797125197249,0.14,0.0,1
1750,483.736,31.1031,-1.00739,0.0889789,0.514209,36.0212,36.046,0.0,-0.2277564356516129,0.14,0.0,1
1751,483.899,31.2121,-0.997489,0.0899236,0.510014,37.649,36.066,0.0,-0.22485380950932674,0.14,0.0,1
1752,484.063,31.3206,-0.987281,0.0907942,0.505788,39.4209,36.086,0.0,-0.2218383037197011,0.14,0.0,1
1753,484.228,31.4288,-0.977041,0.0915974,0.501534,41.3594,36.106,0.0,-0.21875878987310865,0.14,0.0,1
1754,484.394,31.5372,-0.964168,0.092324,0.497253,43.4822,36.126,0.0,-0.21476121520446856,0.14,0.0,1
1755,484.56,31.6454,-0.950252,0.0929729,0.49296,45.813,36.146,0.0,-0.21108862862416244,0.14,0.0,1
1756,484.727,31.8911,-0.939037,0.0935899,0.488628,48.4224,36.166,0.0,-0.2076644366331742,0.32,0.0,1
1757,484.896,32.2976,-0.925162,0.0942092,0.48426,51.3999,36.186,0.0,-0.20420324481296057,0.5,0.0,1
1758,485.067,32.8621,-0.907386,0.0948577,0.479844,54.8668,36.206,0.0,-0.20049438003110606,0.6799999999999999,0.0,1
1759,485.242,33.5855,-0.880575,0.0955796,0.475346,59.0162,36.226,0.0,-0.19642779475800276,0.8599999999999999,0.0,1
1760,485.421,34.4155,-0.844184,0.0963916,0.470773,64.0952,36.246,0.0,-0.19202923168295005,0.88,0.0,1
1761,485.605,35.2955,-0.803487,0.0972172,0.46614,70.3236,36.266,0.0,-0.18739938698388714,0.88,0.0,1
1762,485.794,36.2066,-0.76238,0.0980418,0.461402,78.1133,36.286,0.0,-0.18265231057497405,0.88,0.0,1
1763,485.988,37.1397,-0.713226,0.0988718,0.456577,88.1436,36.306,0.0,-0.1778399732766181,0.88,0.0,1
1764,486.187,38.0863,-0.647161,0.0997064,0.451688,101.522,36.326,0.0,-0.17310230216763864,0.88,0.0,1
1765,486.391,39.0326,-0.56858,0.10061,0.446747,120.53,36.346,0.0,-0.16865278578197218,0.88,0.0,1
1766,486.6,39.977,-0.472469,0.101691,0.441754,182.138,36.366,0.0,-0.16459454330112377,0.88,0.0,1
1767,486.814,40.9274,-0.355161,0.103043,0.43671,180.412,36.386,0.0,-0.16116451225084596,0.88,0.0,1
1768,487.033,41.8936,-0.216969,0.104741,0.431638,178.474,36.406,0.0,-0.15832475990810752,0.88,0.0,1
1769,487.258,42.8796,-0.0587005,0.106851,0.426529,176.268,36.426,0.0,-0.15603519713866734,0.88,0.0,1
1770,487.488,43.8881,0.122486,0.109424,0.421391,173.722,36.446,0.0,-0.1542433710011709,0.88,0.0,1
1771,487.724,44.9217,0.326793,0.11252,0.416192,170.725,36.466,0.0,-0.15294142542691047,0.88,0.0,1
1772,487.965,45.9808,0.558636,0.116206,0.410942,167.092,36.486,0.0,-0.1521074180941977,0.88,0.0,1
1773,488.213,47.039,0.812351,0.120547,0.405621,162.447,36.506,0.0,-0.15247281869409413,0.88,0.0,2
1774,488.465,48.0514,1.05872,0.125518,0.400214,155.737,36.526,0.0,-0.153048598496538,0.8392499999981657,0.0,2
1775,488.724,49.0082,1.2373,0.130868,0.394621,134.886,36.546,0.0,-0.15359600021949554,0.7886299999986791,0.0,2
1776,488.987,49.8046,1.29691,0.135846,0.388759,112.03,36.566,0.0,-0.15325411458531993,0.7407899999990489,0.0,2
1777,489.254,50.5361,1.31984,0.140711,0.382529,95.7762,36.586,0.0,-0.15109031291008168,0.7009699999993159,0.0,2
1778,489.525,51.2761,1.25252,0.145121,0.375913,83.9636,36.606,0.0,-0.14732861915296763,0.664394999999507,0.0,2
1779,489.799,51.9586,1.0131,0.148294,0.368802,75.6428,36.626,0.0,-0.14150157574781924,0.6273949999996455,0.0,2
1780,490.077,52.5146,0.608599,0.149495,0.361081,70.1107,36.646,0.0,-0.13260817278636214,0.5932699999997447,0.0,2
1781,490.357,53.0493,0.219545,0.148921,0.352789,66.3687,36.666,0.0,-0.12028659790231165,0.685469999999806,0.0,2
1782,490.641,53.5926,-0.0518284,0.147355,0.344107,63.5062,36.686,0.0,-0.10618487071631501,0.6587349999998525,0.0,2
1783,490.927,54.1104,-0.215592,0.145082,0.335238,61.1956,36.706,0.0,-0.09253689073694306,0.6315699999998883,0.0,2
1784,491.216,54.6062,-0.292595,0.142247,0.326301,59.2749,36.726,0.0,-0.08007698131670955,0.6056799999999152,0.0,2
1785,491.508,55.0823,-0.317786,0.138942,0.317417,57.6466,36.746,0.0,-0.07027188508157729,0.5808899999999357,0.0,2
1786,491.804,55.6618,-0.312541,0.135326,0.308669,56.1997,36.766,0.0,-0.06301180478192865,0.7608899999999357,0.0,2
1787,492.103,56.353,-0.289488,0.131543,0.300063,54.8403,36.786,0.0,-0.05781475868429624,0.8449099999999595,0.0,2
1788,492.406,57.0845,-0.26226,0.127601,0.291616,53.5542,36.806,0.0,-0.05419008729357372,0.8103499999999686,0.0,2
1789,492.714,57.8013,-0.244649,0.123479,0.283351,52.3444,36.826,0.0,-0.05172112254212979,0.7737749999999763,0.0,2
1790,493.034,58.4847,-0.234602,0.124832,0.27511,51.206,36.846,0.0,-0.04984829261472114,0.737934999999982,0.0,2
1791,493.358,59.1326,-0.22605,0.126657,0.266663,50.1376,36.866,0.0,-0.04700986651432514,0.7037649999999863,0.0,2
1792,493.686,59.7483,-0.214865,0.128353,0.258032,49.1414,36.886,0.0,-0.04341767322750729,0.6713699999999903,0.0,2
1793,494.017,60.3346,-0.20127,0.129911,0.249207,48.2148,36.906,0.0,-0.039290819664613445,0.6405849999999925,0.0,2
1794,494.35,60.8806,-0.184038,0.131311,0.240222,47.3607,36.926,0.0,-0.03485189411967282,0.6112699999999942,0.0,2
1795,494.687,61.424,-0.161306,0.132598,0.231104,46.5587,36.946,0.0,-0.030307830818262094,0.5839699999999963,0.0,2
1796,495.027,61.9446,-0.141696,0.133723,0.221838,45.8217,36.966,0.0,-0.025784556011720427,0.5567999999999975,0.0,2
1797,495.369,62.4358,-0.121218,0.134662,0.212451,45.1547,36.986,0.0,-0.02124492214593626,0.5307699999999982,0.0,2
1798,495.715,63.0344,-0.100044,0.135438,0.202942,44.5454,37.006,0.0,-0.01676871500212221,0.7107699999999981,0.0,2
1799,496.063,63.4448,-0.0785697,0.136042,0.193311,43.9938,37.026,0.0,-0.012285156735396836,0.32,0.0,2
1800,496.413,63.7041,-0.0604249,0.136445,0.183667,43.5102,37.046,0.0,-0.00817453089284224,0.32,0.0,2
1801,496.764,63.9642,-0.0410675,0.13669,0.173938,43.0756,37.066,0.0,-0.0044016912489947164,0.32,0.0,2
1802,497.117,64.2256,-0.023575,0.136805,0.164172,42.6817,37.086,0.0,-0.0008877285300101113,0.32,0.0,2
1803,497.472,64.4882,-0.00667277,0.136803,0.154407,42.3243,37.106,0.0,0.0024546147906642805,0.32,0.0,2
1804,497.827,64.7516,0.0129652,0.136667,0.144641,42.0078,37.126,0.0,0.005662357697737598,0.32,0.0,2
1805,498.184,65.0157,0.0305352,0.1364,0.134875,41.7301,37.146,0.0,0.008691995370789234,0.32,0.0,2
1806,498.543,65.2805,0.0443061,0.136035,0.12511,41.4814,37.166,0.0,0.011484133054460388,0.32,0.0,2
1807,498.904,65.6868,0.0582632,0.135563,0.115344,41.2638,37.186,0.0,0.014150406577910259,0.5,0.0,2
1808,499.267,66.2779,0.0689392,0.134952,0.105542,41.0851,37.206,0.0,0.016669080357117033,0.6799999999999999,0.0,2
1809,499.634,67.0417,0.0700093,0.134196,0.0956542,40.9458,37.226,0.0,0.01907386867993225,0.8599999999999999,0.0,2
1810,500.006,67.9205,0.0642441,0.133267,0.0857299,40.8559,37.246,0.0,0.021518554760575955,0.88,0.0,2
1811,500.383,68.8584,0.0496317,0.132167,0.0757201,40.8141,37.266,0.0,0.02399832771830178,0.88,0.0,2
1812,500.765,69.8324,0.0287995,0.130907,0.0656371,40.8186,37.286,0.0,0.0264827241640066,0.88,0.0,2
1813,501.153,70.828,0.00418264,0.129461,0.0555053,40.8794,37.306,0.0,0.028984643468201673,0.88,0.0,2
1814,501.546,71.8337,-0.0272027,0.12779,0.0453124,41.0112,37.326,0.0,0.0316577257239387,0.88,0.0,2
1815,501.945,72.8411,-0.0692553,0.125872,0.0350585,41.2242,37.346,0.0,0.03424641863777135,0.88,0.0,2
1816,502.349,73.8452,-0.119724,0.123672,0.0248046,41.5382,37.366,0.0,0.036659620541521866,0.88,0.0,2
1817,502.759,74.8475,-0.184547,0.121156,0.0145507,41.9723,37.386,0.0,0.03885316967683866,0.88,0.0,2
1818,503.175,75.8517,-0.263952,0.118307,0.00429678,42.5437,37.406,0.0,0.04094834588764045,0.88,0.0,2
1819,503.596,76.8605,-0.366684,0.115178,-0.00595713,43.2478,37.426,0.0,0.03943921886881896,0.88,0.0,2
1820,504.024,77.8739,-0.480418,0.111827,-0.016211,44.079,37.446,0.0,0.03832036490163558,0.88,0.0,2
1821,504.456,78.8929,-0.600954,0.10824,-0.0264039,45.0619,37.466,0.0,0.037932421696964605,0.88,0.0,2
1822,504.895,79.9176,-0.730173,0.104394,-0.0365357,46.2295,37.486,0.0,0.03813125831253962,0.88,0.0,2
1823,505.339,80.9476,-0.866974,0.100254,-0.0465699,47.6306,37.506,0.0,0.038768384489473645,0.88,0.0,2
1824,505.789,81.9815,-1.01479,0.0957791,-0.0565064,49.329,37.526,0.0,0.03968911549979186,0.88,0.0,2
1825,506.245,83.0179,-1.17555,0.0909406,-0.0663087,51.4061,37.546,0.0,0.040791425289984626,0.88,0.0,2
1826,506.707,84.0555,-1.35062,0.0857117,-0.0759278,53.9719,37.566,0.0,0.04200414564529297,0.88,0.0,2
1827,507.175,85.0928,-1.5413,0.080066,-0.0853517,57.1795,37.586,0.0,0.04327448912805469,0.88,0.0,2
1828,507.649,86.0951,-1.68064,0.0741066,-0.0945191,61.1491,37.606,0.0,0.04456523922976017,0.88,0.0,3
1829,508.127,86.4758,-1.38644,0.0695101,-0.103137,64.5651,37.626,0.0,0.04551574706178013,0.88,0.0,3
1830,508.606,86.4233,-0.974011,0.0665543,-0.110962,66.8398,37.646,0.0,0.045605288452157146,1.0,0.0,3
1831,509.086,86.9225,-0.719928,0.0638542,-0.118152,69.0986,37.666,0.0,0.04352614921251326,1.0,0.0,3
1832,509.57,87.6837,-0.608537,0.0607629,-0.124939,72.0505,37.686,0.0,0.04009298084277112,0.88,0.0,3
1833,510.058,88.459,-0.545074,0.0577053,-0.131384,75.3049,37.706,0.0,0.0364344735791806,0.88,0.0,3
1834,510.551,89.2361,-0.483769,0.0549704,-0.137512,78.4897,37.726,0.0,0.032851275190030504,0.88,0.0,3
1835,511.048,90.0112,-0.421976,0.052637,-0.143384,81.4078,37.746,0.0,0.029350590702686814,0.88,0.0,3
1836,511.55,90.7827,-0.360047,0.0506864,-0.149011,83.9825,37.766,0.0,0.026063026846967527,0.88,0.0,3
1837,512.056,91.6023,-0.313891,0.0490221,-0.154443,86.277,37.786,0.0,0.02304464102246788,1.0,0.0,3
1838,512.567,92.4905,-0.26488,0.0476118,-0.159717,88.2765,37.806,0.0,0.02035795286109065,0.88,0.0,3
1839,513.083,93.3416,-0.213519,0.0464646,-0.164832,89.9039,37.826,0.0,0.017924262366306662,1.0,0.0,3
1840,513.603,94.1755,-0.176672,0.0454435,-0.169836,91.3716,37.846,0.0,0.015698148170773106,0.88,0.0,3
1841,514.128,95.0006,-0.155035,0.0445075,-0.174731,92.7418,37.866,0.0,0.013868048796676524,1.0,0.0,3
1842,514.658,95.8475,-0.149033,0.0436041,-0.179602,94.1032,37.886,0.0,0.012448440135023907,0.88,0.0,3
1843,515.193,96.6713,-0.14314,0.04276,-0.184363,95.4029,37.906,0.0,0.01141242455257822,0.88,0.0,3
1844,515.732,97.4942,-0.135457,0.0419552,-0.189124,96.6643,37.926,0.0,0.010646150969296095,0.88,0.0,3
1845,516.275,98.3205,-0.130731,0.0411873,-0.193762,97.9022,37.946,0.0,0.010060446986138371,0.88,0.0,3
1846,516.824,99.1482,-0.124042,0.0404534,-0.198401,99.1038,37.966,0.0,0.010129010167211744,0.88,0.0,3
1847,517.377,99.974,-0.115017,0.0397161,-0.202966,100.368,37.986,0.0,0.010560002550993014,0.88,0.0,3
1848,517.934,100.799,-0.109511,0.0389645,-0.207483,101.723,38.006,0.0,0.011044611553505803,0.88,0.0,3
1849,518.496,101.623,-0.103447,0.0381879,-0.211951,103.206,38.026,0.0,0.011573606666302957,0.88,0.0,3
1850,519.063,102.445,-0.10125,0.0373861,-0.216345,104.83,38.046,0.0,0.012115664164344203,0.88,0.0,3
1851,519.634,103.264,-0.0984564,0.036552,-0.220691,106.627,38.066,0.0,0.012678725815715861,0.88,0.0,3
1852,520.21,104.081,-0.0994596,0.035687,-0.224963,108.611,38.086,0.0,0.013230958738800428,0.88,0.0,3
1853,520.79,104.896,-0.0998162,0.0347841,-0.229163,110.826,38.106,0.0,0.01371683111791007,0.88,0.0,3
1854,521.375,105.709,-0.10389,0.0338451,-0.233313,113.286,38.126,0.0,0.013819771094097887,0.88,0.0,3
1855,521.964,106.52,-0.111778,0.032908,-0.237354,115.365,38.146,0.0,0.013075632942914243,0.88,0.0,3
1856,522.558,107.331,-0.119345,0.0320064,-0.241358,116.23,38.166,0.0,0.011744849651349852,0.88,0.0,3
1857,523.157,108.141,-0.127298,0.0311785,-0.245264,116.66,38.186,0.0,0.009996425996451555,0.88,0.0,3
1858,523.76,108.95,-0.132107,0.030459,-0.249158,116.821,38.206,0.0,0.008203540366506707,0.88,0.0,3
1859,524.367,109.758,-0.13265,0.0298654,-0.252942,116.783,38.226,0.0,0.006151626052221015,0.88,0.0,3
1860,524.979,110.563,-0.128851,0.0294065,-0.256726,116.58,38.246,0.0,0.003899323528281442,0.8763785478916498,0.0,3
1861,525.595,111.343,-0.122666,0.0291119,-0.26051,116.211,38.266,0.0,0.0014968536433475825,0.8246429707519968,0.0,3
1862,526.216,112.123,-0.110154,0.0289892,-0.264295,115.687,38.286,0.0,-0.0009570970583880445,0.8949989597000132,0.0,3
1863,526.841,112.853,-0.0940303,0.0290189,-0.268079,115.031,38.306,0.0,-0.00312155423550938,0.7259851664567557,0.0,3
1864,527.47,113.531,-0.0763085,0.0292016,-0.271863,114.245,38.326,0.0,-0.005088085765909061,0.8016539445806266,0.0,3
1865,528.102,114.217,-0.0585358,0.029533,-0.275647,113.325,38.346,0.0,-0.006905997361949667,0.7635346622062229,0.0,3
1866,528.739,114.865,-0.040809,0.0300068,-0.27948,112.265,38.366,0.0,-0.008592472705499113,0.7277730912009871,0.0,3
1867,529.378,115.471,-0.0213445,0.0305904,-0.283386,111.072,38.386,0.0,-0.0100844639249527,0.6965192088310742,0.0,3
1868,530.021,116.045,-0.00398513,0.0312544,-0.287378,109.745,38.406,0.0,-0.011388698157164309,0.670124092611904,0.0,3
1869,530.665,115.561,0.00871216,0.0320095,-0.291406,108.225,38.426,0.0,-0.012552800098585871,0.0,0.3,3
1870,531.304,114.832,0.0240273,0.0329143,-0.295557,106.282,38.446,0.0,-0.013601935776905782,0.0,0.09999999999999998,3
1871,531.941,114.649,0.0383805,0.0339549,-0.299768,103.132,38.466,0.0,-0.014574613100555498,0.18,0.0,3
1872,532.578,114.786,0.0505183,0.0350077,-0.304102,99.4124,38.486,0.0,-0.015465356873430446,0.36,0.0,3
1873,533.216,115.122,0.0598522,0.036092,-0.308569,95.8079,38.506,0.0,-0.016301260102503518,0.54,0.0,3
1874,533.857,115.646,0.0732241,0.0372416,-0.313184,92.2323,38.526,0.0,-0.017098310783716285,0.72,0.0,3
1875,534.501,116.249,0.089515,0.0384624,-0.317969,88.6839,38.546,0.0,-0.017905641500869863,0.6994663100139191,0.0,3
1876,535.148,116.83,0.100398,0.0397075,-0.322913,85.2817,38.566,0.0,-0.018750926132839633,0.6737975801071526,0.0,3
1877,535.796,116.376,0.106456,0.0409424,-0.328015,82.0875,38.586,0.0,-0.019544072414716625,0.0,0.3,3
1878,536.439,115.631,0.113663,0.0422444,-0.33324,78.9404,38.606,0.0,-0.020132246014217606,0.0,0.09999999999999998,3
1879,537.08,115.428,0.119242,0.0436671,-0.338611,75.7549,38.626,0.0,-0.02042722531508988,0.18,0.0,3
1880,537.721,115.562,0.120708,0.0450827,-0.344165,72.7615,38.646,0.0,-0.020340387899130768,0.36,0.0,3
1881,538.363,115.895,0.124456,0.0464989,-0.349902,69.9298,38.666,0.0,-0.01986681289664379,0.54,0.0,3
1882,539.008,116.408,0.137136,0.047904,-0.355835,67.2607,38.686,0.0,-0.019072178659242073,0.7007651887182702,0.0,3
1883,539.656,116.987,0.149531,0.0492624,-0.361975,64.784,38.706,0.0,-0.01806644696142586,0.6741036103768918,0.0,3
1884,540.304,116.525,0.151568,0.0504946,-0.368286,62.5793,38.726,0.0,-0.016890008147291656,0.0,0.3,3
1885,540.947,115.167,0.172648,0.0516038,-0.374634,60.62,38.746,0.0,-0.01556118926794162,0.0,0.6,3
1886,541.581,113.63,0.195213,0.0525693,-0.380982,58.9036,38.766,0.0,-0.014282819023976774,0.0,0.39999999999999997,3
1887,542.208,112.349,0.194697,0.0535293,-0.387439,57.2447,38.786,0.0,-0.013069490718719802,0.0,0.19999999999999996,3
1888,542.829,112.011,0.18169,0.0546,-0.393958,55.526,38.806,0.0,-0.01170569513179611,0.18,0.0,3
1889,543.451,112.152,0.169222,0.055553,-0.400611,53.9753,38.826,0.0,-0.010070554910597686,0.36,0.0,3
1890,544.074,112.497,0.155266,0.0563238,-0.407398,52.6346,38.846,0.0,-0.00825884152093926,0.54,0.0,3
1891,544.7,113.04,0.141611,0.0569164,-0.414319,51.4788,38.866,0.0,-0.006358984119858062,0.72,0.0,3
1892,545.329,113.741,0.12843,0.0573477,-0.421362,50.4776,38.886,0.0,-0.004454030392642957,0.8444062473725225,0.0,3
1893,545.962,114.514,0.11223,0.0576513,-0.428516,49.5913,38.906,0.0,-0.002604392533473841,0.8589168876261182,0.0,3
1894,546.6,115.296,0.0972365,0.0578302,-0.435767,48.8108,38.926,0.0,-0.0008128273518936003,0.8656026352886697,0.0,3
1895,547.241,116.074,0.0824526,0.0578808,-0.443091,48.1352,38.946,0.0,0.0008995207602585582,0.8714336814748433,0.0,3
1896,547.888,116.843,0.0678426,0.0578084,-0.450513,47.5531,38.966,0.0,0.0025025170919157373,0.8621470894944023,0.0,3
1897,548.538,117.605,0.0516161,0.0576384,-0.457959,47.0469,38.986,0.0,0.0039790987963493705,0.8316402356501092,0.0,3
1898,549.192,118.304,0.035514,0.0573808,-0.465405,46.6086,39.006,0.0,0.005417729522117131,0.7844787813999075,0.0,3
1899,549.851,118.942,0.0231236,0.0570226,-0.472937,46.2404,39.026,0.0,0.0067921404259024725,0.727757969530728,0.0,3
1900,550.51,118.5,0.0108474,0.0566074,-0.480408,45.9189,39.046,0.0,0.008081991724595861,0.0,0.3,3
1901,551.163,117.113,-0.00338114,0.0562023,-0.487781,45.5932,39.066,0.0,0.009247015599681135,0.0,0.6,3
1902,551.808,115.59,-0.0126784,0.0558058,-0.495032,45.2668,39.086,0.0,0.010303269669675964,0.0,0.31999999999999995,3
1903,552.446,114.785,-0.0037895,0.0552819,-0.502136,45.0525,39.106,0.0,0.011230841479126102,0.0,0.039999999999999925,3
1904,553.083,114.715,-0.00841874,0.0545279,-0.509131,45.0331,39.126,0.0,0.011984365184630918,0.25,0.0,3
1905,553.719,114.976,-0.0232484,0.0536392,-0.516065,45.1319,39.146,0.0,0.012903161590836022,0.5,0.0,3
1906,554.359,115.466,-0.0412147,0.0526714,-0.5229,45.3111,39.166,0.0,0.013983669115023809,0.6797679004739164,0.0,3
1907,554.999,115.009,-0.0534832,0.0517249,-0.529651,45.4867,39.186,0.0,0.015204970979618003,0.0,0.3,3
1908,555.633,113.672,-0.068766,0.050894,-0.536231,45.5819,39.206,0.0,0.0166493301379318,0.0,0.6,3
1909,556.259,112.067,-0.0892438,0.0501994,-0.542651,45.5723,39.226,0.0,0.018263058673952358,0.0,0.62,3
1910,556.876,110.474,-0.0954918,0.0495967,-0.548926,45.4929,39.246,0.0,0.020243268629970963,0.0,0.33999999999999997,3
1911,557.485,109.295,-0.0614596,0.0488641,-0.555029,45.5495,39.266,0.0,0.022393955328957528,0.0,0.05999999999999994,3
1912,558.09,109.183,-0.0351565,0.0475283,-0.560938,46.207,39.286,0.0,0.024441892410283723,0.25,0.0,3
1913,558.697,109.457,-0.0445537,0.0458128,-0.566651,47.3122,39.306,0.0,0.026543870996594755,0.5,0.0,3
1914,559.306,109.964,-0.0706803,0.0438956,-0.572192,48.7458,39.326,0.0,0.02901332629727348,0.6892452145570153,0.0,3
1915,559.916,109.527,-0.090084,0.0419314,-0.577527,50.3915,39.346,0.0,0.031883090963806635,0.0,0.3,3
1916,560.52,108.215,-0.133893,0.04004,-0.582617,52.1346,39.366,0.0,0.034743222529372175,0.0,0.6,3
1917,561.116,106.822,-0.170884,0.0383025,-0.587476,53.864,39.386,0.0,0.03759165644900555,0.0,0.31999999999999995,3
1918,561.706,105.829,-0.151627,0.0363169,-0.59209,56.1722,39.406,0.0,0.04039178685345107,0.0,0.08773433713941503,3
1919,562.293,105.749,-0.131807,0.033622,-0.596362,60.0371,39.426,0.0,0.04250115815589038,0.25,0.0,3
1920,562.88,105.49,-0.139841,0.0306458,-0.600305,65.2221,39.446,0.0,0.043945913113304966,0.0,0.09232155751615287,3
1921,563.464,105.02,-0.165355,0.0274312,-0.603894,72.2088,39.466,0.0,0.04500158037930415,0.0,0.10848409588993654,3
1922,564.046,104.52,-0.190757,0.0240971,-0.607117,75.7639,39.486,0.0,0.04576062763248729,0.0,0.1155522235151129,3
1923,564.625,104.023,-0.212676,0.02072,-0.609949,77.4324,39.506,0.0,0.04603470633503347,0.0,0.11058394362974647,3
1924,565.201,103.561,-0.228333,0.0173316,-0.612415,78.6261,39.526,0.0,0.04575487946899456,0.0,0.09748389261873368,3
1925,565.775,103.148,-0.241151,0.0139604,-0.61449,79.5582,39.546,0.0,0.04489345818540552,0.0,0.07937994641321539,3
1926,566.348,103.127,-0.236047,0.0107834,-0.616186,80.2525,39.566,0.0,0.0436074045308249,0.25,0.0,3
1927,566.921,103.421,-0.219967,0.00791788,-0.617529,80.7279,39.586,0.0,0.04195872769830039,0.5,0.0,3
1928,567.497,103.951,-0.219651,0.00520372,-0.61853,81.081,39.606,0.0,0.040068646826315196,0.7175551409844672,0.0,3
1929,568.077,104.587,-0.227536,0.0026058,-0.61925,81.3411,39.626,0.0,0.03810367280658719,0.7163085791781078,0.0,3
1930,568.66,105.223,-0.224,0.000221491,-0.619678,81.4918,39.646,0.0,0.036135428431585466,0.7131125151381581,0.0,3
1931,569.246,105.85,-0.2102,-0.00193322,-0.619824,81.5415,39.666,0.0,0.034145609217338134,0.7124995801306424,0.0,3
1932,569.836,106.47,-0.193574,-0.00390911,-0.619714,81.5143,39.686,0.0,0.03213292647533751,0.7140142072393316,0.0,3
1933,570.429,107.084,-0.179715,-0.00576687,-0.61936,81.4336,39.706,0.0,0.030138271387778,0.7109522041486079,0.0,3
1934,571.026,107.689,-0.171412,-0.00755131,-0.618774,81.3152,39.726,0.0,0.0282083867531025,0.7044506473342443,0.0,3
1935,571.626,108.288,-0.168061,-0.00927353,-0.617969,81.1645,39.746,0.0,0.026391223982626257,0.695562143631494,0.0,3
1936,572.23,108.877,-0.164247,-0.01094,-0.616943,80.9851,39.766,0.0,0.024698342378102287,0.6843609087267245,0.0,3
1937,572.836,109.451,-0.162557,-0.0125299,-0.615698,80.7737,39.786,0.0,0.023105648803024827,0.6690236111946304,0.0,3
1938,573.446,110.006,-0.156876,-0.0140315,-0.614282,80.5285,39.806,0.0,0.02161176561805902,0.6509133335322516,0.0,3
1939,574.056,109.539,-0.150356,-0.015385,-0.612659,80.24,39.826,0.0,0.02018080388130702,0.0,0.3,3
1940,574.663,109.18,-0.134234,-0.016649,-0.610889,79.928,39.846,0.0,0.01881627310780236,0.25,0.019999999999999962,3
1941,575.27,109.322,-0.121698,-0.0178646,-0.608948,79.5999,39.866,0.0,0.017444144999091016,0.34,0.0,3
1942,575.878,109.649,-0.113735,-0.0190109,-0.606836,79.2502,39.886,0.0,0.01609452350884918,0.52,0.0,3
1943,576.489,110.141,-0.112234,-0.0201004,-0.604578,78.8812,39.906,0.0,0.014806975878756606,0.66125936067815,0.0,3
1944,577.1,109.681,-0.108045,-0.0210673,-0.602185,78.4809,39.926,0.0,0.013621601355056875,0.0,0.3,3
1945,577.706,108.972,-0.10152,-0.0219887,-0.599695,78.0723,39.946,0.0,0.012515460289206587,0.0,0.09999999999999998,3
1946,578.311,108.837,-0.099897,-0.022887,-0.597107,77.6579,39.966,0.0,0.011450503294307253,0.18,0.0,3
1947,578.916,108.992,-0.0908631,-0.023648,-0.594409,77.2118,39.986,0.0,0.010446916878428945,0.36,0.0,3
1948,579.522,109.342,-0.0827837,-0.0243171,-0.591602,76.7434,40.006,0.0,0.009476591117758022,0.54,0.0,3
1949,580.131,109.846,-0.0753941,-0.0249417,-0.588684,76.2619,40.026,0.0,0.008566154853686565,0.6596797950938152,0.0,3
1950,580.74,109.391,-0.0685295,-0.02547,-0.585681,75.7588,40.046,0.0,0.007728123150400517,0.0,0.3,3
1951,581.344,108.091,-0.0668731,-0.0258356,-0.58263,75.2277,40.066,0.0,0.006967919098977902,0.0,0.6,3
1952,581.94,106.5,-0.0666449,-0.0260683,-0.579578,74.6778,40.086,0.0,0.006311926358511458,0.0,0.62,3
1953,582.526,104.867,-0.0599382,-0.0262085,-0.576563,74.1183,40.106,0.0,0.0057480491729616535,0.0,0.42,3
1954,583.104,103.402,-0.0437511,-0.026293,-0.573633,73.5555,40.126,0.0,0.0052124656076862515,0.0,0.21999999999999997,3
1955,583.676,102.868,-0.0210188,-0.0264794,-0.570666,73.0189,40.146,0.0,0.004642419052161048,0.18,0.019999999999999962,3
1956,584.247,103.002,-0.0194418,-0.0267659,-0.567615,72.5023,40.166,0.0,0.0040036225767315775,0.34,0.0,3
1957,584.82,103.35,-0.0221435,-0.0270231,-0.564563,71.9778,40.186,0.0,0.0034837925646992217,0.52,0.0,3
1958,585.396,103.895,-0.0215439,-0.027243,-0.561487,71.443,40.206,0.0,0.0031094031535992654,0.7,0.0,3
1959,585.975,104.54,-0.019795,-0.0274404,-0.558313,70.9009,40.226,0.0,0.0028483867235057293,0.7224837451339957,0.0,3
1960,586.557,105.162,-0.0167638,-0.0276151,-0.555139,70.3501,40.246,0.0,0.002680917783346078,0.6809510831048029,0.0,3
1961,587.143,105.725,-0.0131408,-0.0277722,-0.551929,69.7925,40.266,0.0,0.002688841498828482,0.6413601955977852,0.0,3
1962,587.73,105.266,-0.00901824,-0.0278933,-0.548633,69.2281,40.286,0.0,0.0028749491442610197,0.0,0.3,3
1963,588.312,104.546,-0.00102462,-0.0279682,-0.545337,68.6598,40.306,0.0,0.003112976570501073,0.0,0.09999999999999998,3
1964,588.892,104.396,0.00489683,-0.0280812,-0.542041,68.1005,40.326,0.0,0.0033382193696271613,0.18,0.0,3
1965,589.471,104.124,0.00845609,-0.0282556,-0.538745,67.5524,40.346,0.0,0.0035821286323973168,0.0,0.08700295648237298,3
1966,590.048,103.726,0.0104351,-0.0284379,-0.535449,67.0075,40.366,0.0,0.0038928372229210997,0.0,0.07701573984135188,3
1967,590.623,103.621,0.0103168,-0.0286447,-0.532153,66.4679,40.386,0.0,0.004337832781478594,0.18,0.0,3
1968,591.199,103.729,0.0100064,-0.0289093,-0.528858,65.9373,40.406,0.0,0.004914368466261345,0.2738156811482425,0.0,3
1969,591.775,103.494,0.0105573,-0.0292133,-0.525501,65.4134,40.426,0.0,0.005592004764196671,0.0,0.08396250564442799,3
1970,592.348,103.073,0.0105331,-0.0295179,-0.522083,64.8918,40.446,0.0,0.006281290734747911,0.0,0.09208728071598288,3
1971,592.919,102.641,0.0132064,-0.029847,-0.518665,64.3758,40.466,0.0,0.006956838972072514,0.0,0.09541292857469859,3
1972,593.488,102.197,0.0153976,-0.0302293,-0.515247,63.8702,40.486,0.0,0.008085260626264058,0.0,0.10040724132587105,3
1973,594.054,101.736,0.0191061,-0.0307014,-0.511804,63.3809,40.506,0.0,0.009578824646450497,0.0,0.10652331147960308,3
1974,594.617,101.259,0.0182708,-0.0312699,-0.508264,62.9098,40.526,0.0,0.011312520633585555,0.0,0.11311107857845297,3
1975,595.178,100.763,0.0183084,-0.0319451,-0.504724,62.4568,40.546,0.0,0.01317110816961048,0.0,0.11986328721344819,3
1976,595.735,99.7729,0.00764551,-0.0327183,-0.501074,62.0225,40.566,0.0,0.015070639323761303,0.0,0.4198632872134482,3
1977,596.286,98.7252,0.00294079,-0.0335546,-0.497412,61.6025,40.586,0.0,0.016887103483085225,0.0,0.21986328721344817,3
1978,596.832,98.1595,0.00163205,-0.034605,-0.493689,61.2182,40.606,0.0,0.018495432131703106,0.0,0.09727473292538545,3
1979,597.375,97.7278,-0.00886078,-0.0359017,-0.489868,60.8717,40.626,0.0,0.019952858894330912,0.0,0.10071773653358043,3
1980,597.917,97.2771,-0.0237065,-0.0373367,-0.485925,60.5457,40.646,0.0,0.021298034308840287,0.0,0.11023132600748216,3
1981,598.455,96.8004,-0.0327882,-0.0388684,-0.48186,60.2336,40.666,0.0,0.022551320897203186,0.0,0.11965149607296865,3
1982,598.99,95.8505,-0.0585361,-0.0404142,-0.477686,59.9239,40.686,0.0,0.02366295419817907,0.0,0.41965149607296864,3
1983,599.519,94.8302,-0.0728466,-0.0418693,-0.473413,59.6041,40.706,0.0,0.024659032246307652,0.0,0.21965149607296863,3
1984,600.043,94.2338,-0.0675712,-0.0434278,-0.469031,59.3006,40.726,0.0,0.025486356758375225,0.0,0.10421583694314325,3
1985,600.565,93.8088,-0.0634585,-0.0451337,-0.464478,59.0178,40.746,0.0,0.025851902911137026,0.0,0.10115970016702883,3
1986,601.084,93.402,-0.0633897,-0.0469003,-0.459778,58.7424,40.766,0.0,0.02560580477063964,0.0,0.09485296537196483,3
1987,601.602,93.0313,-0.0673193,-0.0486565,-0.454919,58.4645,40.786,0.0,0.024944005974730125,0.0,0.08176660519009935,3
1988,602.117,92.9733,-0.0691216,-0.0503136,-0.449878,58.1718,40.806,0.0,0.024021755591838855,0.18,0.0,3
1989,602.634,93.0977,-0.056376,-0.0517745,-0.444678,57.8495,40.826,0.0,0.022943140018390002,0.28,0.0,3
1990,603.151,93.255,-0.0395755,-0.0530883,-0.439319,57.5047,40.846,0.0,0.021726195920348995,0.28,0.0,3
1991,603.668,93.4111,-0.0249228,-0.0542539,-0.433789,57.138,40.866,0.0,0.02041124680621953,0.28,0.0,3
1992,604.187,93.566,-0.0100034,-0.0552984,-0.428125,56.7533,40.886,0.0,0.01903074592848295,0.28,0.0,3
1993,604.706,93.7198,0.0018646,-0.0562626,-0.422327,56.3561,40.906,0.0,0.01763880997890294,0.28,0.0,3
1994,605.227,93.873,0.00697684,-0.0571499,-0.416418,55.9471,40.926,0.0,0.016281791066673688,0.28,0.0,3
1995,605.748,94.0254,0.0106437,-0.0579742,-0.410413,55.5281,40.946,0.0,0.015015207248168344,0.28,0.0,3
1996,606.27,94.1782,0.0119397,-0.0587547,-0.404309,55.1019,40.966,0.0,0.013838382375792338,0.28,0.0,3
1997,606.793,94.3316,0.0115276,-0.0594926,-0.398096,54.6688,40.986,0.0,0.012742526069985518,0.28,0.0,3
1998,607.316,94.4852,0.0102401,-0.0601838,-0.391821,54.2279,41.006,0.0,0.011720809021386301,0.28,0.0,3
1999,607.841,94.639,0.0086302,-0.060824,-0.385474,53.7791,41.026,0.0,0.010769090436917627,0.28,0.0,3
2000,608.366,94.7929,0.00698241,-0.0614109,-0.379016,53.3227,41.046,0.0,0.009881300084482124,0.28,0.0,3
2001,608.892,94.9468,0.005403,-0.0619431,-0.372534,52.8579,41.066,0.0,0.009050020583562635,0.28,0.0,3
2002,609.419,95.1006,0.00388059,-0.0624202,-0.365942,52.3856,41.086,0.0,0.008262915763591033,0.28,0.0,3
2003,609.947,95.2544,0.00527562,-0.0628653,-0.359351,51.9075,41.106,0.0,0.007502946391944982,0.28,0.0,3
2004,610.475,95.4081,0.00412888,-0.063278,-0.352637,51.4251,41.126,0.0,0.006751751502250958,0.28,0.0,3
2005,611.005,95.5619,0.0022966,-0.0636435,-0.345923,50.9355,41.146,0.0,0.006027594838730815,0.28,0.0,3
2006,611.535,95.7156,0.000410292,-0.0639571,-0.339148,50.4389,41.166,0.0,0.0053396616163059775,0.28,0.0,3
2007,612.066,95.8693,0.00148699,-0.0642399,-0.332312,49.938,41.186,0.0,0.004683551312520136,0.28,0.0,3
2008,612.598,96.0229,8.14608e-05,-0.0644915,-0.325476,49.432,41.206,0.0,0.003989650584828238,0.28,0.0,3
2009,613.131,96.1765,-0.00191179,-0.0646962,-0.318604,48.9199,41.226,0.0,0.0032946589424500345,0.28,0.0,3
2010,613.665,96.3302,-0.00101963,-0.0648717,-0.311646,48.4041,41.246,0.0,0.0026126097744891977,0.28,0.0,3
2011,614.199,96.4838,-0.00254335,-0.065016,-0.304688,47.8837,41.266,0.0,0.0019232368898473198,0.28,0.0,3
2012,614.734,96.6374,-0.00458359,-0.0651129,-0.29773,47.3571,41.286,0.0,0.0012514671330931815,0.28,0.0,3
2013,615.271,96.791,-0.0036375,-0.0651799,-0.290772,46.8262,41.306,0.0,0.000576298882175824,0.28,0.0,3
2014,615.808,96.9445,-0.00509201,-0.0652153,-0.283814,46.291,41.326,0.0,-0.0001470609330102105,0.28,0.0,3
2015,616.346,97.098,-0.0070502,-0.0652033,-0.276807,45.7506,41.346,0.0,-0.0009408402831240219,0.28,0.0,3
2016,616.884,97.2519,-0.00856492,-0.0651414,-0.269727,45.205,41.366,0.0,-0.0018257352418016366,0.28,0.0,3
2017,617.424,97.4058,-0.00989751,-0.0650318,-0.262647,44.654,41.386,0.0,-0.002822198437657782,0.28,0.0,3
2018,617.964,97.5602,-0.0112434,-0.0648712,-0.255615,44.0968,41.406,0.0,-0.003930338639081751,0.28,0.0,3
2019,618.506,97.7151,-0.0126995,-0.0646558,-0.248657,43.533,41.426,0.0,-0.005131453354180365,0.28,0.0,3
2020,619.048,97.8705,-0.0141303,-0.064381,-0.241699,42.9632,41.446,0.0,-0.006438440564832702,0.28,0.0,3
2021,619.591,98.0056,-0.0177375,-0.0640169,-0.234741,42.3848,41.466,0.0,-0.00787005149830087,0.26596363527346073,0.0,3
2022,620.134,97.8009,-0.0129284,-0.0635259,-0.227795,41.7955,41.486,0.0,-0.009422347438146704,0.0,0.08305438957012913,3
2023,620.675,97.4258,-0.00600992,-0.0628688,-0.220959,41.1934,41.506,0.0,-0.011087018496745983,0.0,0.08073468741628012,3
2024,621.215,97.3321,-0.00375861,-0.0621052,-0.214221,40.584,41.526,0.0,-0.012679017502335299,0.18,0.0,3
2025,621.755,97.4465,-0.00530082,-0.061309,-0.207544,39.9725,41.546,0.0,-0.01414824174485979,0.26564971406891746,0.0,3
2026,622.295,97.2329,-0.00548422,-0.0604389,-0.200964,39.3554,41.566,0.0,-0.015481870827714558,0.0,0.08126303161065515,3
2027,622.833,96.8713,-0.00307625,-0.0594131,-0.194507,38.7279,41.586,0.0,-0.016718945117741232,0.0,0.0769787054854081,3
2028,623.37,96.7869,-0.00201392,-0.0583262,-0.188171,38.0979,41.606,0.0,-0.017868851133993696,0.18,0.0,3
2029,623.907,96.9068,-0.00686448,-0.0572518,-0.181946,37.47,41.626,0.0,-0.01892305868485484,0.27302217364281833,0.0,3
2030,624.445,97.0493,-0.0121962,-0.0561527,-0.175842,36.8405,41.646,0.0,-0.01990991044178759,0.2638090754335201,0.0,3
2031,624.983,96.834,-0.0131873,-0.0549747,-0.169873,36.2059,41.666,0.0,-0.020804585288806694,0.0,0.08065175786630946,3
2032,625.519,96.7423,-0.0110654,-0.0537096,-0.16405,35.5671,41.686,0.0,-0.021640175488832472,0.18,0.0,3
2033,626.056,96.8603,-0.0111573,-0.0524642,-0.15835,34.9312,41.706,0.0,-0.022417894076197684,0.2707494492063765,0.0,3
2034,626.594,97.0034,-0.0144589,-0.0512055,-0.152783,34.2949,41.726,0.0,-0.023125677084228302,0.266203855023027,0.0,3
2035,627.133,97.1408,-0.0183337,-0.0499114,-0.147339,33.657,41.746,0.0,-0.023857007128869193,0.2610266611644617,0.0,3
2036,627.671,96.9297,-0.0175948,-0.0485208,-0.142041,33.0135,41.766,0.0,-0.024623261499803338,0.0,0.07899410815388454,3
2037,628.209,96.8364,-0.0108601,-0.0470427,-0.136914,32.3666,41.786,0.0,-0.025325212126677196,0.18,0.0,3
2038,628.747,96.9607,-0.0126207,-0.0455782,-0.131946,31.7223,41.806,0.0,-0.025990059510883734,0.28,0.0,3
2039,629.285,97.1169,-0.0130215,-0.0441066,-0.127124,31.0787,41.826,0.0,-0.02605815301614027,0.27971596232850393,0.0,3
2040,629.825,97.2708,-0.0137499,-0.0426425,-0.122449,30.4368,41.846,0.0,-0.02615466970688868,0.27739409981250335,0.0,3
2041,630.365,97.4219,-0.0149811,-0.0411899,-0.11792,29.7968,41.866,0.0,-0.026305131160547328,0.27516622764334775,0.0,3
2042,630.906,97.5707,-0.0163964,-0.0397477,-0.11355,29.1585,41.886,0.0,-0.026401854421792385,0.2726907086534225,0.0,3
2043,631.448,97.7164,-0.0176052,-0.0383121,-0.109326,28.5219,41.906,0.0,-0.026426001384985093,0.27003661368058673,0.0,3
2044,631.991,97.8586,-0.0183169,-0.036878,-0.105249,27.8866,41.926,0.0,-0.026384629446709624,0.2673152268196644,0.0,3
2045,632.535,97.9982,-0.0184116,-0.0354413,-0.101318,27.2523,41.946,0.0,-0.026285308326638557,0.26460061911174565,0.0,3
2046,633.08,98.135,-0.0179463,-0.0339986,-0.0975587,26.6187,41.966,0.0,-0.025986917198057926,0.26174431227725126,0.0,3
2047,633.624,97.9236,-0.00957206,-0.0325145,-0.0939454,25.9848,41.986,0.0,-0.025461000959980037,0.0,0.07846382082561722,3
2048,634.167,97.8277,-0.000361815,-0.0309825,-0.0904908,25.3516,42.006,0.0,-0.024662022035433852,0.18,0.0,3
2049,634.711,97.9489,0.00252986,-0.029523,-0.087195,24.7245,42.026,0.0,-0.023631916929761864,0.2773950328592234,0.0,3
2050,635.255,98.099,0.00728258,-0.0281478,-0.0840456,24.1033,42.046,0.0,-0.022380746863970933,0.2726009642631395,0.0,3
2051,635.801,98.2421,0.00790926,-0.0268708,-0.0810305,23.4886,42.066,0.0,-0.020927506669761543,0.2660167038221287,0.0,3
2052,636.342,98.032,0.0137389,-0.0164272,-0.0785782,22.8787,42.086,0.0,-0.01926649842072439,0.0,0.07749322108075883,3
2053,636.882,97.9408,0.0255303,-0.00450051,-0.0774101,22.2766,42.106,0.0,-0.0158294322867033,0.18,0.0,3
2054,637.422,98.0592,0.0359085,0.00716889,-0.0774918,21.6895,42.126,0.0,-0.010749879670984749,0.271201255300324,0.0,3
2055,637.962,97.8382,0.0509152,0.0185356,-0.0788719,21.1177,42.146,0.0,-0.004395258646155082,0.0,0.08256679111959041,3
2056,638.5,97.4257,0.0705421,0.0295453,-0.0814056,20.5642,42.166,0.0,0.0028683470794523365,0.0,0.10110697515791309,3
2057,639.034,96.4942,0.084116,0.0400921,-0.0850616,20.0327,42.186,0.0,0.010661523259572297,0.0,0.40110697515791305,3
2058,639.561,95.0705,0.0784098,0.0501714,-0.0897659,19.5226,42.206,0.0,0.018775761512453068,0.0,0.62,3
2059,640.079,93.5363,0.0647995,0.0598379,-0.095446,19.0304,42.226,0.0,0.02705660820731371,0.0,0.42,3
2060,640.588,92.2624,0.0786336,0.0689499,-0.102023,18.5618,42.246,0.0,0.035489534579814457,0.0,0.21999999999999997,3
2061,641.093,91.9711,0.121509,0.0770655,-0.109387,18.1346,42.266,0.0,0.043849288297791986,0.18,0.019999999999999962,3
2062,641.597,92.0788,0.129536,0.0844364,-0.117499,17.7361,42.286,0.0,0.051871987261753225,0.28,0.0,3
2063,642.101,92.237,0.133848,0.0914025,-0.126366,17.3507,42.306,0.0,0.05974148390484822,0.28,0.0,3
2064,642.605,92.3915,0.156261,0.0980699,-0.135929,16.974,42.326,0.0,0.0674731715612156,0.28,0.0,3
2065,643.109,92.543,0.184144,0.104405,-0.146156,16.6069,42.346,0.0,0.07495002262080035,0.28,0.0,3
2066,643.613,92.6891,0.243111,0.110176,-0.156953,16.2584,42.366,0.0,0.09612442752865274,0.28,0.0,3
2067,644.117,92.831,0.286654,0.115217,-0.168259,15.9342,42.386,0.0,0.11327193861783369,0.28,0.0,3
2068,644.621,92.9688,0.306305,0.119542,-0.180054,15.6325,42.406,0.0,0.12769534153817821,0.28,0.0,3
2069,645.125,93.1108,0.304687,0.123205,-0.192268,15.3512,42.426,0.0,0.13979537566124917,0.28,0.0,3
2070,645.629,93.2517,0.342428,0.126536,-0.204839,15.0781,42.446,0.0,0.14991567313827903,0.28,0.0,3
2071,646.133,93.3834,0.377442,0.129544,-0.217725,14.8131,42.466,0.0,0.15824468718830878,0.28,0.0,3
2072,646.636,93.5107,0.382136,0.132019,-0.230886,14.5634,42.486,0.0,0.1653544436198295,0.28,0.0,3
2073,647.14,93.6375,0.351282,0.133858,-0.244315,14.332,42.506,0.0,0.17174707072923198,0.28,0.0,3
2074,647.643,93.7641,0.29481,0.135109,-0.257962,14.1172,42.526,0.0,0.17794296756971326,0.28,0.0,3
2075,648.147,93.8903,0.227807,0.135883,-0.271806,13.915,42.546,0.0,0.184426740521905,0.28,0.0,3
2076,648.648,93.3124,0.077946,0.13643,-0.285806,13.7172,42.566,0.0,0.17839926968318212,0.0,0.3,3
2077,649.144,92.0954,-0.198265,0.136954,-0.29995,13.5167,42.586,0.0,0.17805850606370854,0.0,0.5220489171365477,3
2078,649.631,90.6713,-0.483022,0.137843,-0.314287,13.3001,42.606,0.0,0.18296237808245006,0.0,0.4720838153799342,3
2079,650.11,89.2242,-0.678262,0.138787,-0.32877,13.0782,42.626,0.0,0.1915472678444226,0.0,0.4149597682846205,3
2080,650.58,87.7987,-0.744195,0.138886,-0.343227,12.8829,42.646,0.0,0.20151124131533332,0.0,0.3575631901265514,3
2081,651.043,86.6091,-0.73464,0.137166,-0.357426,12.749,42.666,0.0,0.21058979289936727,0.0,0.3014616563966749,3
2082,651.499,85.6471,-0.767442,0.133547,-0.371217,12.6816,42.686,0.0,0.21764196439266958,0.0,0.2548282480710492,3
2083,651.951,84.8244,-0.845407,0.128735,-0.384562,12.6592,42.706,0.0,0.22327499223775782,0.0,0.21754056073341077,3
2084,652.398,84.1263,-0.919932,0.12341,-0.397407,12.661,42.726,0.0,0.22812777609048068,0.0,0.18605642085503915,2
2085,652.841,83.5341,-0.958016,0.118135,-0.409725,12.669,42.746,0.0,0.23221938482263432,0.0,0.15969865562005425,2
2086,653.282,82.9853,-0.876281,0.11345,-0.42148,12.6649,42.766,0.0,0.23531849413991435,0.0,0.13766392762646426,2
2087,653.719,82.4134,-0.730487,0.109546,-0.432635,12.6418,42.786,0.0,0.23638888196897012,0.0,0.1174861453085218,2
2088,654.153,81.9,-0.582371,0.106015,-0.443221,12.6133,42.806,0.0,0.23549789465957138,0.0,0.09655866432483642,2
2089,654.585,81.4481,-0.477249,0.102422,-0.453289,12.5943,42.826,0.0,0.2333362409050196,0.0,0.07810534337753257,2
2090,655.013,80.7856,-0.469131,0.0986063,-0.462902,12.5901,42.846,0.0,0.23080198103107671,0.0,0.215498791466661,2
2091,655.437,79.9346,-0.520361,0.094699,-0.472115,12.5955,42.866,0.0,0.2292017428049717,0.0,0.24131461997620107,2
2092,655.856,79.0357,-0.582405,0.0905132,-0.480952,12.6177,42.886,0.0,0.22894380505715944,0.0,0.24756926502806648,2
2093,656.27,78.1361,-0.641242,0.0858917,-0.489378,12.6637,42.906,0.0,0.22961269233987308,0.0,0.24262510295979212,2
2094,656.68,77.2656,-0.689862,0.080809,-0.49735,12.7365,42.926,0.0,0.2307139653110058,0.0,0.23054307824944195,2
2095,657.085,76.4429,-0.720382,0.0753542,-0.504852,12.8339,42.946,0.0,0.23182291459426962,0.0,0.21417597023880683,2
2096,657.485,75.6761,-0.726946,0.0696715,-0.511833,12.952,42.966,0.0,0.23258669474194152,0.0,0.1955400450738005,2
2097,657.882,74.9696,-0.707791,0.0639104,-0.51828,13.0858,42.986,0.0,0.23275294393757523,0.0,0.17593258810224255,2
2098,658.275,74.3175,-0.646978,0.058093,-0.524149,13.2356,43.006,0.0,0.23214522735953189,0.0,0.15627199772693517,2
2099,658.664,73.7342,-0.573503,0.0522842,-0.529415,13.3997,43.026,0.0,0.23045212162694217,0.0,0.13690071827247044,2
2100,659.051,73.2101,-0.484221,0.0467079,-0.534089,13.568,43.046,0.0,0.2278351118019316,0.0,0.11880531511784707,2
2101,659.435,72.6999,-0.38829,0.0415556,-0.538182,13.7314,43.066,0.0,0.22442627076554422,0.0,0.12392811924340918,2
2102,659.817,72.1832,-0.285315,0.0369496,-0.54175,13.8825,43.086,0.0,0.2204824552637315,0.0,0.12753828164037573,2
2103,660.195,71.6656,-0.179454,0.0328753,-0.544838,14.0202,43.106,0.0,0.21621025613307132,0.0,0.12939374463130093,2
2104,660.571,71.1493,-0.0788802,0.0292363,-0.547482,14.1473,43.126,0.0,0.21179775861883093,0.0,0.13007811213517328,2
2105,660.944,70.6313,0.0338206,0.0259972,-0.549734,14.264,43.146,0.0,0.2074489993788085,0.0,0.12993851156119318,2
2106,661.314,70.1226,0.165881,0.0232427,-0.551573,14.3659,43.166,0.0,0.2030090176825345,0.0,0.12908270558650678,2
2107,661.682,69.6227,0.272854,0.0207951,-0.55307,14.4599,43.186,0.0,0.19831207175817367,0.0,0.1280166898457454,2
2108,662.047,69.1315,0.346169,0.0185127,-0.554271,14.5517,43.206,0.0,0.19400353552702448,0.0,0.12678819148276632,2
2109,662.409,68.6498,0.393256,0.0163522,-0.55522,14.6428,43.226,0.0,0.1901991705023889,0.0,0.12544504029613343,2
2110,662.769,68.1756,0.427059,0.0143228,-0.55596,14.7316,43.246,0.0,0.18706446960311526,0.0,0.12405097573275342,2
2111,663.127,67.7074,0.45621,0.0124271,-0.55651,14.8177,43.266,0.0,0.18455622239884095,0.0,0.12256989084920086,2
2112,663.482,67.251,0.483531,0.010663,-0.556886,14.9007,43.286,0.0,0.18254125461463733,0.0,0.1186814247377004,2
2113,663.833,66.3835,0.43364,0.00922585,-0.557146,14.9695,43.306,0.0,0.1808912034546142,0.0,0.3516377560590482,2
2114,664.18,65.3224,0.382741,0.00830722,-0.557365,15.0128,43.326,0.0,0.18068132116018237,0.0,0.3256121099894918,2
2115,664.521,64.3207,0.383699,0.00742459,-0.557532,15.0553,43.346,0.0,0.18165909119293328,0.0,0.2903787728227832,2
2116,664.856,63.4325,0.418299,0.00623655,-0.557605,15.1153,43.366,0.0,0.18276850700127248,0.0,0.2560912827299306,2
2117,665.188,62.6541,0.4617,0.0047605,-0.55754,15.1928,43.386,0.0,0.18341371504408882,0.0,0.22515171333628567,2
2118,665.516,61.9668,0.512245,0.00315285,-0.557299,15.2807,43.406,0.0,0.18350886284821008,0.0,0.19766194828942327,2
2119,665.84,61.3594,0.562195,0.00154614,-0.556891,15.3718,43.426,0.0,0.18300892670628477,0.0,0.17308834223842295,2
2120,666.161,60.8221,0.615591,8.10623e-06,-0.556322,15.4625,43.446,0.0,0.18201913619527244,0.0,0.15114117087043238,2
2121,666.48,60.3475,0.664928,-0.00141263,-0.555574,15.5504,43.466,0.0,0.18063001472032078,0.0,0.1315507052461438,2
2122,666.796,59.9292,0.705666,-0.00267911,-0.554697,15.6326,43.486,0.0,0.17900100268842556,0.0,0.11411379752553057,2
2123,667.111,59.5593,0.73752,-0.00378227,-0.553706,15.7083,43.506,0.0,0.17732372983352668,0.0,0.09864620919632663,2
2124,667.423,59.2324,0.763548,-0.00475931,-0.552625,15.779,43.526,0.0,0.17569312605414258,0.0,0.08489114975843912,2
2125,667.735,59.2659,0.794416,-0.00534058,-0.551444,15.8302,43.546,0.0,0.17413192491355522,0.14,0.0,2
2126,668.047,59.327,0.836753,-0.00534987,-0.550207,15.8517,43.566,0.0,0.17240775575552872,0.14,0.0,2
2127,668.36,59.3877,0.869389,-0.00510383,-0.548925,15.8601,43.586,0.0,0.1705922226708742,0.14,0.0,2
2128,668.672,59.1709,0.873726,-0.00496864,-0.547659,15.8742,43.606,0.0,0.16891892313596152,0.0,0.07928687535255682,2
2129,668.984,59.2031,0.877335,-0.00489044,-0.546389,15.8914,43.626,0.0,0.16787487969379528,0.14,0.0,2
2130,669.296,59.2637,0.892812,-0.00450921,-0.545111,15.8925,43.646,0.0,0.16700433951917165,0.14,0.0,2
2131,669.608,59.3242,0.901928,-0.00405502,-0.543842,15.8896,43.666,0.0,0.16607829219477166,0.14,0.0,2
2132,669.92,59.1112,0.888537,-0.00382924,-0.542606,15.8983,43.686,0.0,0.1652066074130684,0.0,0.07717676338543537,2
2133,670.232,59.1446,0.874877,-0.00376725,-0.541402,15.9151,43.706,0.0,0.16480660846261896,0.14,0.0,2
2134,670.543,59.2062,0.878906,-0.00342464,-0.540208,15.9168,43.726,0.0,0.16445424594608543,0.14,0.0,2
2135,670.856,59.2676,0.885735,-0.00297928,-0.539031,15.9128,43.746,0.0,0.16396522727340251,0.14,0.0,2
2136,671.168,59.3291,0.888091,-0.00247359,-0.537885,15.905,43.766,0.0,0.16338436992586713,0.14,0.0,2
2137,671.481,59.1169,0.874651,-0.00217366,-0.536774,15.9076,43.786,0.0,0.1628221589706118,0.0,0.07748936924203201,2
2138,671.792,59.1496,0.862032,-0.00201511,-0.535693,15.9172,43.806,0.0,0.16263687949898817,0.14,0.0,2
2139,672.104,59.2114,0.867003,-0.00157022,-0.534637,15.9112,43.826,0.0,0.16242728463085637,0.14,0.0,2
2140,672.417,59.2729,0.874312,-0.00102544,-0.533602,15.8996,43.846,0.0,0.16215044137331258,0.14,0.0,2
2141,672.73,59.3342,0.879824,-0.000442266,-0.532595,15.8856,43.866,0.0,0.1618605752644411,0.14,0.0,2
2142,673.042,59.1196,0.868314,-7.98702e-05,-0.531611,15.8828,43.886,0.0,0.16157825357186673,0.0,0.07771700019507796,2
2143,673.354,59.1513,0.857127,0.000130415,-0.530681,15.8871,43.906,0.0,0.1616538466030105,0.14,0.0,2
2144,673.666,59.2129,0.865192,0.000601292,-0.529766,15.8775,43.926,0.0,0.1617273384659126,0.14,0.0,2
2145,673.979,59.2742,0.873689,0.0011518,-0.52888,15.8633,43.946,0.0,0.16161145346626268,0.14,0.0,2
2146,674.292,59.3358,0.877072,0.00175166,-0.52802,15.8461,43.966,0.0,0.16138954728602703,0.14,0.0,2
2147,674.605,59.1212,0.864606,0.00214291,-0.527189,15.8393,43.986,0.0,0.1611773341075063,0.0,0.07778651975694445,2
2148,674.917,59.1528,0.852928,0.00238705,-0.526405,15.8395,44.006,0.0,0.1613259909766665,0.14,0.0,2
2149,675.229,59.2145,0.860754,0.00289249,-0.525636,15.8258,44.026,0.0,0.16147494376879706,0.14,0.0,2
2150,675.542,59.2757,0.871723,0.00346136,-0.524896,15.8084,44.046,0.0,0.1616138260861756,0.14,0.0,2
2151,675.855,59.3369,0.87868,0.00404906,-0.524184,15.7896,44.066,0.0,0.16172047439848602,0.14,0.0,2
2152,676.168,59.1223,0.867635,0.00441384,-0.523495,15.782,44.086,0.0,0.1618597744063125,0.0,0.07783085107749398,2
2153,676.48,59.154,0.856617,0.00462627,-0.522861,15.7814,44.106,0.0,0.16237201110452437,0.14,0.0,2
2154,676.792,59.2153,0.86758,0.00508285,-0.522241,15.7679,44.126,0.0,0.1629199066303775,0.14,0.0,2
2155,677.105,59.2765,0.877227,0.00560689,-0.521638,15.7508,44.146,0.0,0.16327474179615042,0.14,0.0,2
2156,677.418,59.3374,0.886576,0.00614405,-0.521053,15.7327,44.166,0.0,0.16354360005911547,0.14,0.0,2
2157,677.731,59.1227,0.876451,0.00643802,-0.520541,15.7259,44.186,0.0,0.16377018909135727,0.0,0.07785059494280042,2
2158,678.043,59.1547,0.865748,0.0065794,-0.52002,15.7271,44.206,0.0,0.16434592176683005,0.14,0.0,2
2159,678.356,59.2158,0.877042,0.00696683,-0.519517,15.7155,44.226,0.0,0.1648914143137334,0.14,0.0,2
2160,678.669,59.2769,0.886935,0.00742269,-0.519028,15.7001,44.246,0.0,0.16509507900735887,0.14,0.0,2
2161,678.982,59.3379,0.893719,0.00790691,-0.518565,15.6828,44.266,0.0,0.16511284166400253,0.14,0.0,2
2162,679.295,59.1231,0.882573,0.00816631,-0.518112,15.677,44.286,0.0,0.16506163628744736,0.0,0.0778699558088431,2
2163,679.607,59.1554,0.871313,0.00827146,-0.517702,15.6783,44.306,0.0,0.16534930034183717,0.14,0.0,2
2164,679.92,59.2165,0.882412,0.00862455,-0.517307,15.6667,44.326,0.0,0.16564126808302873,0.14,0.0,2
2165,680.233,59.2774,0.892136,0.00904632,-0.516927,15.6514,44.346,0.0,0.16572099993236067,0.14,0.0,2
2166,680.546,59.3384,0.898832,0.00949836,-0.516563,15.6343,44.366,0.0,0.16570597055658845,0.14,0.0,2
2167,680.859,59.1236,0.887532,0.00972319,-0.516231,15.6283,44.386,0.0,0.16568022956952627,0.0,0.07788921956445094,2
2168,681.172,59.156,0.876135,0.00979257,-0.515923,15.6298,44.406,0.0,0.16603211470902518,0.14,0.0,2
2169,681.484,59.2173,0.884427,0.0101283,-0.515621,15.6176,44.426,0.0,0.1664088366015547,0.14,0.0,2
2170,681.798,59.2784,0.892372,0.010551,-0.515333,15.6008,44.446,0.0,0.16659270769601475,0.14,0.0,2
2171,682.111,59.3395,0.897549,0.0110135,-0.515073,15.5816,44.466,0.0,0.1666814629397543,0.14,0.0,2
2172,682.424,59.126,0.885945,0.0112505,-0.514822,15.5737,44.486,0.0,0.16675791643396196,0.0,0.07793153562053835,2
2173,682.737,59.1575,0.875555,0.0113165,-0.514603,15.5739,44.506,0.0,0.16719183688747052,0.14,0.0,2
2174,683.049,59.2188,0.888073,0.0116158,-0.514394,15.5622,44.526,0.0,0.16759582193361275,0.14,0.0,2
2175,683.362,59.2801,0.89943,0.0119741,-0.514198,15.5473,44.546,0.0,0.16773837703034822,0.14,0.0,2
2176,683.676,59.3414,0.907638,0.012356,-0.514011,15.531,44.566,0.0,0.1677354668688889,0.14,0.0,2
2177,683.99,59.4029,0.913283,0.0127521,-0.513849,15.5137,44.586,0.0,0.16767688990614066,0.14,0.0,2
2178,684.304,59.4644,0.916918,0.0131598,-0.513703,15.4956,44.606,0.0,0.16776583862242664,0.14,0.0,2
2179,684.618,59.5248,0.913037,0.0135381,-0.51359,15.4784,44.626,0.0,0.16813330031348106,0.14,0.0,2
2180,684.933,59.5864,0.913225,0.0138896,-0.513502,15.4622,44.646,0.0,0.16872372701244687,0.14,0.0,2
2181,685.248,59.6479,0.914042,0.0142443,-0.51344,15.4454,44.666,0.0,0.16939754208135077,0.14,0.0,2
2182,685.563,59.709,0.918081,0.0145946,-0.513384,15.4287,44.686,0.0,0.17011459125924794,0.14,0.0,2
2183,685.879,59.7699,0.92367,0.014926,-0.513372,15.4123,44.706,0.0,0.1708129274819075,0.14,0.0,2
2184,686.195,59.8308,0.927252,0.0152464,-0.513377,15.3963,44.726,0.0,0.17147256667847388,0.14,0.0,2
2185,686.511,59.5735,0.913854,0.0153029,-0.513399,15.3931,44.746,0.0,0.17212303886076663,0.0,0.09682769222751539,2
2186,686.825,59.2442,0.886805,0.0148599,-0.513424,15.4148,44.766,0.0,0.1731163641672648,0.0,0.08693153840060383,2
2187,687.138,59.2748,0.881312,0.0144496,-0.513422,15.4354,44.786,0.0,0.17445550264019621,0.14,0.0,2
2188,687.451,59.3359,0.905178,0.0143576,-0.513398,15.4404,44.806,0.0,0.17586394903462643,0.14,0.0,2
2189,687.764,59.1191,0.911309,0.0141063,-0.513332,15.4541,44.826,0.0,0.1769903586888184,0.0,0.07926896093573231,2
2190,688.077,59.1542,0.913112,0.0137115,-0.513248,15.4752,44.846,0.0,0.1782322070813976,0.14,0.0,2
2191,688.389,58.9293,0.916175,0.0133369,-0.513143,15.4958,44.866,0.0,0.1794409317662143,0.0,0.08266268954527362,2
2192,688.7,58.6228,0.903876,0.0125477,-0.513005,15.5378,44.886,0.0,0.18074099644440964,0.0,0.08172148920778163,2
2193,689.009,58.3248,0.890865,0.0115516,-0.512807,15.5913,44.906,0.0,0.18220865295750957,0.0,0.07851617018007317,2
2194,689.317,58.365,0.901382,0.0107155,-0.51255,15.6378,44.926,0.0,0.18372475909966468,0.14,0.0,2
2195,689.625,58.1335,0.91129,0.0100608,-0.512243,15.6761,44.946,0.0,0.1848506982661886,0.0,0.08813510025543837,2
2196,689.931,57.809,0.902534,0.00911069,-0.511874,15.7305,44.966,0.0,0.18591171588277416,0.0,0.08987224041919689,2
2197,690.236,57.488,0.895066,0.00800633,-0.511443,15.7939,44.986,0.0,0.18711529438802868,0.0,0.08812112142830951,2
2198,690.539,57.1714,0.893296,0.0067842,-0.510954,15.8645,45.006,0.0,0.1880860932973264,0.0,0.08669295965537643,2
2199,690.84,56.8589,0.898997,0.00544906,-0.51035,15.9431,45.026,0.0,0.18987701078592903,0.0,0.08556793997260215,2
2200,691.14,56.5505,0.909082,0.00401282,-0.509682,16.0283,45.046,0.0,0.19152217749580897,0.0,0.08468771600248186,2
2201,691.438,56.2467,0.918764,0.00250626,-0.508893,16.1194,45.066,0.0,0.19298240945842576,0.0,0.08402762831142606,2
2202,691.734,55.945,0.928333,0.000963926,-0.507999,16.2144,45.086,0.0,0.1942869911877291,0.0,0.08357812508319586,2
2203,692.029,55.647,0.937729,-0.000602961,-0.50699,16.313,45.106,0.0,0.19546084535898928,0.0,0.08321681187366235,2
2204,692.323,55.3527,0.93707,-0.00223446,-0.505885,16.4169,45.126,0.0,0.1965300731450803,0.0,0.08299899300558003,2
2205,692.615,55.0568,0.932663,-0.00396633,-0.50468,16.5281,45.146,0.0,0.1976234809483099,0.0,0.0829199305334766,2
2206,692.905,54.7621,0.938771,-0.00570416,-0.503368,16.6419,45.166,0.0,0.1987379299997649,0.0,0.08275200731639551,2
2207,693.194,54.4683,0.950108,-0.00743008,-0.501939,16.7573,45.186,0.0,0.19972069225727307,0.0,0.08258973944480712,2
2208,693.481,54.1776,0.96423,-0.0091486,-0.500396,16.8746,45.206,0.0,0.20054167813384333,0.0,0.08242196521467066,2
2209,693.767,53.8887,0.976271,-0.0108514,-0.49874,16.9932,45.226,0.0,0.20117032495925952,0.0,0.08159181383238207,2
2210,694.052,53.9404,1.00188,-0.0122325,-0.496967,17.0966,45.246,0.0,0.2014798811637704,0.14,0.0,2
2211,694.337,53.7317,1.02641,-0.013412,-0.495087,17.1908,45.266,0.0,0.20129980076238785,0.0,0.07965007699203852,2
2212,694.621,53.7823,1.04293,-0.0145781,-0.493118,17.2859,45.286,0.0,0.2010339466257029,0.14,0.0,2
2213,694.906,53.8477,1.06986,-0.0153685,-0.491067,17.3617,45.306,0.0,0.20065262910080361,0.14,0.0,2
2214,695.191,53.9132,1.08596,-0.016026,-0.488946,17.4313,45.326,0.0,0.20016978293526794,0.14,0.0,2
2215,695.477,53.9785,1.09588,-0.0166285,-0.486771,17.4987,45.346,0.0,0.19979410086867483,0.14,0.0,2
2216,695.763,54.0437,1.10132,-0.0172174,-0.484561,17.5658,45.366,0.0,0.19958362110922906,0.14,0.0,2
2217,696.049,54.1088,1.10392,-0.0178101,-0.4823,17.6339,45.386,0.0,0.1995428294784187,0.14,0.0,2
2218,696.336,54.1739,1.10525,-0.01842,-0.480004,17.7034,45.406,0.0,0.1996462256538995,0.14,0.0,2
2219,696.624,54.239,1.10616,-0.019048,-0.477665,17.7746,45.426,0.0,0.19985203740375118,0.14,0.0,2
2220,696.911,54.3042,1.10696,-0.0196891,-0.475282,17.8471,45.446,0.0,0.19979273284128662,0.14,0.0,2
2221,697.199,54.3698,1.10477,-0.0203211,-0.472868,17.9195,45.466,0.0,0.1989545954954375,0.14,0.0,2
2222,697.488,54.4365,1.09023,-0.0208628,-0.470421,17.9874,45.486,0.0,0.19821824981220978,0.14,0.0,2
2223,697.777,54.5029,1.08228,-0.021333,-0.46796,18.0516,45.506,0.0,0.19772819773438532,0.14,0.0,2
2224,698.066,54.5692,1.07716,-0.0217817,-0.465477,18.121,45.526,0.0,0.1973393865001945,0.14,0.0,2
2225,698.356,54.6355,1.07838,-0.0222464,-0.462962,18.2012,45.546,0.0,0.1969866511496175,0.14,0.0,2
2226,698.646,54.7018,1.08246,-0.0227504,-0.460418,18.2942,45.566,0.0,0.19657500363172475,0.14,0.0,2
2227,698.936,54.7686,1.08436,-0.0232694,-0.457835,18.3998,45.586,0.0,0.1960775464871793,0.14,0.0,2
2228,699.227,54.8356,1.08713,-0.0237975,-0.455221,18.5181,45.606,0.0,0.1955428152720693,0.14,0.0,2
2229,699.519,54.903,1.08669,-0.0243134,-0.452563,18.649,45.626,0.0,0.19495270228527087,0.14,0.0,2
2230,699.81,54.9709,1.08413,-0.0247984,-0.449877,18.7918,45.646,0.0,0.19417712403226642,0.14,0.0,2
2231,700.103,55.0381,1.07462,-0.0252619,-0.447163,18.948,45.666,0.0,0.19326921323040133,0.14,0.0,2
2232,700.395,55.1051,1.05373,-0.025805,-0.444443,19.1257,45.686,0.0,0.19235752943226414,0.14,0.0,2
2233,700.688,55.175,1.0453,-0.0263159,-0.441702,19.3183,45.706,0.0,0.19154165044375107,0.14,0.0,2
2234,700.982,55.2442,1.04202,-0.0267479,-0.438935,19.5236,45.726,0.0,0.1906083144436861,0.14,0.0,2
2235,701.276,55.3131,1.04143,-0.0270996,-0.436143,19.7421,45.746,0.0,0.18955199135276424,0.14,0.0,2
2236,701.57,55.3821,1.03941,-0.0273685,-0.433334,19.9745,45.766,0.0,0.18840075934407816,0.14,0.0,2
2237,701.865,55.4508,1.03889,-0.0275714,-0.430513,20.2229,45.786,0.0,0.1872250622976101,0.14,0.0,2
2238,702.161,55.5192,1.03793,-0.0277338,-0.427676,20.491,45.806,0.0,0.1860310911091648,0.14,0.0,2
2239,702.456,55.5876,1.03562,-0.0278645,-0.424831,20.7812,45.826,0.0,0.1848407701626527,0.14,0.0,2
2240,702.753,55.6559,1.03153,-0.0279725,-0.421974,21.0962,45.846,0.0,0.18361834378122077,0.14,0.0,2
2241,703.049,55.7246,1.02319,-0.0280426,-0.419121,21.4362,45.866,0.0,0.18230062250390394,0.14,0.0,2
2242,703.346,55.7934,1.01563,-0.0280731,-0.416269,21.8034,45.886,0.0,0.18094417116990855,0.14,0.0,2
2243,703.644,55.8624,1.00577,-0.0280547,-0.413422,22.1989,45.906,0.0,0.17949008691736312,0.14,0.0,2
2244,703.942,55.9313,0.997968,-0.0279891,-0.410588,22.6254,45.926,0.0,0.17800165169579296,0.14,0.0,2
2245,704.24,56.0005,0.988383,-0.027868,-0.407769,23.0845,45.946,0.0,0.1764728756328438,0.14,0.0,2
2246,704.539,56.0695,0.980948,-0.0276959,-0.404964,23.58,45.966,0.0,0.17495112423073728,0.14,0.0,2
2247,704.839,56.1388,0.971652,-0.0274673,-0.402177,24.1143,45.986,0.0,0.17341853655322303,0.14,0.0,2
2248,705.139,56.2084,0.959468,-0.0271783,-0.399416,24.6905,46.006,0.0,0.17191520385893186,0.14,0.0,2
2249,705.439,56.2789,0.938213,-0.0267353,-0.396696,25.2968,46.026,0.0,0.1698725065495632,0.14,0.0,2
2250,705.74,56.3495,0.922231,-0.0261824,-0.394028,25.9421,46.046,0.0,0.16826479381417497,0.14,0.0,2
2251,706.041,56.4197,0.917009,-0.0256054,-0.391404,26.646,46.066,0.0,0.16756520432451,0.14,0.0,2
2252,706.342,56.4902,0.916786,-0.0250525,-0.388818,27.425,46.086,0.0,0.1666867868494522,0.14,0.0,2
2253,706.645,56.5609,0.918144,-0.0245228,-0.386263,28.2892,46.106,0.0,0.1656028292512788,0.14,0.0,2
2254,706.947,56.6324,0.916253,-0.0239828,-0.383735,29.2431,46.126,0.0,0.16434096604788104,0.14,0.0,2
2255,707.25,56.7043,0.914653,-0.0234165,-0.381245,30.2947,46.146,0.0,0.162996363755467,0.14,0.0,2
2256,707.554,56.7766,0.912094,-0.022819,-0.378789,31.4562,46.166,0.0,0.1615950755315669,0.14,0.0,2
2257,707.858,56.8497,0.905088,-0.0221646,-0.376379,32.7355,46.186,0.0,0.16017311059691203,0.14,0.0,2
2258,708.162,56.9179,0.878474,-0.0215693,-0.374018,34.1874,46.206,0.0,0.15880841678681323,0.14,0.0,2
2259,708.467,56.9936,0.859865,-0.0209873,-0.371727,35.8258,46.226,0.0,0.15771254667231438,0.14,0.0,2
2260,708.773,57.0681,0.85293,-0.0202992,-0.369482,37.6386,46.246,0.0,0.15678428619040868,0.14,0.0,2
2261,709.078,57.142,0.851388,-0.01951,-0.367291,39.6541,46.266,0.0,0.15601569311501234,0.14,0.0,2
2262,709.385,57.2157,0.852467,-0.0186362,-0.36515,41.9134,46.286,0.0,0.15529906544919853,0.14,0.0,2
2263,709.691,57.2888,0.85695,-0.0177116,-0.363061,44.4791,46.306,0.0,0.1545965680725602,0.14,0.0,2
2264,709.999,57.3618,0.859176,-0.0167489,-0.361023,47.4234,46.326,0.0,0.15387141732897858,0.14,0.0,2
2265,710.307,57.5627,0.855726,-0.0157773,-0.359052,50.8552,46.346,0.0,0.1531660674996226,0.32,0.0,2
2266,710.616,57.8826,0.847084,-0.0148392,-0.357147,54.9503,46.366,0.0,0.15299097130950975,0.43306248066869263,0.0,2
2267,710.928,58.2215,0.837989,-0.0139096,-0.355306,59.892,46.386,0.0,0.1525836243118347,0.41706808530820666,0.0,2
2268,711.241,58.5453,0.829559,-0.0129147,-0.353535,65.8603,46.406,0.0,0.15204857123119792,0.4001235448342373,0.0,2
2269,711.556,58.8537,0.824829,-0.0118563,-0.351819,73.2035,46.426,0.0,0.1515088177522488,0.38393389407402045,0.0,2
2270,711.873,59.148,0.819141,-0.0107453,-0.350185,114.088,46.446,0.0,0.15094881892719964,0.36851415949625543,0.0,2
2271,712.191,59.4284,0.812892,-0.00958872,-0.348623,112.896,46.466,0.0,0.15041279701843352,0.35379936121715394,0.0,2
2272,712.511,59.6959,0.809666,-0.00841856,-0.347139,111.683,46.486,0.0,0.14992736671926948,0.33977951452503763,0.0,2
2273,712.832,59.9507,0.805559,-0.00723267,-0.34574,110.449,46.506,0.0,0.14892360141935482,0.3264046310390287,0.0,2
2274,713.155,60.1926,0.81444,-0.00608778,-0.344413,109.182,46.526,0.0,0.14814564337294847,0.313664719589662,0.0,2
2275,713.479,60.4242,0.815424,-0.00498056,-0.343159,107.882,46.546,0.0,0.14736403403876303,0.3015697868881438,0.0,2
2276,713.804,60.6441,0.813749,-0.0038352,-0.341975,106.562,46.566,0.0,0.1466870147923246,0.28998983803498946,0.0,2
2277,714.13,60.8529,0.807816,-0.00262356,-0.340874,105.224,46.586,0.0,0.14613585686098762,0.2789948769065914,0.0,2
2278,714.459,61.0512,0.802605,-0.00208503,-0.339862,103.868,46.606,0.0,0.1457534254360727,0.2685549064490099,0.0,2
2279,714.798,60.8711,0.781717,-0.00752002,-0.338678,102.455,46.626,0.0,0.14530392921731247,0.0,0.07796928546057885,2
2280,715.136,60.9324,0.760898,-0.0130418,-0.337146,100.995,46.646,0.0,0.1435900790695049,0.18,0.0,2
2281,715.475,61.1038,0.749317,-0.0182717,-0.335266,99.5618,46.666,0.0,0.14022282251465168,0.26457995893336017,0.0,2
2282,715.814,60.9196,0.725431,-0.0234988,-0.333045,98.0965,46.686,0.0,0.13620030301830516,0.0,0.079992331700497,2
2283,716.152,60.9825,0.717337,-0.0285915,-0.330499,96.6258,46.706,0.0,0.13209509339728578,0.18,0.0,2
2284,716.491,61.1535,0.716563,-0.0332864,-0.327619,95.2081,46.726,0.0,0.12759225567554341,0.2620749819727314,0.0,2
2285,716.83,60.9565,0.691254,-0.0379832,-0.324439,93.7541,46.746,0.0,0.12274622090561232,0.0,0.08190385669286471,2
2286,717.168,61.0137,0.658632,-0.0426229,-0.320984,92.2747,46.766,0.0,0.11817530307783747,0.18,0.0,2
2287,717.507,61.1833,0.638351,-0.0469335,-0.317243,90.8348,46.786,0.0,0.11369297196890127,0.2605149920864621,0.0,2
2288,717.846,60.9796,0.623535,-0.0512951,-0.313227,89.3373,46.806,0.0,0.10919170283384641,0.0,0.08305000462637607,2
2289,718.184,61.04,0.599352,-0.0556691,-0.308948,87.7848,46.826,0.0,0.10467656277622127,0.18,0.0,2
2290,718.522,60.831,0.569413,-0.0598148,-0.304407,86.2383,46.846,0.0,0.10006803886023258,0.0,0.07753846421065583,2
2291,718.859,60.8882,0.540075,-0.063773,-0.299634,84.6848,46.866,0.0,0.09559104613473117,0.18,0.0,2
2292,719.197,61.06,0.519077,-0.0673307,-0.294623,83.1901,46.886,0.0,0.09097083955772287,0.26678999799350317,0.0,2
2293,719.535,60.8743,0.485529,-0.0707477,-0.289404,81.6725,46.906,0.0,0.08611576825920293,0.0,0.07830769348072107,2
2294,719.872,60.9173,0.451492,-0.0739873,-0.284003,80.1391,46.926,0.0,0.08146082593524293,0.18,0.0,2
2295,720.21,61.1566,0.427904,-0.0769075,-0.278418,78.6394,46.946,0.0,0.07680982983317498,0.36,0.0,2
2296,720.55,61.5816,0.39862,-0.0796941,-0.272638,77.0941,46.966,0.0,0.07197975677907037,0.54,0.0,2
2297,720.892,62.0927,0.384436,-0.0822824,-0.266644,75.5151,46.986,0.0,0.06735839988512703,0.5489199994347201,0.0,2
2298,721.237,62.5518,0.374771,-0.0845617,-0.260462,73.9461,47.006,0.0,0.06277438156059378,0.5233649995703873,0.0,2
2299,721.585,62.983,0.356562,-0.0866874,-0.254102,72.2809,47.026,0.0,0.05826834388585049,0.5004099996734945,0.0,2
2300,721.934,63.3896,0.335005,-0.0887473,-0.247571,70.3802,47.046,0.0,0.05454022901156676,0.4788499997518562,0.0,2
2301,722.286,63.9009,0.302035,-0.0907968,-0.240888,68.4272,47.066,0.0,0.05082588278285405,0.6228816331722312,0.0,2
2302,722.642,64.5248,0.264875,-0.0928682,-0.234046,66.5363,47.086,0.0,0.04721675761049822,0.7092969203977093,0.0,2
2303,723.0,65.2279,0.22289,-0.0949424,-0.227027,64.7167,47.106,0.0,0.04367967677725639,0.7416963011648774,0.0,2
2304,723.363,65.9124,0.185445,-0.0969165,-0.219831,63.0307,47.126,0.0,0.04022323987953749,0.629328602454463,0.0,2
2305,723.73,66.5971,0.158391,-0.098717,-0.212452,61.5103,47.146,0.0,0.03703722332975087,0.7418675913647597,0.0,2
2306,724.1,67.3306,0.132419,-0.100436,-0.204901,60.0848,47.166,0.0,0.03476540713328962,0.7220083348109645,0.0,2
2307,724.474,68.1004,0.106134,-0.102089,-0.197168,58.7354,47.186,0.0,0.03263833862672033,0.7896239053326503,0.0,2
2308,724.853,68.8811,0.081333,-0.103691,-0.189252,57.4486,47.206,0.0,0.03066800390386771,0.6991313463022367,0.0,2
2309,725.236,69.6268,0.0661069,-0.105186,-0.181153,56.2494,47.226,0.0,0.0288141722737075,0.7018679242375464,0.0,2
2310,725.623,70.4883,0.0598688,-0.106635,-0.172864,55.0987,47.246,0.0,0.026837404260865182,0.7899609610352306,0.0,2
2311,726.015,71.3014,0.0626422,-0.107857,-0.164368,54.0821,47.266,0.0,0.02446674659173191,0.725862511021161,0.0,2
2312,726.411,71.9956,0.0690846,-0.1089,-0.155683,53.1667,47.286,0.0,0.021877744115051133,0.6458983395024843,0.0,2
2313,726.81,72.6023,0.0663327,-0.109833,-0.146839,52.3134,47.306,0.0,0.019129977237896056,0.5929596584536091,0.0,2
2314,727.213,73.1802,0.0584213,-0.110709,-0.13786,51.495,47.326,0.0,0.016548499468389363,0.57359964752832,0.0,2
2315,727.619,73.7669,0.0441262,-0.111517,-0.128748,50.7139,47.346,0.0,0.014280305047662437,0.5801919022070505,0.0,2
2316,728.028,74.3709,0.0295231,-0.112246,-0.11952,49.974,47.366,0.0,0.012376200094291075,0.5834596011203955,0.0,2
2317,728.44,74.9862,0.018593,-0.112915,-0.110175,49.2644,47.386,0.0,0.01073029740379812,0.5837116562630646,0.0,2
2318,728.856,75.6066,0.00683381,-0.113513,-0.100708,48.5879,47.406,0.0,0.008984684185845018,0.5818058407510348,0.0,2
2319,729.275,76.2264,-0.00395599,-0.114022,-0.0911317,47.9512,47.426,0.0,0.006848738935371269,0.5784899350227873,0.0,2
2320,729.698,76.843,-0.0135485,-0.114435,-0.0814515,47.3553,47.446,0.0,0.004788389907281683,0.5742321669739253,0.0,2
2321,730.123,77.1982,-0.0166315,-0.114725,-0.0716799,46.8089,47.466,0.0,0.0026379338786437787,0.28,0.0,2
2322,730.55,77.411,-0.0174889,-0.114869,-0.0618532,46.3218,47.486,0.0,0.0005360667848376406,0.28,0.0,2
2323,730.978,77.6188,-0.0213543,-0.114906,-0.0520083,45.8779,47.506,0.0,-0.0011385097678413842,0.28,0.0,2
2324,731.407,77.8256,-0.0280371,-0.114853,-0.0421206,45.4674,47.526,0.0,-0.0028329650718063775,0.28,0.0,2
2325,731.837,78.0341,-0.0332764,-0.114737,-0.032233,45.0815,47.546,0.0,-0.004487571854027418,0.28,0.0,2
2326,732.268,78.2442,-0.0413486,-0.11455,-0.0223454,44.7222,47.566,0.0,-0.00609742585189816,0.28,0.0,2
2327,732.701,78.4554,-0.0502348,-0.114277,-0.0124578,44.3951,47.586,0.0,-0.0077521789847244905,0.28,0.0,2
2328,733.134,78.6671,-0.0563045,-0.113935,-0.00257006,44.0929,47.606,0.0,-0.00945197426306078,0.28,0.0,2
2329,733.569,78.8789,-0.0646031,-0.113521,0.00731812,43.8165,47.626,0.0,-0.011090644353725759,0.28,0.0,2
2330,734.005,79.0907,-0.0705477,-0.113042,0.0171508,43.5656,47.646,0.0,-0.012486583811092118,0.28,0.0,2
2331,734.443,79.3023,-0.0786603,-0.11249,0.0269774,43.3406,47.666,0.0,-0.013690841115847067,0.28,0.0,2
2332,734.881,79.5139,-0.0844305,-0.111871,0.0367613,43.1412,47.686,0.0,-0.014722036032172339,0.28,0.0,2
2333,735.321,79.7254,-0.0895115,-0.111201,0.0465269,42.9602,47.706,0.0,-0.01594002185988937,0.28,0.0,2
2334,735.762,79.937,-0.0943878,-0.110482,0.0562314,42.7986,47.726,0.0,-0.016985657091669583,0.28,0.0,2
2335,736.204,80.1484,-0.0992018,-0.109713,0.0658994,42.6558,47.746,0.0,-0.017845717502934785,0.28,0.0,2
2336,736.647,80.3599,-0.100683,-0.108918,0.0755245,42.5233,47.766,0.0,-0.01844063767651368,0.28,0.0,2
2337,737.092,80.5718,-0.101969,-0.108113,0.085107,42.3944,47.786,0.0,-0.0188476435085396,0.28,0.0,2
2338,737.537,80.7837,-0.10249,-0.107305,0.0946284,42.2678,47.806,0.0,-0.019109833712700024,0.28,0.0,2
2339,737.984,80.9954,-0.103444,-0.10649,0.104107,42.1441,47.826,0.0,-0.019262769830833228,0.28,0.0,2
2340,738.433,81.3747,-0.103929,-0.105663,0.113562,42.0248,47.846,0.0,-0.019326764517478112,0.46,0.0,2
2341,738.884,81.9706,-0.101812,-0.104815,0.122961,41.9142,47.866,0.0,-0.019326873261640926,0.64,0.0,2
2342,739.339,82.7572,-0.0948608,-0.103936,0.132397,41.8128,47.886,0.0,-0.019282138872268925,0.8200000000000001,0.0,2
2343,739.799,83.6038,-0.0772379,-0.102954,0.141858,41.7496,47.906,0.0,-0.019230278238394728,0.88,0.0,2
2344,740.264,84.4903,-0.0534723,-0.101924,0.151343,41.7039,47.926,0.0,-0.019204727450193408,0.88,0.0,2
2345,740.734,85.4417,-0.0296298,-0.100862,0.160864,41.6687,47.946,0.0,-0.01921554039924312,0.88,0.0,2
2346,741.209,86.2985,-0.0183217,-0.0997785,0.170398,41.6413,47.966,0.0,-0.0192521430989344,0.88,0.0,3
2347,741.686,86.2691,-0.0305336,-0.0987333,0.179876,41.5998,47.986,0.0,-0.019283288172042765,1.0,0.0,3
2348,742.163,86.2077,-0.0395004,-0.0977872,0.189245,41.5212,48.006,0.0,-0.01921746339609285,1.0,0.0,3
2349,742.641,86.682,-0.0453975,-0.0968931,0.198522,41.4236,48.026,0.0,-0.019175782038849436,1.0,0.0,3
2350,743.122,87.4266,-0.0485024,-0.0959905,0.2078,41.3279,48.046,0.0,-0.01925865019990516,0.88,0.0,3
2351,743.608,88.182,-0.0516617,-0.0950497,0.217078,41.247,48.066,0.0,-0.019499256166102874,0.88,0.0,3
2352,744.098,88.9405,-0.0572336,-0.0940574,0.226306,41.1895,48.086,0.0,-0.019884700114699585,0.88,0.0,3
2353,744.592,89.5535,-0.0441921,-0.0928977,0.235522,41.2054,48.106,0.0,-0.020365438903331725,0.88,0.0,3
2354,745.09,90.2109,-0.0191919,-0.0916475,0.24469,41.2651,48.126,0.0,-0.020981589089317146,0.88,0.0,3
2355,745.591,91.0025,0.00342794,-0.0903147,0.253845,41.3648,48.146,0.0,-0.0217492766599354,0.88,0.0,3
2356,746.097,91.8583,0.0240302,-0.0888899,0.262957,41.5128,48.166,0.0,-0.022639412135544518,0.88,0.0,3
2357,746.608,92.7555,0.0473745,-0.0875428,0.272052,41.6298,48.186,0.0,-0.02365993619074768,0.88,0.0,3
2358,747.124,93.6336,0.0554507,-0.0865191,0.281134,41.5957,48.206,0.0,-0.024877609528253693,0.88,0.0,3
2359,747.645,94.4494,0.0352335,-0.0857638,0.290167,41.4338,48.226,0.0,-0.026183567165308647,0.88,0.0,3
2360,748.17,95.2198,-0.00458491,-0.0849336,0.299176,41.3068,48.246,0.0,-0.027423670889338354,0.88,0.0,3
2361,748.7,95.9979,-0.0357742,-0.0837806,0.308118,41.3397,48.266,0.0,-0.028542496871932055,0.88,0.0,3
2362,749.233,96.6473,-0.0397494,-0.0820926,0.316955,41.6488,48.286,0.0,-0.03372077374298312,0.88,0.0,3
2363,749.769,96.9709,0.0519233,-0.0796388,0.325671,42.3815,48.306,0.0,-0.037649606598623576,0.54,0.0,3
2364,750.308,97.4921,0.138012,-0.076731,0.33424,43.2937,48.326,0.0,-0.04102447339869726,0.28,0.0,3
2365,750.849,97.8063,0.145652,-0.0737594,0.342572,43.9671,48.346,0.0,-0.04419023639633413,0.28,0.0,3
2366,751.392,97.9759,0.168983,-0.0713566,0.350628,44.2823,48.366,0.0,-0.04689041580249427,0.28,0.0,3
2367,751.935,98.1439,0.174202,-0.0701564,0.358526,44.1312,48.386,0.0,-0.04933331416364832,0.28,0.0,3
2368,752.479,98.3136,0.139339,-0.069754,0.366321,43.7091,48.406,0.0,-0.051961228935741746,0.28,0.0,3
2369,753.025,98.4857,0.0924968,-0.0697368,0.374072,43.163,48.426,0.0,-0.054657512138313075,0.28,0.0,3
2370,753.571,98.6602,0.0474784,-0.069856,0.381769,42.5759,48.446,0.0,-0.05734856629638978,0.28,0.0,3
2371,754.118,98.6939,-0.0886332,-0.0694798,0.389404,42.1435,48.466,0.0,-0.06000637136281652,0.28,0.0,3
2372,754.665,98.6356,0.0147555,-0.067592,0.396863,42.1548,48.486,0.0,-0.061827160862837155,0.28,0.0,3
2373,755.211,98.5889,0.182731,-0.0656369,0.40429,42.1482,48.506,0.0,-0.06420028875349584,0.0,0.08002069197778255,3
2374,755.758,98.4864,0.336197,-0.0635555,0.41167,42.1421,48.526,0.0,-0.06735430564193634,0.0,0.10982510711559001,3
2375,756.303,98.117,0.568273,-0.0600889,0.418951,42.4452,48.546,0.0,-0.07076935251177942,0.0,0.40982510711559,3
2376,756.844,97.3205,0.937665,-0.0553024,0.426092,42.9916,48.566,0.0,-0.07400604010789376,0.0,0.62,3
2377,757.38,95.8985,1.32157,-0.0497306,0.433032,43.629,48.586,0.0,-0.07764229698692544,0.0,0.42,3
2378,757.908,95.0357,1.76647,-0.0436576,0.439746,44.2895,48.606,0.0,-0.08141302950121736,0.0,0.21999999999999997,3
2379,758.433,94.3602,2.22498,-0.0363649,0.446252,45.1038,48.626,0.0,-0.0855534324660202,0.18,0.019999999999999962,3
2380,758.955,93.5682,2.40808,-0.0287283,0.452319,45.9021,48.646,0.0,-0.08973165155603191,0.28,0.0,3
2381,759.472,93.2124,2.0992,-0.0210174,0.457446,46.6541,48.666,0.0,-0.09202722458347354,0.28,0.0,3
2382,759.99,93.3904,1.57151,-0.0147088,0.461352,47.1327,48.686,0.0,-0.08971554320665577,0.28,0.0,3
2383,760.51,93.5825,1.0402,-0.0098899,0.464062,47.3526,48.706,0.0,-0.0830408689725232,0.28,0.0,3
2384,761.03,93.7158,0.935024,-0.00479728,0.465924,47.5985,48.726,0.0,-0.07365391592882356,0.28,0.0,3
2385,761.551,93.9384,0.889804,0.000543356,0.467175,47.8603,48.746,0.0,-0.0650842780616156,0.28,0.0,3
2386,762.074,94.1547,0.784052,0.00511384,0.467816,47.9902,48.766,0.0,-0.05756552297219297,0.28,0.0,3
2387,762.598,94.3649,0.641185,0.00879359,0.467889,47.9794,48.786,0.0,-0.050568561032645565,0.28,0.0,3
2388,763.122,94.5743,0.489726,0.0117168,0.467444,47.8543,48.806,0.0,-0.04390759314920302,0.28,0.0,3
2389,763.648,94.7826,0.350562,0.0140696,0.466547,47.6451,48.826,0.0,-0.03761239595472061,0.28,0.0,3
2390,764.176,94.9899,0.239254,0.0160136,0.465289,47.3764,48.846,0.0,-0.03179602826933877,0.28,0.0,3
2391,764.704,95.1937,0.129231,0.0178649,0.463702,47.092,48.866,0.0,-0.02682701596846651,0.28,0.0,3
2392,765.233,95.3975,0.0765926,0.0196097,0.461834,46.7899,48.886,0.0,-0.022614753935134447,0.28,0.0,3
2393,765.764,95.5989,0.0503278,0.0210569,0.459753,46.4455,48.906,0.0,-0.0193323844336189,0.28,0.0,3
2394,766.295,95.7975,0.0300175,0.0222497,0.457495,46.0655,48.926,0.0,-0.016960435253511843,0.28,0.0,3
2395,766.828,95.9938,0.0189822,0.023257,0.455102,45.6591,48.946,0.0,-0.015334120201471733,0.28,0.0,3
2396,767.362,96.2124,0.00236053,0.0241141,0.452594,45.2314,48.966,0.0,-0.014383197558737217,0.28,0.0,3
2397,767.897,96.4033,-0.0454561,0.0248594,0.449957,44.788,48.986,0.0,-0.014044340369929395,0.28,0.0,3
2398,768.433,96.5893,-0.0726529,0.0257096,0.44718,44.3556,49.006,0.0,-0.01396470330979749,0.28,0.0,3
2399,768.97,96.767,-0.075746,0.0265863,0.444287,43.9243,49.026,0.0,-0.014179197162374743,0.28,0.0,3
2400,769.508,96.9401,-0.0706408,0.0274949,0.441302,43.4943,49.046,0.0,-0.014754447580181363,0.28,0.0,3
2401,770.047,97.1115,-0.0589095,0.0284481,0.43822,43.067,49.066,0.0,-0.015630073203571935,0.28,0.0,3
2402,770.586,97.3138,-0.048782,0.0293975,0.435046,42.6365,49.086,0.0,-0.016458299434022584,0.28,0.0,3
2403,771.127,97.4916,-0.0849814,0.03018,0.431756,42.1847,49.106,0.0,-0.017219497904995634,0.28,0.0,3
2404,771.669,97.6568,-0.115755,0.0310574,0.428326,41.742,49.126,0.0,-0.017680491336211513,0.28,0.0,3
2405,772.212,97.8105,-0.115585,0.0320027,0.424774,41.3047,49.146,0.0,-0.017943006300055134,0.28,0.0,3
2406,772.755,97.9591,-0.0984769,0.0330036,0.42113,40.871,49.166,0.0,-0.01825287510689861,0.28,0.0,3
2407,773.3,98.1078,-0.077033,0.0340724,0.417383,40.442,49.186,0.0,-0.018500478332919502,0.28,0.0,3
2408,773.845,98.2672,-0.0515376,0.0351768,0.413544,40.0138,49.206,0.0,-0.018597301038868436,0.28,0.0,3
2409,774.391,98.4534,-0.0669433,0.0361125,0.409582,39.5655,49.226,0.0,-0.018608358002986665,0.28,0.0,3
2410,774.938,98.6036,-0.0748632,0.036911,0.405517,39.1009,49.246,0.0,-0.018337044513414766,0.28,0.0,3
2411,775.486,98.7466,-0.0730568,0.0377159,0.401342,38.6351,49.266,0.0,-0.017954770145250015,0.28,0.0,3
2412,776.035,98.8906,-0.063279,0.0385849,0.397088,38.1736,49.286,0.0,-0.017517429027037915,0.28,0.0,3
2413,776.584,99.0382,-0.046797,0.0395005,0.392736,37.7145,49.306,0.0,-0.017013382670527426,0.28,0.0,3
2414,777.134,99.19,-0.0294796,0.0404253,0.388305,37.2537,49.326,0.0,-0.016492817001468325,0.27935380800401705,0.0,3
2415,777.685,99.3395,-0.018883,0.0413523,0.383776,36.7909,49.346,0.0,-0.015962754079371533,0.27074966993431804,0.0,3
2416,778.237,99.4811,-0.0105024,0.0422699,0.37915,36.3249,49.366,0.0,-0.01537896162634727,0.2622492499889573,0.0,3
2417,778.789,99.2664,-0.00310314,0.0432186,0.374426,35.8604,49.386,0.0,-0.014742899933380377,0.0,0.08143432864352954,3
2418,779.34,99.1699,0.00968593,0.0442021,0.369629,35.3988,49.406,0.0,-0.014041559925107673,0.18,0.0,3
2419,779.89,99.2829,0.0117665,0.0450547,0.364722,34.924,49.426,0.0,-0.013314855253439775,0.2676716423187506,0.0,3
2420,780.442,99.4209,0.00488133,0.0458155,0.359717,34.4391,49.446,0.0,-0.012536137967730444,0.2609660321960766,0.0,3
2421,780.993,99.1963,6.29043e-05,0.0465629,0.354626,33.9521,49.466,0.0,-0.011686188534046574,0.0,0.08233119515068174,3
2422,781.543,99.1064,0.000657893,0.0473058,0.349469,33.4651,49.486,0.0,-0.010789552577019699,0.18,0.0,3
2423,782.093,99.2182,-0.00340098,0.0479319,0.344232,32.9669,49.506,0.0,-0.009915914231700896,0.26648829530846985,0.0,3
2424,782.643,99.0063,-0.00452474,0.0485241,0.338922,32.4652,49.526,0.0,-0.009060973413685327,0.0,0.07710419172956762,3
2425,783.192,98.9181,-9.01478e-05,0.0491183,0.333557,31.9644,49.546,0.0,-0.008235972033746451,0.18,0.0,3
2426,783.741,99.034,-0.00287619,0.0495915,0.328131,31.4525,49.566,0.0,-0.007465434592894373,0.272106603741173,0.0,3
2427,784.291,99.1763,-0.0123566,0.0499856,0.322643,30.9331,49.586,0.0,-0.0067213435870883435,0.2647040243548281,0.0,3
2428,784.841,98.9657,-0.0151457,0.0503812,0.317095,30.4133,49.606,0.0,-0.006032296806753595,0.0,0.08012228741751123,3
2429,785.39,98.8725,-0.0127827,0.0507796,0.311535,29.8943,49.626,0.0,-0.0054216332401264365,0.18,0.0,3
2430,785.939,98.9857,-0.0188517,0.0510979,0.30592,29.3687,49.646,0.0,-0.004894380572036145,0.2673572793302475,0.0,3
2431,786.488,98.7795,-0.0220056,0.0513949,0.300256,28.8414,49.666,0.0,-0.00440707681430332,0.0,0.07752178717738026,3
2432,787.035,98.6916,-0.0244561,0.0516982,0.29458,28.3153,49.686,0.0,-0.003951907553318364,0.18,0.0,3
2433,787.583,98.8025,-0.0297782,0.0519469,0.288867,27.7847,49.706,0.0,-0.003583256221998869,0.26793768081968194,0.0,3
2434,788.131,98.6011,-0.0311438,0.0521848,0.28313,27.253,49.726,0.0,-0.003321136450610204,0.0,0.0777319702999342,3
2435,788.678,98.5149,-0.0313464,0.0524328,0.277386,26.7227,49.746,0.0,-0.0031415376226823595,0.18,0.0,3
2436,789.224,98.6295,-0.036751,0.0526266,0.271588,26.1887,49.766,0.0,-0.0030277769997021837,0.26588306635301306,0.0,3
2437,789.771,98.418,-0.0409021,0.0528288,0.265789,25.6547,49.786,0.0,-0.0029541184896618752,0.0,0.08014107996067456,3
2438,790.317,98.3337,-0.0414988,0.0530589,0.259967,25.1237,49.806,0.0,-0.0030220040687101977,0.18,0.0,3
2439,790.862,98.4452,-0.045745,0.0532479,0.254107,24.5896,49.826,0.0,-0.003395135909450929,0.26125543635469756,0.0,3
2440,791.408,98.2203,-0.0513213,0.0534766,0.248248,24.0574,49.846,0.0,-0.00393924474966017,0.0,0.08411474029509346,3
2441,791.952,97.8502,-0.0521299,0.0538104,0.242339,23.5338,49.866,0.0,-0.004528943131054907,0.0,0.07937540393401249,3
2442,792.492,97.7683,-0.0516975,0.0527318,0.23643,23.0118,49.886,0.0,-0.00509242624978502,0.18,0.0,3
2443,793.023,97.8867,-0.058426,0.042459,0.231197,22.4884,49.906,0.0,-0.00600188676816538,0.2706903185676963,0.0,3
2444,793.555,98.0274,-0.0746615,0.0322671,0.227061,21.9697,49.926,0.0,-0.009643939065403215,0.26086526793238735,0.0,3
2445,794.087,97.7995,-0.0897597,0.022316,0.224006,21.4642,49.946,0.0,-0.015234248156015841,0.0,0.08452407545636749,3
2446,794.617,97.4303,-0.102264,0.0127902,0.222001,20.9809,49.966,0.0,-0.022198508109930834,0.0,0.07843978115196776,3
2447,795.146,97.3448,-0.120722,0.00367403,0.220997,20.5179,49.986,0.0,-0.030118459086040973,0.18,0.0,3
2448,795.674,97.0696,-0.139209,-0.00497794,0.220933,20.0773,50.006,0.0,-0.038696315881769784,0.0,0.09581681457919335,3
2449,796.201,96.6088,-0.140772,-0.0129507,0.221757,19.6687,50.026,0.0,-0.04752428956901356,0.0,0.12044209865858099,3
2450,796.724,96.1146,-0.129573,-0.0202692,0.223403,19.2894,50.046,0.0,-0.05635183209561529,0.0,0.12551758267509372,3
2451,797.245,95.6273,-0.115552,-0.0269325,0.225805,18.9386,50.066,0.0,-0.06512906981299864,0.0,0.11984523056670217,3
2452,797.763,95.1721,-0.0996465,-0.0329328,0.22888,18.6159,50.086,0.0,-0.07373157531637904,0.0,0.10719983140020872,3
2453,798.278,94.7634,-0.0806782,-0.0383081,0.232567,18.3187,50.106,0.0,-0.08202787304215702,0.0,0.09024850269950672,3
2454,798.791,94.6287,-0.0947732,-0.0432684,0.236779,18.0372,50.126,0.0,-0.08993835155326138,0.18,0.0,3
2455,799.305,94.7428,-0.123998,-0.0479162,0.241463,17.7667,50.146,0.0,-0.09717613692119262,0.28,0.0,3
2456,799.818,94.8891,-0.148457,-0.0523405,0.246624,17.5026,50.166,0.0,-0.10372617858685892,0.28,0.0,3
2457,800.332,95.0336,-0.170742,-0.0566432,0.252229,17.2404,50.186,0.0,-0.10974671106171158,0.28,0.0,3
2458,800.847,95.1763,-0.187497,-0.0608878,0.258269,16.9772,50.206,0.0,-0.11536285033727361,0.28,0.0,3
2459,801.361,95.317,-0.201416,-0.0650613,0.264742,16.7134,50.226,0.0,-0.12069922516172382,0.28,0.0,3
2460,801.877,95.4653,-0.24581,-0.0692654,0.271635,16.4448,50.246,0.0,-0.12584478153545814,0.28,0.0,3
2461,802.392,95.6025,-0.293831,-0.0734692,0.278929,16.173,50.266,0.0,-0.13067761561802066,0.28,0.0,3
2462,802.907,95.7359,-0.317117,-0.0774157,0.286634,15.9082,50.286,0.0,-0.13533743955670646,0.28,0.0,3
2463,803.423,95.8683,-0.311608,-0.0809131,0.294745,15.6579,50.306,0.0,-0.14007668449827376,0.28,0.0,3
2464,803.939,96.0009,-0.283194,-0.0839143,0.303226,15.4238,50.326,0.0,-0.14509948463238187,0.28,0.0,3
2465,804.455,96.1333,-0.244816,-0.0864561,0.312062,15.2038,50.346,0.0,-0.15054476167343647,0.28,0.0,3
2466,804.971,96.265,-0.201608,-0.0886116,0.321204,14.9952,50.366,0.0,-0.15648760205356568,0.28,0.0,3
2467,805.488,96.3952,-0.164909,-0.0904317,0.330621,14.7959,50.386,0.0,-0.16264093636619653,0.28,0.0,3
2468,806.004,96.5237,-0.131796,-0.0919542,0.340276,14.6047,50.406,0.0,-0.16873593330289793,0.28,0.0,3
2469,806.521,96.6467,-0.129925,-0.0930719,0.350108,14.4262,50.426,0.0,-0.1747065300661333,0.28,0.0,3
2470,807.037,96.7683,-0.110588,-0.0935841,0.360043,14.2688,50.446,0.0,-0.1802985547054388,0.28,0.0,3
2471,807.554,96.8889,-0.0743749,-0.093775,0.370067,14.1215,50.466,0.0,-0.1855807611996312,0.28,0.0,3
2472,808.071,97.008,-0.0346235,-0.0938087,0.380148,13.9785,50.486,0.0,-0.19067412326090877,0.28,0.0,3
2473,808.586,96.4212,0.0938273,-0.0939348,0.390301,13.8297,50.506,0.0,-0.18126003840520896,0.0,0.3,3
2474,809.096,95.1256,0.37737,-0.0943785,0.400606,13.6655,50.526,0.0,-0.17776423511201653,0.0,0.6,3
2475,809.596,93.5386,0.60109,-0.0959623,0.411155,13.4534,50.546,0.0,-0.1802574896906734,0.0,0.561953514366319,3
2476,810.088,91.9543,0.744318,-0.0985003,0.421941,13.2014,50.566,0.0,-0.18635225155966612,0.0,0.5010448788555658,3
2477,810.57,90.3969,0.817304,-0.101298,0.432956,12.9364,50.586,0.0,-0.19413635905889515,0.0,0.44033858049925595,3
2478,811.044,88.9156,0.821571,-0.103713,0.444091,12.6838,50.606,0.0,-0.20228136244386574,0.0,0.3807395270371069,3
2479,811.51,87.5806,0.758362,-0.105078,0.455219,12.469,50.626,0.0,-0.20973723686415807,0.0,0.32412078249055465,3
2480,811.969,86.4616,0.659482,-0.104792,0.466165,12.3152,50.646,0.0,-0.21561860078541356,0.0,0.27316734686491845,3
2481,812.422,85.5554,0.595978,-0.102775,0.47681,12.2267,50.666,0.0,-0.2195341758787841,0.0,0.23054885754183646,3
2482,812.87,84.7949,0.591898,-0.0995719,0.48708,12.1858,50.686,0.0,-0.22205859194420194,0.0,0.19613404492052394,3
2483,813.315,84.1565,0.603495,-0.0958221,0.496951,12.1705,50.706,0.0,-0.22402077558695405,0.0,0.16733618026497618,2
2484,813.756,83.37,0.659175,-0.092205,0.506424,12.1564,50.726,0.0,-0.22560975776369216,0.0,0.3068433691690701,2
2485,814.191,82.3545,0.699212,-0.0892639,0.515585,12.1216,50.746,0.0,-0.2275511092139092,0.0,0.3309678836454167,2
2486,814.621,81.2087,0.73023,-0.0864985,0.5244,12.085,50.766,0.0,-0.22977366127053755,0.0,0.33323482233974744,2
2487,815.044,80.0264,0.775357,-0.0834234,0.53288,12.0652,50.786,0.0,-0.23214630975676398,0.0,0.35,2
2488,815.461,78.8262,0.834448,-0.0799167,0.541023,12.0674,50.806,0.0,-0.2347071610809633,0.0,0.35,2
2489,815.871,77.6279,0.898714,-0.0759685,0.54881,12.0932,50.826,0.0,-0.23742328051710587,0.0,0.35,2
2490,816.275,76.4367,0.960193,-0.0716488,0.556205,12.1413,50.846,0.0,-0.24014685577705508,0.0,0.35,2
2491,816.672,75.4329,0.919069,-0.0668459,0.563165,12.2181,50.866,0.0,-0.24270484999817477,0.0,0.20330823886129734,2
2492,817.066,74.6853,0.755949,-0.0614049,0.569491,12.3346,50.886,0.0,-0.24367028368366517,0.0,0.17266379999612433,2
2493,817.455,74.0481,0.600874,-0.0558407,0.575126,12.4722,50.906,0.0,-0.24178019868099979,0.0,0.14996202645859297,2
2494,817.842,73.4561,0.464427,-0.0504954,0.580117,12.6157,50.926,0.0,-0.2379812754477385,0.0,0.14543368017006925,2
2495,818.225,72.8817,0.344894,-0.0455492,0.584509,12.7564,50.946,0.0,-0.2331501209774084,0.0,0.142513348067715,2
2496,818.606,72.3216,0.243497,-0.0409985,0.588361,12.8924,50.966,0.0,-0.22790718829879725,0.0,0.14003212188530895,2
2497,818.983,71.7724,0.154816,-0.0367692,0.591736,13.0254,50.986,0.0,-0.22268079348224956,0.0,0.13780747946360405,2
2498,819.358,71.2328,0.0717305,-0.0328162,0.594673,13.1563,51.006,0.0,-0.21767198933657778,0.0,0.13569318617695486,2
2499,819.73,70.7029,-0.00965978,-0.0291119,0.597184,13.2857,51.026,0.0,-0.21291651535966383,0.0,0.13363773152525427,2
2500,820.099,70.1833,-0.0903617,-0.0256472,0.599305,13.4131,51.046,0.0,-0.20838183774255994,0.0,0.13164302574380843,2
2501,820.465,69.6746,-0.170447,-0.0224206,0.601064,13.5374,51.066,0.0,-0.20403308125005493,0.0,0.12972594682683353,2
2502,820.828,69.1767,-0.246523,-0.0194392,0.602472,13.658,51.086,0.0,-0.2000390340157736,0.0,0.12790013288070085,2
2503,821.189,68.6893,-0.316343,-0.0167136,0.603573,13.7731,51.106,0.0,-0.19617313871501574,0.0,0.12615535218933233,2
2504,821.547,67.7812,-0.294786,-0.0144486,0.60444,13.8706,51.126,0.0,-0.19251062986744316,0.0,0.3685271270636571,2
2505,821.899,66.6372,-0.268211,-0.0127945,0.60518,13.9405,51.146,0.0,-0.19040671857575542,0.0,0.3501631088760716,2
2506,822.245,65.5517,-0.287226,-0.0112126,0.605786,14.0097,51.166,0.0,-0.18965906682604378,0.0,0.3187509165919686,2
2507,822.585,64.5706,-0.328841,-0.00941682,0.606226,14.0934,51.186,0.0,-0.1892220862260341,0.0,0.2865676504560494,2
2508,822.921,63.6954,-0.381155,-0.00743818,0.606456,14.1909,51.206,0.0,-0.18858752958193456,0.0,0.25610375280813574,2
2509,823.252,62.913,-0.439801,-0.00542665,0.606478,14.2947,51.226,0.0,-0.18757100335252985,0.0,0.22796795982649123,2
2510,823.579,62.2156,-0.498734,-0.00351691,0.606297,14.3976,51.246,0.0,-0.18615488792591192,0.0,0.20207521869890227,2
2511,823.904,61.5949,-0.557858,-0.00179005,0.605916,14.4952,51.266,0.0,-0.18444426925921992,0.0,0.17844381236501214,2
2512,824.225,61.0412,-0.617621,-0.000255346,0.605355,14.5865,51.286,0.0,-0.18253714082516867,0.0,0.15699640508971685,2
2513,824.543,60.5447,-0.687811,0.00104356,0.604626,14.6687,51.306,0.0,-0.18050183347955406,0.0,0.13754376017587688,2
2514,824.859,60.1071,-0.745546,0.00210762,0.603741,14.7415,51.326,0.0,-0.17828134896834624,0.0,0.1198486731182815,2
2515,825.173,59.7205,-0.78692,0.00303292,0.602735,14.8092,51.346,0.0,-0.17611695565458413,0.0,0.10408271464681708,2
2516,825.485,59.3787,-0.811639,0.00388575,0.601646,14.8746,51.366,0.0,-0.17419625151113832,0.0,0.09002274005465775,2
2517,825.795,59.0772,-0.825784,0.00471354,0.600477,14.9403,51.386,0.0,-0.17263957450736983,0.0,0.07749162090307794,2
2518,826.104,58.9958,-0.847354,0.00521207,0.599242,14.9894,51.406,0.0,-0.1714362417175075,0.14,0.0,2
2519,826.413,59.0582,-0.883844,0.00523949,0.597954,15.014,51.426,0.0,-0.17033595095853565,0.14,0.0,2
2520,826.723,59.1203,-0.911335,0.00506353,0.596636,15.0282,51.446,0.0,-0.1691739117586815,0.14,0.0,2
2521,827.033,59.1824,-0.928833,0.00475907,0.595307,15.0356,51.466,0.0,-0.16815014591446767,0.14,0.0,2
2522,827.344,59.2444,-0.938786,0.00436211,0.593987,15.0378,51.486,0.0,-0.16738545697211502,0.14,0.0,2
2523,827.655,59.306,-0.946151,0.00391865,0.592687,15.0371,51.506,0.0,-0.1669188710889174,0.14,0.0,2
2524,827.966,59.3675,-0.950948,0.00346684,0.591412,15.0356,51.526,0.0,-0.16670142539496136,0.14,0.0,2
2525,828.277,59.1513,-0.937778,0.00328231,0.59016,15.048,51.546,0.0,-0.16668861504628493,0.0,0.07879168578511954,2
2526,828.587,59.0774,-0.926311,0.00327945,0.58893,15.0697,51.566,0.0,-0.16713039003045338,0.14,0.0,2
2527,828.897,59.1396,-0.935858,0.00307417,0.587706,15.0805,51.586,0.0,-0.16771455298502638,0.14,0.0,2
2528,829.207,59.2012,-0.94742,0.00281477,0.586488,15.0881,51.606,0.0,-0.1681094323038262,0.14,0.0,2
2529,829.518,59.2625,-0.957887,0.00256467,0.585271,15.0963,51.626,0.0,-0.1683738028760635,0.14,0.0,2
2530,829.829,59.3236,-0.965611,0.00231075,0.584063,15.1041,51.646,0.0,-0.16856546358687566,0.14,0.0,2
2531,830.14,59.1108,-0.952856,0.00229311,0.582865,15.1243,51.666,0.0,-0.16874648177806964,0.0,0.07727822732781348,2
2532,830.45,59.0377,-0.939932,0.00240111,0.581682,15.1509,51.686,0.0,-0.16927447883537847,0.14,0.0,2
2533,830.76,59.0992,-0.948405,0.00226331,0.580498,15.1644,51.706,0.0,-0.16990513036116028,0.14,0.0,2
2534,831.071,59.1601,-0.955609,0.0020473,0.579315,15.1736,51.726,0.0,-0.17032158046390866,0.14,0.0,2
2535,831.382,59.2205,-0.962634,0.00180387,0.578143,15.1812,51.746,0.0,-0.1706379138559103,0.14,0.0,2
2536,831.693,59.2809,-0.966206,0.00154114,0.576978,15.1876,51.766,0.0,-0.1709067371791385,0.14,0.0,2
2537,832.004,59.3419,-0.97009,0.00125432,0.575835,15.1924,51.786,0.0,-0.17119665129983158,0.14,0.0,2
2538,832.316,59.1251,-0.96443,0.00120378,0.5747,15.2095,51.806,0.0,-0.17150572068931325,0.0,0.07801772846472642,2
2539,832.626,59.0505,-0.958996,0.00131321,0.573574,15.2349,51.826,0.0,-0.17205252416888653,0.14,0.0,2
2540,832.936,59.1103,-0.969541,0.00122023,0.572437,15.2498,51.846,0.0,-0.17261053567324786,0.14,0.0,2
2541,833.247,59.1702,-0.976359,0.00109029,0.571304,15.2626,51.866,0.0,-0.1729486482852002,0.14,0.0,2
2542,833.558,59.23,-0.979894,0.000941515,0.570167,15.2745,51.886,0.0,-0.1732013659874876,0.14,0.0,2
2543,833.87,59.2899,-0.981466,0.00077939,0.569044,15.2853,51.906,0.0,-0.1734388302122009,0.14,0.0,2
2544,834.182,59.3495,-0.984614,0.000618696,0.567929,15.2961,51.926,0.0,-0.17368623608411976,0.14,0.0,2
2545,834.493,59.1349,-0.968983,0.000718355,0.566831,15.3204,51.946,0.0,-0.1739221341647021,0.0,0.07831525789867874,2
2546,834.804,59.0566,-0.955268,0.000976563,0.565723,15.3532,51.966,0.0,-0.174484280246222,0.14,0.0,2
2547,835.114,59.1172,-0.964464,0.00100541,0.564614,15.3739,51.986,0.0,-0.1750965390085993,0.14,0.0,2
2548,835.425,59.1771,-0.973679,0.000959635,0.56349,15.3908,52.006,0.0,-0.17543180282045012,0.14,0.0,2
2549,835.737,59.2367,-0.983297,0.000891685,0.562366,15.4065,52.026,0.0,-0.17560612640587558,0.14,0.0,2
2550,836.049,59.2963,-0.989277,0.000808954,0.561231,15.4216,52.046,0.0,-0.1756775852259211,0.14,0.0,2
2551,836.361,59.3558,-0.993058,0.00070715,0.560092,15.4358,52.066,0.0,-0.1757299565712518,0.14,0.0,2
2552,836.673,59.1384,-0.978901,0.000854731,0.558959,15.463,52.086,0.0,-0.1758025173165801,0.0,0.07855833032521066,2
2553,836.983,59.0587,-0.96988,0.0011847,0.557819,15.5,52.106,0.0,-0.17619765534834453,0.14,0.0,2
2554,837.294,59.1187,-0.981183,0.0013113,0.556683,15.5261,52.126,0.0,-0.17658502532224427,0.14,0.0,2
2555,837.606,59.1781,-0.990089,0.0013659,0.555531,15.5486,52.146,0.0,-0.17667329766569623,0.14,0.0,2
2556,837.917,59.2374,-0.995793,0.0013752,0.55436,15.5691,52.166,0.0,-0.1766114266933622,0.14,0.0,2
2557,838.229,59.2969,-0.996145,0.00132942,0.553191,15.5865,52.186,0.0,-0.17649050597390414,0.14,0.0,2
2558,838.541,59.356,-0.996254,0.00123858,0.552014,15.6017,52.206,0.0,-0.1763990082665209,0.14,0.0,2
2559,838.853,59.1386,-0.979161,0.0013845,0.550856,15.6291,52.226,0.0,-0.1763418871393809,0.0,0.07856613462971805,2
2560,839.164,59.0578,-0.967229,0.00170302,0.549691,15.6657,52.246,0.0,-0.17664871856179404,0.14,0.0,2
2561,839.476,59.1174,-0.97396,0.00179076,0.548507,15.6904,52.266,0.0,-0.17697903607492754,0.14,0.0,2
2562,839.787,59.1772,-0.985681,0.00178218,0.547317,15.71,52.286,0.0,-0.17705184417092418,0.14,0.0,2
2563,840.099,59.2357,-0.995955,0.00171208,0.546111,15.7267,52.306,0.0,-0.1768987905807666,0.14,0.0,2
2564,840.411,59.2941,-1.00238,0.00162101,0.544907,15.7421,52.326,0.0,-0.17662975510170378,0.14,0.0,2
2565,840.724,59.3525,-1.00238,0.00150919,0.543701,15.7565,52.346,0.0,-0.1763292616432464,0.14,0.0,2
2566,841.036,59.1362,-0.984376,0.00165367,0.542513,15.7841,52.366,0.0,-0.17608805601510247,0.0,0.0784315356472536,2
2567,841.347,59.0565,-0.968048,0.00197077,0.541328,15.8207,52.386,0.0,-0.1761873126871654,0.14,0.0,2
2568,841.659,59.1162,-0.972091,0.00204659,0.54014,15.8447,52.406,0.0,-0.17632517796214756,0.14,0.0,2
2569,841.97,59.1752,-0.978523,0.00203419,0.538952,15.8639,52.426,0.0,-0.17619117751395608,0.14,0.0,2
2570,842.282,59.234,-0.983659,0.00197887,0.537742,15.8812,52.446,0.0,-0.17587525746828409,0.14,0.0,2
2571,842.595,59.293,-0.98451,0.00187707,0.536538,15.8958,52.466,0.0,-0.17546519612482414,0.14,0.0,2
2572,842.908,59.3518,-0.98556,0.00173855,0.535345,15.9084,52.486,0.0,-0.1750550683652075,0.14,0.0,2
2573,843.22,59.136,-0.97027,0.00184202,0.534165,15.9335,52.506,0.0,-0.17464979133644104,0.0,0.07840461497245763,2
2574,843.532,59.0565,-0.957297,0.00210452,0.532982,15.967,52.526,0.0,-0.17459699282983973,0.14,0.0,2
2575,843.843,59.1162,-0.963797,0.00212312,0.531796,15.9877,52.546,0.0,-0.17458409316520704,0.14,0.0,2
2576,844.155,59.1754,-0.968829,0.00204277,0.530606,16.0032,52.566,0.0,-0.17429693842127295,0.14,0.0,2
2577,844.468,59.2343,-0.974638,0.0019114,0.52942,16.0158,52.586,0.0,-0.1738301092977232,0.14,0.0,2
2578,844.78,59.2932,-0.977061,0.00174832,0.52823,16.0268,52.606,0.0,-0.17324356056746953,0.14,0.0,2
2579,845.094,59.3519,-0.979087,0.00155377,0.52706,16.0358,52.626,0.0,-0.17262433261926768,0.14,0.0,2
2580,845.406,59.1356,-0.961087,0.00158405,0.525895,16.0567,52.646,0.0,-0.17199540330675706,0.0,0.07840846147810045,2
2581,845.718,59.0576,-0.946223,0.00175047,0.524746,16.0843,52.666,0.0,-0.1717789686071241,0.14,0.0,2
2582,846.03,59.1172,-0.951081,0.00166535,0.523599,16.0987,52.686,0.0,-0.1716435541838889,0.14,0.0,2
2583,846.342,59.1763,-0.954895,0.00147748,0.522456,16.1075,52.706,0.0,-0.17126705737010947,0.14,0.0,2
2584,846.655,59.2351,-0.958509,0.00123429,0.52132,16.1133,52.726,0.0,-0.1707708903097793,0.14,0.0,2
2585,846.968,59.2941,-0.958391,0.000941992,0.520209,16.116,52.746,0.0,-0.17021263722632451,0.14,0.0,2
2586,847.281,59.3531,-0.959443,0.000612974,0.519107,16.1167,52.766,0.0,-0.1697294726158853,0.14,0.0,2
2587,847.594,59.1364,-0.943512,0.000495672,0.518037,16.128,52.786,0.0,-0.16929118054191575,0.0,0.07845461537577482,2
2588,847.906,59.0597,-0.931336,0.000514269,0.516981,16.1462,52.806,0.0,-0.1692456974121231,0.14,0.0,2
2589,848.218,59.119,-0.93691,0.000297785,0.515936,16.1519,52.826,0.0,-0.16925907768852444,0.14,0.0,2
2590,848.531,59.1778,-0.943383,8.10623e-06,0.514899,16.1535,52.846,0.0,-0.16904768810284973,0.14,0.0,2
2591,848.844,59.2365,-0.948019,-0.00031352,0.513881,16.1532,52.866,0.0,-0.1687003604589014,0.14,0.0,2
2592,849.157,59.2953,-0.948018,-0.000672817,0.512883,16.1505,52.886,0.0,-0.1682968305258289,0.14,0.0,2
2593,849.47,59.354,-0.948328,-0.00106263,0.511898,16.1461,52.906,0.0,-0.16792177469824926,0.14,0.0,2
2594,849.784,59.1379,-0.932516,-0.00121629,0.510952,16.1534,52.926,0.0,-0.16756912619119077,0.0,0.07848923076793596,2
2595,850.096,59.0606,-0.919263,-0.00121677,0.51002,16.1685,52.946,0.0,-0.16757430478673258,0.14,0.0,2
2596,850.408,59.1202,-0.925362,-0.00145543,0.509106,16.1708,52.966,0.0,-0.16760723368433056,0.14,0.0,2
2597,850.721,59.1793,-0.930097,-0.00179434,0.508198,16.1677,52.986,0.0,-0.16737051942032033,0.14,0.0,2
2598,851.034,59.2382,-0.934665,-0.00218451,0.507314,16.1616,53.006,0.0,-0.16699629788278397,0.14,0.0,2
2599,851.347,59.297,-0.938108,-0.00260377,0.506448,16.1538,53.026,0.0,-0.16654734310250097,0.14,0.0,2
2600,851.661,59.3559,-0.937667,-0.00306058,0.505612,16.1435,53.046,0.0,-0.16607117017933534,0.14,0.0,2
2601,851.974,59.1374,-0.921867,-0.00329411,0.50481,16.1443,53.066,0.0,-0.16563709944488272,0.0,0.07856230769211774,2
2602,852.287,59.0603,-0.909126,-0.00337827,0.504034,16.1524,53.086,0.0,-0.16558601970711403,0.14,0.0,2
2603,852.599,59.1199,-0.915063,-0.00369453,0.503268,16.1483,53.106,0.0,-0.1655956945393103,0.14,0.0,2
2604,852.912,59.1791,-0.919333,-0.00410676,0.502525,16.1389,53.126,0.0,-0.16536963179936653,0.14,0.0,2
2605,853.226,59.2381,-0.923718,-0.00456953,0.501804,16.1265,53.146,0.0,-0.1650432727949008,0.14,0.0,2
2606,853.539,59.297,-0.926909,-0.00505984,0.50111,16.1123,53.166,0.0,-0.16466666658061063,0.14,0.0,2
2607,853.853,59.356,-0.926235,-0.00558782,0.500455,16.0956,53.186,0.0,-0.1642812684657141,0.14,0.0,2
2608,854.167,59.1375,-0.910441,-0.00589442,0.49983,16.0898,53.206,0.0,-0.16395102619653265,0.0,0.07856615384612581,2
2609,854.479,59.0612,-0.897703,-0.00605357,0.499242,16.091,53.226,0.0,-0.16400919852261392,0.14,0.0,2
2610,854.792,59.1209,-0.903541,-0.0064435,0.498671,16.0801,53.246,0.0,-0.1641371701603056,0.14,0.0,2
2611,855.105,59.18,-0.910692,-0.00691116,0.498118,16.0649,53.266,0.0,-0.16403756564794272,0.14,0.0,2
2612,855.418,59.2389,-0.915971,-0.00741601,0.497588,16.0475,53.286,0.0,-0.16379332399237945,0.14,0.0,2
2613,855.732,59.298,-0.916857,-0.00796318,0.497099,16.0273,53.306,0.0,-0.16348811385541298,0.14,0.0,2
2614,856.046,59.3569,-0.918035,-0.0085429,0.496645,16.005,53.326,0.0,-0.16323644801286707,0.14,0.0,2
2615,856.36,59.1383,-0.903083,-0.00889111,0.496232,15.9938,53.346,0.0,-0.16309598781403603,0.0,0.07860076923076474,2
2616,856.672,59.0623,-0.890757,-0.00909019,0.495849,15.9898,53.366,0.0,-0.1633697125382056,0.14,0.0,2
2617,856.985,59.1218,-0.899606,-0.00950098,0.495483,15.9747,53.386,0.0,-0.16374729070159866,0.14,0.0,2
2618,857.298,59.1807,-0.907927,-0.00997567,0.495134,15.9561,53.406,0.0,-0.16389695297966017,0.14,0.0,2
2619,857.612,59.2396,-0.913798,-0.0104835,0.494812,15.9355,53.426,0.0,-0.16392204185264322,0.14,0.0,2
2620,857.926,59.2983,-0.91769,-0.0110149,0.494521,15.9132,53.446,0.0,-0.16390422081941,0.14,0.0,2
2621,858.24,59.357,-0.920178,-0.0115659,0.494263,15.8895,53.466,0.0,-0.16389074147347338,0.14,0.0,2
2622,858.554,59.1384,-0.905658,-0.0118811,0.494044,15.8771,53.486,0.0,-0.16390553954729117,0.0,0.07860461538461458,2
2623,858.866,59.0619,-0.893571,-0.012045,0.493855,15.8718,53.506,0.0,-0.16428940178498289,0.14,0.0,2
2624,859.179,59.1213,-0.902684,-0.0124208,0.493683,15.8556,53.526,0.0,-0.16474977844033184,0.14,0.0,2
2625,859.492,59.1801,-0.91119,-0.0128609,0.49353,15.8359,53.546,0.0,-0.16496666697211848,0.14,0.0,2
2626,859.806,59.2389,-0.916122,-0.0133377,0.493398,15.814,53.566,0.0,-0.16505974834478782,0.14,0.0,2
2627,860.12,59.2977,-0.918863,-0.0138526,0.493288,15.7899,53.586,0.0,-0.16513305407492457,0.14,0.0,2
2628,860.434,59.3564,-0.920813,-0.0143894,0.493215,15.7642,53.606,0.0,-0.16523583043544474,0.14,0.0,2
2629,860.748,59.1383,-0.906463,-0.0146877,0.493179,15.7498,53.626,0.0,-0.1653770102715816,0.0,0.07858153846153772,2
2630,861.06,59.061,-0.89777,-0.014809,0.493173,15.7439,53.646,0.0,-0.16588314529199644,0.14,0.0,2
2631,861.373,59.1205,-0.905909,-0.0151384,0.493176,15.7273,53.666,0.0,-0.16641235082471204,0.14,0.0,2
2632,861.686,59.1793,-0.917154,-0.015523,0.493187,15.708,53.686,0.0,-0.16670478785605636,0.14,0.0,2
2633,862.0,59.2381,-0.924633,-0.015929,0.493217,15.6873,53.706,0.0,-0.16681510977657246,0.14,0.0,2
2634,862.314,59.2969,-0.929598,-0.0163552,0.493272,15.6652,53.726,0.0,-0.1668749931315024,0.14,0.0,2
2635,862.628,59.3552,-0.931384,-0.0167931,0.49335,15.6422,53.746,0.0,-0.16693625887047692,0.14,0.0,2
2636,862.942,59.1377,-0.914856,-0.0169834,0.49345,15.6311,53.766,0.0,-0.1670392142693708,0.0,0.07853538461538398,2
2637,863.254,59.0594,-0.904259,-0.0170008,0.493582,15.6281,53.786,0.0,-0.16752533289007,0.14,0.0,2
2638,863.567,59.1191,-0.9119,-0.0172441,0.493716,15.614,53.806,0.0,-0.1680476871253367,0.14,0.0,2
2639,863.88,59.1782,-0.920659,-0.0175705,0.493862,15.5954,53.826,0.0,-0.16832752850078112,0.14,0.0,2
2640,864.194,59.2371,-0.927532,-0.0179393,0.494022,15.5746,53.846,0.0,-0.16845096086832173,0.14,0.0,2
2641,864.508,59.2959,-0.93247,-0.018338,0.494199,15.5521,53.866,0.0,-0.16849805997118825,0.14,0.0,2
2642,864.822,59.3544,-0.938549,-0.0187414,0.494399,15.529,53.886,0.0,-0.16852490824051947,0.14,0.0,2
2643,865.136,59.1358,-0.92554,-0.0188892,0.494621,15.5181,53.906,0.0,-0.16858572798905697,0.0,0.07850461538461453,2
2644,865.448,59.0577,-0.913958,-0.0188742,0.494865,15.515,53.926,0.0,-0.1690485329385713,0.14,0.0,2
2645,865.761,59.117,-0.923197,-0.0190738,0.495109,15.5012,53.946,0.0,-0.16963009468200083,0.14,0.0,2
2646,866.074,59.1757,-0.931689,-0.0193386,0.495358,15.4842,53.966,0.0,-0.17000554631984655,0.14,0.0,2
2647,866.388,59.2344,-0.937937,-0.0196372,0.495622,15.4653,53.986,0.0,-0.1702694929650702,0.14,0.0,2
2648,866.701,59.293,-0.942024,-0.0199606,0.495904,15.4449,54.006,0.0,-0.17046670260814917,0.14,0.0,2
2649,867.015,59.3513,-0.94729,-0.0202863,0.496196,15.4242,54.026,0.0,-0.17062632921939247,0.14,0.0,2
2650,867.329,59.1356,-0.933257,-0.0203569,0.49651,15.4157,54.046,0.0,-0.1707410308512994,0.0,0.07838538461538391,2
2651,867.642,59.0571,-0.917181,-0.0202899,0.496837,15.4138,54.066,0.0,-0.17116746070573788,0.14,0.0,2
2652,867.955,59.1166,-0.924991,-0.0204562,0.49716,15.4004,54.086,0.0,-0.17170084890210965,0.14,0.0,2
2653,868.268,59.1754,-0.934153,-0.020684,0.497507,15.3837,54.106,0.0,-0.17210624433362898,0.14,0.0,2
2654,868.581,59.2342,-0.941522,-0.0209371,0.497851,15.3658,54.126,0.0,-0.17246698613926398,0.14,0.0,2
2655,868.895,59.2928,-0.94989,-0.0211859,0.498202,15.348,54.146,0.0,-0.1728305074802939,0.14,0.0,2
2656,869.209,59.3515,-0.955385,-0.0214303,0.498573,15.3301,54.166,0.0,-0.17318627488961824,0.14,0.0,2
2657,869.522,59.1351,-0.945783,-0.0214021,0.498956,15.3253,54.186,0.0,-0.1735595101394145,0.0,0.0783930769230762,2
2658,869.835,59.0567,-0.935292,-0.0211897,0.49933,15.3297,54.206,0.0,-0.17408213417474608,0.14,0.0,2
2659,870.147,59.1155,-0.943998,-0.0211952,0.499699,15.3235,54.226,0.0,-0.1745804212797234,0.14,0.0,2
2660,870.46,59.1747,-0.947002,-0.0212283,0.500056,15.3161,54.246,0.0,-0.17477697665163178,0.14,0.0,2
2661,870.774,59.2343,-0.951222,-0.0213029,0.500415,15.3067,54.266,0.0,-0.17483948407414235,0.14,0.0,2
2662,871.087,59.2936,-0.955435,-0.0214225,0.500784,15.2949,54.286,0.0,-0.17481922286695123,0.14,0.0,2
2663,871.401,59.3529,-0.95953,-0.0215796,0.501158,15.2812,54.306,0.0,-0.1747868268391963,0.14,0.0,2
2664,871.715,59.1375,-0.947296,-0.0215037,0.501536,15.2788,54.326,0.0,-0.17477389987204822,0.0,0.07844692307692223,2
2665,872.027,59.0585,-0.937261,-0.0212743,0.501919,15.2839,54.346,0.0,-0.17508487387161176,0.14,0.0,2
2666,872.34,59.1183,-0.94548,-0.0212861,0.502286,15.2774,54.366,0.0,-0.17546993637662997,0.14,0.0,2
2667,872.653,59.1773,-0.956509,-0.0213599,0.50265,15.2679,54.386,0.0,-0.1756047088038074,0.14,0.0,2
2668,872.966,59.2365,-0.961184,-0.0214722,0.503008,15.2567,54.406,0.0,-0.17547816364236563,0.14,0.0,2
2669,873.28,59.2956,-0.964837,-0.0216185,0.503371,15.2437,54.426,0.0,-0.1752516907284399,0.14,0.0,2
2670,873.593,59.3546,-0.967178,-0.0217839,0.503747,15.2295,54.446,0.0,-0.17495306277433326,0.14,0.0,2
2671,873.907,59.1368,-0.951939,-0.0217029,0.50413,15.2273,54.466,0.0,-0.1746247194221281,0.0,0.07851230769230683,2
2672,874.219,59.057,-0.938492,-0.0214537,0.504519,15.2332,54.486,0.0,-0.1745208514856167,0.14,0.0,2
2673,874.532,59.1173,-0.941859,-0.0214649,0.504906,15.2264,54.506,0.0,-0.17439219866442418,0.14,0.0,2
2674,874.845,59.1767,-0.94841,-0.0215741,0.505286,15.2149,54.526,0.0,-0.17401379458138763,0.14,0.0,2
2675,875.158,59.2367,-0.946537,-0.0217655,0.505672,15.1993,54.546,0.0,-0.17346897100732017,0.14,0.0,2
2676,875.471,59.2966,-0.945537,-0.0220343,0.506086,15.1795,54.566,0.0,-0.17294846924380378,0.14,0.0,2
2677,875.785,59.3562,-0.945892,-0.0223334,0.506513,15.158,54.586,0.0,-0.17260159989742835,0.14,0.0,2
2678,876.098,59.14,-0.928957,-0.0223957,0.506968,15.1476,54.606,0.0,-0.17235208004651142,0.0,0.07857384615384543,2
2679,876.411,59.0612,-0.919976,-0.0222669,0.507437,15.1463,54.626,0.0,-0.17250320635929742,0.14,0.0,2
2680,876.723,59.122,-0.929145,-0.0223417,0.507891,15.1353,54.646,0.0,-0.1726582115844325,0.14,0.0,2
2681,877.036,59.1822,-0.939071,-0.0224828,0.508343,15.1211,54.666,0.0,-0.17253086932809977,0.14,0.0,2
2682,877.349,59.2428,-0.943876,-0.0226784,0.508796,15.1042,54.686,0.0,-0.17214354463878442,0.14,0.0,2
2683,877.662,59.3034,-0.948128,-0.0229115,0.509261,15.0853,54.706,0.0,-0.17166875133005768,0.14,0.0,2
2684,877.976,59.3625,-0.941182,-0.0231441,0.509747,15.0661,54.726,0.0,-0.17118548933603042,0.14,0.0,2
2685,878.289,59.1485,-0.919723,-0.0231322,0.510258,15.0584,54.746,0.0,-0.1708637903182017,0.0,0.07881615384615295,2
2686,878.602,59.07,-0.904589,-0.022977,0.510779,15.0574,54.766,0.0,-0.1709901577465726,0.14,0.0,2
2687,878.914,59.1319,-0.911885,-0.0230807,0.511297,15.044,54.786,0.0,-0.17118426734627518,0.14,0.0,2
2688,879.227,59.193,-0.921819,-0.0232841,0.51182,15.0256,54.806,0.0,-0.17111210782598696,0.14,0.0,2
2689,879.539,59.2539,-0.930557,-0.0235409,0.512341,15.0046,54.826,0.0,-0.1708688838269276,0.14,0.0,2
2690,879.853,59.3146,-0.937409,-0.0238388,0.512877,14.9815,54.846,0.0,-0.17054372268780482,0.14,0.0,2
2691,880.166,59.1023,-0.923948,-0.0239179,0.513436,14.9685,54.866,0.0,-0.1701937261346756,0.0,0.07697384615384532,2
2692,880.478,59.0283,-0.912739,-0.023856,0.514007,14.9622,54.886,0.0,-0.1702474090601604,0.14,0.0,2
2693,880.79,59.0897,-0.919183,-0.0240357,0.514574,14.9442,54.906,0.0,-0.17038775489608168,0.14,0.0,2
2694,881.102,59.1507,-0.926445,-0.0242944,0.515151,14.9222,54.926,0.0,-0.17032500448973764,0.14,0.0,2
2695,881.415,59.2115,-0.931558,-0.0245882,0.51575,14.8982,54.946,0.0,-0.17014667592202115,0.14,0.0,2
2696,881.728,59.2723,-0.934698,-0.0249038,0.516368,14.8729,54.966,0.0,-0.16998103166043405,0.14,0.0,2
2697,882.041,59.333,-0.936491,-0.0252345,0.516991,14.8467,54.986,0.0,-0.16986313030096672,0.14,0.0,2
2698,882.354,59.1189,-0.921473,-0.0253241,0.517648,14.8316,55.006,0.0,-0.16980632369753074,0.0,0.07768153846153762,2
2699,882.666,59.0438,-0.905117,-0.025259,0.518314,14.8238,55.026,0.0,-0.17016215522250622,0.14,0.0,2
2700,882.978,59.1059,-0.90814,-0.0254699,0.51899,14.8026,55.046,0.0,-0.17064520461156804,0.14,0.0,2
2701,883.291,59.1673,-0.914526,-0.0257696,0.519675,14.7769,55.066,0.0,-0.17094181929187624,0.14,0.0,2
2702,883.603,59.2286,-0.920854,-0.0260948,0.520381,14.7496,55.086,0.0,-0.17110325711942515,0.14,0.0,2
2703,883.916,59.2899,-0.927376,-0.0264249,0.521109,14.7218,55.106,0.0,-0.17113800143298444,0.14,0.0,2
2704,884.229,59.3513,-0.93335,-0.0267423,0.521844,14.6945,55.126,0.0,-0.17101746857615588,0.14,0.0,2
2705,884.543,59.4128,-0.938336,-0.0270501,0.522594,14.6674,55.146,0.0,-0.1708365942059824,0.14,0.0,2
2706,884.857,59.4745,-0.941967,-0.0273473,0.523364,14.6404,55.166,0.0,-0.170711830636103,0.14,0.0,2
2707,885.171,59.5362,-0.944144,-0.0276383,0.524158,14.6134,55.186,0.0,-0.17062407225406448,0.14,0.0,2
2708,885.486,59.5954,-0.939531,-0.0279073,0.524965,14.5872,55.206,0.0,-0.1705705041052947,0.14,0.0,2
2709,885.8,59.6585,-0.928153,-0.0280937,0.525806,14.5644,55.226,0.0,-0.17060945308763173,0.14,0.0,2
2710,886.115,59.7213,-0.923994,-0.0282975,0.52666,14.5406,55.246,0.0,-0.17076287197145354,0.14,0.0,2
2711,886.431,59.7836,-0.924383,-0.0285404,0.527536,14.5145,55.266,0.0,-0.1709045948677131,0.14,0.0,2
2712,886.746,59.8458,-0.927038,-0.0288147,0.528426,14.4867,55.286,0.0,-0.17099252732528206,0.14,0.0,2
2713,887.062,59.9077,-0.930843,-0.0291131,0.529331,14.4575,55.306,0.0,-0.1710248501837169,0.14,0.0,2
2714,887.379,59.9694,-0.934615,-0.0294254,0.530273,14.427,55.326,0.0,-0.1710124969001195,0.14,0.0,2
2715,887.695,60.0309,-0.937625,-0.0297421,0.531229,14.396,55.346,0.0,-0.1709775679212258,0.14,0.0,2
2716,888.012,60.0923,-0.939426,-0.0300565,0.532207,14.3649,55.366,0.0,-0.17093841199948737,0.14,0.0,2
2717,888.329,60.1535,-0.93983,-0.0303639,0.533202,14.3337,55.386,0.0,-0.17091047075023633,0.14,0.0,2
2718,888.647,60.2148,-0.938961,-0.0306628,0.534212,14.3027,55.406,0.0,-0.17090375243156314,0.14,0.0,2
2719,888.964,60.2761,-0.937528,-0.0309557,0.535246,14.2716,55.426,0.0,-0.17092262874103892,0.14,0.0,2
2720,889.282,60.3373,-0.936187,-0.0312457,0.536317,14.24,55.446,0.0,-0.17096409673557486,0.14,0.0,2
2721,889.601,60.3985,-0.934855,-0.0315355,0.537413,14.208,55.466,0.0,-0.17102041912742863,0.14,0.0,2
2722,889.919,60.4596,-0.933725,-0.0318253,0.538524,14.1757,55.486,0.0,-0.17108711785259384,0.14,0.0,2
2723,890.238,60.5208,-0.931104,-0.0321207,0.539654,14.1429,55.506,0.0,-0.1711586300548134,0.14,0.0,2
2724,890.557,60.5828,-0.921061,-0.032482,0.540823,14.1063,55.526,0.0,-0.17130119495949964,0.14,0.0,2
2725,890.877,60.6443,-0.918051,-0.032873,0.542017,14.0678,55.546,0.0,-0.17160234707211725,0.14,0.0,2
2726,891.196,60.7056,-0.917531,-0.0332507,0.543255,14.0293,55.566,0.0,-0.17193129294138906,0.14,0.0,2
2727,891.516,60.767,-0.920456,-0.0335925,0.544511,13.9921,55.586,0.0,-0.1722462530390496,0.14,0.0,2
2728,891.837,60.8285,-0.92458,-0.0338911,0.545792,13.9565,55.606,0.0,-0.1724990287015361,0.14,0.0,2
2729,892.157,60.89,-0.93132,-0.034138,0.547079,13.9232,55.626,0.0,-0.17268437177858983,0.14,0.0,2
2730,892.478,60.9518,-0.935684,-0.0343497,0.548382,13.8913,55.646,0.0,-0.17277774293615636,0.14,0.0,2
2731,892.799,61.0138,-0.938386,-0.0345488,0.549699,13.8597,55.666,0.0,-0.1728295803675306,0.14,0.0,2
2732,893.121,61.0725,-0.932355,-0.0347202,0.551021,13.8293,55.686,0.0,-0.17287085834597746,0.14,0.0,2
2733,893.442,60.8614,-0.901003,-0.0345626,0.552374,13.8136,55.706,0.0,-0.17323863774625478,0.0,0.07878846153846034,2
2734,893.762,60.7773,-0.881825,-0.0342106,0.553737,13.8067,55.726,0.0,-0.17425691548607314,0.14,0.0,2
2735,894.081,60.4471,-0.86756,-0.0338937,0.555081,13.7986,55.746,0.0,-0.17543411598810407,0.0,0.13323153846153757,2
2736,894.398,60.0152,-0.849072,-0.0331959,0.556389,13.8089,55.766,0.0,-0.17683038070971588,0.0,0.12053153846153765,2
2737,894.712,59.6318,-0.837551,-0.0322658,0.557649,13.8309,55.786,0.0,-0.17838729909633871,0.0,0.10391999999999922,2
2738,895.025,59.2954,-0.836791,-0.0311835,0.55884,13.8614,55.806,0.0,-0.17986945610078586,0.0,0.08917384615384531,2
2739,895.337,59.2052,-0.858229,-0.0303085,0.559943,13.8838,55.826,0.0,-0.18109487005341945,0.14,0.0,2
2740,895.648,59.2693,-0.899948,-0.0298464,0.56096,13.8882,55.846,0.0,-0.18176285507209625,0.14,0.0,2
2741,895.96,59.3331,-0.933667,-0.0295814,0.561919,13.8843,55.866,0.0,-0.1818151817572956,0.14,0.0,2
2742,896.272,59.1216,-0.941525,-0.0291797,0.562835,13.8876,55.886,0.0,-0.18160860935274323,0.0,0.0776853846153839,2
2743,896.582,59.0463,-0.943719,-0.0286924,0.563708,13.8957,55.906,0.0,-0.18185107325591618,0.14,0.0,2
2744,896.893,59.11,-0.961365,-0.0284806,0.564545,13.8913,55.926,0.0,-0.18252446843546882,0.14,0.0,2
2745,897.204,59.1734,-0.974157,-0.028336,0.565363,13.884,55.946,0.0,-0.18330329879344529,0.14,0.0,2
2746,897.515,59.2366,-0.984842,-0.0281986,0.566151,13.877,55.966,0.0,-0.18423114591843143,0.14,0.0,2
2747,897.827,59.2996,-0.992766,-0.0280373,0.566915,13.8714,55.986,0.0,-0.18528426819358296,0.14,0.0,2
2748,898.139,59.3638,-0.988469,-0.0279104,0.567686,13.8641,56.006,0.0,-0.1864481153561624,0.14,0.0,2
2749,898.451,59.1546,-0.973948,-0.0275295,0.56844,13.8692,56.026,0.0,-0.18784554853509347,0.0,0.07886615384615298,2
2750,898.761,59.0728,-0.968782,-0.0268799,0.569173,13.8876,56.046,0.0,-0.18959012762444827,0.14,0.0,2
2751,899.072,59.1372,-0.985575,-0.0263791,0.569858,13.8997,56.066,0.0,-0.191304163447322,0.14,0.0,2
2752,899.383,59.2006,-1.00765,-0.0258718,0.570487,13.9131,56.086,0.0,-0.192692237753285,0.14,0.0,2
2753,899.694,59.2642,-1.02606,-0.0253267,0.571062,13.9294,56.106,0.0,-0.19388044449138606,0.14,0.0,2
2754,900.006,59.3281,-1.04114,-0.0247544,0.571586,13.9479,56.126,0.0,-0.19500346711710015,0.14,0.0,2
2755,900.317,59.119,-1.03716,-0.0238771,0.572052,13.9822,56.146,0.0,-0.19608646352581993,0.0,0.07749307692307611,2
2756,900.628,59.0408,-1.0301,-0.0227755,0.572462,14.0285,56.166,0.0,-0.1974204729806549,0.14,0.0,2
2757,900.938,59.103,-1.01969,-0.0217538,0.572816,14.0722,56.186,0.0,-0.19883258565849504,0.14,0.0,2
2758,901.249,59.1697,-1.02242,-0.0207556,0.573104,14.116,56.206,0.0,-0.20028985390310894,0.14,0.0,2
2759,901.56,59.2346,-1.03626,-0.0198269,0.57332,14.1578,56.226,0.0,-0.20162021291596027,0.14,0.0,2
2760,901.872,59.2992,-1.05185,-0.0189509,0.573459,14.203,56.246,0.0,-0.2027468556941882,0.14,0.0,2
2761,902.183,59.3634,-1.06793,-0.0181175,0.573524,14.258,56.266,0.0,-0.20372863567181976,0.14,0.0,2
2762,902.495,59.151,-1.06695,-0.0170069,0.573518,14.3407,56.286,0.0,-0.20452787617792084,0.0,0.0788507692307684,2
2763,902.805,59.068,-1.06332,-0.0156867,0.57344,14.45,56.306,0.0,-0.2052866145436885,0.14,0.0,2
2764,903.116,59.1324,-1.07863,-0.0146093,0.573266,14.5626,56.326,0.0,-0.2058589051851109,0.14,0.0,2
2765,903.427,59.1963,-1.09072,-0.0136005,0.573009,14.689,56.346,0.0,-0.20597122625839615,0.14,0.0,2
2766,903.738,59.2602,-1.09856,-0.012623,0.57268,14.8324,56.366,0.0,-0.20584056526536526,0.14,0.0,2
2767,904.05,59.3245,-1.10065,-0.0116833,0.57228,14.9939,56.386,0.0,-0.20507496633449324,0.14,0.0,2
2768,904.361,59.1172,-1.08505,-0.0104819,0.571824,15.1956,56.406,0.0,-0.20450535876107812,0.0,0.07735461538461462,2
2769,904.671,59.0354,-1.06611,-0.00909787,0.571297,15.4367,56.426,0.0,-0.20437844561448576,0.14,0.0,2
2770,904.982,59.101,-1.07106,-0.0080151,0.570695,15.6854,56.446,0.0,-0.20444173524438863,0.14,0.0,2
2771,905.293,59.1655,-1.07914,-0.00704652,0.570017,15.9569,56.466,0.0,-0.20432027262532865,0.14,0.0,2
2772,905.604,59.2308,-1.07805,-0.00615621,0.569272,16.2562,56.486,0.0,-0.203935844745337,0.14,0.0,2
2773,905.915,59.297,-1.06771,-0.00543833,0.568484,16.5768,56.506,0.0,-0.203390330911211,0.14,0.0,2
2774,906.227,59.3626,-1.0633,-0.00481081,0.567664,16.9282,56.526,0.0,-0.20276951741792526,0.14,0.0,2
2775,906.539,59.1549,-1.04559,-0.00391543,0.566807,17.3503,56.546,0.0,-0.2020202697569804,0.0,0.07881999999999924,2
2776,906.85,59.0723,-1.03305,-0.0027737,0.565899,17.8521,56.566,0.0,-0.20147796507966662,0.14,0.0,2
2777,907.16,59.1393,-1.04488,-0.00184608,0.564922,18.3937,56.586,0.0,-0.20082827166175782,0.14,0.0,2
2778,907.472,59.2061,-1.05648,-0.000995219,0.563864,18.9972,56.606,0.0,-0.19974290736141542,0.14,0.0,2
2779,907.783,59.2735,-1.0616,-0.000218272,0.562755,19.6708,56.626,0.0,-0.19838643674286385,0.14,0.0,2
2780,908.095,59.3413,-1.06468,0.000484407,0.561585,20.4253,56.646,0.0,-0.196947826895358,0.14,0.0,2
2781,908.408,59.4053,-1.04976,0.00115412,0.560376,21.2794,56.666,0.0,-0.1954944060780944,0.14,0.0,2
2782,908.72,59.4754,-1.02532,0.00190824,0.55915,22.2718,56.686,0.0,-0.1941903866521096,0.14,0.0,2
2783,909.033,59.5455,-1.01418,0.00257802,0.55789,23.3968,56.706,0.0,-0.19309048879597007,0.14,0.0,2
2784,909.347,59.6146,-1.01115,0.00313228,0.556599,24.6711,56.726,0.0,-0.19202004806964829,0.14,0.0,2
2785,909.661,59.6835,-1.01245,0.00358748,0.555277,26.1271,56.746,0.0,-0.19088348594502946,0.14,0.0,2
2786,909.975,59.7521,-1.01558,0.00396246,0.553926,27.8077,56.766,0.0,-0.18966164927970064,0.14,0.0,2
2787,910.29,59.8207,-1.01605,0.00426316,0.552544,29.7657,56.786,0.0,-0.18836951103566715,0.14,0.0,2
2788,910.605,59.889,-1.01652,0.00451303,0.551145,32.0779,56.806,0.0,-0.18707476361137176,0.14,0.0,2
2789,910.921,59.9573,-1.01509,0.00473428,0.549731,34.8523,56.826,0.0,-0.18578727729929215,0.14,0.0,2
2790,911.236,60.0255,-1.01127,0.00493515,0.548306,38.2367,56.846,0.0,-0.18453088459459946,0.14,0.0,2
2791,911.553,60.0941,-1.00273,0.00510055,0.546872,42.4314,56.866,0.0,-0.18332820039822217,0.14,0.0,2
2792,911.87,60.1626,-0.994656,0.00522667,0.545444,47.7449,56.886,0.0,-0.18222457853521973,0.14,0.0,2
2793,912.187,60.3505,-0.983312,0.00534469,0.544017,54.7187,56.906,0.0,-0.18125449275284,0.3030700000000016,0.0,2
2794,912.506,60.5736,-0.970291,0.00544649,0.542585,64.2482,56.926,0.0,-0.18032650547381068,0.2936750000000017,0.0,2
2795,912.825,60.7867,-0.960145,0.00547272,0.541166,77.8462,56.946,0.0,-0.17941489727900292,0.28252000000000155,0.0,2
2796,913.146,60.9874,-0.963277,0.00544477,0.539754,98.844,56.966,0.0,-0.17850693109633087,0.27186500000000136,0.0,2
2797,913.468,61.1758,-0.988151,0.00562173,0.538319,137.467,56.986,0.0,-0.17746343684298968,0.26183000000000145,0.0,2
2798,913.79,60.9758,-0.974774,0.00606596,0.536859,200.0,57.006,0.0,-0.17601392998998158,0.0,0.08276153846153743,2
2799,914.112,60.9309,-0.952251,0.00657928,0.535385,200.0,57.026,0.0,-0.17498627508187656,0.18,0.0,2
2800,914.433,61.0995,-0.944955,0.00674385,0.5339,200.0,57.046,0.0,-0.17418901725299052,0.2646550000000014,0.0,2
2801,914.764,60.9124,-0.921611,0.010196,0.532365,200.0,57.066,0.0,-0.17328321227347643,0.0,0.07982692307692191,2
2802,915.102,60.864,-0.89613,0.0168627,0.530466,200.0,57.086,0.0,-0.17190297077814742,0.18,0.0,2
2803,915.44,61.0336,-0.883351,0.0231536,0.528148,198.498,57.106,0.0,-0.16864675978739363,0.2680000000000016,0.0,2
2804,915.779,60.8567,-0.853301,0.0294089,0.525421,190.885,57.126,0.0,-0.1644348468736368,0.0,0.07729230769230656,2
2805,916.116,60.8183,-0.843463,0.0355221,0.522321,182.554,57.146,0.0,-0.16003807203603443,0.18,0.0,2
2806,916.454,60.9926,-0.865484,0.040988,0.518799,173.799,57.166,0.0,-0.1551506827709903,0.27028500000000144,0.0,2
2807,916.793,61.1768,-0.869453,0.0462189,0.514894,162.908,57.186,0.0,-0.14951682137707864,0.2615700000000013,0.0,2
2808,917.132,60.9681,-0.836323,0.0515761,0.510647,146.513,57.206,0.0,-0.14363955203438078,0.0,0.08279999999999887,2
2809,917.469,60.9329,-0.790437,0.0569406,0.506096,132.323,57.226,0.0,-0.1382933572719064,0.18,0.0,2
2810,917.808,61.1001,-0.755428,0.061981,0.501225,121.181,57.246,0.0,-0.13327129241991248,0.26455500000000165,0.0,2
2811,918.146,60.9136,-0.709647,0.0670018,0.496061,111.727,57.266,0.0,-0.12830320220592928,0.0,0.07984999999999878,2
2812,918.483,60.8795,-0.670808,0.0719444,0.490628,103.685,57.286,0.0,-0.12379435546363213,0.18,0.0,2
2813,918.82,61.0509,-0.64785,0.0765219,0.484893,97.1188,57.306,0.0,-0.11933105066324433,0.2672250000000015,0.0,2
2814,919.158,60.8543,-0.641584,0.081087,0.478876,91.2907,57.326,0.0,-0.11459754247498756,0.0,0.07795769230769113,2
2815,919.494,60.8403,-0.632186,0.0857738,0.472562,85.9453,57.346,0.0,-0.10974807426222981,0.18,0.0,2
2816,919.831,61.0115,-0.620792,0.090059,0.465937,81.4977,57.366,0.0,-0.10463901671943421,0.26918500000000156,0.0,2
2817,920.169,61.1965,-0.598255,0.094,0.459037,77.7227,57.386,0.0,-0.0993213237440119,0.26062500000000155,0.0,2
2818,920.507,60.9819,-0.559534,0.0978025,0.451905,74.3449,57.406,0.0,-0.09407217108315011,0.0,0.0835576923076912,2
2819,920.843,60.9597,-0.518689,0.101394,0.444583,71.3584,57.426,0.0,-0.0893840152814536,0.18,0.0,2
2820,921.18,61.1193,-0.489783,0.104591,0.437067,68.8248,57.446,0.0,-0.08497236389027689,0.2632150000000016,0.0,2
2821,921.517,60.9212,-0.453001,0.107695,0.429369,66.4906,57.466,0.0,-0.08055481543691481,0.0,0.08058846153846051,2
2822,921.853,60.8887,-0.417378,0.110678,0.421534,64.3504,57.486,0.0,-0.07647691468197813,0.18,0.0,2
2823,922.189,61.0686,-0.422292,0.113292,0.413514,62.5172,57.506,0.0,-0.07248476689351523,0.2667650000000015,0.0,2
2824,922.526,60.842,-0.418916,0.115765,0.405314,60.8327,57.526,0.0,-0.06797894586714444,0.0,0.07863846153846055,2
2825,922.861,60.8349,-0.40818,0.118134,0.396982,59.2648,57.546,0.0,-0.0635504045514944,0.18,0.0,2
2826,923.197,60.9928,-0.386097,0.120288,0.38851,57.8553,57.566,0.0,-0.05910579434874706,0.2694550000000016,0.0,2
2827,923.533,61.1631,-0.357591,0.122351,0.379896,56.5319,57.586,0.0,-0.05472205223662366,0.26156000000000135,0.0,2
2828,923.87,60.9524,-0.317231,0.124378,0.371182,55.264,57.606,0.0,-0.05047171563238052,0.0,0.0822730769230758,2
2829,924.205,60.9306,-0.284013,0.126319,0.362399,54.0706,57.626,0.0,-0.046745342511256574,0.18,0.0,2
2830,924.541,61.0876,-0.25932,0.128046,0.353497,52.9968,57.646,0.0,-0.043159587162686544,0.26467000000000157,0.0,2
2831,924.877,60.8915,-0.235777,0.129683,0.344516,51.9843,57.666,0.0,-0.039512783297278746,0.0,0.07936923076922972,2
2832,925.212,60.8749,-0.217231,0.131214,0.335474,51.0356,57.686,0.0,-0.03604916767731706,0.18,0.0,2
2833,925.548,61.1035,-0.202253,0.132546,0.326333,50.1796,57.706,0.0,-0.032456563354153756,0.36,0.0,2
2834,925.886,61.5102,-0.182698,0.133702,0.317083,49.4015,57.726,0.0,-0.028481639704114863,0.54,0.0,2
2835,926.226,61.986,-0.161796,0.134687,0.307708,48.6932,57.746,0.0,-0.024148342399653966,0.5524900000000015,0.0,2
2836,926.568,62.4473,-0.140843,0.135501,0.298236,48.0518,57.766,0.0,-0.019535054390877396,0.5287000000000015,0.0,2
2837,926.913,62.8808,-0.116668,0.136137,0.288675,47.4765,57.786,0.0,-0.014751319480632519,0.5056350000000015,0.0,2
2838,927.261,63.4351,-0.0912997,0.136595,0.27903,46.9644,57.806,0.0,-0.010151041857998377,0.6856350000000015,0.0,2
2839,927.612,64.1534,-0.0692832,0.13689,0.269288,46.5067,57.826,0.0,-0.005725071362716436,0.8656350000000015,0.0,2
2840,927.967,65.0149,-0.0482694,0.137051,0.259415,46.0911,57.846,0.0,-0.0013468614328525181,0.88,0.0,2
2841,928.328,66.0497,-0.0177182,0.137261,0.249409,45.6555,57.866,0.0,0.00302302265370615,0.88,0.0,2
2842,928.695,67.0332,0.00427085,0.137161,0.239271,45.3178,57.886,0.0,0.007329370570180668,1.0,0.0,2
2843,929.066,67.9655,0.025692,0.136809,0.229023,45.0581,57.906,0.0,0.011549908190885305,0.88,0.0,2
2844,929.443,68.8708,0.0384639,0.136221,0.218725,44.8722,57.926,0.0,0.01556788003911966,1.0,0.0,2
2845,929.825,69.7845,0.0369781,0.135401,0.20832,44.7567,57.946,0.0,0.019455790641830964,0.88,0.0,2
2846,930.212,70.6808,0.0289909,0.134348,0.197852,44.7146,57.966,0.0,0.022539434774217756,0.88,0.0,2
2847,930.604,71.5879,0.00796877,0.13304,0.187329,44.755,57.986,0.0,0.025591753044448908,0.88,0.0,2
2848,931.001,72.516,-0.027064,0.131476,0.176752,44.8808,58.006,0.0,0.028458100684924686,0.88,0.0,2
2849,931.403,73.4722,-0.0770367,0.129582,0.166115,45.1215,58.026,0.0,0.0284014411608436,0.88,0.0,2
2850,931.811,74.4655,-0.147171,0.127358,0.155443,45.4848,58.046,0.0,0.028846023403750136,0.88,0.0,2
2851,932.224,75.483,-0.227043,0.124884,0.144731,45.9512,58.066,0.0,0.02968066217237751,0.88,0.0,2
2852,932.643,76.5194,-0.310969,0.122192,0.133997,46.5179,58.086,0.0,0.03078505977346402,0.88,0.0,2
2853,933.068,77.5668,-0.39614,0.119315,0.123276,47.1838,58.106,0.0,0.03172098794365047,0.88,0.0,2
2854,933.499,78.6155,-0.480162,0.116286,0.112571,47.9456,58.126,0.0,0.03259973116124301,0.88,0.0,2
2855,933.936,79.67,-0.562731,0.113154,0.101905,48.7944,58.146,0.0,0.03332246636660018,0.88,0.0,2
2856,934.379,80.9447,-0.585349,0.110236,0.091296,49.5986,58.166,0.0,0.03383868488955609,0.88,0.0,2
2857,934.83,82.2114,-0.541119,0.107552,0.0808021,50.3425,58.186,0.0,0.03388670555814819,0.88,0.0,2
2858,935.287,83.3351,-0.444725,0.105267,0.0704793,50.9397,58.206,0.0,0.03323702749322782,0.88,0.0,2
2859,935.75,84.3173,-0.360092,0.103222,0.0603377,51.4533,58.226,0.0,0.03182442432879295,0.88,0.0,2
2860,936.219,85.2477,-0.324987,0.101164,0.0503372,52.0015,58.246,0.0,0.02997175000788669,0.88,0.0,2
2861,936.692,85.7743,-0.265307,0.099192,0.040478,52.5338,58.266,0.0,0.028128011180601313,0.88,0.0,3
2862,937.166,85.6777,-0.168008,0.0975828,0.0308803,52.9047,58.286,0.0,0.026529000550354686,1.0,0.0,3
2863,937.639,85.5958,-0.106396,0.0959772,0.021536,53.2994,58.306,0.0,0.024955769222341218,1.0,0.0,3
2864,938.114,86.038,-0.095562,0.094395,0.0123677,53.7038,58.326,0.0,0.02298752708037397,1.0,0.0,3
2865,938.592,86.765,-0.116551,0.0927856,0.0032712,54.1416,58.346,0.0,0.021021090802705686,0.88,0.0,3
2866,939.074,87.5068,-0.129147,0.0912934,-0.00576086,54.5287,58.366,0.0,0.019198854886966252,0.88,0.0,3
2867,939.56,88.2428,-0.124597,0.089986,-0.0147536,54.8184,58.386,0.0,0.017798674209852205,0.88,0.0,3
2868,940.051,89.0331,-0.11383,0.0888589,-0.0236712,55.0094,58.406,0.0,0.016790517718805822,1.0,0.0,3
2869,940.546,89.8611,-0.0834819,0.0879458,-0.0325724,55.0723,58.426,0.0,0.015956808834047757,0.88,0.0,3
2870,941.046,90.6391,-0.0542013,0.0871798,-0.041418,55.047,58.446,0.0,0.015146819378628454,1.0,0.0,3
2871,941.55,91.4512,-0.0396672,0.0864433,-0.0502431,55.0037,58.466,0.0,0.014371684513446602,1.0,0.0,3
2872,942.059,92.26,-0.0360469,0.0856732,-0.0590713,54.9811,58.486,0.0,0.013711815614225305,1.0,0.0,3
2873,942.572,93.0406,-0.0418846,0.0848713,-0.0678907,54.9791,58.506,0.0,0.013381122874643804,0.88,0.0,3
2874,943.089,93.7817,-0.0438497,0.0840451,-0.0767092,54.993,58.526,0.0,0.013521294062066046,0.88,0.0,3
2875,943.61,94.5263,-0.0493482,0.0831807,-0.0855039,55.0339,58.546,0.0,0.013943599809541166,0.88,0.0,3
2876,944.136,95.2834,-0.054061,0.0822672,-0.094278,55.1097,58.566,0.0,0.014568969353919502,0.88,0.0,3
2877,944.666,96.0532,-0.0616152,0.0813115,-0.103042,55.2165,58.586,0.0,0.015314312128140212,0.88,0.0,3
2878,945.2,96.8298,-0.0667432,0.0803153,-0.111773,55.3558,58.606,0.0,0.016188200639575656,0.88,0.0,3
2879,945.739,97.6117,-0.0714106,0.0792638,-0.120481,55.5386,58.626,0.0,0.01716303434615661,0.88,0.0,3
2880,946.282,98.3974,-0.0760857,0.078151,-0.129137,55.7734,58.646,0.0,0.01818887687724467,0.88,0.0,3
2881,946.829,99.1825,-0.0806103,0.0769767,-0.137733,56.0636,58.666,0.0,0.019229992155100135,0.88,0.0,3
2882,947.381,99.965,-0.0851386,0.0757404,-0.146271,56.4128,58.686,0.0,0.02025946891033979,0.88,0.0,3
2883,947.937,100.745,-0.0899475,0.0744391,-0.154756,56.8266,58.706,0.0,0.02101783560897065,0.88,0.0,3
2884,948.497,101.522,-0.0956936,0.073069,-0.163166,57.3143,58.726,0.0,0.021559025325290165,0.88,0.0,3
2885,949.062,102.297,-0.105688,0.0716485,-0.171492,57.867,58.746,0.0,0.021928953852447353,0.88,0.0,3
2886,949.632,103.073,-0.12245,0.0702678,-0.179704,58.4173,58.766,0.0,0.022186335754278454,0.88,0.0,3
2887,950.205,103.842,-0.132144,0.0689575,-0.187842,58.935,58.786,0.0,0.022249765302503208,0.88,0.0,3
2888,950.783,104.61,-0.137293,0.0676623,-0.195897,59.4657,58.806,0.0,0.022005663731509452,0.88,0.0,3
2889,951.365,105.381,-0.14044,0.0663268,-0.203884,60.0587,58.826,0.0,0.021510590385042414,0.88,0.0,3
2890,951.952,106.152,-0.147364,0.0649427,-0.211777,60.7287,58.846,0.0,0.020806013540395872,0.88,0.0,3
2891,952.542,106.785,-0.187764,0.0633962,-0.21957,61.5931,58.866,0.0,0.019926337097763,0.88,0.0,3
2892,953.136,107.538,-0.23978,0.0617453,-0.227261,62.6146,58.886,0.0,0.018989393508068067,0.88,0.0,3
2893,953.735,108.354,-0.282394,0.0600786,-0.234867,63.716,58.906,0.0,0.018048417685480808,0.88,0.0,3
2894,954.338,109.185,-0.30369,0.0584959,-0.242372,64.7961,58.926,0.0,0.017023875578895897,0.88,0.0,3
2895,954.946,110.005,-0.298886,0.0570771,-0.249736,65.7594,58.946,0.0,0.01580565604033484,0.88,0.0,3
2896,955.559,110.811,-0.288423,0.0559536,-0.257001,66.4288,58.966,0.0,0.014303036488252853,0.88,0.0,3
2897,956.176,111.646,-0.26481,0.0552167,-0.264183,66.6638,58.986,0.0,0.012625462468946408,1.0,0.0,3
2898,956.798,112.471,-0.229802,0.054696,-0.271323,66.6448,59.006,0.0,0.010825892234975553,0.88,0.0,3
2899,957.424,113.23,-0.189701,0.0542678,-0.27841,66.5168,59.026,0.0,0.00890647042172606,0.88,0.0,3
2900,958.054,113.954,-0.159843,0.0538328,-0.285428,66.4017,59.046,0.0,0.006888439957768742,0.88,0.0,3
2901,958.687,114.355,-0.183673,0.0532284,-0.292418,66.4979,59.066,0.0,0.004845663027000704,0.88,0.0,3
2902,959.324,114.993,-0.21942,0.052597,-0.29939,66.6324,59.086,0.0,0.0030686814625476766,0.88,0.0,3
2903,959.964,115.82,-0.24611,0.0520031,-0.306368,66.7214,59.106,0.0,0.0015389676828112602,0.88,0.0,3
2904,960.609,116.75,-0.260409,0.0515137,-0.313346,66.6772,59.126,0.0,0.00013949347833417747,0.88,0.0,3
2905,961.26,117.726,-0.247466,0.0512102,-0.320326,66.3901,59.146,0.0,-0.0010576905459411309,0.88,0.0,3
2906,961.916,118.634,-0.209387,0.0512017,-0.327309,65.7191,59.166,0.0,-0.0021234360544438113,0.88,0.0,3
2907,962.577,119.527,-0.160381,0.0514499,-0.334306,64.722,59.186,0.0,-0.003101022865578642,1.0,0.0,3
2908,963.242,120.341,-0.107363,0.0518296,-0.341326,63.5707,59.206,0.0,-0.003958183722660939,0.88,0.0,3
2909,963.912,121.046,-0.0650004,0.052214,-0.348388,62.4266,59.226,0.0,-0.004680130391200835,0.88,0.0,3
2910,964.585,121.324,-0.0410155,0.0525037,-0.355494,61.4054,59.246,0.0,-0.005205073834608643,1.0,0.0,3
2911,965.258,121.466,-0.00941813,0.0528799,-0.362652,60.2919,59.266,0.0,-0.005476666894191679,0.88,0.0,3
2912,965.934,122.058,0.040988,0.0534799,-0.369815,58.946,59.286,0.0,-0.005516479640157586,0.88,0.0,3
2913,966.613,122.912,0.105124,0.0541893,-0.377047,57.5075,59.306,0.0,-0.005432139044920936,0.88,0.0,3
2914,967.298,123.998,0.168593,0.0549633,-0.384364,56.0325,59.326,0.0,-0.005311355877934523,0.88,0.0,3
2915,967.99,125.292,0.230659,0.0556941,-0.391806,54.6295,59.346,0.0,-0.005139566725644763,0.88,0.0,3
2916,968.689,126.196,0.231571,0.0561059,-0.399379,53.5538,59.366,0.0,-0.004725250432217647,0.88,0.0,4
2917,969.388,126.079,0.175583,0.0559914,-0.407004,52.9819,59.386,0.0,-0.004031558402334575,1.0,0.0,4
2918,970.088,125.966,0.119522,0.055652,-0.414676,52.615,59.406,0.0,-0.0029205659380648332,1.0,0.0,4
2919,970.786,125.764,0.0668636,0.0554135,-0.422327,52.1505,59.426,0.0,-0.0015685344954617605,1.0,0.0,4
2920,971.483,125.63,0.0432591,0.0553316,-0.430005,51.5334,59.446,0.0,-4.734586806383269e-05,0.88,0.0,4
2921,972.179,125.516,0.0378824,0.0553018,-0.437677,50.8672,59.466,0.0,0.0014377466843613876,0.88,0.0,4
2922,972.876,125.684,0.0542141,0.05534,-0.445336,50.1398,59.486,0.0,0.002802613947851542,0.88,0.0,4
2923,973.576,126.64,0.0823095,0.0554315,-0.453009,49.3647,59.506,0.0,0.003949849794935484,0.88,0.0,4
2924,974.282,127.964,0.0899139,0.0554242,-0.460767,48.671,59.526,0.0,0.004870662194903392,0.88,0.0,4
2925,974.997,129.537,0.0811719,0.0553107,-0.468587,48.0634,59.546,0.0,0.005724247834309646,0.88,0.0,4
2926,975.719,130.758,0.0596779,0.0550758,-0.47651,47.5485,59.566,0.0,0.006612182693097013,0.88,0.0,4
2927,976.446,131.256,0.0347495,0.0546819,-0.484455,47.1638,59.586,0.0,0.0075730206605302535,1.0,0.0,4
2928,977.176,131.804,-0.00223301,0.0541164,-0.492378,46.9239,59.606,0.0,0.008545501356891146,1.0,0.0,4
2929,977.909,132.448,-0.0460402,0.0533987,-0.500303,46.8115,59.626,0.0,0.009547571318397024,0.88,0.0,4
2930,978.646,133.168,-0.0886589,0.0525354,-0.508194,46.8286,59.646,0.0,0.01063507755349044,0.88,0.0,4
2931,979.387,133.861,-0.123338,0.0515642,-0.516051,46.9477,59.666,0.0,0.011837412199296272,0.88,0.0,4
2932,980.132,134.564,-0.148805,0.0505261,-0.523832,47.1411,59.686,0.0,0.013033168604828109,1.0,0.0,4
2933,980.881,135.306,-0.167954,0.0494289,-0.531506,47.4099,59.706,0.0,0.014135333828842429,1.0,0.0,4
2934,981.634,136.043,-0.179476,0.0482949,-0.539082,47.7377,59.726,0.0,0.015192823626738992,1.0,0.0,4
2935,982.391,136.768,-0.185769,0.0471309,-0.546535,48.1247,59.746,0.0,0.016364484889944422,1.0,0.0,4
2936,983.152,137.483,-0.189004,0.045898,-0.553848,48.6197,59.766,0.0,0.01757000788980226,1.0,0.0,4
2937,983.917,138.192,-0.199528,0.0445721,-0.560994,49.2631,59.786,0.0,0.018755553816348074,1.0,0.0,4
2938,984.686,138.895,-0.217355,0.0431499,-0.567998,50.0738,59.806,0.0,0.020012638877920746,1.0,0.0,4
2939,985.459,139.6,-0.24149,0.0416247,-0.574825,51.0873,59.826,0.0,0.021473071889962943,1.0,0.0,4
2940,986.236,140.306,-0.267383,0.0399715,-0.581469,52.3676,59.846,0.0,0.02309274098505111,1.0,0.0,4
2941,987.017,141.014,-0.297043,0.0381647,-0.587906,54.002,59.866,0.0,0.024869223098945473,1.0,0.0,4
2942,987.802,141.723,-0.330077,0.036195,-0.594117,56.0811,59.886,0.0,0.026731600479072366,1.0,0.0,4
2943,988.591,142.43,-0.365831,0.0340607,-0.600068,58.7201,59.906,0.0,0.028554365543115585,1.0,0.0,4
2944,989.384,143.135,-0.405963,0.031786,-0.605748,62.0271,59.926,0.0,0.030317127429564494,1.0,0.0,4
2945,990.181,143.84,-0.44338,0.0293775,-0.611127,66.1951,59.946,0.0,0.03202285454761365,1.0,0.0,4
2946,990.982,144.543,-0.482411,0.0268458,-0.616175,71.4957,59.966,0.0,0.03347376567899052,1.0,0.0,4
2947,991.787,145.245,-0.51783,0.0241911,-0.620869,78.3692,59.986,0.0,0.03451991906082068,1.0,0.0,4
2948,992.595,145.944,-0.55738,0.021444,-0.625182,85.9719,60.006,0.0,0.03517034877690814,1.0,0.0,4
2949,993.408,146.642,-0.591927,0.0186308,-0.629104,90.48,60.026,0.0,0.035543351769436224,1.0,0.0,4
2950,994.225,147.337,-0.627959,0.0157933,-0.632613,93.8331,60.046,0.0,0.03549761778127254,1.0,0.0,4
2951,995.045,148.032,-0.656066,0.0129634,-0.635701,96.5889,60.066,0.0,0.035108005764151504,1.0,0.0,4
2952,995.87,148.725,-0.680628,0.0101609,-0.638389,98.9465,60.086,0.0,0.03442174046276554,1.0,0.0,4
2953,996.698,149.417,-0.696923,0.00738901,-0.640627,101.021,60.106,0.0,0.03350042483090142,1.0,0.0,4
2954,997.53,150.108,-0.712703,0.00468057,-0.642442,102.844,60.126,0.0,0.03228668206502942,1.0,0.0,4
2955,998.366,150.798,-0.718935,0.00206542,-0.643827,104.438,60.146,0.0,0.030872553246946058,1.0,0.0,4
2956,999.206,151.487,-0.720298,-0.000436008,-0.644789,105.819,60.166,0.0,0.02927071248308735,1.0,0.0,4
2957,1000.05,152.176,-0.712095,-0.00282079,-0.645346,107.01,60.186,0.0,0.02751881726234516,1.0,0.0,4
2958,1000.9,152.863,-0.700861,-0.00508159,-0.64548,108.029,60.206,0.0,0.025610767039766908,1.0,0.0,4
2959,1001.75,153.549,-0.684275,-0.00719517,-0.645219,108.872,60.226,0.0,0.023594500938188337,1.0,0.0,4
2960,1002.6,154.234,-0.663824,-0.00912386,-0.644587,109.521,60.246,0.0,0.02149499473739107,1.0,0.0,4
2961,1003.46,154.919,-0.633336,-0.0108567,-0.643602,109.983,60.266,0.0,0.019350028882111188,1.0,0.0,4
2962,1004.33,155.602,-0.5972,-0.0124097,-0.642282,110.279,60.286,0.0,0.01714954809287974,1.0,0.0,4
2963,1005.19,156.285,-0.557807,-0.0137905,-0.640675,110.423,60.306,0.0,0.014912039767959285,1.0,0.0,4
2964,1006.06,156.966,-0.516381,-0.0150025,-0.638774,110.425,60.326,0.0,0.012665903753355115,1.0,0.0,4
2965,1006.94,157.646,-0.475612,-0.016019,-0.636617,110.271,60.346,0.0,0.010438397420759098,1.0,0.0,4
2966,1007.81,158.325,-0.428731,-0.0168347,-0.634227,109.961,60.366,0.0,0.008275374853424698,1.0,0.0,4
2967,1008.7,159.003,-0.379601,-0.0174683,-0.631661,109.513,60.386,0.0,0.006166748105005092,1.0,0.0,4
2968,1009.58,159.68,-0.330076,-0.0179298,-0.628925,108.938,60.406,0.0,0.004128015475600684,1.0,0.0,4
2969,1010.47,160.355,-0.280937,-0.0182241,-0.626044,108.242,60.426,0.0,0.002179860621450363,1.0,0.0,4
2970,1011.36,161.029,-0.232292,-0.0183526,-0.623055,107.429,60.446,0.0,0.0003427424529231348,1.0,0.0,4
2971,1012.26,161.702,-0.181946,-0.0183446,-0.619992,106.519,60.466,0.0,-0.0013681139343215592,1.0,0.0,4
2972,1013.16,162.373,-0.136968,-0.018205,-0.616873,105.519,60.486,0.0,-0.002964069508246085,1.0,0.0,4
2973,1014.06,163.044,-0.0913086,-0.0179427,-0.613723,104.435,60.506,0.0,-0.004399867442803662,1.0,0.0,4
2974,1014.97,163.712,-0.0505567,-0.0175537,-0.610563,103.266,60.526,0.0,-0.005689258996371981,1.0,0.0,4
2975,1015.88,164.38,-0.00815569,-0.0170433,-0.607439,102.016,60.546,0.0,-0.006807062924431154,1.0,0.0,4
2976,1016.8,165.046,0.0323338,-0.016435,-0.60436,100.702,60.566,0.0,-0.0077578936389654084,1.0,0.0,4
2977,1017.72,165.271,0.0658103,-0.0157436,-0.601353,99.334,60.586,0.0,-0.008538203973599747,1.0,0.0,5
2978,1018.63,165.101,0.0980256,-0.0149797,-0.598418,97.9246,60.606,0.0,-0.009129728212326398,1.0,0.0,5
2979,1019.55,164.93,0.127488,-0.0141229,-0.595627,96.4599,60.626,0.0,-0.009540314089115926,1.0,0.0,5
2980,1020.47,164.837,0.158941,-0.0131945,-0.592951,94.9546,60.646,0.0,-0.009760683479797177,1.0,0.0,4
2981,1021.38,164.668,0.18759,-0.0122229,-0.590396,93.4283,60.666,0.0,-0.00983732507908039,1.0,0.0,4
2982,1022.3,164.493,0.212037,-0.0112255,-0.588028,91.8906,60.686,0.0,-0.009744416034183537,1.0,0.0,4
2983,1023.21,164.834,0.237727,-0.0102633,-0.585813,90.3797,60.706,0.0,-0.009325640889598853,1.0,0.0,4
2984,1024.13,165.495,0.256262,-0.00934815,-0.583732,88.9002,60.726,0.0,-0.00866903360162164,1.0,0.0,4
2985,1025.05,165.735,0.256779,-0.00853264,-0.581793,87.4846,60.746,0.0,-0.007788074846056887,1.0,0.0,5
2986,1025.97,165.564,0.240744,-0.00785244,-0.580006,86.156,60.766,0.0,-0.0067098586631161175,1.0,0.0,5
2987,1026.89,165.392,0.224846,-0.00729483,-0.578348,84.9065,60.786,0.0,-0.005436082043725879,1.0,0.0,5
2988,1027.81,165.679,0.206623,-0.00685132,-0.57681,83.728,60.806,0.0,-0.004057258415048197,1.0,0.0,5
2989,1028.73,166.249,0.188602,-0.00649977,-0.575353,82.6039,60.826,0.0,-0.002781792455450778,1.0,0.0,5
2990,1029.65,166.828,0.167714,-0.00624353,-0.573969,81.5342,60.846,0.0,-0.0016652990468377306,1.0,0.0,5
2991,1030.58,167.406,0.143675,-0.00608689,-0.572651,80.5205,60.866,0.0,-0.0006641268808085269,1.0,0.0,5
2992,1031.51,167.982,0.117677,-0.00602651,-0.571389,79.5585,60.886,0.0,0.00023870665451442116,1.0,0.0,5
2993,1032.45,168.555,0.0911175,-0.00605577,-0.57014,78.6445,60.906,0.0,0.0010564559515957197,1.0,0.0,5
2994,1033.39,169.124,0.0649501,-0.00616908,-0.568904,77.7733,60.926,0.0,0.0017948059406878085,1.0,0.0,5
2995,1034.33,169.692,0.0375266,-0.00633389,-0.567665,76.9262,60.946,0.0,0.002452565800430735,1.0,0.0,5
2996,1035.27,170.257,0.0161599,-0.00654531,-0.566409,76.0996,60.966,0.0,0.003048393014016559,1.0,0.0,5
2997,1036.22,170.822,-0.00364587,-0.00682539,-0.565148,75.3041,60.986,0.0,0.003548021477330054,1.0,0.0,5
2998,1037.17,171.386,-0.0259397,-0.00715417,-0.56384,74.529,61.006,0.0,0.003953211372826818,1.0,0.0,5
2999,1038.13,171.95,-0.0455936,-0.00750059,-0.562487,73.7572,61.026,0.0,0.004294766627270893,1.0,0.0,5
3000,1039.08,172.513,-0.0593058,-0.00788254,-0.561079,72.9977,61.046,0.0,0.004568816492335729,1.0,0.0,5
3001,1040.04,173.075,-0.0749827,-0.00829971,-0.559599,72.2503,61.066,0.0,0.0047461199797157365,1.0,0.0,5
3002,1041.01,173.635,-0.0888186,-0.0087288,-0.558055,71.5016,61.086,0.0,0.004857637984860116,1.0,0.0,5
3003,1041.97,174.195,-0.0997546,-0.00916022,-0.556431,70.7484,61.106,0.0,0.0049065744188037325,1.0,0.0,5
3004,1042.94,174.753,-0.107906,-0.00959051,-0.554735,69.9877,61.126,0.0,0.004890296568703746,1.0,0.0,5
3005,1043.91,175.31,-0.113834,-0.0100188,-0.552951,69.2201,61.146,0.0,0.004809003017750778,1.0,0.0,5
3006,1044.89,175.865,-0.11814,-0.0104454,-0.551091,68.4453,61.166,0.0,0.004666402944117273,1.0,0.0,5
3007,1045.87,176.419,-0.123224,-0.0108396,-0.549154,67.6487,61.186,0.0,0.004469334160737297,1.0,0.0,5
3008,1046.85,176.972,-0.121606,-0.0111971,-0.547131,66.8299,61.206,0.0,0.004246775831753454,1.0,0.0,5
3009,1047.83,177.524,-0.11814,-0.0115402,-0.545011,65.9992,61.226,0.0,0.003969867460313654,1.0,0.0,5
3010,1048.82,178.075,-0.114739,-0.0118781,-0.542844,65.1599,61.246,0.0,0.003644311795832588,1.0,0.0,5
3011,1049.81,178.624,-0.113909,-0.0121833,-0.540591,64.3013,61.266,0.0,0.003285508330856197,1.0,0.0,5
3012,1050.81,179.172,-0.107821,-0.0124524,-0.538259,63.4223,61.286,0.0,0.0029276069696553336,1.0,0.0,5
3013,1051.8,179.72,-0.101014,-0.0127078,-0.535872,62.5322,61.306,0.0,0.002544059141865863,1.0,0.0,5
3014,1052.8,180.266,-0.097098,-0.0129271,-0.533425,61.6219,61.326,0.0,0.002140447440907944,1.0,0.0,5
3015,1053.81,180.81,-0.0883572,-0.0131091,-0.530906,60.6925,61.346,0.0,0.0017507310445218016,1.0,0.0,5
3016,1054.81,180.307,-0.0770322,-0.0132147,-0.528369,59.7286,61.366,0.0,0.001347903779766507,0.0,0.3,5
3017,1055.81,178.758,-0.0555249,-0.0132153,-0.525804,58.7291,61.386,0.0,0.0009364262287032626,0.0,0.6,5
3018,1056.8,176.811,-0.0338825,-0.0131408,-0.523251,57.7101,61.406,0.0,0.0004750362990245037,0.0,0.62,5
3019,1057.77,175.007,-0.00756128,-0.013014,-0.520694,56.6834,61.426,0.0,-5.674130302865937e-06,0.0,0.33999999999999997,5
3020,1058.74,174.112,0.0143514,-0.0128354,-0.518176,55.6459,61.446,0.0,-0.0005216980926529183,0.0,0.05999999999999994,5
3021,1059.71,173.875,0.0325003,-0.0126474,-0.51567,54.6095,61.466,0.0,-0.0010176890678605197,0.25,0.0,5
3022,1060.67,173.93,0.0376711,-0.01251,-0.513168,53.5945,61.486,0.0,-0.0014683287106763867,0.5,0.0,5
3023,1061.64,174.202,0.035594,-0.0123636,-0.510728,52.5752,61.506,0.0,-0.0018115489679847796,0.75,0.0,5
3024,1062.61,174.674,0.0381227,-0.0121978,-0.508302,51.5478,61.526,0.0,-0.0020247119255071256,0.982139438648354,0.0,5
3025,1063.58,174.187,0.0430901,-0.0120126,-0.505916,50.5138,61.546,0.0,-0.0021673200975602424,0.0,0.3,5
3026,1064.54,172.722,0.0562404,-0.011787,-0.503571,49.4741,61.566,0.0,-0.002268159927222159,0.0,0.6,5
3027,1065.5,170.882,0.0716722,-0.011553,-0.501274,48.4429,61.586,0.0,-0.0023907545730903704,0.0,0.62,5
3028,1066.44,169.091,0.0834669,-0.0112871,-0.499042,47.4138,61.606,0.0,-0.002547841606342227,0.0,0.33999999999999997,5
3029,1067.38,168.066,0.0960092,-0.0109257,-0.496856,46.3643,61.626,0.0,-0.002677173522676414,0.0,0.05999999999999994,5
3030,1068.31,167.837,0.109393,-0.0105194,-0.49473,45.3067,61.646,0.0,-0.002760612316752984,0.25,0.0,5
3031,1069.24,167.908,0.110955,-0.0101678,-0.492667,44.2696,61.666,0.0,-0.0027974710665388657,0.5,0.0,5
3032,1070.17,168.193,0.107049,-0.00985587,-0.490681,43.2451,61.686,0.0,-0.0027038711146821423,0.75,0.0,5
3033,1071.11,168.686,0.103317,-0.00960749,-0.488742,42.2395,61.706,0.0,-0.0024781787547356704,1.0,0.0,5
3034,1072.05,169.261,0.0926719,-0.00942028,-0.486845,41.2502,61.726,0.0,-0.0021721144486935486,0.9945815989990541,0.0,5
3035,1072.99,169.81,0.0797305,-0.00927019,-0.484997,40.2689,61.746,0.0,-0.0017121768361223254,0.9565600152392824,0.0,5
3036,1073.93,169.417,0.0729155,-0.00915426,-0.483158,39.2974,61.766,0.0,-0.001076206219442125,0.0,0.3,5
3037,1074.87,168.193,0.0739746,-0.00793523,-0.48139,38.3313,61.786,0.0,-0.0003736945561924602,0.0,0.6,5
3038,1075.79,166.76,0.0809738,-0.00411314,-0.48017,37.3687,61.806,0.0,0.0006150193951272985,0.0,0.31999999999999995,5
3039,1076.7,165.586,0.0936187,-0.000345826,-0.479657,36.421,61.826,0.0,0.0024762271140135773,0.0,0.039999999999999925,5
3040,1077.61,165.219,0.0870966,0.00311756,-0.4798,35.5502,61.846,0.0,0.004911883393201654,0.25,0.0,5
3041,1078.52,165.277,0.0504582,0.00625312,-0.480612,34.7562,61.866,0.0,0.007815228758834978,0.5,0.0,5
3042,1079.43,165.574,-0.00128901,0.00909764,-0.48201,34.028,61.886,0.0,0.01104509624859187,0.75,0.0,5
3043,1080.35,166.094,-0.0574005,0.0116536,-0.483969,33.3611,61.906,0.0,0.014542227832486303,1.0,0.0,5
3044,1081.26,166.713,-0.128719,0.0141246,-0.486472,32.7061,61.926,0.0,0.01819294494391765,1.0,0.0,5
3045,1082.18,167.321,-0.174098,0.0168481,-0.489526,31.9866,61.946,0.0,0.022023326774564516,1.0,0.0,5
3046,1083.1,167.91,-0.177342,0.0198658,-0.493149,31.1954,61.966,0.0,0.0258826841380895,1.0,0.0,5
3047,1084.03,167.599,-0.179321,0.022712,-0.497339,30.4373,61.986,0.0,0.029576618875159714,0.0,0.3,5
3048,1084.94,166.42,-0.294367,0.0248374,-0.502014,29.826,62.006,0.0,0.03310147912589471,0.0,0.6,5
3049,1085.85,164.669,-0.498826,0.0262982,-0.507202,29.3411,62.026,0.0,0.03705435820635376,0.0,0.62,5
3050,1086.75,162.517,-0.700029,0.0272829,-0.512772,28.9429,62.046,0.0,0.041721442411536074,0.0,0.62,4
3051,1087.64,160.242,-0.839916,0.0278613,-0.518613,28.6186,62.066,0.0,0.046743682234692545,0.0,0.62,4
3052,1088.51,158.361,-0.955525,0.0283206,-0.524609,28.3116,62.086,0.0,0.05150613845289631,0.0,0.62,4
3053,1089.38,156.398,-1.0051,0.0290084,-0.53074,27.9537,62.106,0.0,0.05590497307162356,0.0,0.62,4
3054,1090.23,154.372,-0.987466,0.0299345,-0.536935,27.5464,62.126,0.0,0.05969129295643173,0.0,0.62,4
3055,1091.07,152.625,-0.990802,0.0305902,-0.54321,27.1899,62.146,0.0,0.06268657833395372,0.0,0.33999999999999997,4
3056,1091.91,151.489,-1.19307,0.0287374,-0.549496,27.3278,62.166,0.0,0.06521068431138247,0.0,0.05999999999999994,4
3057,1092.74,151.241,-1.52426,0.0245827,-0.555591,27.9469,62.186,0.0,0.06804535952406071,0.25,0.0,4
3058,1093.57,151.366,-1.76807,0.0203391,-0.561264,28.6283,62.206,0.0,0.07132797261732582,0.5,0.0,4
3059,1094.4,151.745,-1.86117,0.0167464,-0.56647,29.2135,62.226,0.0,0.07433270512848084,0.75,0.0,4
3060,1095.24,152.334,-1.84902,0.0141101,-0.571188,29.6229,62.246,0.0,0.07633451825053994,0.9420225978028547,0.0,4
3061,1096.08,152.969,-1.74945,0.0132489,-0.575519,29.652,62.266,0.0,0.07720679637412017,0.8759056073778771,0.0,4
3062,1096.91,152.665,-1.47608,0.01455,-0.579648,29.1993,62.286,0.0,0.0772071747491815,0.0,0.3,4
3063,1097.75,151.459,-1.15871,0.0170342,-0.583768,28.4886,62.306,0.0,0.07606641761547542,0.0,0.6,4
3064,1098.58,149.943,-0.991036,0.019468,-0.588004,27.7962,62.326,0.0,0.07418839503566292,0.0,0.62,4
3065,1099.39,148.228,-0.940197,0.0210409,-0.592453,27.2881,62.346,0.0,0.0727936549591072,0.0,0.33999999999999997,4
3066,1100.2,146.737,-0.865937,0.0208386,-0.59696,27.1551,62.366,0.0,0.07230423024429614,0.0,0.05999999999999994,4
3067,1101.01,146.404,-0.985387,0.017469,-0.601166,27.7144,62.386,0.0,0.0718265087956501,0.25,0.0,4
3068,1101.81,146.556,-1.19912,0.0132533,-0.604956,28.5013,62.406,0.0,0.07174682583280298,0.5,0.0,4
3069,1102.62,146.956,-1.34998,0.00945759,-0.608282,29.242,62.426,0.0,0.07221893090872669,0.75,0.0,4
3070,1103.42,147.589,-1.40612,0.00671309,-0.611151,29.7763,62.446,0.0,0.07274777838637234,1.0,0.0,4
3071,1104.24,148.308,-1.37386,0.00503027,-0.613712,30.0788,62.466,0.0,0.07295513401766938,0.9879468550303208,0.0,4
3072,1105.05,148.993,-1.2608,0.00435227,-0.615958,30.153,62.486,0.0,0.0726323106155049,0.9465912248791275,0.0,4
3073,1105.87,149.518,-1.23929,0.00381291,-0.618069,30.1993,62.506,0.0,0.071668252079422,0.9074071070114662,0.0,4
3074,1106.69,150.128,-1.27404,0.0027805,-0.620077,30.3719,62.526,0.0,0.07089595577025173,0.8772414230685319,0.0,4
3075,1107.52,150.733,-1.30092,0.00139117,-0.62189,30.6438,62.546,0.0,0.07048464501107503,0.844460764644956,0.0,4
3076,1108.35,150.361,-1.28031,-0.000101209,-0.623483,30.9544,62.566,0.0,0.07016510980558094,0.0,0.3,4
3077,1109.17,148.927,-1.32542,-0.00158513,-0.624823,31.2775,62.586,0.0,0.06958438281405012,0.0,0.6,4
3078,1109.98,147.389,-1.33882,-0.00291586,-0.62598,31.5736,62.606,0.0,0.06927014047031652,0.0,0.31999999999999995,4
3079,1110.79,146.552,-1.28367,-0.00521797,-0.626834,32.1407,62.626,0.0,0.06896005551840532,0.0,0.039999999999999925,4
3080,1111.59,146.469,-1.33324,-0.00859493,-0.627222,33.0277,62.646,0.0,0.0678865291550565,0.25,0.0,4
3081,1112.39,146.631,-1.37193,-0.0117735,-0.627118,33.9038,62.666,0.0,0.0666213368082817,0.5,0.0,4
3082,1113.2,146.996,-1.46094,-0.0147735,-0.626578,34.7676,62.686,0.0,0.06517350163855598,0.75,0.0,4
3083,1114.01,147.597,-1.56015,-0.0175658,-0.625659,35.6045,62.706,0.0,0.0639525830404206,1.0,0.0,4
3084,1114.82,148.308,-1.63486,-0.0199797,-0.624387,36.36,62.726,0.0,0.0629902218464469,0.9785087745944556,0.0,4
3085,1115.64,149.01,-1.62228,-0.0217125,-0.622806,36.9356,62.746,0.0,0.06213266973771423,0.9459260043534121,0.0,4
3086,1116.45,149.673,-1.51844,-0.0226864,-0.620889,37.3029,62.766,0.0,0.06094767592854797,0.9134342073579296,0.0,4
3087,1117.28,150.296,-1.36285,-0.0230936,-0.618683,37.5127,62.786,0.0,0.05912571054141735,0.8824746854216747,0.0,4
3088,1118.1,150.883,-1.19828,-0.0232367,-0.61626,37.6522,62.806,0.0,0.05666027866618542,0.8531406865765112,0.0,4
3089,1118.93,150.47,-1.05281,-0.0233005,-0.613611,37.7759,62.826,0.0,0.053748232195131515,0.0,0.3,4
3090,1119.76,150.013,-0.925332,-0.0235394,-0.61084,37.9571,62.846,0.0,0.050692391552195036,0.25,0.019999999999999962,4
3091,1120.58,150.138,-0.862035,-0.0241771,-0.60787,38.2656,62.866,0.0,0.04759418574173992,0.5,0.0,4
3092,1121.4,150.529,-0.848716,-0.0248641,-0.604755,38.5949,62.886,0.0,0.04474512741463096,0.75,0.0,4
3093,1122.23,150.044,-0.841565,-0.0253606,-0.601523,38.8708,62.906,0.0,0.04237147156340981,0.0,0.3,4
3094,1123.05,149.629,-0.802537,-0.0257024,-0.598209,39.1028,62.926,0.0,0.040447484611993864,0.25,0.019999999999999962,4
3095,1123.87,149.77,-0.756387,-0.0259428,-0.594809,39.3069,62.946,0.0,0.03865878273543594,0.5,0.0,4
3096,1124.7,150.165,-0.713336,-0.0260573,-0.591321,39.4751,62.966,0.0,0.03692150214370679,0.75,0.0,4
3097,1125.52,150.715,-0.692532,-0.0260323,-0.587766,39.6034,62.986,0.0,0.03526606976580694,0.8634658969696054,0.0,4
3098,1126.35,150.267,-0.653911,-0.0257335,-0.584204,39.6486,63.006,0.0,0.033848901566539344,0.0,0.3,4
3099,1127.17,149.854,-0.583394,-0.0252264,-0.580673,39.6297,63.026,0.0,0.032587624486133365,0.25,0.019999999999999962,4
3100,1128.0,150.004,-0.493538,-0.0244829,-0.577151,39.5395,63.046,0.0,0.03127763384211786,0.5,0.0,4
3101,1128.82,150.408,-0.41994,-0.023536,-0.573666,39.3877,63.066,0.0,0.029853729285454565,0.75,0.0,4
3102,1129.65,150.946,-0.370549,-0.0224655,-0.570233,39.1995,63.086,0.0,0.028511177878974364,0.8501533056937212,0.0,4
3103,1130.48,150.495,-0.340937,-0.0212821,-0.566962,38.9738,63.106,0.0,0.027422950585694807,0.0,0.3,4
3104,1131.3,149.072,-0.348264,-0.0200334,-0.563931,38.7227,63.126,0.0,0.026710919577884122,0.0,0.6,4
3105,1132.11,147.407,-0.322642,-0.0188556,-0.561121,38.4867,63.146,0.0,0.026554932601600495,0.0,0.31999999999999995,4
3106,1132.92,146.728,-0.338877,-0.0185109,-0.558475,38.4862,63.166,0.0,0.026557947635360298,0.0,0.039999999999999925,4
3107,1133.73,146.664,-0.375174,-0.0183452,-0.55589,38.535,63.186,0.0,0.02669480075455053,0.25,0.0,4
3108,1134.53,146.863,-0.355733,-0.0178556,-0.553366,38.4881,63.206,0.0,0.026998317865445584,0.5,0.0,4
3109,1135.34,147.291,-0.282932,-0.0169099,-0.550891,38.3098,63.226,0.0,0.027142308445443915,0.75,0.0,4
3110,1136.15,147.934,-0.217247,-0.0156674,-0.548502,38.0465,63.246,0.0,0.0269515543290339,1.0,0.0,4
3111,1136.97,148.631,-0.169549,-0.0142527,-0.546252,37.7326,63.266,0.0,0.026660938384726766,0.9716039463634436,0.0,4
3112,1137.79,149.284,-0.139914,-0.0127084,-0.544208,37.3789,63.286,0.0,0.02647888968994545,0.936404378629283,0.0,4
3113,1138.61,149.909,-0.114574,-0.0111231,-0.54238,37.0103,63.306,0.0,0.026544317196421505,0.9033816023423831,0.0,4
3114,1139.43,150.508,-0.0895902,-0.00980818,-0.540753,36.7122,63.326,0.0,0.026837529864002427,0.8717425333901196,0.0,4
3115,1140.26,150.031,-0.109083,-0.00875723,-0.539322,36.4813,63.346,0.0,0.0272308537714836,0.0,0.3,4
3116,1141.08,149.624,-0.135348,-0.00794697,-0.538089,36.3093,63.366,0.0,0.027949121556430097,0.25,0.019999999999999962,4
3117,1141.91,149.801,-0.133028,-0.00718099,-0.537009,36.1449,63.386,0.0,0.028875431566011397,0.5,0.0,4
3118,1142.73,150.218,-0.0904502,-0.00619578,-0.536014,35.9199,63.406,0.0,0.029738874572391737,0.75,0.0,4
3119,1143.56,150.759,-0.0619401,-0.00512117,-0.535165,35.6685,63.426,0.0,0.030353964931177937,0.8545215754518302,0.0,4
3120,1144.39,150.221,-0.0627152,-0.00410306,-0.534482,35.4275,63.446,0.0,0.030920928347058535,0.0,0.3,4
3121,1145.21,149.807,-0.0836251,-0.00328231,-0.533966,35.2334,63.466,0.0,0.0316669248436375,0.25,0.019999999999999962,4
3122,1146.03,149.936,-0.102424,-0.00266695,-0.533591,35.0884,63.486,0.0,0.03261738633135985,0.5,0.0,4
3123,1146.86,150.322,-0.137747,-0.00253123,-0.533334,35.0628,63.506,0.0,0.033633141206758616,0.75,0.0,4
3124,1147.69,150.853,-0.212356,-0.00264519,-0.533121,35.1,63.526,0.0,0.03467406703764002,0.8476431654852908,0.0,4
3125,1148.51,150.341,-0.277619,-0.00276762,-0.53299,35.1364,63.546,0.0,0.03592496697583002,0.0,0.3,4
3126,1149.34,149.958,-0.245406,-0.00267249,-0.532852,35.117,63.566,0.0,0.03729019874528802,0.25,0.019999999999999962,4
3127,1150.16,150.115,-0.149623,-0.00212133,-0.532694,34.9812,63.586,0.0,0.03814400861728932,0.5,0.0,4
3128,1150.99,150.512,-0.0945375,-0.00145602,-0.532538,34.8167,63.606,0.0,0.03832930473103359,0.75,0.0,4
3129,1151.82,149.952,-0.102842,-0.000877023,-0.532468,34.6716,63.626,0.0,0.038343212127153165,0.0,0.3,4
3130,1152.64,149.521,-0.135318,-0.000500202,-0.532513,34.574,63.646,0.0,0.038663617020335314,0.25,0.019999999999999962,4
3131,1153.46,149.633,-0.155291,-0.000421286,-0.532651,34.5492,63.666,0.0,0.03930089923776682,0.5,0.0,4
3132,1154.28,150.01,-0.215213,-0.00103641,-0.532773,34.7008,63.686,0.0,0.03998410808032576,0.75,0.0,4
3133,1155.11,150.536,-0.322943,-0.00198328,-0.532861,34.9392,63.706,0.0,0.04076577004780796,0.8563907287468076,0.0,4
3134,1155.94,150.017,-0.409932,-0.00288785,-0.532904,35.1702,63.726,0.0,0.04183749159665527,0.0,0.3,4
3135,1156.76,148.423,-0.390766,-0.0033201,-0.532858,35.2837,63.746,0.0,0.04301670261510098,0.0,0.6,4
3136,1157.57,146.938,-0.28456,-0.00299513,-0.532751,35.2038,63.766,0.0,0.04372215767536304,0.0,0.31999999999999995,4
3137,1158.37,146.232,-0.200217,-0.00299203,-0.532578,35.2091,63.786,0.0,0.04371463399087794,0.0,0.039999999999999925,4
3138,1159.18,146.151,-0.22217,-0.00343716,-0.532306,35.3344,63.806,0.0,0.04323066529926934,0.25,0.0,4
3139,1159.98,146.3,-0.268228,-0.00387931,-0.532022,35.4595,63.826,0.0,0.04310687963273862,0.5,0.0,4
3140,1160.79,146.671,-0.335031,-0.00428593,-0.531726,35.5761,63.846,0.0,0.04341556617263529,0.75,0.0,4
3141,1161.59,146.24,-0.393974,-0.00450122,-0.531436,35.6429,63.866,0.0,0.04418571338042833,0.0,0.3,4
3142,1162.39,144.937,-0.476421,-0.00449872,-0.53121,35.6501,63.886,0.0,0.04526253918416358,0.0,0.6,4
3143,1163.18,143.455,-0.520626,-0.00424564,-0.531097,35.5888,63.906,0.0,0.046749549706286725,0.0,0.31999999999999995,4
3144,1163.97,142.45,-0.510769,-0.0044421,-0.531027,35.6424,63.926,0.0,0.048334292192935495,0.0,0.039999999999999925,4
3145,1164.75,142.311,-0.536565,-0.0056479,-0.53085,35.9646,63.946,0.0,0.0495148345724018,0.25,0.0,4
3146,1165.53,142.468,-0.581546,-0.00707352,-0.530505,36.3544,63.966,0.0,0.05037939670704329,0.5,0.0,4
3147,1166.32,142.859,-0.613752,-0.00846672,-0.52998,36.7453,63.986,0.0,0.05109080116119384,0.75,0.0,4
3148,1167.18,142.275,-0.617566,-0.00973845,-0.529181,37.1171,64.008,0.0,0.05145845527327679,0.0,0.3,4
3149,1168.04,140.682,-0.647436,-0.0105762,-0.528235,37.379,64.03,0.0,0.05145169384660647,0.0,0.6,4
3150,1168.88,139.011,-0.628494,-0.0110289,-0.527219,37.539,64.052,0.0,0.05150068204842058,0.0,0.31999999999999995,4
3151,1169.72,138.232,-0.621482,-0.0117521,-0.526077,37.7783,64.074,0.0,0.0513639934443825,0.0,0.039999999999999925,4
3152,1170.56,138.139,-0.614758,-0.0119504,-0.52485,37.8768,64.096,0.0,0.05105568436570289,0.25,0.0,4
3153,1171.39,138.334,-0.529321,-0.0113331,-0.52359,37.7535,64.118,0.0,0.050747851877282014,0.5,0.0,4
3154,1172.23,138.684,-0.439112,-0.0107166,-0.522324,37.6312,64.14,0.0,0.05013993366763232,0.75,0.0,4
3155,1173.07,138.603,-0.693523,-0.0117878,-0.521152,37.9661,64.162,0.0,0.04929083418389041,0.8899751421575508,0.0,4
3156,1173.91,139.103,-1.15742,-0.0148368,-0.520105,38.8477,64.184,0.0,0.05010833494585837,0.7673043282921933,0.0,4
3157,1174.75,139.986,-1.6811,-0.0192313,-0.51904,40.1313,64.206,0.0,0.052916156477497756,0.7364968622795397,0.0,4
3158,1175.6,140.945,-1.95999,-0.0237358,-0.517679,41.4916,64.228,0.0,0.05713018268512897,0.6871532596279118,0.0,4
3159,1176.45,140.457,-1.71552,-0.0262475,-0.515643,42.3104,64.25,0.0,0.06066739357666621,0.0,0.3,4
3160,1177.3,138.839,-1.41449,-0.0271565,-0.512988,42.6766,64.272,0.0,0.06084308087532159,0.0,0.6,4
3161,1178.13,137.287,-1.15682,-0.0273067,-0.509973,42.8273,64.294,0.0,0.058732115194337166,0.0,0.31999999999999995,4
3162,1178.96,136.474,-0.940741,-0.0272952,-0.506708,42.9379,64.316,0.0,0.05547785290231584,0.0,0.039999999999999925,4
3163,1179.78,136.355,-0.771662,-0.027707,-0.503204,43.1838,64.338,0.0,0.051690712775367534,0.25,0.0,4
3164,1180.61,136.572,-0.652288,-0.028145,-0.499438,43.4463,64.36,0.0,0.04768218782020978,0.5,0.0,4
3165,1181.44,136.734,-0.788221,-0.0291697,-0.495557,43.8902,64.382,0.0,0.04381599075812944,0.75,0.0,4
3166,1182.26,137.233,-1.13407,-0.0315912,-0.491724,44.7603,64.404,0.0,0.04157414726022968,0.8434180157552299,0.0,4
3167,1183.1,138.036,-1.4347,-0.0343949,-0.487817,45.7598,64.426,0.0,0.041464172254013984,0.8211012749352031,0.0,4
3168,1183.94,138.846,-1.51084,-0.0366433,-0.483667,46.6036,64.448,0.0,0.04243399170965073,0.7837678528545959,0.0,4
3169,1184.78,139.559,-1.32972,-0.0376427,-0.479111,47.071,64.47,0.0,0.042824258570247235,0.8662253205415658,0.0,4
3170,1185.63,140.231,-1.05119,-0.0376778,-0.474124,47.2483,64.492,0.0,0.041440307322007604,0.8334410421346539,0.0,4
3171,1186.48,140.853,-0.784531,-0.0371921,-0.468808,47.2712,64.514,0.0,0.038417619249841606,0.8022081462141932,0.0,4
3172,1187.33,140.403,-0.608647,-0.0360663,-0.463345,47.0985,64.536,0.0,0.034454833489882986,0.0,0.3,4
3173,1188.18,139.938,-0.421934,-0.0343763,-0.457944,46.7509,64.558,0.0,0.030630672219120986,0.25,0.019999999999999962,4
3174,1189.02,140.085,-0.276362,-0.03286,-0.452624,46.4585,64.58,0.0,0.02698288092261164,0.5,0.0,4
3175,1189.87,140.437,-0.231579,-0.0315784,-0.447412,46.2378,64.602,0.0,0.023665902437720602,0.75,0.0,4
3176,1190.72,140.968,-0.297303,-0.030699,-0.442419,46.1339,64.624,0.0,0.021184764314625112,0.79815771772708,0.0,4
3177,1191.58,140.634,-0.313179,-0.0297014,-0.437607,45.9895,64.646,0.0,0.01990706616097163,0.0,0.3,4
3178,1192.42,139.044,-0.298256,-0.0283828,-0.433038,45.7428,64.668,0.0,0.019157886727838375,0.0,0.6,4
3179,1193.26,137.336,-0.237864,-0.0268508,-0.428717,45.4272,64.69,0.0,0.018701270813988365,0.0,0.31999999999999995,4
3180,1194.09,136.642,-0.163253,-0.0255144,-0.424597,45.1666,64.712,0.0,0.018217231612319165,0.0,0.039999999999999925,4
3181,1194.92,136.621,-0.108139,-0.0241826,-0.42063,44.9052,64.734,0.0,0.01755994697764188,0.25,0.0,4
3182,1195.75,136.871,-0.0544916,-0.0225725,-0.416818,44.5609,64.756,0.0,0.016918167806907875,0.5,0.0,4
3183,1196.58,137.368,-0.00679298,-0.020703,-0.413229,44.1396,64.778,0.0,0.016393367744417058,0.75,0.0,4
3184,1197.41,138.071,0.0331818,-0.0186868,-0.409894,43.6742,64.8,0.0,0.01608439308678344,0.9519723092076936,0.0,4
3185,1198.25,138.812,0.0632742,-0.0165988,-0.406839,43.1865,64.822,0.0,0.016041614068057423,0.916572308609016,0.0,4
3186,1199.09,139.455,0.0752629,-0.0145249,-0.404123,42.699,64.844,0.0,0.016295791770199495,0.879229801309993,0.0,4
3187,1199.94,140.166,0.0814345,-0.0125263,-0.401703,42.2291,64.866,0.0,0.01690120739420389,0.8467577958831916,0.0,4
3188,1200.79,140.832,0.0875334,-0.0105964,-0.399655,41.7726,64.888,0.0,0.01788624647632251,0.8004732554196784,0.0,4
3189,1201.65,140.315,0.0897389,-0.00875592,-0.397916,41.3357,64.91,0.0,0.01941552672351259,0.0,0.3,4
3190,1202.49,138.704,0.0697216,-0.00710273,-0.396481,40.9441,64.932,0.0,0.021289515712123036,0.0,0.6,4
3191,1203.33,137.006,0.0577316,-0.0056318,-0.39534,40.5949,64.954,0.0,0.023445036259760604,0.0,0.31999999999999995,4
3192,1204.15,136.338,0.0530508,-0.00472713,-0.394434,40.3884,64.976,0.0,0.025693809511613867,0.0,0.039999999999999925,4
3193,1204.98,136.321,0.0247918,-0.00416172,-0.393649,40.267,64.998,0.0,0.028411821611218163,0.25,0.0,4
3194,1205.81,136.406,0.0172171,-0.0036273,-0.392987,40.1503,65.02,0.0,0.031015414642028085,0.27178498150511876,0.0,4
3195,1206.63,136.085,0.00103997,-0.00322759,-0.392438,40.0651,65.042,0.0,0.03341743677909175,0.0,0.09915822621455014,4
3196,1207.46,135.023,-0.0520118,-0.00306427,-0.391949,40.0387,65.064,0.0,0.03558873748522602,0.0,0.3991582262145501,4
3197,1208.27,133.375,-0.128401,-0.00285244,-0.391592,39.9959,65.086,0.0,0.03759335960707872,0.0,0.62,4
3198,1209.07,131.673,-0.162973,-0.00252926,-0.39136,39.9205,65.108,0.0,0.03965337409746544,0.0,0.33999999999999997,4
3199,1209.87,130.793,-0.137456,-0.00278199,-0.391144,39.992,65.13,0.0,0.04150809285449372,0.0,0.05999999999999994,4
3200,1210.66,130.769,-0.15542,-0.00361693,-0.390857,40.189,65.152,0.0,0.042645827347989856,0.25,0.0,4
3201,1211.45,130.874,-0.164109,-0.00433445,-0.390439,40.3231,65.174,0.0,0.043393741089181724,0.28,0.0,4
3202,1212.25,130.989,-0.154233,-0.00486636,-0.389923,40.3837,65.196,0.0,0.043839966461350216,0.28,0.0,4
3203,1213.04,131.102,-0.127518,-0.00523388,-0.389313,40.382,65.218,0.0,0.044004253450352866,0.28,0.0,4
3204,1213.84,131.212,-0.102628,-0.00562155,-0.388605,40.3633,65.24,0.0,0.043903343767674546,0.27735699957627125,0.0,4
3205,1214.63,131.31,-0.0884933,-0.0059973,-0.387814,40.3216,65.262,0.0,0.0436217672183394,0.2644917358619053,0.0,4
3206,1215.43,131.04,-0.096174,-0.00643647,-0.386948,40.2745,65.284,0.0,0.0432847456384237,0.0,0.08192093751243754,4
3207,1216.22,131.0,-0.0862861,-0.00687838,-0.386029,40.209,65.306,0.0,0.043038975527263115,0.25,0.0,4
3208,1217.02,130.724,-0.0576746,-0.00717831,-0.385022,40.0991,65.328,0.0,0.04273020156674278,0.0,0.07723517655293385,4
3209,1217.81,130.691,-0.0558792,-0.00753951,-0.383936,39.9868,65.35,0.0,0.042288674776952924,0.25,0.0,4
3210,1218.6,130.784,-0.052238,-0.00779748,-0.382813,39.8395,65.372,0.0,0.041902937068976215,0.27037467754536865,0.0,4
3211,1219.4,130.88,-0.0554233,-0.00804436,-0.381647,39.6762,65.394,0.0,0.0415686771129323,0.26479243484099924,0.0,4
3212,1220.19,130.626,-0.0753671,-0.0083617,-0.38045,39.5125,65.416,0.0,0.04131678365626872,0.0,0.07707933907015055,4
3213,1220.98,130.58,-0.0998216,-0.00876427,-0.379224,39.3515,65.438,0.0,0.04121582035629088,0.25,0.0,4
3214,1221.77,130.68,-0.0826444,-0.00910282,-0.377924,39.1669,65.46,0.0,0.04121847192486017,0.27666117866981554,0.0,4
3215,1222.57,130.785,-0.0768584,-0.00969946,-0.376547,39.0151,65.482,0.0,0.04102916068303083,0.2734329188070666,0.0,4
3216,1223.36,130.884,-0.0837884,-0.0102801,-0.375073,38.8484,65.504,0.0,0.04070553808874187,0.2702403101353147,0.0,4
3217,1224.15,130.979,-0.087068,-0.0106897,-0.373523,38.6417,65.526,0.0,0.04036977490289849,0.2673748009967609,0.0,4
3218,1224.95,131.083,-0.0341778,-0.0107623,-0.371909,38.3695,65.548,0.0,0.040044533333377784,0.26473006389255416,0.0,4
3219,1225.74,131.17,0.0375836,-0.0104114,-0.370233,38.0216,65.57,0.0,0.03944554391969206,0.2616591200362569,0.0,4
3220,1226.54,130.886,0.0680285,-0.0100956,-0.368546,37.6724,65.592,0.0,0.038643912324470286,0.0,0.07755256078660941,4
3221,1227.33,130.839,0.0498632,-0.00996566,-0.366901,37.3444,65.614,0.0,0.037971314193969076,0.25,0.0,4
3222,1228.13,130.931,0.0302937,-0.0098269,-0.365289,37.0064,65.636,0.0,0.03765271098569115,0.27857205463881685,0.0,4
3223,1228.92,131.031,0.00788648,-0.00973177,-0.363727,36.666,65.658,0.0,0.03759292921742552,0.27508759684888195,0.0,4
3224,1229.72,131.129,-0.0112399,-0.00966084,-0.362204,36.3207,65.68,0.0,0.037725098253766944,0.2709210658837796,0.0,4
3225,1230.51,131.222,-0.00164727,-0.00967562,-0.360696,35.9793,65.702,0.0,0.03796691607699737,0.2666169304021344,0.0,4
3226,1231.31,131.307,-0.00539928,-0.0101029,-0.35914,35.6888,65.724,0.0,0.0380735569878166,0.26238271596465657,0.0,4
3227,1232.11,131.018,-0.0414611,-0.0107058,-0.357535,35.4144,65.746,0.0,0.038057573647848925,0.0,0.07814851601373636,4
3228,1232.9,130.978,-0.0770315,-0.0112883,-0.355881,35.1287,65.768,0.0,0.0381260310129969,0.25,0.0,4
3229,1233.7,131.081,-0.0135395,-0.0113442,-0.354147,34.7638,65.79,0.0,0.03824410134394074,0.2750514625384922,0.0,4
3230,1234.49,131.167,0.0828232,-0.0108291,-0.352332,34.3176,65.812,0.0,0.03788068867311239,0.2698710532969875,0.0,4
3231,1235.29,131.242,0.130582,-0.0101776,-0.350516,33.8488,65.834,0.0,0.03711717607705701,0.2654829235666823,0.0,4
3232,1236.08,131.313,0.129987,-0.00958371,-0.348792,33.3814,65.856,0.0,0.036433111050601215,0.26160139506549657,0.0,4
3233,1236.88,131.037,0.095473,-0.00919807,-0.347162,32.9341,65.878,0.0,0.03611375125690602,0.0,0.07854789369157746,4
3234,1237.67,130.962,0.0427642,-0.00903976,-0.345636,32.5087,65.9,0.0,0.036229823719093675,0.25,0.0,4
3235,1238.47,131.044,0.00998537,-0.00891101,-0.344193,32.0791,65.922,0.0,0.03670717230739825,0.275050429588505,0.0,4
3236,1239.27,131.132,0.0122936,-0.00892305,-0.342786,31.6592,65.944,0.0,0.03729969206450232,0.2707299520397696,0.0,4
3237,1240.06,131.211,0.00867857,-0.0094614,-0.34133,31.2947,65.966,0.0,0.03770591158299106,0.26609601673030303,0.0,4
3238,1240.86,131.283,-0.022639,-0.0101306,-0.339795,30.9382,65.988,0.0,0.03787319230165871,0.26190279560498825,0.0,4
3239,1241.65,130.977,-0.0548643,-0.0107505,-0.338193,30.5686,66.01,0.0,0.03801584401435796,0.0,0.07842065539855653,4
3240,1242.45,130.944,0.0105343,-0.0109386,-0.336508,30.145,66.032,0.0,0.03816480309994001,0.25,0.0,4
3241,1243.24,131.017,0.123463,-0.0103403,-0.334714,29.6304,66.054,0.0,0.03777918548571938,0.27450255693914644,0.0,4
3242,1244.04,131.084,0.174559,-0.00958514,-0.332941,29.0947,66.076,0.0,0.036913660117536023,0.27059738374443887,0.0,4
3243,1244.84,131.145,0.168504,-0.00891745,-0.331253,28.5634,66.098,0.0,0.0361662244258008,0.2669891018615316,0.0,4
3244,1245.63,131.205,0.134765,-0.00839138,-0.329703,28.0405,66.12,0.0,0.035860772418634786,0.2636785425608031,0.0,4
3245,1246.43,131.265,0.0904092,-0.0079987,-0.32829,27.5243,66.142,0.0,0.03601697125056823,0.26041706756199534,0.0,4
3246,1247.22,130.987,0.0422486,-0.00782013,-0.326959,27.0236,66.164,0.0,0.036598571459295036,0.0,0.07911253468237388,4
3247,1248.02,130.894,0.020433,-0.0080204,-0.325684,26.5542,66.186,0.0,0.03754789354391225,0.25,0.0,4
3248,1248.81,130.962,5.91008e-05,-0.00875866,-0.324371,26.13,66.208,0.0,0.03847513271112105,0.2751806872813254,0.0,4
3249,1249.6,131.029,-0.0310062,-0.00633752,-0.323108,25.7188,66.23,0.0,0.03922062896789719,0.27151625516503286,0.0,4
3250,1250.39,131.087,-0.0472641,-0.00166821,-0.322545,25.295,66.252,0.0,0.04078572126163832,0.2679007882464801,0.0,4
3251,1251.18,131.16,0.062042,0.00352442,-0.322702,24.8181,66.274,0.0,0.04349174055324303,0.2647356636716117,0.0,4
3252,1251.97,131.207,0.198842,0.00933659,-0.323581,24.282,66.296,0.0,0.04635684225653883,0.26082061776986754,0.0,4
3253,1252.75,130.843,0.242915,0.0149063,-0.32527,23.7634,66.318,0.0,0.04936856926133452,0.0,0.08482910449383606,4
3254,1253.54,130.366,0.188823,0.0197668,-0.327802,23.2999,66.34,0.0,0.05297199858352336,0.0,0.08591567072605354,4
3255,1254.32,129.895,0.0776525,0.0239425,-0.33116,22.8862,66.362,0.0,0.057464700217465796,0.0,0.07958855025372184,4
3256,1255.1,129.797,-0.0383013,0.0275663,-0.335265,22.5099,66.384,0.0,0.06281728524613012,0.25,0.0,4
3257,1255.87,129.836,-0.128835,0.0307996,-0.340022,22.1574,66.406,0.0,0.0686858601295187,0.26212937488044463,0.0,4
3258,1256.65,129.524,-0.214886,0.0334655,-0.345386,21.8425,66.428,0.0,0.07468254695184615,0.0,0.08345975297599423,4
3259,1257.43,129.049,-0.327866,0.0352511,-0.351218,21.5911,66.45,0.0,0.0806366156331954,0.0,0.07721744652529648,4
3260,1258.2,128.968,-0.419222,0.0365524,-0.35739,21.3724,66.472,0.0,0.0865321839143427,0.25,0.0,4
3261,1258.97,129.01,-0.459258,0.0378039,-0.363843,21.1524,66.494,0.0,0.09211493801636875,0.27499094520945333,0.0,4
3262,1259.74,129.049,-0.401831,0.038645,-0.37048,20.961,66.516,0.0,0.09714328081350668,0.2679670599275886,0.0,4
3263,1260.51,129.072,-0.394501,0.0377163,-0.377022,20.9101,66.538,0.0,0.10104081616970421,0.26179677090726783,0.0,4
3264,1261.29,128.724,-0.544679,0.036289,-0.383501,20.8993,66.56,0.0,0.09541940233768353,0.0,0.07926022736965385,4
3265,1262.05,128.669,-0.682605,0.0352949,-0.389955,20.8544,66.582,0.0,0.09212257676106181,0.25,0.0,4
3266,1262.82,128.721,-0.512673,0.0360085,-0.396381,20.6739,66.604,0.0,0.09054729122732506,0.27200447485240375,0.0,4
3267,1263.59,128.753,-0.173182,0.0389981,-0.402707,20.3161,66.626,0.0,0.08895145770818685,0.2683148189125666,0.0,4
3268,1264.36,128.778,0.0107719,0.0425076,-0.409215,19.9175,66.648,0.0,0.0868706262930576,0.2662983411809391,0.0,4
3269,1265.13,128.801,0.0287534,0.0457025,-0.416164,19.538,66.67,0.0,0.08534162067374179,0.26523938101964206,0.0,4
3270,1265.9,128.826,-0.0423708,0.0484304,-0.423625,19.1866,66.692,0.0,0.08504262812815878,0.26502736056110965,0.0,4
3271,1266.66,128.099,-0.194207,0.0506465,-0.431592,18.8648,66.714,0.0,0.08605282170458217,0.0,0.3,4
3272,1267.42,126.569,-0.467027,0.0524243,-0.44007,18.566,66.736,0.0,0.08841780876254474,0.0,0.6,4
3273,1268.17,124.6,-0.791697,0.0542977,-0.449069,18.2501,66.758,0.0,0.09239973141036867,0.0,0.7613757986434728,4
3274,1268.91,122.454,-1.08123,0.0564247,-0.458627,17.905,66.78,0.0,0.09799561993948636,0.0,0.6842681070047794,3
3275,1269.63,120.295,-1.267,0.0588278,-0.468661,17.5314,66.802,0.0,0.10461170969730534,0.0,0.6003688773838138,3
3276,1270.33,118.192,-1.33631,0.0614451,-0.479041,17.1368,66.824,0.0,0.1115258100021082,0.0,0.515990105467832,3
3277,1271.03,116.171,-1.3139,0.0639577,-0.489668,16.7455,66.846,0.0,0.11811843542982353,0.0,0.4338364674108709,3
3278,1271.71,114.066,-1.10657,0.06514,-0.500305,16.4447,66.868,0.0,0.12399728419039437,0.0,0.35506816891561443,3
3279,1272.38,112.166,-1.05389,0.0632358,-0.510512,16.3601,66.89,0.0,0.12817014542080069,0.0,0.5628086148941329,3
3280,1273.04,110.131,-1.33364,0.0598998,-0.520378,16.3795,66.912,0.0,0.13130359186188323,0.0,0.6571788427924425,3
3281,1273.68,108.118,-1.69066,0.0567141,-0.530067,16.393,66.934,0.0,0.1351532477756982,0.0,0.6344063820607175,3
3282,1274.32,106.076,-1.90779,0.0544043,-0.539636,16.3475,66.956,0.0,0.1399712100307987,0.0,0.5991608503661456,3
3283,1274.94,104.147,-1.68504,0.0548593,-0.548846,16.1129,66.978,0.0,0.14495651994258968,0.0,0.5526773232013468,3
3284,1275.55,102.409,-1.36333,0.0577878,-0.557785,15.7107,67.0,0.0,0.1482720176438757,0.0,0.5028467656330241,3
3285,1276.15,100.747,-1.09341,0.0615959,-0.566672,15.2527,67.022,0.0,0.15027041389187304,0.0,0.4545155418810985,3
3286,1276.74,99.1264,-0.877563,0.0653204,-0.575606,14.8043,67.044,0.0,0.15173042665886868,0.0,0.40466381182963407,3
3287,1277.32,97.5505,-0.697337,0.0684928,-0.584615,14.3949,67.066,0.0,0.15307379542798874,0.0,0.3530272662212916,3
3288,1277.89,96.0236,-0.542994,0.0708095,-0.59362,14.0428,67.088,0.0,0.15443194973739033,0.0,0.35,3
3289,1278.45,94.5471,-0.417151,0.0720944,-0.602547,13.7579,67.11,0.0,0.15579118364582242,0.0,0.35,3
3290,1279.0,93.1298,-0.316894,0.0722544,-0.611285,13.5461,67.132,0.0,0.16610489845109178,0.0,0.35,3
3291,1279.55,91.7606,-0.259377,0.0713376,-0.619765,13.4052,67.154,0.0,0.17282562974941135,0.0,0.35,3
3292,1280.09,90.422,-0.242757,0.0695366,-0.62796,13.324,67.176,0.0,0.17739205403978614,0.0,0.35,3
3293,1280.61,89.1055,-0.253914,0.0670446,-0.635786,13.2935,67.198,0.0,0.1807859128703008,0.0,0.35,3
3294,1281.13,87.8027,-0.282845,0.0640036,-0.64323,13.307,67.22,0.0,0.18354226424984757,0.0,0.35,3
3295,1281.65,86.5081,-0.320769,0.0605277,-0.650253,13.3597,67.242,0.0,0.1859324982441397,0.0,0.35,3
3296,1282.15,84.9924,-0.482179,0.0569499,-0.656927,13.4298,67.264,0.0,0.18805819399955997,0.0,0.6499999999999999,3
3297,1282.65,83.2512,-0.750719,0.0540603,-0.663419,13.4603,67.286,0.0,0.1915648914836642,0.0,0.7858283965081831,2
3298,1283.13,81.3324,-1.00727,0.052004,-0.669847,13.4361,67.308,0.0,0.19758309223756165,0.0,0.7290283505769881,2
3299,1283.6,79.2067,-1.19542,0.0506015,-0.67628,13.3661,67.33,0.0,0.20544354937167253,0.0,0.6629569310538961,2
3300,1284.06,77.1424,-1.31553,0.0497539,-0.682669,13.2576,67.352,0.0,0.2139943372427532,0.0,0.587072959908653,2
3301,1284.51,75.1851,-1.3609,0.0493621,-0.688936,13.1192,67.374,0.0,0.22234806074866575,0.0,0.5121408341459607,2
3302,1284.94,73.3482,-1.32361,0.0493593,-0.695084,12.9555,67.396,0.0,0.22978259654538039,0.0,0.44603154572939235,2
3303,1285.37,71.6583,-1.21249,0.0496414,-0.701015,12.7765,67.418,0.0,0.23569583254379575,0.0,0.3953781485881843,2
3304,1285.78,70.0991,-1.05001,0.050063,-0.706718,12.5929,67.44,0.0,0.23974270620288396,0.0,0.35756324777009635,2
3305,1286.19,68.5448,-0.742444,0.0507488,-0.712077,12.3998,67.462,0.0,0.24192892846267267,0.0,0.3293087521452736,2
3306,1286.59,67.211,-0.390276,0.0522003,-0.717026,12.166,67.484,0.0,0.24139078752870258,0.0,0.3046534163811766,2
3307,1286.98,65.9579,-0.0848269,0.0537027,-0.721611,11.9395,67.506,0.0,0.23841233452576993,0.0,0.28391216568046357,2
3308,1287.36,64.629,0.120385,0.0544406,-0.725891,11.7718,67.528,0.0,0.2343646252976306,0.0,0.4252795176331301,2
3309,1287.73,63.1877,0.209326,0.0544926,-0.729916,11.6556,67.55,0.0,0.23067797391079192,0.0,0.4841148125349078,2
3310,1288.1,61.6928,0.237274,0.054152,-0.73378,11.5687,67.572,0.0,0.2285474585905438,0.0,0.4651197190649914,2
3311,1288.46,60.1876,0.250329,0.0535682,-0.737471,11.5017,67.594,0.0,0.2281460232926968,0.0,0.43531760187400875,2
3312,1288.81,58.6983,0.274833,0.0527654,-0.741019,11.4524,67.616,0.0,0.22903872406628767,0.0,0.3984727620396316,2
3313,1289.14,57.2616,0.330674,0.0516808,-0.744368,11.4268,67.638,0.0,0.23060937595755257,0.0,0.3571880683808895,2
3314,1289.48,55.9258,0.43363,0.050158,-0.747447,11.4378,67.66,0.0,0.23215562865212047,0.0,0.31408739350793735,2
3315,1289.8,54.7439,0.587024,0.0479819,-0.750137,11.5043,67.682,0.0,0.23292926195126012,0.0,0.27194980368141697,2
3316,1290.12,53.709,0.740884,0.0452014,-0.752429,11.6255,67.704,0.0,0.23226880705057884,0.0,0.23351400464403035,2
3317,1290.43,52.7858,0.870662,0.0420692,-0.754297,11.7872,67.726,0.0,0.2303562421982264,0.0,0.19904679737561728,2
3318,1290.74,51.9638,0.983201,0.0386986,-0.75575,11.983,67.748,0.0,0.22769885345083501,0.0,0.16759495062085358,2
3319,1291.04,51.2888,1.09796,0.0348929,-0.756824,12.228,67.77,0.0,0.22458154712549594,0.0,0.13906200862569526,2
3320,1291.34,51.2581,1.19689,0.0305579,-0.757478,12.5337,67.792,0.0,0.22085289672940064,0.14,0.0,2
3321,1291.64,51.3062,1.25135,0.0264702,-0.75778,12.841,67.814,0.0,0.21612865020745425,0.14,0.0,2
3322,1291.94,51.3552,1.27626,0.0227059,-0.757809,13.1398,67.836,0.0,0.21125417629830273,0.14,0.0,2
3323,1292.24,51.4038,1.28401,0.0191633,-0.757576,13.4364,67.858,0.0,0.2067055084435377,0.14,0.0,2
3324,1292.54,51.4524,1.28089,0.0157597,-0.757123,13.7353,67.88,0.0,0.20261692767181655,0.14,0.0,2
3325,1292.85,51.5013,1.27092,0.0124501,-0.756477,14.0386,67.902,0.0,0.19898015104355105,0.14,0.0,2
3326,1293.15,51.5503,1.25822,0.0091995,-0.755635,14.3491,67.924,0.0,0.19573087159098965,0.14,0.0,2
3327,1293.45,51.6005,1.24324,0.00600898,-0.754608,14.6659,67.946,0.0,0.1927644587698527,0.14,0.0,2
3328,1293.75,51.6512,1.22708,0.00289416,-0.753397,14.9872,67.968,0.0,0.19000669594892983,0.14,0.0,2
3329,1294.06,51.7025,1.21067,-0.000124931,-0.75202,15.3102,67.99,0.0,0.187400127536897,0.14,0.0,2
3330,1294.36,51.754,1.19706,-0.00306487,-0.750459,15.6362,68.012,0.0,0.18490392371285014,0.14,0.0,2
3331,1294.66,51.8061,1.18202,-0.00591004,-0.748761,15.962,68.034,0.0,0.18244613128638776,0.14,0.0,2
3332,1294.97,51.8568,1.18122,-0.0087384,-0.746864,16.2964,68.056,0.0,0.1800407496644741,0.14,0.0,2
3333,1295.27,51.9084,1.17023,-0.0115263,-0.744807,16.6357,68.078,0.0,0.17747886081336334,0.14,0.0,2
3334,1295.58,51.9599,1.15673,-0.0142056,-0.742592,16.9725,68.1,0.0,0.17492960319075984,0.14,0.0,2
3335,1295.88,52.0111,1.13906,-0.0167624,-0.74021,17.3052,68.122,0.0,0.17243182327129192,0.14,0.0,2
3336,1296.19,52.062,1.12233,-0.0192093,-0.737712,17.6328,68.144,0.0,0.17003335637401795,0.14,0.0,2
3337,1296.49,52.1125,1.10591,-0.0215645,-0.735065,17.9577,68.166,0.0,0.1677068965882005,0.14,0.0,2
3338,1296.8,52.163,1.08777,-0.0238171,-0.732312,18.277,68.188,0.0,0.16543212231740617,0.14,0.0,2
3339,1297.11,52.2129,1.07269,-0.0259886,-0.729408,18.5937,68.21,0.0,0.16322938172996937,0.14,0.0,2
3340,1297.41,52.2626,1.06043,-0.0280919,-0.726405,18.9076,68.232,0.0,0.16104259100993404,0.14,0.0,2
3341,1297.72,52.3154,1.05358,-0.0301161,-0.723271,19.2178,68.254,0.0,0.1588389032697487,0.14,0.0,2
3342,1298.03,52.364,1.05067,-0.0320046,-0.72001,19.5178,68.276,0.0,0.15656242749894447,0.14,0.0,2
3343,1298.33,52.4126,1.04101,-0.0338197,-0.716649,19.8134,68.298,0.0,0.15421679682389422,0.14,0.0,2
3344,1298.64,52.4604,1.02824,-0.0356045,-0.713173,20.1093,68.32,0.0,0.15191637801528238,0.14,0.0,2
3345,1298.95,52.5094,1.01342,-0.0373629,-0.709605,20.4053,68.342,0.0,0.14968015883705746,0.14,0.0,2
3346,1299.26,52.5591,0.997862,-0.0390799,-0.705928,20.7,68.364,0.0,0.14750749488025153,0.14,0.0,2
3347,1299.57,52.6095,0.980388,-0.0407134,-0.702187,20.9873,68.386,0.0,0.145384443406374,0.14,0.0,2
3348,1299.88,52.6601,0.965725,-0.0422649,-0.698357,21.2676,68.408,0.0,0.14333327602622745,0.14,0.0,2
3349,1300.19,52.7107,0.952664,-0.0437386,-0.694415,21.542,68.43,0.0,0.14130785212224045,0.14,0.0,2
3350,1300.5,52.7615,0.940702,-0.0451366,-0.690413,21.809,68.452,0.0,0.13928877380621113,0.14,0.0,2
3351,1300.81,52.8122,0.929374,-0.0464623,-0.686336,22.0695,68.474,0.0,0.1372747960496777,0.14,0.0,2
3352,1301.12,52.8631,0.918496,-0.0477164,-0.682195,22.3228,68.496,0.0,0.13526830825037864,0.14,0.0,2
3353,1301.43,52.9139,0.907519,-0.0489047,-0.677956,22.5706,68.518,0.0,0.13327400753194185,0.14,0.0,2
3354,1301.74,52.9648,0.896802,-0.0500233,-0.673683,22.8107,68.54,0.0,0.13129632742840447,0.14,0.0,2
3355,1302.05,53.0158,0.885672,-0.0510759,-0.669333,23.0444,68.562,0.0,0.12934231373897243,0.14,0.0,2
3356,1302.36,53.0669,0.874613,-0.0520582,-0.664934,23.2705,68.584,0.0,0.12741874678987425,0.14,0.0,2
3357,1302.67,53.1178,0.866322,-0.0529932,-0.660475,23.4917,68.606,0.0,0.12552870173885478,0.14,0.0,2
3358,1302.99,53.1687,0.85615,-0.0538715,-0.655971,23.7068,68.628,0.0,0.12363372774805077,0.14,0.0,2
3359,1303.3,53.22,0.845124,-0.0546823,-0.651418,23.9144,68.65,0.0,0.12177047639273669,0.14,0.0,2
3360,1303.61,53.271,0.833893,-0.055424,-0.646826,24.1139,68.672,0.0,0.11995160953741144,0.14,0.0,2
3361,1303.93,53.3223,0.822436,-0.0560958,-0.642201,24.3053,68.694,0.0,0.11817980705742903,0.14,0.0,2
3362,1304.24,53.3735,0.810909,-0.0566988,-0.637537,24.4886,68.716,0.0,0.11645853334287223,0.14,0.0,2
3363,1304.55,53.4247,0.80253,-0.0572512,-0.632855,24.6657,68.738,0.0,0.11478631348804941,0.14,0.0,2
3364,1304.87,53.5814,0.791327,-0.0577683,-0.628149,24.8383,68.76,0.0,0.11312025999447739,0.28,0.0,2
3365,1305.19,53.7639,0.778736,-0.0582366,-0.623398,25.0054,68.782,0.0,0.11142501607984531,0.28,0.0,2
3366,1305.5,53.9467,0.770059,-0.0586431,-0.618626,25.1649,68.804,0.0,0.10972144503718435,0.28,0.0,2
3367,1305.82,54.1297,0.759703,-0.0589852,-0.613818,25.317,68.826,0.0,0.10798231590227406,0.28,0.0,2
3368,1306.14,54.313,0.749003,-0.0592525,-0.609001,25.4595,68.848,0.0,0.1062578659625889,0.28,0.0,2
3369,1306.46,54.4965,0.741038,-0.0594692,-0.604152,25.5961,68.87,0.0,0.10457047811754926,0.28,0.0,2
3370,1306.78,54.68,0.734987,-0.0596523,-0.5993,25.728,68.892,0.0,0.10288759807379513,0.28,0.0,2
3371,1307.11,54.8642,0.725203,-0.0597818,-0.594424,25.8534,68.914,0.0,0.10119637965460532,0.28,0.0,2
3372,1307.43,55.0481,0.71678,-0.0598547,-0.589546,25.9716,68.936,0.0,0.09956088961393217,0.28,0.0,2
3373,1307.76,55.2325,0.705586,-0.059859,-0.584666,26.0811,68.958,0.0,0.0979638684578736,0.28,0.0,2
3374,1308.08,55.4168,0.693313,-0.0597839,-0.579759,26.1812,68.98,0.0,0.09644823364703803,0.28,0.0,2
3375,1308.41,55.6014,0.683785,-0.0596483,-0.57489,26.2727,69.002,0.0,0.0950209903289645,0.28,0.0,2
3376,1308.74,55.7858,0.675502,-0.0594695,-0.570009,26.3589,69.024,0.0,0.09364288910865619,0.28,0.0,2
3377,1309.07,55.9708,0.665077,-0.0592265,-0.56516,26.4364,69.046,0.0,0.09229588053270447,0.28,0.0,2
3378,1309.4,56.1565,0.657809,-0.0589345,-0.560304,26.5077,69.068,0.0,0.09101974819008422,0.28,0.0,2
3379,1309.74,56.3443,0.653516,-0.0585763,-0.555484,26.5703,69.09,0.0,0.0897670353705213,0.28,0.0,2
3380,1310.07,56.5289,0.649273,-0.0581682,-0.550674,26.6264,69.112,0.0,0.0885183059345729,0.28,0.0,2
3381,1310.41,56.7128,0.640453,-0.0577109,-0.545883,26.6761,69.134,0.0,0.08729092535913033,0.28,0.0,2
3382,1310.74,56.8977,0.632097,-0.0572217,-0.54113,26.7209,69.156,0.0,0.0861531804672106,0.28,0.0,2
3383,1311.08,57.0833,0.623775,-0.0567055,-0.536412,26.7615,69.178,0.0,0.08508367702989314,0.28,0.0,2
3384,1311.42,57.2701,0.615833,-0.056154,-0.531735,26.797,69.2,0.0,0.08407300172683925,0.28,0.0,2
3385,1311.76,57.4572,0.608305,-0.0555637,-0.527066,26.8277,69.222,0.0,0.08311319920736278,0.28,0.0,2
3386,1312.1,57.6449,0.601362,-0.0549276,-0.522467,26.8515,69.244,0.0,0.08219620756863776,0.28,0.0,2
3387,1312.44,57.8327,0.594642,-0.0542507,-0.517889,26.8701,69.266,0.0,0.0813232453967055,0.28,0.0,2
3388,1312.78,58.0211,0.588254,-0.0535271,-0.513373,26.882,69.288,0.0,0.08049281804293715,0.28,0.0,2
3389,1313.13,58.2093,0.585044,-0.052783,-0.508878,26.891,69.31,0.0,0.07970849001358708,0.28,0.0,2
3390,1313.47,58.3982,0.580107,-0.0520098,-0.504459,26.8952,69.332,0.0,0.07892708214302396,0.28,0.0,2
3391,1313.82,58.5872,0.574394,-0.0511978,-0.500072,26.8943,69.354,0.0,0.07818701149795332,0.28,0.0,2
3392,1314.17,58.7764,0.571628,-0.050364,-0.49574,26.89,69.376,0.0,0.07750098812223889,0.28,0.0,2
3393,1314.52,58.966,0.566632,-0.0495043,-0.49146,26.8817,69.398,0.0,0.07682930819893989,0.28,0.0,2
3394,1314.87,59.1558,0.560905,-0.0486031,-0.487248,26.8674,69.42,0.0,0.07620964925730832,0.28,0.0,2
3395,1315.22,59.346,0.557865,-0.0476823,-0.483089,26.8502,69.442,0.0,0.07565459486362436,0.28,0.0,2
3396,1315.58,59.5363,0.552721,-0.0467331,-0.478993,26.8286,69.464,0.0,0.07512263948687582,0.28,0.0,2
3397,1315.93,59.7271,0.54991,-0.0457644,-0.47495,26.804,69.486,0.0,0.07464944041300375,0.28,0.0,2
3398,1316.29,59.918,0.544841,-0.0447676,-0.470985,26.7749,69.508,0.0,0.07419927988389433,0.28,0.0,2
3399,1316.64,60.1094,0.542102,-0.043751,-0.467087,26.7426,69.53,0.0,0.07381094029224809,0.28,0.0,2
3400,1317.0,60.3008,0.537089,-0.0427055,-0.463254,26.7061,69.552,0.0,0.07344906650808043,0.28,0.0,2
3401,1317.36,60.4928,0.534375,-0.0416405,-0.459503,26.6661,69.574,0.0,0.07315010509247283,0.28,0.0,2
3402,1317.72,60.6847,0.532524,-0.0405676,-0.455823,26.6242,69.596,0.0,0.07288084216833436,0.28,0.0,2
3403,1318.08,60.877,0.530894,-0.0394902,-0.452196,26.5811,69.618,0.0,0.07263261424257947,0.28,0.0,2
3404,1318.45,61.0697,0.526429,-0.0383854,-0.448669,26.5333,69.64,0.0,0.07240430849004095,0.28,0.0,2
3405,1318.81,61.2624,0.523858,-0.0372632,-0.445198,26.483,69.662,0.0,0.07224473852485554,0.28,0.0,2
3406,1319.18,61.4557,0.522162,-0.0361304,-0.441829,26.4299,69.684,0.0,0.07211968447979988,0.28,0.0,2
3407,1319.54,61.6489,0.520542,-0.0349956,-0.438513,26.3759,69.706,0.0,0.07202266389696668,0.28,0.0,2
3408,1319.91,61.8426,0.51913,-0.0338538,-0.4353,26.3196,69.728,0.0,0.07195071252595026,0.28,0.0,2
3409,1320.28,62.0364,0.517752,-0.032707,-0.432147,26.262,69.75,0.0,0.07190762231539835,0.28,0.0,2
3410,1320.65,62.2305,0.516285,-0.0315573,-0.429077,26.2029,69.772,0.0,0.07189277712382297,0.28,0.0,2
3411,1321.02,62.4249,0.515036,-0.0304,-0.426111,26.1414,69.794,0.0,0.07190887071231113,0.28,0.0,2
3412,1321.4,62.6193,0.513625,-0.0292399,-0.423203,26.0789,69.816,0.0,0.07195730892747274,0.28,0.0,2
3413,1321.77,62.8144,0.512196,-0.0280747,-0.420398,26.0142,69.838,0.0,0.07203823602555653,0.28,0.0,2
3414,1322.15,63.0094,0.510883,-0.0269032,-0.417673,25.9478,69.86,0.0,0.07215396913000535,0.28,0.0,2
3415,1322.52,63.2046,0.509337,-0.0257292,-0.415015,25.8802,69.882,0.0,0.07230338906467651,0.28,0.0,2
3416,1322.9,63.4004,0.507822,-0.0245495,-0.41245,25.8108,69.904,0.0,0.07248641011018689,0.28,0.0,2
3417,1323.28,63.596,0.509603,-0.0233855,-0.409995,25.7413,69.926,0.0,0.0727040800944504,0.28,0.0,2
3418,1323.66,63.792,0.509139,-0.0222347,-0.407605,25.6723,69.948,0.0,0.07291295700320444,0.28,0.0,2
3419,1324.04,63.9882,0.507902,-0.0210836,-0.405273,25.6025,69.97,0.0,0.07314776653238922,0.28,0.0,2
3420,1324.43,64.1849,0.506733,-0.0199246,-0.403078,25.5299,69.992,0.0,0.07341639051267765,0.28,0.0,2
3421,1324.81,64.3815,0.508499,-0.0187838,-0.400966,25.4578,70.014,0.0,0.07370309293796426,0.28,0.0,2
3422,1325.2,64.5784,0.508002,-0.0176556,-0.398911,25.3862,70.036,0.0,0.07396369700079583,0.28,0.0,2
3423,1325.58,64.7756,0.506653,-0.0165279,-0.396936,25.3137,70.058,0.0,0.07423792574228971,0.28,0.0,2
3424,1325.97,64.9729,0.50811,-0.0154185,-0.395015,25.2423,70.08,0.0,0.07454071325150236,0.28,0.0,2
3425,1326.36,65.1708,0.507989,-0.0143166,-0.393266,25.1688,70.102,0.0,0.07482914123112595,0.28,0.0,2
3426,1326.75,65.3686,0.507032,-0.0132132,-0.391577,25.0944,70.124,0.0,0.07514388666546243,0.28,0.0,2
3427,1327.14,65.5667,0.505572,-0.0121078,-0.389972,25.0186,70.146,0.0,0.07549375989277618,0.28,0.0,2
3428,1327.53,65.7649,0.506926,-0.0110207,-0.388435,24.9436,70.168,0.0,0.07588335665672305,0.28,0.0,2
3429,1327.93,65.9634,0.506092,-0.00994682,-0.386987,24.8686,70.19,0.0,0.07626723435819291,0.28,0.0,2
3430,1328.32,66.162,0.507632,-0.00889444,-0.385611,24.7947,70.212,0.0,0.0766801599379154,0.28,0.0,2
3431,1328.72,66.3611,0.506947,-0.00785565,-0.384312,24.7211,70.234,0.0,0.07708541253665654,0.28,0.0,2
3432,1329.12,66.5602,0.50867,-0.00683737,-0.383096,24.648,70.256,0.0,0.07751716620733504,0.28,0.0,2
3433,1329.52,66.7596,0.508097,-0.0058322,-0.381952,24.5752,70.278,0.0,0.0779404617762998,0.28,0.0,2
3434,1329.92,66.9593,0.506753,-0.00482678,-0.380894,24.5011,70.3,0.0,0.07840051913171901,0.28,0.0,2
3435,1330.32,67.1595,0.504066,-0.00382137,-0.379926,24.4257,70.322,0.0,0.07892196691942212,0.28,0.0,2
3436,1330.72,67.3598,0.502574,-0.00280428,-0.379051,24.3477,70.344,0.0,0.07950970838893914,0.28,0.0,2
3437,1331.12,67.5608,0.501046,-0.00179553,-0.378265,24.2691,70.366,0.0,0.08013948300981091,0.28,0.0,2
3438,1331.53,67.7624,0.504073,-0.000826597,-0.377579,24.1927,70.388,0.0,0.08080410216247762,0.28,0.0,2
3439,1331.94,67.9646,0.505924,0.000100613,-0.376967,24.1191,70.41,0.0,0.08143565027822962,0.28,0.0,2
3440,1332.34,68.1672,0.509682,0.000978708,-0.376389,24.0496,70.432,0.0,0.08205598990976627,0.28,0.0,2
3441,1332.75,68.3705,0.513668,0.00180626,-0.375876,23.9837,70.454,0.0,0.08263486751845772,0.28,0.0,2
3442,1333.16,68.5641,0.507717,0.00258589,-0.37545,23.9208,70.476,0.0,0.08317632234392915,0.28,0.0,2
3443,1333.57,68.773,0.499121,0.00326204,-0.375125,23.8655,70.498,0.0,0.0838132202800348,0.28,0.0,2
3444,1333.99,68.9799,0.498621,0.00392723,-0.374806,23.8114,70.52,0.0,0.08452221631391185,0.28,0.0,2
3445,1334.4,69.1863,0.500107,0.00461936,-0.37457,23.7533,70.542,0.0,0.08517878691580094,0.28,0.0,2
3446,1334.81,69.3924,0.50634,0.00532699,-0.374399,23.6927,70.564,0.0,0.08579211914334131,0.28,0.0,2
3447,1335.23,69.5979,0.510416,0.00604391,-0.374255,23.631,70.586,0.0,0.08632943537632667,0.28,0.0,2
3448,1335.65,69.8031,0.516282,0.00675225,-0.37422,23.5682,70.608,0.0,0.08684897981102313,0.28,0.0,2
3449,1336.07,70.0079,0.517952,0.00744295,-0.374185,23.5072,70.63,0.0,0.08734354634414154,0.28,0.0,2
3450,1336.49,70.2126,0.520368,0.00810504,-0.374255,23.4468,70.652,0.0,0.08767692481068204,0.28,0.0,2
3451,1336.91,70.4176,0.518386,0.00873685,-0.374333,23.3891,70.674,0.0,0.08808890336526362,0.28,0.0,2
3452,1337.33,70.6231,0.518408,0.00933862,-0.374499,23.3325,70.696,0.0,0.08859876239724016,0.28,0.0,2
3453,1337.75,70.829,0.515554,0.00991821,-0.374704,23.2774,70.718,0.0,0.08914856993556565,0.28,0.0,2
3454,1338.18,71.0348,0.515524,0.0104747,-0.374977,23.223,70.74,0.0,0.08975724302467344,0.28,0.0,2
3455,1338.6,71.2414,0.513396,0.0110159,-0.375314,23.1689,70.762,0.0,0.09037084443945947,0.28,0.0,2
3456,1339.03,71.4477,0.513571,0.0115325,-0.375676,23.1165,70.784,0.0,0.09101454061903827,0.28,0.0,2
3457,1339.46,71.6541,0.514823,0.0120139,-0.376091,23.0664,70.806,0.0,0.09164582044329603,0.28,0.0,2
3458,1339.89,71.861,0.51341,0.0124764,-0.376555,23.0171,70.828,0.0,0.09225101468951274,0.28,0.0,2
3459,1340.32,72.0679,0.514071,0.0129128,-0.377071,22.969,70.85,0.0,0.09287078094027405,0.28,0.0,2
3460,1340.75,72.275,0.512224,0.0133321,-0.377615,22.9221,70.872,0.0,0.0934722481674142,0.28,0.0,2
3461,1341.18,72.482,0.512645,0.0137269,-0.378194,22.8766,70.894,0.0,0.09408990320266053,0.28,0.0,2
3462,1341.62,72.6892,0.513688,0.014081,-0.378818,22.8338,70.916,0.0,0.09468669278595085,0.28,0.0,2
3463,1342.05,72.8978,0.501352,0.0144515,-0.379474,22.7892,70.938,0.0,0.09525530463966041,0.28,0.0,2
3464,1342.49,73.1068,0.487007,0.0149722,-0.380199,22.7301,70.96,0.0,0.09597565100918592,0.28,0.0,2
3465,1342.93,73.316,0.482766,0.0155208,-0.380989,22.6675,70.982,0.0,0.0968691375398379,0.28,0.0,2
3466,1343.37,73.526,0.487992,0.0159833,-0.381822,22.6116,71.004,0.0,0.09776697154559172,0.28,0.0,2
3467,1343.81,73.7368,0.497506,0.0162957,-0.382684,22.5682,71.026,0.0,0.09853136361789476,0.28,0.0,2
3468,1344.25,73.9489,0.50379,0.0164881,-0.383571,22.5346,71.048,0.0,0.09911550313013417,0.28,0.0,2
3469,1344.69,74.1619,0.51037,0.0165932,-0.384485,22.508,71.07,0.0,0.09958832718529942,0.28,0.0,2
3470,1345.14,74.2185,0.473195,0.016469,-0.385413,22.5008,71.092,0.0,0.09996155778371252,0.14,0.0,2
3471,1345.58,74.2423,0.454195,0.0162406,-0.386348,22.5025,71.114,0.0,0.1007882403411487,0.14,0.0,2
3472,1346.03,74.2635,0.458847,0.0160782,-0.387276,22.4987,71.136,0.0,0.10167111529659126,0.14,0.0,2
3473,1346.47,74.284,0.471646,0.0159957,-0.388184,22.4883,71.158,0.0,0.10231928936310665,0.14,0.0,2
3474,1346.92,74.304,0.491057,0.0159695,-0.389059,22.4737,71.18,0.0,0.10273219023985564,0.14,0.0,2
3475,1347.36,74.3236,0.507692,0.0159805,-0.389926,22.456,71.202,0.0,0.1029214930951116,0.14,0.0,2
3476,1347.81,74.3428,0.520012,0.0160143,-0.390773,22.4368,71.224,0.0,0.10300613029237146,0.14,0.0,2
3477,1348.25,74.3618,0.527046,0.0160511,-0.391618,22.4173,71.246,0.0,0.10307925521207317,0.14,0.0,2
3478,1348.69,74.3805,0.528704,0.0160744,-0.392456,22.3991,71.268,0.0,0.10320956910999396,0.14,0.0,2
3479,1349.14,74.3993,0.526544,0.0160775,-0.393295,22.3826,71.29,0.0,0.10343868192995985,0.14,0.0,2
3480,1349.58,74.4181,0.525714,0.0160434,-0.394125,22.3695,71.312,0.0,0.10377458834426806,0.14,0.0,2
3481,1350.03,74.437,0.522951,0.0159838,-0.394971,22.3582,71.334,0.0,0.1041530218611388,0.14,0.0,2
3482,1350.47,74.4558,0.523055,0.0158973,-0.395807,22.3495,71.356,0.0,0.10457788182268313,0.14,0.0,2
3483,1350.92,74.4746,0.521876,0.0157933,-0.396635,22.3424,71.378,0.0,0.1049894187239499,0.14,0.0,2
3484,1351.37,74.4934,0.520502,0.015686,-0.397452,22.3358,71.4,0.0,0.1054025983532626,0.14,0.0,2
3485,1351.81,74.5119,0.522165,0.0155573,-0.398253,22.3314,71.422,0.0,0.10581751174023099,0.14,0.0,2
3486,1352.26,74.5304,0.522177,0.0154107,-0.399036,22.3288,71.444,0.0,0.10615768390352172,0.14,0.0,2
3487,1352.7,74.549,0.521465,0.0152583,-0.399806,22.327,71.466,0.0,0.10643539073903899,0.14,0.0,2
3488,1353.15,74.5673,0.523567,0.0150836,-0.40056,22.3275,71.488,0.0,0.10667862343665581,0.14,0.0,2
3489,1353.59,74.5856,0.523314,0.014889,-0.401311,22.3298,71.51,0.0,0.10685611179340956,0.14,0.0,2
3490,1354.04,74.6065,0.488789,0.0149012,-0.402063,22.314,71.532,0.0,0.10701398349715655,0.14,0.0,2
3491,1354.49,74.6278,0.470706,0.0151842,-0.402878,22.2736,71.554,0.0,0.1076343101301162,0.14,0.0,2
3492,1354.93,74.6495,0.470191,0.0154793,-0.403717,22.2317,71.576,0.0,0.10843999684708341,0.14,0.0,2
3493,1355.38,74.6714,0.486829,0.0155859,-0.404575,22.2058,71.598,0.0,0.10916003337803519,0.14,0.0,2
3494,1355.82,74.694,0.505939,0.0154359,-0.405405,22.2025,71.62,0.0,0.10956189536466547,0.14,0.0,2
3495,1356.27,74.7179,0.519143,0.0151041,-0.40619,22.2159,71.642,0.0,0.10964984036889922,0.14,0.0,2
3496,1356.72,74.7248,0.487046,0.01455,-0.406938,22.2493,71.664,0.0,0.10954664971645094,0.14,0.0,2
3497,1357.16,74.756,0.402926,0.0134373,-0.407707,22.331,71.686,0.0,0.10981261740200567,0.14,0.0,2
3498,1357.61,74.7881,0.383857,0.0124366,-0.408437,22.4041,71.708,0.0,0.11079707640280484,0.14,0.0,2
3499,1358.06,74.816,0.401667,0.0116911,-0.409087,22.4568,71.73,0.0,0.11149303191218235,0.14,0.0,2
3500,1358.5,74.8426,0.440409,0.0111554,-0.409633,22.4932,71.752,0.0,0.11166220618316605,0.14,0.0,2
3501,1358.95,74.8684,0.476666,0.0107841,-0.410086,22.517,71.774,0.0,0.11127623458104297,0.14,0.0,2
3502,1359.4,74.8934,0.506989,0.0105069,-0.410478,22.5337,71.796,0.0,0.11059206776667697,0.14,0.0,2
3503,1359.85,74.9182,0.523878,0.0102654,-0.410815,22.5484,71.818,0.0,0.10980474775051954,0.14,0.0,2
3504,1360.29,74.9428,0.528219,0.0100317,-0.411124,22.563,71.84,0.0,0.10911879369202113,0.14,0.0,2
3505,1360.74,74.9675,0.525912,0.00976896,-0.411406,22.5808,71.862,0.0,0.10865233510881439,0.14,0.0,2
3506,1361.19,74.9926,0.517384,0.00949574,-0.411673,22.5997,71.884,0.0,0.10840168408071663,0.14,0.0,2
3507,1361.64,75.0178,0.510613,0.00922465,-0.411932,22.6187,71.906,0.0,0.10836524983142487,0.14,0.0,2
3508,1362.09,75.0429,0.505626,0.00895548,-0.41217,22.6378,71.928,0.0,0.10844857186181515,0.14,0.0,2
3509,1362.54,75.0679,0.505315,0.00866938,-0.412386,22.6591,71.95,0.0,0.10858775218434197,0.14,0.0,2
3510,1362.98,75.0928,0.50414,0.00837231,-0.412564,22.682,71.972,0.0,0.10869984773199996,0.14,0.0,2
3511,1363.43,75.1177,0.503239,0.00807691,-0.412732,22.705,71.994,0.0,0.10879742978577175,0.14,0.0,2
3512,1363.88,75.1425,0.502626,0.00778484,-0.412859,22.7286,72.016,0.0,0.10888182574520308,0.14,0.0,2
3513,1364.33,75.1672,0.502115,0.00749469,-0.412964,22.7524,72.038,0.0,0.10895127248198444,0.14,0.0,2
3514,1364.78,75.1919,0.501668,0.00720525,-0.413058,22.7764,72.06,0.0,0.10900819207908492,0.14,0.0,2
3515,1365.23,75.2165,0.501091,0.00691509,-0.413119,22.8012,72.082,0.0,0.10905525812554648,0.14,0.0,2
3516,1365.68,75.2433,0.468617,0.00675607,-0.41317,22.8144,72.104,0.0,0.10909420704939077,0.14,0.0,2
3517,1366.13,75.2722,0.425699,0.00711226,-0.413278,22.7804,72.126,0.0,0.10955305988628639,0.14,0.0,2
3518,1366.58,75.3012,0.417397,0.00765204,-0.413469,22.7284,72.148,0.0,0.11056499935098424,0.14,0.0,2
3519,1367.03,75.3301,0.439483,0.00797987,-0.413678,22.695,72.17,0.0,0.1115770496176184,0.14,0.0,2
3520,1367.48,75.36,0.467222,0.00792503,-0.413878,22.696,72.192,0.0,0.11215975687796992,0.14,0.0,2
3521,1367.93,75.3914,0.488395,0.00757265,-0.414027,22.7245,72.214,0.0,0.11228197667111693,0.14,0.0,2
3522,1368.38,75.4152,0.484904,0.00701904,-0.414131,22.772,72.236,0.0,0.11209242729411759,0.14,0.0,2
3523,1368.83,75.426,0.322108,0.00549316,-0.414259,22.907,72.258,0.0,0.11194146751300187,0.14,0.0,2
3524,1369.28,75.4816,0.260725,0.00382495,-0.414377,23.0616,72.28,0.0,0.11350158208826888,0.14,0.0,2
3525,1369.73,75.5197,0.280454,0.00255895,-0.414374,23.1887,72.302,0.0,0.11489289362960672,0.14,0.0,2
3526,1370.18,75.5554,0.338722,0.00168514,-0.41422,23.2886,72.324,0.0,0.1152877580679143,0.14,0.0,2
3527,1370.63,75.2506,0.388622,0.000869274,-0.413904,23.3923,72.346,0.0,0.11464959472859994,0.0,0.07998140929154446,2
3528,1371.08,74.7794,0.401307,-0.000263929,-0.413464,23.5355,72.368,0.0,0.11355711813741191,0.0,0.10358975881541983,2
3529,1371.53,74.2654,0.393561,-0.00154996,-0.41292,23.7028,72.39,0.0,0.11257943463635349,0.0,0.11603133202279609,2
3530,1371.97,73.7267,0.369543,-0.00296211,-0.4123,23.892,72.412,0.0,0.11188967984063683,0.0,0.1235412390450168,2
3531,1372.41,73.1746,0.343713,-0.00447893,-0.411572,24.1023,72.434,0.0,0.11155507843868126,0.0,0.1277987774895975,2
3532,1372.84,72.617,0.319158,-0.00603914,-0.410703,24.3288,72.456,0.0,0.11144290329101539,0.0,0.12989671495363317,2
3533,1373.27,72.0578,0.305023,-0.00759625,-0.409735,24.5658,72.478,0.0,0.11143878647182559,0.0,0.13057684613399198,2
3534,1373.7,71.5024,0.300447,-0.00913286,-0.408656,24.812,72.5,0.0,0.11137188741108381,0.0,0.13029128232337245,2
3535,1374.13,70.9529,0.30362,-0.0106354,-0.407466,25.0658,72.522,0.0,0.1111418038170381,0.0,0.12943477173499326,2
3536,1374.55,70.4093,0.311802,-0.0120969,-0.40614,25.327,72.544,0.0,0.11070729999174109,0.0,0.12821369938013413,2
3537,1374.97,69.8717,0.319899,-0.0134964,-0.404684,25.593,72.566,0.0,0.11007354504044806,0.0,0.12672353325197824,2
3538,1375.38,69.3423,0.331896,-0.0148416,-0.403099,25.8642,72.588,0.0,0.10950412493482214,0.0,0.1250398872407344,2
3539,1375.8,69.4032,0.362322,-0.0159142,-0.401389,26.115,72.61,0.0,0.10873915120991476,0.25,0.0,2
3540,1376.21,69.625,0.403893,-0.0165322,-0.399559,26.3226,72.632,0.0,0.10744073056001802,0.28,0.0,2
3541,1376.63,69.856,0.442415,-0.01683,-0.397626,26.5012,72.654,0.0,0.10570849593495313,0.28,0.0,2
3542,1377.05,70.0854,0.468832,-0.0168824,-0.395639,26.6577,72.676,0.0,0.10380944272219622,0.28,0.0,2
3543,1377.47,70.3183,0.441589,-0.0165772,-0.393643,26.7762,72.698,0.0,0.10182834540006579,0.28,0.0,2
3544,1377.89,70.5528,0.38631,-0.0155447,-0.391771,26.8072,72.72,0.0,0.10074298558218144,0.28,0.0,2
3545,1378.31,70.7839,0.369994,-0.0141532,-0.390053,26.7947,72.742,0.0,0.10080869894676472,0.28,0.0,2
3546,1378.74,71.0151,0.402048,-0.0130963,-0.388416,26.8258,72.764,0.0,0.10127542943797638,0.28,0.0,2
3547,1379.16,71.2508,0.438278,-0.0125692,-0.3868,26.9273,72.786,0.0,0.101331509095403,0.28,0.0,2
3548,1379.59,71.4899,0.463686,-0.0124071,-0.385167,27.0806,72.808,0.0,0.10091887589231516,0.28,0.0,2
3549,1380.02,71.7318,0.47607,-0.0123978,-0.383527,27.2597,72.83,0.0,0.10022843077313635,0.28,0.0,2
3550,1380.45,71.82,0.3317,-0.0130234,-0.381929,27.5266,72.852,0.0,0.09947287997374349,0.28,0.0,2
3551,1380.88,72.1497,0.171052,-0.0145578,-0.380453,27.9184,72.874,0.0,0.1004788711191776,0.28,0.0,2
3552,1381.31,72.4491,0.159884,-0.0157249,-0.378955,28.2744,72.896,0.0,0.10251414697020939,0.28,0.0,2
3553,1381.75,72.7076,0.228713,-0.0162711,-0.377321,28.5606,72.918,0.0,0.10351351019220535,0.28,0.0,2
3554,1382.18,72.9578,0.314223,-0.0163255,-0.37554,28.7914,72.94,0.0,0.10302793363767455,0.28,0.0,2
3555,1382.62,73.2037,0.383553,-0.0160718,-0.373682,28.989,72.962,0.0,0.10148566910173133,0.28,0.0,2
3556,1383.06,73.4471,0.431026,-0.0156913,-0.371777,29.1768,72.984,0.0,0.09952664358498053,0.28,0.0,2
3557,1383.5,73.6891,0.452712,-0.0152819,-0.369856,29.3674,73.006,0.0,0.0975935090939284,0.28,0.0,2
3558,1383.94,73.9308,0.452728,-0.0148759,-0.367966,29.5645,73.028,0.0,0.09600146058166673,0.28,0.0,2
3559,1384.38,74.1744,0.443265,-0.0144818,-0.366103,29.7692,73.05,0.0,0.09490294754679315,0.28,0.0,2
3560,1384.83,74.4196,0.430036,-0.01408,-0.364302,29.978,73.072,0.0,0.0942457382098151,0.28,0.0,2
3561,1385.28,74.6656,0.420096,-0.0136642,-0.362531,30.1912,73.094,0.0,0.0939337108666614,0.28,0.0,2
3562,1385.72,74.912,0.412908,-0.0132363,-0.360817,30.4079,73.116,0.0,0.09381666021907537,0.28,0.0,2
3563,1386.17,75.1587,0.407913,-0.0127907,-0.359138,30.6283,73.138,0.0,0.09380385407038652,0.28,0.0,2
3564,1386.62,75.4054,0.404469,-0.0123289,-0.357516,30.8518,73.16,0.0,0.09384269829613777,0.28,0.0,2
3565,1387.08,75.6523,0.401751,-0.0118549,-0.35592,31.0798,73.182,0.0,0.0939076285866002,0.28,0.0,2
3566,1387.53,75.8992,0.399514,-0.0113711,-0.354388,31.3118,73.204,0.0,0.09398845197318706,0.28,0.0,2
3567,1387.99,76.1462,0.397482,-0.0108798,-0.352884,31.5491,73.226,0.0,0.09407794044679794,0.28,0.0,2
3568,1388.44,76.3934,0.395365,-0.0103855,-0.351419,31.7923,73.248,0.0,0.09414967730520571,0.28,0.0,2
3569,1388.9,76.6406,0.393006,-0.00988913,-0.350023,32.0405,73.27,0.0,0.0942162729255909,0.28,0.0,2
3570,1389.36,76.8935,0.337443,-0.00907564,-0.348698,32.2452,73.292,0.0,0.09428999093306169,0.28,0.0,2
3571,1389.82,77.1512,0.260753,-0.0074358,-0.347583,32.3232,73.314,0.0,0.095113625425847,0.28,0.0,2
3572,1390.29,77.4029,0.256332,-0.00544763,-0.346675,32.3479,73.336,0.0,0.09693917880005301,0.28,0.0,2
3573,1390.76,77.6541,0.305017,-0.00504613,-0.34588,32.4481,73.358,0.0,0.09865876438495691,0.28,0.0,2
3574,1391.23,77.9097,0.349196,-0.00626397,-0.344958,32.66,73.38,0.0,0.09922770555213303,0.28,0.0,2
3575,1391.7,78.1689,0.37525,-0.00795627,-0.343863,32.9515,73.402,0.0,0.09862911334431901,0.28,0.0,2
3576,1392.17,78.2683,0.256583,-0.0102406,-0.342609,33.343,73.424,0.0,0.09685080925349321,0.28,0.0,2
3577,1392.64,78.496,-0.034673,-0.0140696,-0.341364,33.9873,73.446,0.0,0.09642088458249384,0.28,0.0,2
3578,1393.12,78.9035,-0.159463,-0.0180531,-0.339984,34.6703,73.468,0.0,0.09852180181329924,0.28,0.0,2
3579,1393.6,79.2059,-0.104258,-0.0211725,-0.338284,35.2275,73.49,0.0,0.10014550259028732,0.28,0.0,2
3580,1394.08,79.4793,0.0315288,-0.0234034,-0.336182,35.651,73.512,0.0,0.09950503175371588,0.28,0.0,2
3581,1394.56,79.7451,0.16144,-0.0250418,-0.333716,35.9856,73.534,0.0,0.0966315596179212,0.28,0.0,2
3582,1395.04,80.0076,0.248749,-0.0263326,-0.330963,36.2694,73.556,0.0,0.09249274118877948,0.28,0.0,2
3583,1395.52,80.2685,0.29618,-0.0274444,-0.328,36.5283,73.578,0.0,0.08811402752210357,0.28,0.0,2
3584,1396.01,80.5279,0.307534,-0.0284693,-0.324902,36.7759,73.6,0.0,0.08409825421780025,0.28,0.0,2
3585,1396.5,80.7893,0.298841,-0.0294361,-0.321686,37.0166,73.622,0.0,0.08077840996936372,0.28,0.0,2
3586,1396.99,81.0519,0.281124,-0.0303178,-0.318396,37.2448,73.644,0.0,0.07817034931989594,0.28,0.0,2
3587,1397.48,81.3148,0.264664,-0.0310984,-0.315027,37.4573,73.666,0.0,0.07616099729588326,0.28,0.0,2
3588,1397.97,81.5772,0.253542,-0.0317941,-0.311603,37.6567,73.688,0.0,0.07455419693610554,0.28,0.0,2
3589,1398.46,81.8391,0.242765,-0.0323963,-0.308109,37.8412,73.71,0.0,0.07316832842099437,0.28,0.0,2
3590,1398.96,82.0999,0.236274,-0.0329092,-0.304562,38.0113,73.732,0.0,0.07194570096380255,0.28,0.0,2
3591,1399.46,82.3597,0.231315,-0.0333538,-0.300958,38.1706,73.754,0.0,0.07080160762443638,0.28,0.0,2
3592,1399.95,82.6186,0.226924,-0.0337379,-0.297321,38.3201,73.776,0.0,0.06970730389748703,0.28,0.0,2
3593,1400.46,82.8766,0.222715,-0.0340664,-0.293628,38.4609,73.798,0.0,0.06865414297686633,0.28,0.0,2
3594,1400.96,83.136,0.197838,-0.0342743,-0.289911,38.581,73.82,0.0,0.06763941103772486,0.28,0.0,2
3595,1401.46,83.397,0.150172,-0.0339611,-0.28623,38.6089,73.842,0.0,0.06693565047103822,0.28,0.0,2
3596,1401.97,83.6556,0.135477,-0.033273,-0.282639,38.5696,73.864,0.0,0.06686543539627708,0.28,0.0,2
3597,1402.47,83.9134,0.152614,-0.0326698,-0.279108,38.5435,73.886,0.0,0.06692823147345517,0.28,0.0,2
3598,1402.98,84.1734,0.17667,-0.0324149,-0.275586,38.5779,73.908,0.0,0.0666719888471352,0.28,0.0,2
3599,1403.49,84.4352,0.189558,-0.0324492,-0.272034,38.6631,73.93,0.0,0.06602548918198539,0.28,0.0,2
3600,1404.0,84.5958,0.106019,-0.0329106,-0.268488,38.8218,73.952,0.0,0.0651761836337189,0.28,0.0,2
3601,1404.52,84.8663,-0.0565845,-0.0342762,-0.265021,39.1359,73.974,0.0,0.06528049438884737,0.28,0.0,2
3602,1405.03,85.1874,-0.10097,-0.035547,-0.261508,39.4353,73.996,0.0,0.06671472086505055,0.28,0.0,2
3603,1405.55,85.27,-0.0591504,-0.0364413,-0.25788,39.672,74.018,0.0,0.06759683734510122,0.28,0.0,3
3604,1406.06,85.2333,-0.00245054,-0.0372109,-0.254089,39.8902,74.04,0.0,0.06721262689917962,0.28,0.0,3
3605,1406.58,85.2208,0.0498273,-0.0378537,-0.250174,40.0888,74.062,0.0,0.06585657324343662,0.28,0.0,3
3606,1407.1,85.3941,0.0922597,-0.0381908,-0.24613,40.2363,74.084,0.0,0.06393083023646805,0.28,0.0,3
3607,1407.61,85.5808,0.129154,-0.0381856,-0.242017,40.3246,74.106,0.0,0.061781692802721944,0.28,0.0,3
3608,1408.13,85.7667,0.14737,-0.0380299,-0.237872,40.3867,74.128,0.0,0.059648625854889045,0.28,0.0,3
3609,1408.65,85.9532,0.149743,-0.0377831,-0.233725,40.4327,74.15,0.0,0.05779911383273587,0.28,0.0,3
3610,1409.18,86.1408,0.143978,-0.0374427,-0.229614,40.4614,74.172,0.0,0.05635782460999561,0.28,0.0,3
3611,1409.7,86.3291,0.138364,-0.0370216,-0.22554,40.4751,74.194,0.0,0.05531717710205178,0.28,0.0,3
3612,1410.22,86.5177,0.136092,-0.0365579,-0.221503,40.4804,74.216,0.0,0.05456529257686342,0.28,0.0,3
3613,1410.75,86.7065,0.132203,-0.0360537,-0.217511,40.4777,74.238,0.0,0.05398009979516773,0.28,0.0,3
3614,1411.27,86.8954,0.131572,-0.0355201,-0.213562,40.469,74.26,0.0,0.05354438387623675,0.28,0.0,3
3615,1411.8,87.0843,0.128799,-0.0349558,-0.209674,40.4536,74.282,0.0,0.053180010588979636,0.28,0.0,3
3616,1412.33,87.2733,0.128358,-0.0343688,-0.205838,40.4334,74.304,0.0,0.052904791215514,0.28,0.0,3
3617,1412.86,87.4642,0.107438,-0.0336822,-0.202075,40.3944,74.326,0.0,0.05267191363952124,0.28,0.0,3
3618,1413.39,87.6555,0.0887412,-0.0326827,-0.198404,40.2999,74.348,0.0,0.05275227182583128,0.28,0.0,3
3619,1413.92,87.8476,0.0870947,-0.0315707,-0.194864,40.184,74.37,0.0,0.05310260449115538,0.28,0.0,3
3620,1414.46,88.0411,0.0983321,-0.0305603,-0.191422,40.0842,74.392,0.0,0.053465307230347064,0.28,0.0,3
3621,1414.99,88.2363,0.112812,-0.0297697,-0.188052,40.0206,74.414,0.0,0.05366027966614054,0.28,0.0,3
3622,1415.53,88.4201,0.110479,-0.0291789,-0.18475,39.9899,74.436,0.0,0.05364970596584448,0.28,0.0,3
3623,1416.07,88.5809,0.0142913,-0.0291598,-0.181552,40.0538,74.458,0.0,0.05366294592028874,0.28,0.0,3
3624,1416.61,88.8121,-0.0363469,-0.0293301,-0.178421,40.1483,74.48,0.0,0.05468998633664626,0.28,0.0,3
3625,1417.15,89.0199,-0.0339913,-0.0293172,-0.17529,40.2117,74.502,0.0,0.05576567953418146,0.28,0.0,3
3626,1417.69,89.2236,-0.00284983,-0.0290826,-0.172141,40.2378,74.524,0.0,0.0562820100864164,0.28,0.0,3
3627,1418.23,89.4242,0.0392905,-0.0286592,-0.168979,40.2322,74.546,0.0,0.05613910440025736,0.28,0.0,3
3628,1418.77,89.6225,0.0745754,-0.0281003,-0.165829,40.2034,74.568,0.0,0.05547955228047304,0.28,0.0,3
3629,1419.32,89.8192,0.100663,-0.0274795,-0.162674,40.1647,74.59,0.0,0.054601422061053756,0.28,0.0,3
3630,1419.86,90.0146,0.110713,-0.0268415,-0.159583,40.1216,74.612,0.0,0.05370639308949265,0.28,0.0,3
3631,1420.41,90.2102,0.108185,-0.0261949,-0.15654,40.0765,74.634,0.0,0.05300722292657239,0.28,0.0,3
3632,1420.96,90.4067,0.1022,-0.0255569,-0.153568,40.0315,74.656,0.0,0.0525988296323013,0.28,0.0,3
3633,1421.51,90.6039,0.0919205,-0.0249065,-0.150674,39.9831,74.678,0.0,0.05242881329041923,0.28,0.0,3
3634,1422.06,90.8016,0.084965,-0.0242341,-0.147855,39.9297,74.7,0.0,0.05247901027108673,0.28,0.0,3
3635,1422.62,90.9993,0.0830591,-0.0235756,-0.145108,39.8772,74.722,0.0,0.05264504624359197,0.28,0.0,3
3636,1423.17,91.1971,0.0801937,-0.022929,-0.142441,39.8254,74.744,0.0,0.05282903682416177,0.28,0.0,3
3637,1423.72,91.3948,0.077691,-0.022281,-0.139828,39.7723,74.766,0.0,0.05303999235629715,0.28,0.0,3
3638,1424.28,91.5925,0.0755172,-0.0216292,-0.137299,39.7172,74.788,0.0,0.05326938744860946,0.28,0.0,3
3639,1424.84,91.7918,0.0564297,-0.0208476,-0.134854,39.6394,74.81,0.0,0.05351573497255301,0.28,0.0,3
3640,1425.4,91.991,0.0482736,-0.019904,-0.132523,39.5331,74.832,0.0,0.05402354280672531,0.28,0.0,3
3641,1425.96,92.191,0.0520589,-0.0189641,-0.13028,39.4263,74.854,0.0,0.05462497552601317,0.28,0.0,3
3642,1426.52,92.3919,0.0594102,-0.0181516,-0.128146,39.3382,74.876,0.0,0.05514837780537428,0.28,0.0,3
3643,1427.08,92.5938,0.067466,-0.0175117,-0.12608,39.277,74.898,0.0,0.05555001045020645,0.28,0.0,3
3644,1427.65,92.7654,0.0221387,-0.0171703,-0.124078,39.2629,74.92,0.0,0.055820118293352886,0.28,0.0,3
3645,1428.21,92.9843,-0.03004,-0.0171745,-0.122153,39.303,74.942,0.0,0.05658416352767433,0.28,0.0,3
3646,1428.78,93.1954,-0.04495,-0.0171507,-0.120273,39.3375,74.964,0.0,0.05766048454101519,0.28,0.0,3
3647,1429.35,93.403,-0.0329745,-0.0170224,-0.11839,39.3551,74.986,0.0,0.0585004085275717,0.28,0.0,3
3648,1429.92,93.6088,-0.00827898,-0.0167697,-0.116507,39.3528,75.008,0.0,0.058885406827852545,0.28,0.0,3
3649,1430.49,93.8126,0.0195751,-0.0164121,-0.114615,39.3339,75.03,0.0,0.05884993730274174,0.28,0.0,3
3650,1431.06,94.0149,0.042066,-0.016001,-0.112726,39.3062,75.052,0.0,0.05852758475680386,0.28,0.0,3
3651,1431.63,94.2164,0.0524025,-0.0155538,-0.110858,39.2724,75.074,0.0,0.058097258709344166,0.28,0.0,3
3652,1432.2,94.417,0.0547818,-0.015106,-0.109039,39.2377,75.096,0.0,0.05775653343211758,0.28,0.0,3
3653,1432.78,94.6182,0.0501943,-0.014685,-0.107281,39.2062,75.118,0.0,0.057576664051938176,0.28,0.0,3
3654,1433.36,94.82,0.0424322,-0.0142863,-0.10556,39.1775,75.14,0.0,0.057586293048795284,0.28,0.0,3
3655,1433.93,95.0222,0.0345474,-0.0138958,-0.1039,39.149,75.162,0.0,0.057757131623080625,0.28,0.0,3
3656,1434.51,95.2245,0.0277301,-0.0135043,-0.102283,39.1195,75.184,0.0,0.05803800273682012,0.28,0.0,3
3657,1435.09,95.4269,0.0227081,-0.0131062,-0.100714,39.088,75.206,0.0,0.05838296827995155,0.28,0.0,3
3658,1435.68,95.6289,0.0216176,-0.0127266,-0.0991974,39.0586,75.228,0.0,0.058754934345957535,0.28,0.0,3
3659,1436.26,95.8314,0.0138455,-0.0123542,-0.0977234,39.0296,75.25,0.0,0.05909718690137929,0.28,0.0,3
3660,1436.84,96.0341,0.00491192,-0.0118826,-0.0963165,38.9834,75.272,0.0,0.059503859624501346,0.28,0.0,3
3661,1437.43,96.2369,0.0010858,-0.0113648,-0.0949585,38.9293,75.294,0.0,0.060000521280366814,0.28,0.0,3
3662,1438.02,96.4401,0.00410166,-0.0108913,-0.0936615,38.8809,75.316,0.0,0.06051161465943359,0.28,0.0,3
3663,1438.6,96.6436,0.00574067,-0.010516,-0.0924194,38.847,75.338,0.0,0.0609413453599784,0.28,0.0,3
3664,1439.19,96.8371,-0.00508847,-0.0102485,-0.0912079,38.8295,75.36,0.0,0.06131069582187515,0.28,0.0,3
3665,1439.79,97.042,-0.0415351,-0.0102485,-0.090036,38.8531,75.382,0.0,0.06176923063346329,0.28,0.0,3
3666,1440.38,97.2508,-0.0602856,-0.0103295,-0.0889191,38.8882,75.404,0.0,0.06252953272853967,0.28,0.0,3
3667,1440.97,97.4574,-0.0647324,-0.0103682,-0.0877869,38.917,75.426,0.0,0.06325346581879339,0.28,0.0,3
3668,1441.56,97.6631,-0.054757,-0.0103524,-0.0866394,38.9376,75.448,0.0,0.06378939693510902,0.28,0.0,3
3669,1442.16,97.8679,-0.0414063,-0.0102838,-0.0854858,38.9499,75.47,0.0,0.06403898512050574,0.28,0.0,3
3670,1442.76,98.0717,-0.0287114,-0.0101731,-0.0843292,38.9558,75.492,0.0,0.06407799266277453,0.28,0.0,3
3671,1443.36,98.2747,-0.0202382,-0.0100434,-0.0831604,38.9589,75.514,0.0,0.06400252775486082,0.28,0.0,3
3672,1443.96,98.477,-0.0176972,-0.00991804,-0.0820038,38.9624,75.536,0.0,0.0639081636507445,0.28,0.0,3
3673,1444.56,98.6794,-0.0213965,-0.00981266,-0.0808655,38.9688,75.558,0.0,0.06387404854255657,0.28,0.0,3
3674,1445.16,98.8821,-0.0282665,-0.0097254,-0.0797363,38.9777,75.58,0.0,0.06395209065148079,0.28,0.0,3
3675,1445.76,99.0849,-0.035888,-0.00964767,-0.0786133,38.988,75.602,0.0,0.06414434359993579,0.28,0.0,3
3676,1446.37,99.2879,-0.0429848,-0.00957042,-0.077536,38.9975,75.624,0.0,0.06442540373663225,0.28,0.0,3
3677,1446.97,99.4906,-0.0462642,-0.00951606,-0.0764465,39.0108,75.646,0.0,0.06476345049650899,0.28,0.0,3
3678,1447.58,99.6932,-0.0513975,-0.00948173,-0.0753754,39.0268,75.668,0.0,0.06508482033456894,0.28,0.0,3
3679,1448.19,99.8958,-0.0564526,-0.00945264,-0.0743103,39.0434,75.69,0.0,0.06541484686907555,0.28,0.0,3
3680,1448.8,100.098,-0.05826,-0.0094474,-0.0732452,39.0638,75.712,0.0,0.06575243063727626,0.28,0.0,3
3681,1449.41,100.3,-0.0624735,-0.00946457,-0.0721802,39.0878,75.734,0.0,0.06605284410523626,0.28,0.0,3
3682,1450.02,100.502,-0.0670846,-0.00948745,-0.0711182,39.1124,75.756,0.0,0.06635281995878585,0.28,0.0,3
3683,1450.63,100.704,-0.0690187,-0.00953609,-0.070047,39.1414,75.778,0.0,0.06665655286766216,0.28,0.0,3
3684,1451.25,100.906,-0.0737047,-0.00960857,-0.0689789,39.1738,75.8,0.0,0.0669225021015789,0.28,0.0,3
3685,1451.86,101.107,-0.0790969,-0.00968868,-0.0678955,39.2079,75.822,0.0,0.06719010513505769,0.28,0.0,3
3686,1452.48,101.309,-0.0844715,-0.00976974,-0.0668091,39.2422,75.844,0.0,0.06746249348069808,0.28,0.0,3
3687,1453.1,101.51,-0.0869891,-0.0098756,-0.0657288,39.2801,75.866,0.0,0.06773896127327178,0.28,0.0,3
3688,1453.72,101.711,-0.0921481,-0.0100053,-0.064624,39.3223,75.888,0.0,0.0679776822654084,0.28,0.0,3
3689,1454.34,101.912,-0.0979087,-0.0101422,-0.0635162,39.3656,75.91,0.0,0.06821595006115755,0.28,0.0,3
3690,1454.96,102.112,-0.103613,-0.010279,-0.0623871,39.4094,75.932,0.0,0.06845296498809109,0.28,0.0,3
3691,1455.59,102.312,-0.106172,-0.0104392,-0.0612427,39.4572,75.954,0.0,0.0686842987881143,0.28,0.0,3
3692,1456.21,102.512,-0.111143,-0.0106242,-0.0600708,39.5093,75.976,0.0,0.06886733676205864,0.28,0.0,3
3693,1456.84,102.711,-0.116984,-0.0108159,-0.0588989,39.5624,75.998,0.0,0.0690390304798029,0.28,0.0,3
3694,1457.46,102.909,-0.122426,-0.0110076,-0.0577057,39.616,76.02,0.0,0.06921320144147862,0.28,0.0,3
3695,1458.09,103.107,-0.127483,-0.0112003,-0.056488,39.6704,76.042,0.0,0.06937590025657134,0.28,0.0,3
3696,1458.72,103.304,-0.130022,-0.0114144,-0.055249,39.7284,76.064,0.0,0.06952372871989322,0.28,0.0,3
3697,1459.35,103.5,-0.134839,-0.0116552,-0.0539673,39.7916,76.086,0.0,0.06962411990895422,0.28,0.0,3
3698,1459.98,103.695,-0.127044,-0.0119641,-0.0526703,39.8656,76.108,0.0,0.06971106347307879,0.28,0.0,3
3699,1460.62,103.889,-0.129795,-0.0124753,-0.051297,39.9731,76.13,0.0,0.06961499945490475,0.28,0.0,3
3700,1461.25,104.082,-0.144067,-0.0129684,-0.0498779,40.0787,76.152,0.0,0.06946305068301481,0.28,0.0,3
3701,1461.89,104.275,-0.153821,-0.0133632,-0.0484131,40.1698,76.174,0.0,0.06941701503919662,0.28,0.0,3
3702,1462.52,104.466,-0.160874,-0.0136607,-0.0468994,40.2466,76.196,0.0,0.06941046119428738,0.28,0.0,3
3703,1463.16,104.658,-0.135087,-0.0137489,-0.0453583,40.2908,76.218,0.0,0.06942049896582429,0.2729400000000004,0.0,3
3704,1463.8,104.829,-0.103719,-0.0136302,-0.0437714,40.303,76.24,0.0,0.06909619003507136,0.26334,0.0,3
3705,1464.44,104.581,-0.103559,-0.0136555,-0.0421814,40.338,76.262,0.0,0.06853991993109829,0.0,0.0809307692307689,3
3706,1465.08,104.606,-0.136828,-0.0139821,-0.0405762,40.4213,76.284,0.0,0.06822692320424403,0.25,0.0,3
3707,1465.72,104.772,-0.162449,-0.0142892,-0.0389648,40.5013,76.306,0.0,0.06835744315181701,0.2659400000000004,0.0,3
3708,1466.36,104.54,-0.191255,-0.0147441,-0.0373505,40.605,76.328,0.0,0.06867362319047274,0.0,0.07873846153846167,3
3709,1466.99,104.565,-0.227398,-0.0154088,-0.0357208,40.7424,76.35,0.0,0.0691640294170196,0.25,0.0,3
3710,1467.63,104.734,-0.236616,-0.0159443,-0.0340454,40.8602,76.372,0.0,0.06976110090614572,0.26799000000000023,0.0,3
3711,1468.27,104.506,-0.24627,-0.0165189,-0.0322937,40.9861,76.394,0.0,0.07011393354332338,0.0,0.0772769230769228,3
3712,1468.91,104.536,-0.261093,-0.0172094,-0.0304871,41.1316,76.416,0.0,0.07034953666678301,0.25,0.0,3
3713,1469.55,104.705,-0.256541,-0.0177119,-0.0286102,41.2487,76.438,0.0,0.07049729083780464,0.26944,0.0,3
3714,1470.19,104.874,-0.244359,-0.0180896,-0.0266266,41.3477,76.46,0.0,0.0703802017619144,0.26099000000000017,0.0,3
3715,1470.83,104.628,-0.241558,-0.0185064,-0.0246094,41.4535,76.482,0.0,0.07002485349548415,0.0,0.0826615384615382,3
3716,1471.47,104.65,-0.245428,-0.0190776,-0.0225281,41.5856,76.504,0.0,0.06967011433013244,0.25,0.0,3
3717,1472.11,104.812,-0.212577,-0.0198548,-0.020343,41.7533,76.526,0.0,0.06931022433022421,0.26373999999999986,0.0,3
3718,1472.75,104.561,-0.227089,-0.0208352,-0.0180359,41.9563,76.548,0.0,0.06841504180198482,0.0,0.08027692307692291,3
3719,1473.38,104.599,-0.251215,-0.0218404,-0.0156219,42.1659,76.57,0.0,0.06773762942679562,0.25,0.0,3
3720,1474.02,104.761,-0.25436,-0.0224698,-0.0131317,42.3161,76.592,0.0,0.06726447082439496,0.2662899999999999,0.0,3
3721,1474.66,104.512,-0.227539,-0.0228809,-0.0105652,42.4322,76.614,0.0,0.06675411459443548,0.0,0.07831538461538437,3
3722,1475.3,104.559,-0.161724,-0.0228789,-0.0078949,42.4829,76.636,0.0,0.0659642282732953,0.25,0.0,3
3723,1475.94,104.72,-0.105236,-0.0224593,-0.00517578,42.4663,76.658,0.0,0.06457803265159252,0.26829000000000025,0.0,3
3724,1476.58,104.877,-0.0951309,-0.0219806,-0.00248413,42.4397,76.68,0.0,0.0630122640568307,0.26024000000000014,0.0,3
3725,1477.22,104.626,-0.125392,-0.0216964,0.000149536,42.4437,76.702,0.0,0.06191735226918568,0.0,0.08277692307692283,3
3726,1477.86,104.634,-0.173155,-0.0216954,0.00270386,42.4921,76.724,0.0,0.06163125536390148,0.25,0.0,3
3727,1478.5,104.795,-0.204546,-0.0216726,0.00521545,42.536,76.746,0.0,0.061982132977455404,0.2645400000000001,0.0,3
3728,1479.14,104.558,-0.228672,-0.0217541,0.00770264,42.5964,76.768,0.0,0.06254323220763988,0.0,0.07962307692307692,3
3729,1479.78,104.574,-0.254443,-0.0220063,0.0101837,42.6844,76.79,0.0,0.06318012387467795,0.25,0.0,3
3730,1480.42,104.738,-0.25408,-0.0221284,0.0126739,42.7512,76.812,0.0,0.06380399886141142,0.2675400000000002,0.0,3
3731,1481.06,104.504,-0.255742,-0.0222819,0.0151886,42.8237,76.834,0.0,0.06411728002824976,0.0,0.07743076923076914,3
3732,1481.7,104.527,-0.262623,-0.0225413,0.0176941,42.9131,76.856,0.0,0.06429299203667044,0.25,0.0,3
3733,1482.34,104.692,-0.253449,-0.0226272,0.0202515,42.9753,76.878,0.0,0.0643767206049646,0.2698900000000001,0.0,3
3734,1482.98,104.857,-0.239755,-0.0225967,0.0228119,43.0184,76.9,0.0,0.06423119186910381,0.26164000000000043,0.0,3
3735,1483.62,104.588,-0.194226,-0.0228456,0.025412,43.1077,76.922,0.0,0.06391406564352707,0.0,0.08200769230769221,3
3736,1484.26,104.622,-0.205928,-0.0236781,0.0281097,43.294,76.944,0.0,0.06306940297625316,0.25,0.0,3
3737,1484.9,104.779,-0.218143,-0.0242799,0.0308868,43.4442,76.966,0.0,0.06236484003211473,0.26514000000000015,0.0,3
3738,1485.54,104.522,-0.230202,-0.0247386,0.0337311,43.5723,76.988,0.0,0.061803560912322614,0.0,0.0790076923076921,3
3739,1486.18,104.549,-0.25076,-0.0250824,0.0365845,43.6819,77.01,0.0,0.06142379289522759,0.25,0.0,3
3740,1486.82,104.724,-0.144429,-0.0245836,0.0395203,43.6548,77.032,0.0,0.06125998347792366,0.26878999999999975,0.0,3
3741,1487.46,104.876,-0.0574003,-0.0235451,0.0424713,43.5402,77.054,0.0,0.05989777081674137,0.26003999999999994,0.0,3
3742,1488.1,104.599,-0.0419694,-0.0225843,0.0453552,43.4375,77.076,0.0,0.05813611834337612,0.0,0.08273846153846165,3
3743,1488.74,104.604,-0.0793638,-0.0219329,0.048114,43.383,77.098,0.0,0.05702401995916864,0.25,0.0,3
3744,1489.38,104.755,-0.122191,-0.0213721,0.0507263,43.3407,77.12,0.0,0.056870678228946495,0.26604000000000017,0.0,3
3745,1490.02,104.517,-0.173355,-0.0210174,0.0532349,43.3299,77.142,0.0,0.057384850820968905,0.0,0.07808461538461514,3
3746,1490.66,104.52,-0.221792,-0.0209091,0.0556335,43.3568,77.164,0.0,0.05844083321689722,0.25,0.0,3
3747,1491.3,104.679,-0.239231,-0.0207728,0.0579864,43.3784,77.186,0.0,0.0597273060203691,0.2702400000000003,0.0,3
3748,1491.94,104.837,-0.240848,-0.0205987,0.060321,43.3933,77.208,0.0,0.060779587965473725,0.26229,0.0,3
3749,1492.58,104.585,-0.245788,-0.0204852,0.0626312,43.4177,77.23,0.0,0.061498395451965046,0.0,0.08123846153846159,3
3750,1493.22,104.593,-0.252479,-0.0205243,0.06492,43.4662,77.252,0.0,0.062073350160320374,0.25,0.0,3
3751,1493.86,104.747,-0.246698,-0.0204409,0.0672119,43.495,77.274,0.0,0.062498311722477704,0.26658999999999994,0.0,3
3752,1494.51,104.501,-0.243117,-0.0204213,0.0694946,43.5338,77.296,0.0,0.0626875451931704,0.0,0.077776923076923,3
3753,1495.14,104.512,-0.225608,-0.0206111,0.0717987,43.6066,77.318,0.0,0.06278172490826645,0.25,0.0,3
3754,1495.79,104.666,-0.186963,-0.0213473,0.0742004,43.7694,77.34,0.0,0.06254718212261808,0.2706400000000001,0.0,3
3755,1496.43,104.82,-0.196677,-0.0221341,0.0767212,43.9426,77.362,0.0,0.0616625445505188,0.2629400000000003,0.0,3
3756,1497.07,104.542,-0.214823,-0.0227512,0.0793182,44.09,77.384,0.0,0.060919928141163746,0.0,0.08058461538461505,3
3757,1497.71,104.563,-0.240885,-0.0231746,0.081955,44.2067,77.406,0.0,0.06046571114156968,0.25,0.0,3
3758,1498.35,104.731,-0.162984,-0.0228637,0.0846222,44.2049,77.428,0.0,0.060308906743164484,0.26809,0.0,3
3759,1498.99,104.44,-0.0557484,-0.0218423,0.0873352,44.0891,77.45,0.0,0.05926177148742386,0.0,0.07716153846153818,3
3760,1499.63,104.463,-0.0131101,-0.0207699,0.0900085,43.9649,77.472,0.0,0.05752037250369263,0.25,0.0,3
3761,1500.27,104.604,-0.0244321,-0.0197023,0.0925537,43.8396,77.494,0.0,0.056084232713439756,0.2730900000000004,0.0,3
3762,1500.91,104.749,-0.0689417,-0.0188049,0.0949402,43.7395,77.516,0.0,0.0554994736200306,0.26604000000000017,0.0,3
3763,1501.55,104.501,-0.128192,-0.0182079,0.0971588,43.6846,77.538,0.0,0.05584837211712562,0.0,0.0778538461538459,3
3764,1502.2,104.488,-0.19275,-0.0179613,0.0992462,43.6831,77.56,0.0,0.056971285597858336,0.25,0.0,3
3765,1502.84,104.637,-0.227117,-0.0177634,0.10126,43.6881,77.582,0.0,0.05854929975234355,0.27184000000000014,0.0,3
3766,1503.48,104.788,-0.240784,-0.0175613,0.103201,43.6911,77.604,0.0,0.06002770574806875,0.2643900000000001,0.0,3
3767,1504.12,104.531,-0.248723,-0.017444,0.105112,43.7069,77.626,0.0,0.061193290386757714,0.0,0.07935384615384596,3
3768,1504.76,104.529,-0.259352,-0.0175059,0.107013,43.7512,77.648,0.0,0.06211195766138462,0.25,0.0,3
3769,1505.4,104.675,-0.252572,-0.0174735,0.108911,43.7805,77.67,0.0,0.06281523375976258,0.2697900000000003,0.0,3
3770,1506.05,104.822,-0.240777,-0.0173624,0.110815,43.7971,77.692,0.0,0.0631718001034246,0.2624900000000002,0.0,3
3771,1506.69,104.554,-0.237095,-0.0173019,0.11272,43.8219,77.714,0.0,0.06326528767100695,0.0,0.08066153846153849,3
3772,1507.33,104.551,-0.209423,-0.0176781,0.114658,43.9165,77.736,0.0,0.06332129660944476,0.25,0.0,3
3773,1507.97,104.693,-0.20981,-0.0181993,0.116666,44.0356,77.758,0.0,0.06289751892891135,0.26869,0.0,3
3774,1508.61,104.835,-0.216169,-0.0185416,0.118726,44.1272,77.78,0.0,0.06243754116609937,0.2615900000000002,0.0,3
3775,1509.26,104.556,-0.227026,-0.0187886,0.120825,44.2042,77.802,0.0,0.06207669155746608,0.0,0.08116153846153815,3
3776,1509.9,104.569,-0.230254,-0.0189756,0.122922,44.2717,77.824,0.0,0.061915790156628764,0.25,0.0,3
3777,1510.54,104.711,-0.144273,-0.0184396,0.125079,44.2249,77.846,0.0,0.061770374091945746,0.26779,0.0,3
3778,1511.18,104.846,-0.0816559,-0.0175679,0.127246,44.1251,77.868,0.0,0.06072543539998842,0.2606900000000002,0.0,3
3779,1511.82,104.559,-0.0818874,-0.0168155,0.129337,44.0431,77.89,0.0,0.059468275373768406,0.0,0.08158461538461545,3
3780,1512.47,104.546,-0.121724,-0.0163835,0.131299,44.0098,77.912,0.0,0.058864931673842574,0.25,0.0,3
3781,1513.11,104.682,-0.160241,-0.0160144,0.133173,43.9851,77.934,0.0,0.05906276526945684,0.2689399999999998,0.0,3
3782,1513.75,104.822,-0.189442,-0.0157107,0.134964,43.9691,77.956,0.0,0.059744398432422824,0.26214000000000004,0.0,3
3783,1514.39,104.555,-0.21787,-0.01557,0.136707,43.9781,77.978,0.0,0.0606202590707106,0.0,0.08066153846153849,3
3784,1515.04,104.542,-0.248169,-0.0156615,0.138397,44.0226,78.0,0.0,0.06162150396680386,0.25,0.0,3
3785,1515.68,104.681,-0.25358,-0.0156739,0.140063,44.0543,78.022,0.0,0.0626348173309418,0.26914000000000005,0.0,3
3786,1516.32,104.82,-0.249163,-0.0156029,0.141733,44.0728,78.044,0.0,0.06335761089888321,0.26219000000000026,0.0,3
3787,1516.96,104.548,-0.246152,-0.0156034,0.14339,44.1024,78.066,0.0,0.06379319482621144,0.0,0.08058461538461505,3
3788,1517.61,104.54,-0.25458,-0.0157617,0.145062,44.157,78.088,0.0,0.06408661970887995,0.25,0.0,3
3789,1518.25,104.678,-0.248931,-0.0157855,0.146741,44.1906,78.11,0.0,0.06434695713907643,0.2692399999999998,0.0,3
3790,1518.89,104.817,-0.238494,-0.0157178,0.148441,44.2101,78.132,0.0,0.06443320075611983,0.26234000000000024,0.0,3
3791,1519.53,104.546,-0.238021,-0.0157149,0.15015,44.24,78.154,0.0,0.06437170308449028,0.0,0.08046923076923043,3
3792,1520.18,104.538,-0.251032,-0.0158742,0.151837,44.295,78.176,0.0,0.0643651900000682,0.25,0.0,3
3793,1520.82,104.676,-0.248341,-0.0159009,0.15354,44.3293,78.198,0.0,0.064482213096682,0.26934000000000025,0.0,3
3794,1521.46,104.815,-0.237381,-0.0158647,0.155258,44.354,78.22,0.0,0.0645074858827091,0.26244,0.0,3
3795,1522.1,104.544,-0.241787,-0.0158961,0.156964,44.3891,78.242,0.0,0.06438918914224867,0.0,0.08039230769230753,3
3796,1522.75,104.536,-0.256074,-0.016074,0.158685,44.4475,78.264,0.0,0.06439556724541878,0.25,0.0,3
3797,1523.39,104.675,-0.250509,-0.0161365,0.160407,44.4878,78.286,0.0,0.06452908964842008,0.26944,0.0,3
3798,1524.03,104.813,-0.241531,-0.0161312,0.162149,44.5178,78.308,0.0,0.0645185724247469,0.2624900000000002,0.0,3
3799,1524.68,104.543,-0.244934,-0.0161722,0.163892,44.5549,78.33,0.0,0.06439068641253091,0.0,0.08031538461538464,3
3800,1525.32,104.535,-0.257833,-0.0163501,0.165634,44.6137,78.352,0.0,0.06437376900195646,0.25,0.0,3
3801,1525.96,104.673,-0.253797,-0.0163849,0.167392,44.6501,78.374,0.0,0.0644729132548243,0.2694900000000003,0.0,3
3802,1526.6,104.813,-0.243972,-0.0163243,0.169156,44.6715,78.396,0.0,0.06446300868135788,0.26259,0.0,3
3803,1527.25,104.543,-0.243641,-0.0163263,0.170908,44.7026,78.418,0.0,0.06433815230997134,0.0,0.08031538461538464,3
3804,1527.89,104.535,-0.255898,-0.0164893,0.172659,44.759,78.44,0.0,0.06428728759504934,0.25,0.0,3
3805,1528.53,104.673,-0.252207,-0.0165179,0.174435,44.7946,78.462,0.0,0.06435942820321416,0.2694900000000003,0.0,3
3806,1529.18,104.812,-0.24284,-0.016455,0.176212,44.8159,78.484,0.0,0.0643331561177655,0.26259,0.0,3
3807,1529.82,104.542,-0.242756,-0.0164569,0.177991,44.8472,78.506,0.0,0.06419971502742192,0.0,0.08027692307692291,3
3808,1530.46,104.534,-0.255204,-0.016619,0.179776,44.9041,78.528,0.0,0.06414066394231216,0.25,0.0,3
3809,1531.11,104.673,-0.251853,-0.0166476,0.181561,44.9398,78.55,0.0,0.06420376120922891,0.2695399999999998,0.0,3
3810,1531.75,104.813,-0.242517,-0.0165837,0.183371,44.9613,78.572,0.0,0.06417279531522513,0.26259,0.0,3
3811,1532.39,104.543,-0.242288,-0.0165837,0.185187,44.9931,78.594,0.0,0.06402251294086098,0.0,0.08031538461538464,3
3812,1533.04,104.535,-0.254829,-0.0167449,0.186987,45.0499,78.616,0.0,0.06393763878213612,0.25,0.0,3
3813,1533.68,104.673,-0.25137,-0.0167726,0.188782,45.0855,78.638,0.0,0.06397289790772247,0.2694900000000003,0.0,3
3814,1534.32,104.813,-0.242337,-0.0167077,0.19061,45.1071,78.66,0.0,0.06391169148414644,0.26259,0.0,3
3815,1534.97,104.543,-0.242483,-0.0167087,0.192413,45.1387,78.682,0.0,0.0637347977781828,0.0,0.08031538461538464,3
3816,1535.61,104.535,-0.255128,-0.0168694,0.194223,45.1954,78.704,0.0,0.06362097053416702,0.25,0.0,3
3817,1536.25,104.673,-0.251708,-0.0168956,0.196048,45.2312,78.726,0.0,0.0636196538125548,0.2694900000000003,0.0,3
3818,1536.9,104.812,-0.242618,-0.0168298,0.197885,45.2527,78.748,0.0,0.06351278706427801,0.26259,0.0,3
3819,1537.54,104.543,-0.245169,-0.0168017,0.199725,45.2802,78.77,0.0,0.06329323482233393,0.0,0.08027692307692291,3
3820,1538.19,104.535,-0.257163,-0.016907,0.201544,45.3283,78.792,0.0,0.06317614716947223,0.25,0.0,3
3821,1538.83,104.673,-0.252596,-0.0168679,0.203369,45.3537,78.814,0.0,0.06316610276953015,0.2694900000000003,0.0,3
3822,1539.47,104.812,-0.242583,-0.0167368,0.205188,45.3644,78.836,0.0,0.06304263021322543,0.26259,0.0,3
3823,1540.12,104.542,-0.241607,-0.0166667,0.207019,45.3851,78.858,0.0,0.06279829990038324,0.0,0.08027692307692291,3
3824,1540.76,104.534,-0.253359,-0.0167554,0.208826,45.4302,78.88,0.0,0.06262229051542836,0.25,0.0,3
3825,1541.4,104.674,-0.249585,-0.0167125,0.210645,45.4549,78.902,0.0,0.06257233465492777,0.2695399999999998,0.0,3
3826,1542.05,104.814,-0.243132,-0.0165532,0.212457,45.461,78.924,0.0,0.06243072106414982,0.2625399999999998,0.0,3
3827,1542.69,104.544,-0.242749,-0.0164302,0.214209,45.4718,78.946,0.0,0.062213290329170834,0.0,0.0803538461538458,3
3828,1543.34,104.536,-0.253763,-0.016454,0.215979,45.506,78.968,0.0,0.06206310310345852,0.25,0.0,3
3829,1543.98,104.674,-0.249055,-0.0163434,0.217737,45.5189,78.99,0.0,0.06201786997078125,0.26944,0.0,3
3830,1544.63,104.814,-0.239354,-0.0161436,0.219485,45.5176,79.012,0.0,0.06187677157941918,0.2625399999999998,0.0,3
3831,1545.27,104.544,-0.238572,-0.0160058,0.221252,45.5262,79.034,0.0,0.06163670673864527,0.0,0.0803538461538458,3
3832,1545.91,104.536,-0.252837,-0.0159991,0.22298,45.5548,79.056,0.0,0.061447982971069535,0.25,0.0,3
3833,1546.56,104.675,-0.24887,-0.0158342,0.22468,45.558,79.078,0.0,0.06139598476373962,0.26944,0.0,3
3834,1547.2,104.814,-0.238546,-0.0155719,0.226373,45.546,79.1,0.0,0.06123922401819119,0.2624900000000002,0.0,3
3835,1547.85,104.544,-0.23759,-0.0153678,0.228052,45.5427,79.122,0.0,0.060967518141033974,0.0,0.0803538461538458,3
3836,1548.49,104.535,-0.248734,-0.0153182,0.229697,45.5631,79.144,0.0,0.06075334190221081,0.25,0.0,3
3837,1549.14,104.805,-0.256207,-0.0151432,0.23132,45.5635,79.166,0.0,0.060487964109483074,0.42525000000000035,0.0,3
3838,1549.78,105.132,-0.260451,-0.0148948,0.232904,45.5516,79.188,0.0,0.06010736130010359,0.41174999999999984,0.0,3
3839,1550.43,105.438,-0.25523,-0.0145248,0.23447,45.5205,79.21,0.0,0.059627547503630356,0.3954,0.0,3
3840,1551.08,105.723,-0.246095,-0.0140112,0.235974,45.4661,79.232,0.0,0.0590031615747216,0.3801000000000001,0.0,3
3841,1551.73,105.989,-0.235302,-0.0133699,0.23743,45.3911,79.254,0.0,0.058333261716161114,0.36585000000000023,0.0,3
3842,1552.39,106.236,-0.223794,-0.0126665,0.238815,45.3054,79.276,0.0,0.05768554513261741,0.35255,0.0,3
3843,1553.04,106.468,-0.219228,-0.0119451,0.240121,45.2158,79.298,0.0,0.057039935378086604,0.34019999999999995,0.0,3
3844,1553.7,106.685,-0.219155,-0.0112074,0.241351,45.1226,79.32,0.0,0.05647977102732767,0.3286,0.0,3
3845,1554.36,106.888,-0.218537,-0.0104669,0.24248,45.0277,79.342,0.0,0.05619563534987587,0.3177500000000001,0.0,3
3846,1555.02,107.078,-0.2188,-0.00973732,0.243512,44.9331,79.364,0.0,0.05612327684019575,0.30759999999999993,0.0,3
3847,1555.68,107.255,-0.219549,-0.00901252,0.244443,44.8375,79.386,0.0,0.05619823634073079,0.29810000000000003,0.0,3
3848,1556.34,107.421,-0.220588,-0.00828869,0.245288,44.7411,79.408,0.0,0.05637797035706736,0.28925000000000045,0.0,3
3849,1557.0,107.575,-0.218862,-0.00758678,0.246042,44.6468,79.43,0.0,0.056645269178371226,0.28094999999999987,0.0,3
3850,1557.66,107.72,-0.220433,-0.00690872,0.246695,44.5545,79.452,0.0,0.05693968424195103,0.27325000000000005,0.0,3
3851,1558.33,107.854,-0.222811,-0.00623542,0.247266,44.4618,79.474,0.0,0.057290199393827804,0.26600000000000024,0.0,3
3852,1558.99,107.585,-0.233617,-0.00571758,0.247751,44.3914,79.496,0.0,0.05769077227814469,0.0,0.0774615384615383,3
3853,1559.65,107.567,-0.259727,-0.00543482,0.24816,44.3556,79.518,0.0,0.05824379547174302,0.25,0.0,3
3854,1560.32,107.701,-0.266109,-0.00508434,0.248505,44.3084,79.54,0.0,0.058991539425694926,0.2736500000000005,0.0,3
3855,1560.98,107.837,-0.263747,-0.00470287,0.248801,44.2558,79.562,0.0,0.059627539840608056,0.2669500000000005,0.0,3
3856,1561.65,107.965,-0.25985,-0.00428421,0.249048,44.1967,79.584,0.0,0.060093436992862265,0.26015,0.0,3
3857,1562.31,107.681,-0.2656,-0.00394661,0.249246,44.1492,79.606,0.0,0.06044210980774866,0.0,0.08173076923076923,3
3858,1562.97,107.659,-0.28117,-0.00380975,0.24939,44.131,79.628,0.0,0.060866027857883115,0.25,0.0,3
3859,1563.64,107.788,-0.283326,-0.00358516,0.249503,44.0991,79.65,0.0,0.06137203535373757,0.2690499999999999,0.0,3
3860,1564.3,107.918,-0.27666,-0.00331384,0.249594,44.0598,79.672,0.0,0.06177372107387474,0.2626000000000004,0.0,3
3861,1564.97,107.641,-0.281375,-0.00314075,0.24968,44.0353,79.694,0.0,0.06201279094517124,0.0,0.07992307692307704,3
3862,1565.63,107.621,-0.299338,-0.00314457,0.249707,44.0363,79.716,0.0,0.062310912140702446,0.25,0.0,3
3863,1566.29,107.752,-0.297081,-0.00304443,0.249731,44.0217,79.738,0.0,0.06273012911878811,0.27095000000000047,0.0,3
3864,1566.96,107.884,-0.290486,-0.00287658,0.249731,43.9964,79.76,0.0,0.06298929148494221,0.2644000000000004,0.0,3
3865,1567.62,107.609,-0.292467,-0.0027774,0.24971,43.9812,79.782,0.0,0.06310897462401177,0.0,0.0786153846153845,3
3866,1568.29,107.59,-0.307139,-0.00284225,0.249683,43.9905,79.804,0.0,0.06327909515880217,0.25,0.0,3
3867,1568.95,107.723,-0.302225,-0.00279791,0.249655,43.9833,79.826,0.0,0.0635571890953043,0.2725,0.0,3
3868,1569.61,107.857,-0.29424,-0.00268823,0.249625,43.9664,79.848,0.0,0.0636743715291403,0.26585000000000025,0.0,3
3869,1570.28,107.585,-0.295474,-0.00265199,0.249606,43.9606,79.87,0.0,0.06366258001206394,0.0,0.07757692307692292,3
3870,1570.94,107.568,-0.310291,-0.00278503,0.249561,43.9798,79.892,0.0,0.06371038460794615,0.25,0.0,3
3871,1571.6,107.701,-0.30819,-0.00278408,0.249527,43.9791,79.914,0.0,0.0638803713988293,0.2736000000000003,0.0,3
3872,1572.27,107.836,-0.299641,-0.00268871,0.249496,43.9642,79.936,0.0,0.06393350335495923,0.2669500000000005,0.0,3
3873,1572.93,107.963,-0.288061,-0.002518,0.249445,43.9377,79.958,0.0,0.06384605377096732,0.26020000000000026,0.0,3
3874,1573.6,107.679,-0.288443,-0.00242788,0.249405,43.9236,79.98,0.0,0.06364122556421162,0.0,0.08165384615384579,3
3875,1574.26,107.657,-0.304142,-0.00253231,0.249347,43.9382,80.002,0.0,0.06352791186410257,0.25,0.0,3
3876,1574.92,107.786,-0.303817,-0.00252372,0.24928,43.9358,80.024,0.0,0.06353144375516948,0.26915000000000033,0.0,3
3877,1575.59,107.916,-0.299773,-0.00240547,0.249216,43.9169,80.046,0.0,0.06341538605831054,0.26270000000000016,0.0,3
3878,1576.25,107.638,-0.301238,-0.00232965,0.249139,43.9043,80.068,0.0,0.06318696015430028,0.0,0.0798461538461536,3
3879,1576.92,107.559,-0.313094,-0.00240881,0.249051,43.9146,80.09,0.0,0.06297199226253107,0.18,0.0,3
3880,1577.58,107.662,-0.308992,-0.00235778,0.248953,43.9054,80.112,0.0,0.06275440390938655,0.268555563305633,0.0,3
3881,1578.24,107.377,-0.314899,-0.00233299,0.248862,43.9,80.134,0.0,0.06229051349351658,0.0,0.08468377756595985,3
3882,1578.9,106.906,-0.349276,-0.00264103,0.248743,43.9443,80.156,0.0,0.06185048249509487,0.0,0.0875872657072459,3
3883,1579.56,106.44,-0.39435,-0.00321752,0.248642,44.0291,80.178,0.0,0.06171968915604309,0.0,0.08541369233381821,3
3884,1580.21,105.978,-0.437912,-0.00397188,0.248566,44.1414,80.2,0.0,0.06177438499931828,0.0,0.08502614745124723,3
3885,1580.86,105.515,-0.473117,-0.00482303,0.24855,44.2697,80.222,0.0,0.061863449341669825,0.0,0.08596878951306983,3
3886,1581.51,105.048,-0.497531,-0.00571424,0.248599,44.4054,80.244,0.0,0.061810618094919945,0.0,0.08790918253936734,3
3887,1582.16,104.577,-0.511114,-0.00660497,0.24874,44.5431,80.266,0.0,0.06151228904681585,0.0,0.09047049330439669,3
3888,1582.8,104.098,-0.518798,-0.00745088,0.248972,44.6863,80.288,0.0,0.06090788309750033,0.0,0.09345402086428468,3
3889,1583.44,103.613,-0.519696,-0.00821811,0.249304,44.8628,80.31,0.0,0.05982874157959074,0.0,0.09643439865665088,3
3890,1584.08,103.12,-0.51757,-0.00886661,0.249719,45.0724,80.332,0.0,0.05824425777041897,0.0,0.0993963231342997,3
3891,1584.71,102.574,-0.512871,-0.00936014,0.250208,45.3132,80.354,0.0,0.05633695840134105,0.0,0.12264284369044003,3
3892,1585.34,101.993,-0.504533,-0.00969488,0.250751,45.5887,80.376,0.0,0.054280127691572574,0.0,0.12942308760942958,3
3893,1585.97,101.42,-0.491892,-0.0098899,0.251337,45.9087,80.398,0.0,0.05212266968017841,0.0,0.12398710133170983,3
3894,1586.59,100.884,-0.475543,-0.00995475,0.25195,46.2849,80.42,0.0,0.04987635494268862,0.0,0.11057582062110072,3
3895,1587.21,100.405,-0.455236,-0.00987846,0.252582,46.7277,80.442,0.0,0.04757520980354987,0.0,0.09228381138037087,3
3896,1587.83,99.75,-0.442495,-0.00961858,0.25321,47.2428,80.464,0.0,0.045601529666536675,0.0,0.18264547935039188,3
3897,1588.44,99.0712,-0.424722,-0.00917846,0.253815,47.8527,80.486,0.0,0.04365035958244777,0.0,0.15172722172939884,3
3898,1589.05,98.5029,-0.403213,-0.00863058,0.254367,48.6296,80.508,0.0,0.04176825919958162,0.0,0.11774225169918887,3
3899,1589.66,98.0431,-0.37982,-0.00796157,0.254858,49.6728,80.53,0.0,0.03988312025730045,0.0,0.08609788273329254,3
3900,1590.26,97.9889,-0.34722,-0.00691444,0.255295,51.0609,80.552,0.0,0.035772077822114313,0.18,0.0,3
3901,1590.86,98.1285,-0.296548,-0.00533706,0.255624,53.4446,80.574,0.0,0.03255344319842255,0.28,0.0,3
3902,1591.47,98.3023,-0.24782,-0.00336868,0.255811,96.9099,80.596,0.0,0.02997307590744543,0.28,0.0,3
3903,1592.08,98.475,-0.203717,-0.00110466,0.255801,95.965,80.618,0.0,0.027951970790602364,0.28,0.0,3
3904,1592.68,98.6469,-0.169952,0.0013625,0.255554,95.058,80.64,0.0,0.026455803957138233,0.28,0.0,3
3905,1593.29,98.818,-0.144467,0.003946,0.255038,94.1721,80.662,0.0,0.025462847786082272,0.28,0.0,3
3906,1593.9,98.9889,-0.125847,0.00655812,0.254236,93.2904,80.684,0.0,0.024924495624554656,0.28,0.0,3
3907,1594.51,99.1605,-0.11441,0.00914782,0.253128,92.4034,80.706,0.0,0.024772321804178182,0.28,0.0,3
3908,1595.12,99.3326,-0.108323,0.0117127,0.251718,91.5105,80.728,0.0,0.02497853022499539,0.28,0.0,3
3909,1595.74,99.5051,-0.105281,0.0142624,0.250003,90.6139,80.75,0.0,0.025493783984174234,0.28,0.0,3
3910,1596.35,99.8284,-0.105683,0.0167658,0.247946,89.7071,80.772,0.0,0.02627188437394393,0.46,0.0,3
3911,1596.97,100.36,-0.118179,0.0191752,0.245596,88.7781,80.794,0.0,0.027258910645716526,0.64,0.0,3
3912,1597.59,101.089,-0.147963,0.0214559,0.242926,87.8183,80.816,0.0,0.02842288204455281,0.8200000000000001,0.0,3
3913,1598.21,101.995,-0.198724,0.0235464,0.239908,86.8146,80.838,0.0,0.02975829030571155,1.0,0.0,3
3914,1598.84,102.967,-0.263233,0.0254518,0.236536,85.7666,80.86,0.0,0.031293586658971695,0.88,0.0,3
3915,1599.48,103.903,-0.306128,0.0273272,0.232834,84.7033,80.882,0.0,0.03301687046300898,0.88,0.0,3
3916,1600.12,104.596,-0.299142,0.0293137,0.22883,83.6515,80.904,0.0,0.034723090962098566,0.54,0.0,3
3917,1600.77,104.85,-0.24536,0.0315477,0.224597,82.6407,80.926,0.0,0.03621516506565514,0.28,0.0,3
3918,1601.41,105.009,-0.199035,0.0337397,0.220132,81.6222,80.948,0.0,0.03740435682499871,0.28,0.0,3
3919,1602.06,105.169,-0.174593,0.0357358,0.215439,80.5685,80.97,0.0,0.03842726697428376,0.28,0.0,3
3920,1602.71,105.33,-0.165595,0.0375535,0.210498,79.4839,80.992,0.0,0.039418901753662,0.28,0.0,3
3921,1603.36,105.492,-0.163807,0.0392515,0.205331,78.3792,81.014,0.0,0.04045356063230749,0.28,0.0,3
3922,1604.01,105.652,-0.161485,0.0408484,0.199942,77.2579,81.036,0.0,0.041550619476054075,0.28,0.0,3
3923,1604.66,105.813,-0.162574,0.0423724,0.194354,76.1251,81.058,0.0,0.042686257224503685,0.28,0.0,3
3924,1605.31,105.972,-0.164162,0.0438516,0.188559,74.9866,81.08,0.0,0.043870059978294566,0.28,0.0,3
3925,1605.96,106.131,-0.16541,0.0452916,0.182568,73.8431,81.102,0.0,0.04509517767635302,0.28,0.0,3
3926,1606.61,106.289,-0.166576,0.046693,0.176376,72.6952,81.124,0.0,0.046351558304503465,0.28,0.0,3
3927,1607.26,106.447,-0.165199,0.0480239,0.169995,71.5377,81.146,0.0,0.04762040383465329,0.28,0.0,3
3928,1607.92,106.603,-0.167459,0.0492756,0.163443,70.3694,81.168,0.0,0.04888200256362956,0.28,0.0,3
3929,1608.57,106.759,-0.171206,0.0504557,0.156714,69.192,81.19,0.0,0.050149628831226645,0.28,0.0,3
3930,1609.23,106.915,-0.175478,0.051563,0.149826,68.0058,81.212,0.0,0.051425001252269946,0.28,0.0,3
3931,1609.88,107.07,-0.177462,0.0525696,0.142783,66.8065,81.234,0.0,0.05265113668048345,0.28,0.0,3
3932,1610.54,107.225,-0.182702,0.0534779,0.135593,65.5953,81.256,0.0,0.053791315054333703,0.28,0.0,3
3933,1611.2,107.379,-0.188646,0.0543076,0.128281,64.3756,81.278,0.0,0.05487035078215523,0.28,0.0,3
3934,1611.85,106.671,-0.228844,0.0550305,0.120865,63.1481,81.3,0.0,0.05589749831105308,0.0,0.3,3
3935,1612.5,105.376,-0.318372,0.055556,0.113339,61.9119,81.322,0.0,0.05715246357736849,0.0,0.4062023976690642,3
3936,1613.14,103.943,-0.403983,0.0558783,0.105753,60.6698,81.344,0.0,0.05881591035194057,0.0,0.380267272999917,3
3937,1613.77,102.568,-0.467552,0.055741,0.0981567,59.3836,81.366,0.0,0.0607866101198673,0.0,0.3474309731586204,3
3938,1614.4,101.322,-0.521047,0.0549971,0.0906281,58.0323,81.388,0.0,0.06281084746034753,0.0,0.3156071452009597,3
3939,1615.01,100.193,-0.565298,0.0537803,0.0832459,56.6359,81.41,0.0,0.06470083029683836,0.0,0.28802679366514694,3
3940,1615.62,99.1562,-0.593051,0.0523331,0.0760529,55.231,81.432,0.0,0.06634921527988345,0.0,0.26438782543224176,3
3941,1616.23,98.1957,-0.596209,0.0507972,0.0690704,53.8378,81.454,0.0,0.06767606331666957,0.0,0.24401901438398546,3
3942,1616.82,97.2979,-0.582042,0.0492656,0.0623535,52.4686,81.476,0.0,0.06859221863171419,0.0,0.22653835608697648,3
3943,1617.42,96.4561,-0.555384,0.0478236,0.0558929,51.1347,81.498,0.0,0.06906633543697534,0.0,0.21146360344281318,3
3944,1618.0,95.6602,-0.519628,0.0464947,0.0496887,49.8379,81.52,0.0,0.06911298338056192,0.0,0.1987365813478475,3
3945,1618.59,94.903,-0.48047,0.0452506,0.0437164,48.5737,81.542,0.0,0.0690444776601116,0.0,0.18779001856063415,3
3946,1619.16,94.1793,-0.443265,0.0440413,0.03797,47.3347,81.564,0.0,0.06861103356983601,0.0,0.1785126089421425,3
3947,1619.74,93.4846,-0.412561,0.0428511,0.0324493,46.1182,81.586,0.0,0.06791745590176805,0.0,0.17050797276532792,3
3948,1620.31,92.8162,-0.384714,0.04169,0.0271301,44.9252,81.608,0.0,0.06704043349043269,0.0,0.1637598119861263,3
3949,1620.87,92.1866,-0.357461,0.0405633,0.0220093,43.7561,81.63,0.0,0.06608369421255839,0.0,0.15123474949306642,3
3950,1621.43,91.6136,-0.329783,0.0394837,0.0171021,42.6112,81.652,0.0,0.06504860244007296,0.0,0.13295039339565362,3
3951,1621.99,91.1107,-0.301976,0.0384666,0.0123322,41.4923,81.674,0.0,0.06367116766900821,0.0,0.1112511386691056,3
3952,1622.54,90.6838,-0.276981,0.0375583,0.00773926,40.4029,81.696,0.0,0.062283320555533636,0.0,0.08789842306395347,3
3953,1623.1,90.6567,-0.232858,0.036987,0.00327759,39.3661,81.718,0.0,0.0608957725026052,0.18,0.0,3
3954,1623.65,90.8003,-0.175873,0.0369088,-0.00108337,38.3932,81.74,0.0,0.059359081609253656,0.28,0.0,3
3955,1624.21,90.9735,-0.122195,0.0371577,-0.00538635,37.4627,81.762,0.0,0.05759812863372243,0.28,0.0,3
3956,1624.76,91.1464,-0.086638,0.0376746,-0.00968628,36.5666,81.784,0.0,0.05574780912132424,0.28,0.0,3
3957,1625.32,91.3191,-0.0654641,0.0384995,-0.014035,35.708,81.806,0.0,0.054023119119503596,0.28,0.0,3
3958,1625.88,91.491,-0.0455748,0.0394627,-0.0184723,34.8684,81.828,0.0,0.052563942049615106,0.28,0.0,3
3959,1626.44,91.6637,-0.0321681,0.0347735,-0.0228195,34.0328,81.85,0.0,0.05136957339976794,0.28,0.0,3
3960,1627.0,91.8376,-0.0259512,0.0257308,-0.0262604,33.1984,81.872,0.0,0.0494609573238145,0.28,0.0,3
3961,1627.56,92.0087,-0.0299503,0.0166923,-0.0286926,32.3714,81.894,0.0,0.04627648137402705,0.28,0.0,3
3962,1628.12,92.179,-0.0674004,0.0076372,-0.0301407,31.55,81.916,0.0,0.04215097619854119,0.28,0.0,3
3963,1628.69,92.3605,-0.0908119,-0.0012067,-0.0306137,30.7549,81.938,0.0,0.037449851826815844,0.28,0.0,3
3964,1629.26,92.5394,-0.0986056,-0.00970298,-0.0301254,29.9965,81.96,0.0,0.0322334659112394,0.28,0.0,3
3965,1629.82,92.7173,-0.0972532,-0.0178421,-0.0286957,29.2737,81.982,0.0,0.026672804464728063,0.28,0.0,3
3966,1630.39,92.8941,-0.0968604,-0.0256165,-0.026358,28.5851,82.004,0.0,0.02097075160123009,0.28,0.0,3
3967,1630.96,93.0697,-0.0995131,-0.0330308,-0.0231522,27.9287,82.026,0.0,0.015181672478809029,0.28,0.0,3
3968,1631.53,93.2444,-0.106333,-0.0400999,-0.0191147,27.3019,82.048,0.0,0.009358878986961267,0.28,0.0,3
3969,1632.1,93.4182,-0.113762,-0.0468596,-0.0142822,26.7002,82.07,0.0,0.0035518275417041577,0.28,0.0,3
3970,1632.67,93.5919,-0.126194,-0.0533097,-0.00870666,26.1229,82.092,0.0,-0.0022575396898759804,0.28,0.0,3
3971,1633.24,93.766,-0.13974,-0.0594295,-0.00242004,25.5703,82.114,0.0,-0.008026513702833976,0.28,0.0,3
3972,1633.82,93.9403,-0.152366,-0.0652102,0.00454407,25.0421,82.136,0.0,-0.013742350566528966,0.28,0.0,3
3973,1634.39,94.1152,-0.156699,-0.070721,0.0121689,24.5318,82.158,0.0,-0.019400095683429732,0.28,0.0,3
3974,1634.96,94.2903,-0.164548,-0.0759662,0.0204224,24.0386,82.18,0.0,-0.025043165884759782,0.28,0.0,3
3975,1635.54,94.4662,-0.175342,-0.0808957,0.0292618,23.5652,82.202,0.0,-0.03069938847641482,0.28,0.0,3
3976,1636.11,94.6429,-0.18568,-0.0854686,0.0386597,23.1138,82.224,0.0,-0.036347392353451344,0.28,0.0,3
3977,1636.69,94.8143,-0.197674,-0.0896514,0.0485641,22.6859,82.246,0.0,-0.041955750617742496,0.28,0.0,3
3978,1637.26,94.9742,-0.171995,-0.0932949,0.0589493,22.2902,82.268,0.0,-0.0474822648116299,0.28,0.0,3
3979,1637.84,95.1636,-0.155565,-0.096515,0.0697845,21.9183,82.29,0.0,-0.053068962931243344,0.28,0.0,3
3980,1638.42,95.3448,-0.156561,-0.0994385,0.0810028,21.5617,82.312,0.0,-0.05862396381095959,0.28,0.0,3
3981,1638.99,95.524,-0.167852,-0.102122,0.0925537,21.2169,82.334,0.0,-0.06403844987180178,0.28,0.0,3
3982,1639.57,95.7008,-0.187295,-0.104596,0.104417,20.8817,82.356,0.0,-0.06926722952310874,0.28,0.0,3
3983,1640.15,95.8753,-0.208719,-0.106846,0.116547,20.5573,82.378,0.0,-0.0742943487455343,0.28,0.0,3
3984,1640.73,96.0479,-0.226211,-0.108841,0.128929,20.2451,82.4,0.0,-0.07913460498989887,0.28,0.0,3
3985,1641.31,96.2188,-0.235988,-0.110547,0.141541,19.9471,82.422,0.0,-0.08382124216821965,0.28,0.0,3
3986,1641.89,96.3861,-0.267147,-0.111656,0.154318,19.6821,82.444,0.0,-0.10078571656229057,0.28,0.0,3
3987,1642.47,96.5515,-0.27937,-0.111981,0.167155,19.4618,82.466,0.0,-0.1144037370469856,0.28,0.0,3
3988,1643.05,96.7164,-0.264589,-0.111621,0.180025,19.2803,82.488,0.0,-0.1252936336849834,0.28,0.0,3
3989,1643.63,96.8827,-0.215152,-0.111038,0.192905,19.1103,82.51,0.0,-0.1339998997961459,0.28,0.0,3
3990,1644.22,97.0473,-0.18378,-0.11029,0.205789,18.9482,82.532,0.0,-0.14113419171856473,0.28,0.0,3
3991,1644.8,97.2102,-0.169767,-0.109198,0.21862,18.8058,82.554,0.0,-0.14685813148017454,0.28,0.0,3
3992,1645.38,97.3716,-0.162104,-0.10759,0.231339,18.6943,82.576,0.0,-0.15129751755880091,0.28,0.0,3
3993,1645.97,97.5126,-0.123822,-0.105366,0.243866,18.6211,82.598,0.0,-0.15462451168169228,0.28,0.0,3
3994,1646.55,97.6716,0.0342993,-0.102039,0.256227,18.6163,82.62,0.0,-0.15723317901221245,0.28,0.0,3
3995,1647.14,97.8391,0.148175,-0.0982803,0.268356,18.6419,82.642,0.0,-0.1599101923375416,0.28,0.0,3
3996,1647.73,98.0009,0.204416,-0.09456,0.280161,18.6715,82.664,0.0,-0.1623635354921386,0.28,0.0,3
3997,1648.31,98.1608,0.20885,-0.0910238,0.291574,18.6972,82.686,0.0,-0.16447544496890726,0.28,0.0,3
3998,1648.9,98.3186,0.178693,-0.0876926,0.302585,18.7177,82.708,0.0,-0.16625902696062858,0.28,0.0,3
3999,1649.49,98.4747,0.135871,-0.0844868,0.313167,18.7382,82.73,0.0,-0.16787794915216803,0.28,0.0,3
4000,1650.08,98.6295,0.100607,-0.0813125,0.323328,18.7649,82.752,0.0,-0.16904504503280937,0.28,0.0,3
4001,1650.67,98.7836,0.081973,-0.0780876,0.333092,18.8026,82.774,0.0,-0.1699357197266731,0.28,0.0,3
4002,1651.26,98.9375,0.0834235,-0.074746,0.342467,18.8564,82.796,0.0,-0.17075703701992295,0.28,0.0,3
4003,1651.85,99.0917,0.0984519,-0.071277,0.351469,18.9269,82.818,0.0,-0.17157930935118287,0.28,0.0,3
4004,1652.45,99.2525,0.166317,-0.0680488,0.360124,18.989,82.84,0.0,-0.15986189332652856,0.28,0.0,3
4005,1653.04,99.4169,0.213567,-0.0655869,0.36852,19.004,82.862,0.0,-0.1516759665250646,0.28,0.0,3
4006,1653.63,99.5822,0.219001,-0.0636805,0.376686,18.9847,82.884,0.0,-0.1461581300709517,0.28,0.0,3
4007,1654.23,99.7474,0.193285,-0.0619996,0.384637,18.9533,82.906,0.0,-0.14255506709553542,0.28,0.0,3
4008,1654.83,99.9131,0.163081,-0.0603126,0.392366,18.9263,82.928,0.0,-0.1402279213450031,0.28,0.0,3
4009,1655.42,100.061,0.212764,-0.0582622,0.399879,18.9289,82.95,0.0,-0.1388311551455402,0.28,0.0,3
4010,1656.02,99.5535,0.324451,-0.0556911,0.407211,18.9729,82.972,0.0,-0.13847512279933077,0.0,0.22660387270253926,3
4011,1656.61,98.6126,0.44553,-0.0527113,0.414284,19.0528,82.994,0.0,-0.1392073887853867,0.0,0.25438011639775315,3
4012,1657.19,97.6149,0.541103,-0.0492395,0.421069,19.1765,83.016,0.0,-0.14081887311558394,0.0,0.2613331940136808,3
4013,1657.77,96.6108,0.620924,-0.0452283,0.427444,19.352,83.038,0.0,-0.14309093313764837,0.0,0.26262807279586026,3
4014,1658.35,95.6167,0.690723,-0.0407646,0.433363,19.576,83.06,0.0,-0.14542003800964695,0.0,0.2608525905657817,3
4015,1658.91,94.6404,0.747511,-0.0359729,0.438759,19.8424,83.082,0.0,-0.1476516928368718,0.0,0.25713912472302636,3
4016,1659.47,93.6891,0.790831,-0.030988,0.44361,20.1427,83.104,0.0,-0.14965439205784362,0.0,0.249267218816313,3
4017,1660.03,92.7954,0.812307,-0.0259021,0.44789,20.4713,83.126,0.0,-0.15133236081276044,0.0,0.22642373874906896,3
4018,1660.58,91.9993,0.808644,-0.0207513,0.451585,20.8264,83.148,0.0,-0.15237147750966232,0.0,0.19336111917813964,3
4019,1661.12,91.3255,0.782754,-0.0155652,0.454646,21.207,83.17,0.0,-0.15302559651074452,0.0,0.15442869218301397,3
4020,1661.67,90.6656,0.773778,-0.0105737,0.457108,21.5926,83.192,0.0,-0.15323241390393583,0.0,0.17574538280209248,3
4021,1662.2,89.9786,0.744564,-0.00608713,0.459,21.9538,83.214,0.0,-0.1532171431456728,0.0,0.1762261313117014,3
4022,1662.74,89.3262,0.681514,-0.00189764,0.460353,22.3063,83.236,0.0,-0.1528853325055951,0.0,0.15558580499930594,3
4023,1663.27,88.7685,0.594839,0.00229233,0.46116,22.6768,83.258,0.0,-0.15211906697213184,0.0,0.1211000893152378,3
4024,1663.8,88.3271,0.504788,0.00665491,0.461391,23.0821,83.28,0.0,-0.15087477501274796,0.0,0.08795236735169819,3
4025,1664.32,88.218,0.444701,0.0111515,0.46106,23.5191,83.302,0.0,-0.14918154956142055,0.14,0.0,3
4026,1664.85,88.2445,0.427422,0.0157315,0.460193,23.9829,83.324,0.0,-0.14718100359644204,0.14,0.0,3
4027,1665.37,88.2729,0.382359,0.019972,0.458807,24.431,83.346,0.0,-0.1450816322686744,0.14,0.0,3
4028,1665.9,87.904,0.328731,0.0237052,0.456935,24.8441,83.368,0.0,-0.14270052180269616,0.0,0.13582385496950058,3
4029,1666.42,87.3026,0.269352,0.0270063,0.454622,25.2267,83.39,0.0,-0.14024610843850066,0.0,0.16125593531528182,3
4030,1666.94,86.6497,0.212561,0.0301759,0.451913,25.6073,83.412,0.0,-0.1378424057608651,0.0,0.17297543982422944,3
4031,1667.45,85.9756,0.174701,0.0334155,0.448842,26.0056,83.434,0.0,-0.13550773029556654,0.0,0.1794945596202606,3
4032,1667.96,85.2916,0.154975,0.0367114,0.445412,26.4204,83.456,0.0,-0.13329910960446728,0.0,0.18291842998832117,3
4033,1668.47,84.6064,0.139148,0.0399811,0.441649,26.8421,83.478,0.0,-0.13120367500106755,0.0,0.18430683977573964,3
4034,1668.97,83.9505,0.118942,0.043133,0.437572,27.2603,83.5,0.0,-0.12914194058627215,0.0,0.18440098555263845,2
4035,1669.47,83.3168,0.0899959,0.0460622,0.43318,27.663,83.522,0.0,-0.12707497479358695,0.0,0.1844426247123137,2
4036,1669.96,82.6325,0.0613935,0.0487868,0.4285,28.051,83.544,0.0,-0.1249599833875498,0.0,0.18426682111981962,2
4037,1670.45,81.8875,0.0462064,0.0514514,0.423563,28.4388,83.566,0.0,-0.12284898095572394,0.0,0.1817293809741395,2
4038,1670.94,81.1625,0.0371052,0.0539901,0.418405,28.8183,83.588,0.0,-0.12084077953172602,0.0,0.17701983723265394,2
4039,1671.42,80.4523,0.0203541,0.056369,0.413042,29.1849,83.61,0.0,-0.11898976633719058,0.0,0.17304544552758636,2
4040,1671.9,79.7586,-0.00305322,0.0586101,0.407475,29.5405,83.632,0.0,-0.11722120745940684,0.0,0.1694977698625035,2
4041,1672.37,79.0794,-0.0310478,0.0607321,0.401706,29.887,83.654,0.0,-0.11547471581478602,0.0,0.16634638854165693,2
4042,1672.84,78.4149,-0.0634508,0.0627581,0.395735,30.2268,83.676,0.0,-0.11371858170370923,0.0,0.1634573244608908,2
4043,1673.31,77.7639,-0.0908877,0.0646788,0.389584,30.5579,83.698,0.0,-0.11192605272120713,0.0,0.16079333299027682,2
4044,1673.77,77.1287,-0.0981403,0.0665404,0.383298,30.8849,83.72,0.0,-0.11012967993288367,0.0,0.15828356347261027,2
4045,1674.23,76.5002,-0.114097,0.0682809,0.376881,31.2001,83.742,0.0,-0.10844371115435497,0.0,0.1559795852853375,2
4046,1674.68,75.8828,-0.140774,0.0698635,0.370317,31.4997,83.764,0.0,-0.10684191126750939,0.0,0.1535750627860876,2
4047,1675.14,75.278,-0.168712,0.0712811,0.363647,31.7817,83.786,0.0,-0.10525056730473448,0.0,0.15123774236358017,2
4048,1675.58,74.6844,-0.199284,0.0725495,0.356865,32.048,83.808,0.0,-0.103670604117618,0.0,0.14901236911939827,2
4049,1676.03,74.101,-0.224933,0.0736749,0.349986,32.2988,83.83,0.0,-0.1021004758313353,0.0,0.14684628816151138,2
4050,1676.47,73.5277,-0.248955,0.07468,0.343045,32.5362,83.852,0.0,-0.10057894467360522,0.0,0.1447098226950564,2
4051,1676.91,72.9643,-0.265808,0.0755746,0.336035,32.7613,83.874,0.0,-0.09911290511828899,0.0,0.1426065909097814,2
4052,1677.34,72.4105,-0.281195,0.0763737,0.328989,32.9752,83.896,0.0,-0.09775662865022537,0.0,0.14053614927604924,2
4053,1677.77,71.8684,-0.29449,0.077099,0.321899,33.1805,83.918,0.0,-0.09650850386164778,0.0,0.13849483221902786,2
4054,1678.2,71.3343,-0.302713,0.0777313,0.31479,33.3746,83.94,0.0,-0.09535186077825022,0.0,0.13655284565569195,2
4055,1678.63,70.8085,-0.312143,0.0782735,0.307669,33.5578,83.962,0.0,-0.0942978329799123,0.0,0.13458900749832628,2
4056,1679.05,70.2919,-0.321115,0.0787422,0.300539,33.7319,83.984,0.0,-0.09332315889350562,0.0,0.13262854785257452,2
4057,1679.47,69.7842,-0.329303,0.0791432,0.293405,33.8975,84.006,0.0,-0.09241549055304761,0.0,0.13070939630641804,2
4058,1679.89,69.2856,-0.339658,0.0795028,0.286269,34.0576,84.028,0.0,-0.09169690359479972,0.0,0.12882489700826155,2
4059,1680.3,68.7958,-0.346703,0.0798175,0.279157,34.2115,84.05,0.0,-0.09098671156821662,0.0,0.1269848771724335,2
4060,1680.71,68.3149,-0.352334,0.0800759,0.272066,34.3578,84.072,0.0,-0.09030595219721724,0.0,0.1251817846818183,2
4061,1681.12,67.8427,-0.360222,0.0802972,0.264986,34.4991,84.094,0.0,-0.08966004301531483,0.0,0.12342170737356639,2
4062,1681.52,67.3817,-0.365174,0.0804803,0.257932,34.6349,84.116,0.0,-0.08903050491010175,0.0,0.12046080529621833,2
4063,1681.93,66.9398,-0.369291,0.08061,0.250894,34.7637,84.138,0.0,-0.08842986280177943,0.0,0.11428251971743328,2
4064,1682.33,66.5241,-0.376252,0.0807101,0.24389,34.8879,84.16,0.0,-0.08785925555907913,0.0,0.1060662534467876,2
4065,1682.73,66.1386,-0.380556,0.0807735,0.236899,35.0072,84.182,0.0,-0.08729366487536933,0.0,0.09675050646571229,2
4066,1683.12,66.1303,-0.403241,0.080589,0.229921,35.0973,84.204,0.0,-0.08674285693036345,0.18,0.0,2
4067,1683.52,66.3684,-0.427325,0.0800869,0.222919,35.1508,84.226,0.0,-0.08604333026692682,0.28,0.0,2
4068,1683.92,66.6363,-0.441499,0.0794122,0.215921,35.1843,84.248,0.0,-0.08521916405673231,0.28,0.0,2
4069,1684.32,66.9035,-0.448775,0.0785858,0.208975,35.1995,84.27,0.0,-0.0843858514270763,0.28,0.0,2
4070,1684.73,67.17,-0.453887,0.0776707,0.202023,35.2047,84.292,0.0,-0.08361922975595737,0.28,0.0,2
4071,1685.13,67.4361,-0.453765,0.0767042,0.195119,35.2033,84.314,0.0,-0.0829367409808171,0.28,0.0,2
4072,1685.54,67.7021,-0.450676,0.0757052,0.188292,35.1971,84.336,0.0,-0.08236038927995157,0.28,0.0,2
4073,1685.95,67.9688,-0.449062,0.0747153,0.181549,35.1907,84.358,0.0,-0.08189419830879094,0.28,0.0,2
4074,1686.36,68.2362,-0.44765,0.0737492,0.174849,35.1863,84.38,0.0,-0.08150961893417383,0.28,0.0,2
4075,1686.77,68.5043,-0.443108,0.0727779,0.168176,35.181,84.402,0.0,-0.08118495311927722,0.28,0.0,2
4076,1687.19,68.7729,-0.440444,0.0717904,0.161598,35.1725,84.424,0.0,-0.0809226581849571,0.28,0.0,2
4077,1687.6,69.0417,-0.438245,0.0707928,0.155087,35.1619,84.446,0.0,-0.08070976319605552,0.28,0.0,2
4078,1688.02,69.3108,-0.436031,0.0697877,0.148599,35.1503,84.468,0.0,-0.08053862726014321,0.28,0.0,2
4079,1688.44,69.5803,-0.43068,0.0687453,0.14222,35.1331,84.49,0.0,-0.08040427922378832,0.28,0.0,2
4080,1688.86,69.8499,-0.429191,0.0676781,0.135902,35.1121,84.512,0.0,-0.08032989949527791,0.28,0.0,2
4081,1689.29,70.1197,-0.428435,0.0666243,0.129646,35.0921,84.534,0.0,-0.08029299516887703,0.28,0.0,2
4082,1689.71,70.3896,-0.425923,0.0655596,0.123483,35.0695,84.556,0.0,-0.08014037351432221,0.28,0.0,2
4083,1690.14,70.6596,-0.42284,0.0644786,0.117357,35.0448,84.578,0.0,-0.0800422994363673,0.28,0.0,2
4084,1690.57,70.9296,-0.419342,0.0633761,0.111362,35.016,84.6,0.0,-0.07999503059942635,0.28,0.0,2
4085,1691.0,71.1998,-0.41556,0.0622594,0.105386,34.9855,84.622,0.0,-0.08000209930689776,0.28,0.0,2
4086,1691.43,71.4701,-0.411758,0.0611264,0.0995407,34.9517,84.644,0.0,-0.08005637690206402,0.28,0.0,2
4087,1691.87,71.7431,-0.410551,0.0599782,0.0937378,34.9157,84.666,0.0,-0.08015554280911699,0.28,0.0,2
4088,1692.3,72.0137,-0.41199,0.0587928,0.0880478,34.8743,84.688,0.0,-0.08026254303835306,0.28,0.0,2
4089,1692.74,72.2839,-0.411978,0.0576007,0.0824249,34.8316,84.71,0.0,-0.08033711305932678,0.28,0.0,2
4090,1693.18,72.5538,-0.409167,0.05642,0.0768936,34.789,84.732,0.0,-0.08040148664089602,0.28,0.0,2
4091,1693.62,72.8246,-0.40451,0.0552518,0.0714691,34.7464,84.754,0.0,-0.08047866003705956,0.28,0.0,2
4092,1694.06,73.0958,-0.402256,0.0541126,0.0661087,34.7062,84.776,0.0,-0.08058073367756005,0.28,0.0,2
4093,1694.51,73.3675,-0.398214,0.0529901,0.0608368,34.6667,84.798,0.0,-0.0806579322521844,0.28,0.0,2
4094,1694.96,73.6396,-0.394274,0.0518634,0.0556641,34.6255,84.82,0.0,-0.08070394348360571,0.28,0.0,2
4095,1695.41,73.912,-0.390765,0.0507275,0.0505859,34.5822,84.842,0.0,-0.08067723068039967,0.28,0.0,2
4096,1695.86,74.1845,-0.387588,0.0495822,0.0455841,34.5371,84.864,0.0,-0.08060505229296554,0.28,0.0,2
4097,1696.31,74.4572,-0.384648,0.0484282,0.0406693,34.4902,84.886,0.0,-0.08050624961893563,0.28,0.0,2
4098,1696.76,74.772,-0.377082,0.0472533,0.0358521,34.4399,84.908,0.0,-0.08036598477581768,0.32,0.0,2
4099,1697.22,75.1024,-0.370689,0.0460603,0.0311554,34.3863,84.93,0.0,-0.08016984024934583,0.32,0.0,2
4100,1697.68,75.4333,-0.365666,0.0448491,0.0265259,34.3303,84.952,0.0,-0.07988056903500348,0.32,0.0,2
4101,1698.14,75.764,-0.364561,0.0436227,0.0220169,34.2712,84.974,0.0,-0.07939884677283073,0.32,0.0,2
4102,1698.6,76.0955,-0.36296,0.0424253,0.0176132,34.214,84.996,0.0,-0.07877935078546891,0.32,0.0,2
4103,1699.07,76.4272,-0.355577,0.0411851,0.0132828,34.1516,85.018,0.0,-0.07806195399236014,0.32,0.0,2
4104,1699.54,76.759,-0.346641,0.0398685,0.00906982,34.0803,85.04,0.0,-0.0772571918227826,0.32,0.0,2
4105,1700.01,77.091,-0.336789,0.038469,0.00500641,33.9989,85.062,0.0,-0.07642055928220354,0.32,0.0,2
4106,1700.48,77.4229,-0.32923,0.0370137,0.0010437,33.911,85.084,0.0,-0.07563112253979459,0.32,0.0,2
4107,1700.95,77.7608,-0.322613,0.0354993,-0.00278778,33.8158,85.106,0.0,-0.07491981229021398,0.32,0.0,2
4108,1701.43,78.0954,-0.324892,0.0338551,-0.00646057,33.7062,85.128,0.0,-0.07428234781194835,0.32,0.0,2
4109,1701.9,78.4269,-0.32769,0.0321509,-0.00999145,33.5892,85.15,0.0,-0.07374259333891464,0.32,0.0,2
4110,1702.39,78.7573,-0.321796,0.0304419,-0.0133926,33.4707,85.172,0.0,-0.07330741263411819,0.32,0.0,2
4111,1702.87,79.0894,-0.312607,0.0287539,-0.0166229,33.3526,85.194,0.0,-0.07292182468507237,0.32,0.0,2
4112,1703.35,79.4232,-0.302044,0.0270888,-0.0196747,33.2349,85.216,0.0,-0.0728058254165576,0.32,0.0,2
4113,1703.84,79.7582,-0.292188,0.0254304,-0.0225662,33.1161,85.238,0.0,-0.07287299038057315,0.32,0.0,2
4114,1704.33,80.0942,-0.284019,0.0237643,-0.0253159,32.9959,85.26,0.0,-0.07310318762292951,0.32,0.0,2
4115,1704.82,80.4306,-0.27764,0.022083,-0.0278961,32.8768,85.282,0.0,-0.07344273586009817,0.32,0.0,2
4116,1705.31,80.7661,-0.275419,0.0204064,-0.0303131,32.7616,85.304,0.0,-0.07384556703530168,0.32,0.0,2
4117,1705.81,81.1005,-0.271726,0.0187356,-0.0325668,32.6508,85.326,0.0,-0.07429578441714688,0.32,0.0,2
4118,1706.31,81.4335,-0.270809,0.0170776,-0.0346542,32.5452,85.348,0.0,-0.0748126422808289,0.32,0.0,2
4119,1706.81,81.7653,-0.267884,0.0154287,-0.0365814,32.4447,85.37,0.0,-0.07538454089635321,0.32,0.0,2
4120,1707.31,82.0946,-0.277358,0.0138447,-0.0383698,32.3558,85.392,0.0,-0.07599193618014889,0.32,0.0,2
4121,1707.81,82.4232,-0.281735,0.0124175,-0.0400085,32.2882,85.414,0.0,-0.07654858030068194,0.32,0.0,2
4122,1708.32,82.7504,-0.276722,0.0110032,-0.0415131,32.2281,85.436,0.0,-0.07707116478767603,0.32,0.0,2
4123,1708.82,83.0756,-0.272929,0.0095641,-0.0428726,32.1715,85.458,0.0,-0.07762898864727927,0.32,0.0,2
4124,1709.33,83.3988,-0.265566,0.00808876,-0.0440704,32.1173,85.48,0.0,-0.07824353147823748,0.32,0.0,2
4125,1709.85,83.7199,-0.259398,0.00658434,-0.0451294,32.0669,85.502,0.0,-0.07893418853141214,0.32,0.0,2
4126,1710.36,84.0515,-0.269668,0.00502032,-0.0460236,32.0167,85.524,0.0,-0.07967743247152645,0.32,0.0,2
4127,1710.88,84.3697,-0.284924,0.0033366,-0.0467728,31.9604,85.546,0.0,-0.08039003300611561,0.32,0.0,2
4128,1711.39,84.6831,-0.292747,0.00167816,-0.0473709,31.9142,85.568,0.0,-0.08109653304461749,0.32,0.0,2
4129,1711.91,84.9947,-0.287497,0.000147518,-0.0478012,31.8904,85.59,0.0,-0.08194419979400265,0.32,0.0,2
4130,1712.44,85.3069,-0.27385,-0.00124199,-0.0480637,31.8916,85.612,0.0,-0.08295422895692486,0.32,0.0,2
4131,1712.96,85.3825,-0.259098,-0.00242454,-0.0481827,31.9276,85.634,0.0,-0.08411398814543122,0.32,0.0,3
4132,1713.48,85.3396,-0.22932,-0.00319463,-0.0481537,32.025,85.656,0.0,-0.0853773874279698,0.32,0.0,3
4133,1714.01,85.3187,-0.201107,-0.0036853,-0.0480347,32.1725,85.678,0.0,-0.08673713486438167,0.32,0.0,3
4134,1714.53,85.4431,-0.187922,-0.00423795,-0.0478394,32.3299,85.7,0.0,-0.0881324701988367,0.32,0.0,3
4135,1715.05,85.6638,-0.196171,-0.005009,-0.0475601,32.4772,85.722,0.0,-0.08947990293700309,0.32,0.0,3
4136,1715.58,85.8837,-0.212456,-0.00584013,-0.0472229,32.6357,85.744,0.0,-0.09071967498844315,0.32,0.0,3
4137,1716.11,86.1035,-0.225829,-0.00668842,-0.046814,32.8117,85.766,0.0,-0.09185919041248455,0.32,0.0,3
4138,1716.63,86.3211,-0.258559,-0.00739223,-0.0463379,33.0303,85.788,0.0,-0.0929563004840484,0.32,0.0,3
4139,1717.16,86.5391,-0.269695,-0.00791723,-0.0458389,33.3011,85.81,0.0,-0.0938143405017923,0.32,0.0,3
4140,1717.69,86.7566,-0.271032,-0.0084365,-0.0452759,33.6012,85.832,0.0,-0.09458124720441624,0.32,0.0,3
4141,1718.23,86.9734,-0.265414,-0.00900966,-0.0446518,33.9233,85.854,0.0,-0.09534805040243201,0.32,0.0,3
4142,1718.76,87.1892,-0.258001,-0.00963623,-0.0439484,34.2689,85.876,0.0,-0.09617438211465552,0.32,0.0,3
4143,1719.29,87.4137,-0.258309,-0.010311,-0.0431717,34.6406,85.898,0.0,-0.09707212877515221,0.32,0.0,3
4144,1719.83,87.6311,-0.292892,-0.0112203,-0.042337,35.0074,85.92,0.0,-0.09795351162584529,0.32,0.0,3
4145,1720.37,87.8438,-0.317945,-0.0121778,-0.0414322,35.4022,85.942,0.0,-0.09869480023647564,0.32,0.0,3
4146,1720.91,88.0542,-0.317199,-0.013007,-0.0404449,35.8611,85.964,0.0,-0.09939610901123483,0.32,0.0,3
4147,1721.45,88.2664,-0.298992,-0.013634,-0.0393631,36.406,85.986,0.0,-0.10020210252726056,0.32,0.0,3
4148,1721.99,88.4804,-0.273204,-0.0140823,-0.038179,37.0419,86.008,0.0,-0.1011439198946019,0.32,0.0,3
4149,1722.53,88.6957,-0.248336,-0.0144108,-0.0369278,37.7681,86.03,0.0,-0.10210739382818598,0.32,0.0,3
4150,1723.07,88.9116,-0.229058,-0.0146688,-0.0356247,38.5848,86.052,0.0,-0.10305893772692182,0.32,0.0,3
4151,1723.62,89.1275,-0.216365,-0.0148881,-0.0342682,39.4957,86.074,0.0,-0.10396345593110469,0.32,0.0,3
4152,1724.17,89.3432,-0.209167,-0.0150817,-0.0328674,40.51,86.096,0.0,-0.1047937218891887,0.32,0.0,3
4153,1724.71,89.5586,-0.205128,-0.0152448,-0.0314392,41.6436,86.118,0.0,-0.10553877914764499,0.32,0.0,3
4154,1725.26,89.7741,-0.200301,-0.0153964,-0.0299789,42.907,86.14,0.0,-0.1060315035816784,0.32,0.0,3
4155,1725.81,89.9865,-0.229809,-0.0153096,-0.0285172,44.3979,86.162,0.0,-0.10630561945472763,0.32,0.0,3
4156,1726.36,90.1629,-0.230675,-0.0149739,-0.0271057,46.1654,86.184,0.0,-0.10619387967502433,0.27104479033287476,0.0,3
4157,1726.92,89.8674,-0.204758,-0.0145,-0.0257111,48.2156,86.206,0.0,-0.10590519431225841,0.0,0.106079796420781,3
4158,1727.46,89.3775,-0.141421,-0.0136393,-0.0243423,50.7118,86.228,0.0,-0.10572638909986934,0.0,0.12057453451056305,3
4159,1728.01,88.8655,-0.0722327,-0.0125659,-0.0230026,53.6778,86.25,0.0,-0.10570171306354023,0.0,0.12536541545879706,3
4160,1728.55,88.3324,-0.0481154,-0.0114506,-0.0217346,57.1347,86.272,0.0,-0.10569246121359521,0.0,0.12779334651791613,3
4161,1729.09,87.807,-0.0871173,-0.0106738,-0.0205948,64.1576,86.294,0.0,-0.10546159247662354,0.0,0.12843129412284782,3
4162,1729.62,87.2834,-0.110089,-0.00998909,-0.019574,105.183,86.316,0.0,-0.10478883445105988,0.0,0.12855922968720973,3
4163,1730.16,86.7645,-0.0929961,-0.00918705,-0.0186447,103.193,86.338,0.0,-0.10389090384000785,0.0,0.12812908840843343,3
4164,1730.69,86.2501,-0.0546911,-0.00824863,-0.0177765,101.174,86.36,0.0,-0.10299162447221191,0.0,0.12736478411348665,3
4165,1731.21,85.7398,-0.0140301,-0.00723678,-0.0169724,99.1385,86.382,0.0,-0.10208566895847607,0.0,0.12634565438778805,3
4166,1731.73,85.2335,0.0169974,-0.00622684,-0.0162277,97.1029,86.404,0.0,-0.10123752652923583,0.0,0.12512570656548788,3
4167,1732.25,84.7316,0.0336002,-0.00527412,-0.015567,95.0792,86.426,0.0,-0.10036631659093428,0.0,0.12375464468207845,3
4168,1732.77,84.2641,0.0342338,-0.00442535,-0.0149933,93.0775,86.448,0.0,-0.09940026019239423,0.0,0.12228530226607148,2
4169,1733.28,83.8182,0.021012,-0.0037244,-0.0145111,91.1075,86.47,0.0,-0.0982856258165043,0.0,0.12165629433759871,2
4170,1733.8,83.3191,0.00493174,-0.00312359,-0.0141144,89.1591,86.492,0.0,-0.09708641344107165,0.0,0.12131571292734396,2
4171,1734.3,82.7572,-0.00272175,-0.00248748,-0.0137924,87.203,86.514,0.0,-0.09566151242544375,0.0,0.11894894490170535,2
4172,1734.81,82.0213,0.01654,-0.00192291,-0.0135345,85.2657,86.536,0.0,-0.0942020440338836,0.0,0.20443271830461368,2
4173,1735.31,81.2195,0.0288651,-0.00152523,-0.013327,83.3741,86.558,0.0,-0.09267747070633102,0.0,0.19472118886535292,2
4174,1735.8,80.4505,0.028321,-0.00115759,-0.0131378,81.4958,86.58,0.0,-0.09143032886215091,0.0,0.18433057861459134,2
4175,1736.29,79.7165,0.0179908,0.00162142,-0.0130618,79.6176,86.602,0.0,-0.09032412298221143,0.0,0.17635326928555137,2
4176,1736.77,79.0097,0.00239992,0.00740307,-0.0134708,77.7432,86.624,0.0,-0.08882364174960183,0.0,0.17032167481086502,2
4177,1737.26,78.5269,-0.0228625,0.0130812,-0.0144439,75.8849,86.646,0.0,-0.08643494462825975,0.0,0.07909302591049538,2
4178,1737.73,78.1235,-0.0299753,0.0186025,-0.01596,74.0551,86.668,0.0,-0.0832374748790945,0.0,0.08202788123043803,2
4179,1738.21,77.7053,-0.0326699,0.0239312,-0.0179932,72.2629,86.69,0.0,-0.0795143933204974,0.0,0.0861324512735952,2
4180,1738.68,77.2829,-0.0397537,0.0289141,-0.0205161,70.5476,86.712,0.0,-0.07547840616155427,0.0,0.0883560721987012,2
4181,1739.15,76.8592,-0.0553293,0.0335237,-0.0234906,68.9182,86.734,0.0,-0.07123778158255151,0.0,0.08945536564024355,2
4182,1739.62,76.4352,-0.0727474,0.0377967,-0.0269047,67.3671,86.756,0.0,-0.06688275824330656,0.0,0.08978349942504703,2
4183,1740.09,76.013,-0.0873721,0.0417725,-0.030683,65.8867,86.778,0.0,-0.06257006853012557,0.0,0.08955445033226649,2
4184,1740.55,75.5962,-0.0939716,0.0454585,-0.0348146,64.4764,86.8,0.0,-0.058325695163606785,0.0,0.08896532071406135,2
4185,1741.01,75.1987,-0.0874688,0.0488412,-0.0392635,63.1412,86.822,0.0,-0.05419932629060334,0.0,0.0882137422042243,2
4186,1741.47,74.7974,-0.0771403,0.05183,-0.0439606,61.9067,86.844,0.0,-0.05025437285451077,0.0,0.08776638869059529,2
4187,1741.92,74.3947,-0.0755033,0.0545585,-0.0488788,60.7399,86.866,0.0,-0.04654255059228845,0.0,0.08687080617408327,2
4188,1742.38,73.9947,-0.0764002,0.0571219,-0.0540218,59.6162,86.888,0.0,-0.042974971787351726,0.0,0.08570317269230324,2
4189,1742.83,73.6055,-0.0796742,0.0595586,-0.05937,58.5262,86.91,0.0,-0.039550304290078636,0.0,0.08445161739999645,2
4190,1743.27,73.2256,-0.0780037,0.0618378,-0.0648945,57.4787,86.932,0.0,-0.03621014617429458,0.0,0.08338501383938225,2
4191,1743.72,72.8568,-0.0728862,0.0639426,-0.070584,56.4784,86.954,0.0,-0.032958414314130186,0.0,0.08242542897946893,2
4192,1744.16,72.8893,-0.0295087,0.0659911,-0.0764136,55.4942,86.976,0.0,-0.029795665727193072,0.25,0.0,2
4193,1744.61,73.3459,-0.00870653,0.0678183,-0.0824171,54.5666,86.998,0.0,-0.026779176805247332,0.5,0.0,2
4194,1745.06,74.0727,0.0140521,0.0694711,-0.0885881,53.6824,87.02,0.0,-0.023723609661756455,0.6799999999999999,0.0,2
4195,1745.51,75.0275,0.0466806,0.0710046,-0.0949393,52.8258,87.042,0.0,-0.020783538808836568,0.8599999999999999,0.0,2
4196,1745.97,76.1352,0.0855096,0.0724389,-0.101515,51.9897,87.064,0.0,-0.017960960611803505,0.88,0.0,2
4197,1746.44,77.311,0.119877,0.0737359,-0.1082,51.1866,87.086,0.0,-0.015237217328246597,0.88,0.0,2
4198,1746.92,78.4977,0.146145,0.0748717,-0.115141,50.4186,87.108,0.0,-0.012379415816348322,0.88,0.0,2
4199,1747.4,79.6693,0.168836,0.0758549,-0.122197,49.6867,87.13,0.0,-0.009562358221236229,0.88,0.0,2
4200,1747.89,80.7796,0.189743,0.0766999,-0.129472,48.9844,87.152,0.0,-0.006885255153181181,0.88,0.0,2
4201,1748.38,81.8522,0.209353,0.0774471,-0.13687,48.3034,87.174,0.0,-0.00438570370520542,0.88,0.0,2
4202,1748.89,82.9246,0.227551,0.0781276,-0.144438,47.6343,87.196,0.0,-0.0020621414725501023,0.88,0.0,2
4203,1749.39,84.0164,0.245478,0.0787436,-0.15216,46.9767,87.218,0.0,0.00012061927486766095,0.88,0.0,2
4204,1749.91,85.1281,0.26163,0.0792724,-0.159995,46.3367,87.24,0.0,0.002298402768494079,0.88,0.0,2
4205,1750.43,85.9703,0.261648,0.0795333,-0.167977,45.7579,87.262,0.0,0.004516871124227078,0.88,0.0,3
4206,1750.96,86.3513,0.218491,0.0795552,-0.176016,45.2344,87.284,0.0,0.006784523654097715,0.88,0.0,3
4207,1751.48,86.3361,0.164114,0.0792224,-0.1842,44.7919,87.306,0.0,0.00920914595365442,1.0,0.0,3
4208,1752.01,86.9204,0.128565,0.0786721,-0.192379,44.3978,87.328,0.0,0.01175337414911292,1.0,0.0,3
4209,1752.54,87.7962,0.0974691,0.0779344,-0.200597,44.0399,87.35,0.0,0.014390952337210716,0.88,0.0,3
4210,1753.08,88.4913,0.0787014,0.0770327,-0.208843,43.7115,87.372,0.0,0.017106592939241716,0.54,0.0,3
4211,1753.62,88.7585,0.0752999,0.0760543,-0.217039,43.3942,87.394,0.0,0.01974876247479223,0.28,0.0,3
4212,1754.16,88.9473,0.0759541,0.0750095,-0.225154,43.087,87.416,0.0,0.02187264474773544,0.28,0.0,3
4213,1754.71,89.1364,0.0782582,0.0738432,-0.233161,42.8021,87.438,0.0,0.023896126336555957,0.28,0.0,3
4214,1755.25,89.3273,0.0808299,0.072519,-0.241057,42.5462,87.46,0.0,0.02584657324963592,0.28,0.0,3
4215,1755.79,89.5197,0.0829846,0.0710332,-0.248792,42.3198,87.482,0.0,0.02770115650458159,0.28,0.0,3
4216,1756.34,89.7052,0.0803109,0.0694172,-0.256396,42.1142,87.504,0.0,0.0294457283134908,0.28,0.0,3
4217,1756.89,89.8985,0.0695868,0.06763,-0.26382,41.9379,87.526,0.0,0.031102429206697597,0.28,0.0,3
4218,1757.44,90.0959,0.0667253,0.0657307,-0.271077,41.777,87.548,0.0,0.03268735178539253,0.28,0.0,3
4219,1757.99,90.2912,0.0671218,0.0637752,-0.278144,41.6202,87.57,0.0,0.03410399255917561,0.28,0.0,3
4220,1758.54,90.486,0.0711748,0.0617854,-0.285007,41.4632,87.592,0.0,0.035360637338181386,0.28,0.0,3
4221,1759.09,90.68,0.0773431,0.0597636,-0.291642,41.3057,87.614,0.0,0.03646701409008408,0.28,0.0,3
4222,1759.65,90.8732,0.0836437,0.0577013,-0.298073,41.1489,87.636,0.0,0.037435754284621134,0.28,0.0,3
4223,1760.2,91.0652,0.106206,0.0554373,-0.304262,41.0238,87.658,0.0,0.0440303772273537,0.28,0.0,3
4224,1760.76,91.2563,0.122684,0.0528714,-0.310173,40.9482,87.68,0.0,0.04886634604586966,0.28,0.0,3
4225,1761.31,91.4473,0.128215,0.0500514,-0.315787,40.9115,87.702,0.0,0.05232990951387013,0.28,0.0,3
4226,1761.87,91.6384,0.129816,0.0470235,-0.321055,40.9048,87.724,0.0,0.05473769212489045,0.28,0.0,3
4227,1762.43,91.8297,0.124543,0.0438539,-0.325994,40.9146,87.746,0.0,0.05629030516151996,0.28,0.0,3
4228,1763.0,92.0211,0.118838,0.0405981,-0.330605,40.9305,87.768,0.0,0.05717476594951115,0.28,0.0,3
4229,1763.56,92.2124,0.114306,0.0372731,-0.334863,40.9496,87.79,0.0,0.05772273342740496,0.28,0.0,3
4230,1764.12,92.4037,0.108165,0.0339104,-0.338756,40.9666,87.812,0.0,0.058003454191323696,0.28,0.0,3
4231,1764.69,92.595,0.102677,0.030534,-0.342285,40.9774,87.834,0.0,0.05805000167251421,0.28,0.0,3
4232,1765.25,92.7864,0.0982308,0.0271503,-0.345446,40.9811,87.856,0.0,0.05789176749010024,0.28,0.0,3
4233,1765.82,92.9775,0.0961068,0.0237595,-0.348242,40.9778,87.878,0.0,0.057542168873009045,0.28,0.0,3
4234,1766.39,93.168,0.099305,0.0202882,-0.350647,40.9802,87.9,0.0,0.057189692949405506,0.28,0.0,3
4235,1766.96,93.3586,0.0956487,0.0167896,-0.35266,40.9794,87.922,0.0,0.05686839316215374,0.28,0.0,3
4236,1767.53,93.5486,0.0911255,0.0133206,-0.354287,40.9661,87.944,0.0,0.05658712157859516,0.28,0.0,3
4237,1768.1,93.7382,0.0838214,0.00991696,-0.355529,40.9351,87.966,0.0,0.056330383518727795,0.28,0.0,3
4238,1768.68,93.9271,0.07892,0.00657624,-0.35639,40.887,87.988,0.0,0.05611524272165745,0.28,0.0,3
4239,1769.25,94.1224,0.0912531,0.00334233,-0.356861,40.8159,88.01,0.0,0.05589927042852866,0.28,0.0,3
4240,1769.83,94.3101,0.104963,0.000197109,-0.356963,40.7245,88.032,0.0,0.055532148226924954,0.28,0.0,3
4241,1770.4,94.4959,0.105923,-0.00293762,-0.356696,40.6254,88.054,0.0,0.055078039052549294,0.28,0.0,3
4242,1770.98,94.6822,0.0986469,-0.00612098,-0.356071,40.5274,88.076,0.0,0.0546303153551356,0.28,0.0,3
4243,1771.56,94.8698,0.0837552,-0.00934297,-0.355079,40.4287,88.098,0.0,0.05425234434996923,0.28,0.0,3
4244,1772.14,95.0576,0.0783032,-0.0125974,-0.353729,40.3284,88.12,0.0,0.05387050914628355,0.28,0.0,3
4245,1772.72,95.2458,0.0788203,-0.0160421,-0.351985,40.25,88.142,0.0,0.05321157957552648,0.28,0.0,3
4246,1773.3,95.4332,0.0667168,-0.0194882,-0.349835,40.1655,88.164,0.0,0.052276285375615864,0.28,0.0,3
4247,1773.89,95.6195,0.0554113,-0.0228165,-0.347319,40.0577,88.186,0.0,0.05123375497505392,0.28,0.0,3
4248,1774.47,95.8049,0.0465655,-0.0260051,-0.344415,39.9244,88.208,0.0,0.050151369294234235,0.28,0.0,3
4249,1775.06,95.9947,0.0430977,-0.0290483,-0.341151,39.7648,88.23,0.0,0.049000326394979074,0.28,0.0,3
4250,1775.65,96.1854,0.07157,-0.0318015,-0.33752,39.5598,88.252,0.0,0.047652849645571906,0.28,0.0,3
4251,1776.23,96.3673,0.090221,-0.0343602,-0.33353,39.3237,88.274,0.0,0.046029842091119155,0.28,0.0,3
4252,1776.82,96.5457,0.0894205,-0.0368627,-0.32923,39.0751,88.296,0.0,0.04430786585790321,0.28,0.0,3
4253,1777.41,96.7255,0.0759777,-0.0393966,-0.324643,38.8256,88.318,0.0,0.04266370986611259,0.28,0.0,3
4254,1778.0,96.9077,0.0536978,-0.0419391,-0.31976,38.5722,88.34,0.0,0.04111433284129492,0.28,0.0,3
4255,1778.6,97.0906,0.0516697,-0.0445312,-0.314592,38.3202,88.362,0.0,0.03955029387685774,0.28,0.0,3
4256,1779.19,97.2746,0.0390455,-0.0472482,-0.309101,38.0795,88.384,0.0,0.03781280476353419,0.28,0.0,3
4257,1779.78,97.4565,0.0231079,-0.0498317,-0.303311,37.8164,88.406,0.0,0.03596223958759232,0.28,0.0,3
4258,1780.38,97.6366,0.011654,-0.0522087,-0.297231,37.522,88.428,0.0,0.03415747254695827,0.28,0.0,3
4259,1780.98,97.8152,0.00315721,-0.0543745,-0.290858,37.1968,88.45,0.0,0.03232629708773988,0.28,0.0,3
4260,1781.57,98.01,0.0166411,-0.0562828,-0.284249,36.8349,88.472,0.0,0.03022830856892409,0.28,0.0,3
4261,1782.17,98.1859,0.0433194,-0.0578511,-0.27738,36.428,88.494,0.0,0.02784939460789774,0.28,0.0,3
4262,1782.77,98.3576,0.0517014,-0.0592578,-0.270299,35.9982,88.516,0.0,0.025208590909806226,0.28,0.0,3
4263,1783.37,98.5269,0.0451417,-0.0606063,-0.263043,35.5582,88.538,0.0,0.022690336140351833,0.28,0.0,3
4264,1783.97,98.699,0.0268706,-0.0619009,-0.255635,35.1082,88.56,0.0,0.0202862656234611,0.28,0.0,3
4265,1784.58,98.874,0.0103168,-0.0631154,-0.248065,34.6456,88.582,0.0,0.01788149781740755,0.28,0.0,3
4266,1785.18,99.0512,-0.00322012,-0.0642389,-0.240372,34.169,88.604,0.0,0.015374606543265357,0.28,0.0,3
4267,1785.79,99.2287,-0.0127175,-0.0652269,-0.232554,33.6738,88.626,0.0,0.012728045986025033,0.28,0.0,3
4268,1786.39,99.4052,-0.0212504,-0.0625671,-0.22473,33.1557,88.648,0.0,0.010212040093602296,0.28,0.0,3
4269,1786.99,99.5804,-0.0206882,-0.0565622,-0.217513,32.6188,88.67,0.0,0.008694971413156796,0.28,0.0,3
4270,1787.59,99.7608,-0.013855,-0.0504702,-0.211018,32.0722,88.692,0.0,0.008875443674651604,0.28,0.0,3
4271,1788.19,99.9381,-0.000333761,-0.0443347,-0.205247,31.5206,88.714,0.0,0.010052916880417248,0.28,0.0,3
4272,1788.79,100.11,0.0138376,-0.038235,-0.200198,30.9726,88.736,0.0,0.011855511416897896,0.28,0.0,3
4273,1789.4,100.278,0.0230253,-0.0322326,-0.195865,30.434,88.758,0.0,0.013993744134631642,0.28,0.0,3
4274,1790.01,100.448,0.0266837,-0.0263603,-0.192249,29.9075,88.78,0.0,0.016428841806602895,0.28,0.0,3
4275,1790.61,100.619,0.0294261,-0.0206502,-0.189317,29.396,88.802,0.0,0.019384711344179666,0.28,0.0,3
4276,1791.22,100.792,0.0329793,-0.0151523,-0.18709,28.9031,88.824,0.0,0.02268109164453815,0.28,0.0,3
4277,1791.83,100.965,0.0323844,-0.00986463,-0.185509,28.4285,88.846,0.0,0.026031785870362624,0.28,0.0,3
4278,1792.44,101.137,0.0308044,-0.00476581,-0.184578,27.969,88.868,0.0,0.02933349260712074,0.28,0.0,3
4279,1793.06,101.31,0.0308798,0.000130351,-0.184261,27.5257,88.89,0.0,0.03273888823122605,0.28,0.0,3
4280,1793.67,101.482,0.0257187,0.00487679,-0.184554,27.0929,88.912,0.0,0.03649915258861413,0.28,0.0,3
4281,1794.28,101.655,0.0286271,0.00942772,-0.185419,26.6746,88.934,0.0,0.04055185991144249,0.28,0.0,3
4282,1794.9,101.826,0.0307618,0.0137259,-0.186838,26.2752,88.956,0.0,0.0446416914010755,0.28,0.0,3
4283,1795.52,101.998,0.0320928,0.0177466,-0.188774,25.8965,88.978,0.0,0.048716878019604726,0.28,0.0,3
4284,1796.13,102.161,0.0223847,0.021454,-0.191208,25.5407,89.0,0.0,0.052820578036943636,0.28,0.0,3
4285,1796.75,102.334,-0.000194984,0.0247833,-0.194102,25.2129,89.022,0.0,0.05707168545932492,0.28,0.0,3
4286,1797.37,102.507,-0.0134961,0.0278584,-0.19744,24.9019,89.044,0.0,0.06139428546654073,0.28,0.0,3
4287,1797.99,102.677,-0.0157561,0.030698,-0.201157,24.6066,89.066,0.0,0.06563255758283446,0.28,0.0,3
4288,1798.61,102.845,-0.0145609,0.0333144,-0.205208,24.3259,89.088,0.0,0.06967777113722154,0.28,0.0,3
4289,1799.23,103.012,-0.0110115,0.0357234,-0.209599,24.0581,89.11,0.0,0.07352067834486048,0.28,0.0,3
4290,1799.85,103.178,-0.0105487,0.0379416,-0.214272,23.8024,89.132,0.0,0.07722655502327636,0.28,0.0,3
4291,1800.48,103.341,-0.0104485,0.039952,-0.219218,23.5597,89.154,0.0,0.08091997655880795,0.28,0.0,3
4292,1801.1,103.503,-0.0148151,0.0417239,-0.224437,23.332,89.176,0.0,0.08466100973364372,0.28,0.0,3
4293,1801.73,103.665,-0.0349596,0.0433037,-0.229871,23.1164,89.198,0.0,0.08842193555032107,0.28,0.0,3
4294,1802.35,103.826,-0.0519561,0.0447747,-0.235522,22.9059,89.22,0.0,0.09214556669390961,0.28,0.0,3
4295,1802.98,103.986,-0.0637014,0.0460541,-0.241415,22.7064,89.242,0.0,0.09582435194242278,0.28,0.0,3
4296,1803.6,104.145,-0.0742197,0.0470864,-0.247467,22.5233,89.264,0.0,0.0994138008051103,0.28,0.0,3
4297,1804.23,104.301,-0.0834164,0.0478265,-0.253648,22.3602,89.286,0.0,0.10288004980577582,0.28,0.0,3
4298,1804.86,104.451,-0.135518,0.0481097,-0.25994,22.2297,89.308,0.0,0.10614384722479292,0.28,0.0,3
4299,1805.49,104.609,-0.178505,0.0480773,-0.266319,22.1212,89.33,0.0,0.1094380053219062,0.28,0.0,3
4300,1806.12,104.764,-0.200648,0.0478799,-0.272736,22.0241,89.352,0.0,0.11261436126738264,0.28,0.0,3
4301,1806.75,104.918,-0.209846,0.0475594,-0.279141,21.9362,89.374,0.0,0.11552767373521311,0.28,0.0,3
4302,1807.38,105.069,-0.211407,0.0471637,-0.285507,21.8541,89.396,0.0,0.11813695275769846,0.28,0.0,3
4303,1808.01,105.222,-0.228387,0.0469024,-0.291864,21.7615,89.418,0.0,0.11084386747098282,0.28,0.0,3
4304,1808.64,105.375,-0.238328,0.0469305,-0.298222,21.6462,89.44,0.0,0.10585029972070237,0.28,0.0,3
4305,1809.28,105.528,-0.239096,0.0472128,-0.30461,21.5105,89.462,0.0,0.10256384335776753,0.28,0.0,3
4306,1809.91,105.681,-0.241894,0.0476796,-0.311055,21.3593,89.484,0.0,0.10053329730600152,0.28,0.0,3
4307,1810.55,105.834,-0.247515,0.048391,-0.317601,21.1874,89.506,0.0,0.09947537008693905,0.28,0.0,3
4308,1811.18,105.987,-0.242042,0.0492417,-0.324257,21.0026,89.528,0.0,0.09919855845302983,0.28,0.0,3
4309,1811.82,106.14,-0.233059,0.05011,-0.331029,20.8141,89.55,0.0,0.09946622742457684,0.28,0.0,3
4310,1812.45,106.293,-0.222706,0.0509011,-0.337892,20.6293,89.572,0.0,0.1001180816386601,0.28,0.0,3
4311,1813.09,106.438,-0.243587,0.0514719,-0.344868,20.4586,89.594,0.0,0.1010360470070554,0.28,0.0,3
4312,1813.72,105.753,-0.324289,0.0517814,-0.351942,20.3048,89.616,0.0,0.10227885347037736,0.0,0.3,3
4313,1814.35,104.527,-0.453841,0.0517823,-0.359148,20.171,89.638,0.0,0.10410329294936527,0.0,0.356981050789818,3
4314,1814.97,103.252,-0.558363,0.0513112,-0.366368,20.071,89.66,0.0,0.10659344159007479,0.0,0.3171817681628266,3
4315,1815.59,102.107,-0.638175,0.0500018,-0.373515,20.0342,89.682,0.0,0.10934616348054661,0.0,0.2761995856104835,3
4316,1816.19,101.109,-0.712823,0.0478522,-0.38047,20.0637,89.704,0.0,0.11199985467490509,0.0,0.24114197999742806,3
4317,1816.8,100.22,-0.77935,0.0451762,-0.38717,20.1388,89.726,0.0,0.11438900481863079,0.0,0.21267997425244708,3
4318,1817.39,99.4152,-0.822789,0.0422646,-0.393541,20.2397,89.748,0.0,0.11643920263375931,0.0,0.18958675279837459,3
4319,1817.98,98.6796,-0.838689,0.039292,-0.399553,20.3543,89.77,0.0,0.11805666186836347,0.0,0.17079699211753543,3
4320,1818.57,98.0042,-0.838302,0.0364549,-0.405171,20.468,89.792,0.0,0.11917870729766138,0.0,0.1556952866024495,3
4321,1819.15,97.3693,-0.811591,0.0338666,-0.410423,20.5711,89.814,0.0,0.11973371837025298,0.0,0.14387799788645814,3
4322,1819.73,96.7692,-0.76849,0.0314652,-0.415312,20.668,89.836,0.0,0.11974103699222506,0.0,0.13437593828800834,3
4323,1820.31,96.1365,-0.728223,0.0291821,-0.419841,20.7639,89.858,0.0,0.1193171844590763,0.0,0.15567971309888626,3
4324,1820.88,95.4612,-0.687012,0.026931,-0.424016,20.8656,89.88,0.0,0.1186027657893499,0.0,0.16507735118592246,3
4325,1821.45,94.7831,-0.682523,0.0244977,-0.427887,20.9899,89.902,0.0,0.11767120303305145,0.0,0.16474078690130128,3
4326,1822.01,94.1173,-0.677335,0.0218598,-0.431447,21.1395,89.924,0.0,0.11673263494694082,0.0,0.158143767275758,3
4327,1822.57,93.4873,-0.654572,0.0191924,-0.434653,21.3009,89.946,0.0,0.11566619979307005,0.0,0.14734372466803775,3
4328,1823.13,92.9018,-0.619429,0.0166137,-0.437517,21.464,89.968,0.0,0.1143587007351107,0.0,0.13436676920924712,3
4329,1823.68,92.364,-0.568556,0.0141894,-0.440021,21.6233,89.99,0.0,0.11279625165037126,0.0,0.12040043690671955,3
4330,1824.23,91.875,-0.510661,0.0119635,-0.442194,21.7738,90.012,0.0,0.11096587235606387,0.0,0.10627750367661931,3
4331,1824.77,91.171,-0.474935,0.0100505,-0.444049,21.9048,90.034,0.0,0.10890744785310193,0.0,0.21437108901253055,3
4332,1825.31,90.3207,-0.444775,0.00850647,-0.445673,22.009,90.056,0.0,0.10690181130519144,0.0,0.23302949118581368,3
4333,1825.85,89.4381,-0.415884,0.0071246,-0.447107,22.1033,90.078,0.0,0.10510203488729904,0.0,0.23828098936449366,3
4334,1826.38,88.555,-0.387305,0.00577133,-0.448311,22.2004,90.1,0.0,0.10373617967877757,0.0,0.23715890252023214,3
4335,1826.91,87.6931,-0.365998,0.00446671,-0.449351,22.2971,90.122,0.0,0.10245544667871967,0.0,0.2320804400471171,3
4336,1827.42,86.8505,-0.335666,0.00325268,-0.450252,22.389,90.144,0.0,0.10128162918165934,0.0,0.22476357367032798,3
4337,1827.94,86.038,-0.297645,0.00210636,-0.450963,22.4792,90.166,0.0,0.10015161799715777,0.0,0.21566511700860283,3
4338,1828.45,85.2605,-0.254818,0.00102537,-0.451471,22.5679,90.188,0.0,0.09900677035238596,0.0,0.2058225077391159,3
4339,1828.96,84.5281,-0.209247,1.30494e-05,-0.451854,22.6534,90.21,0.0,0.09778618898660268,0.0,0.19195676466804804,3
4340,1829.46,83.871,-0.16826,-0.00089008,-0.452055,22.7327,90.232,0.0,0.09649691709783917,0.0,0.17939022414856526,2
4341,1829.96,83.2669,-0.132564,-0.00168449,-0.452141,22.8046,90.254,0.0,0.09490970469688682,0.0,0.1695319977164927,2
4342,1830.45,82.6372,-0.0964997,-0.00236398,-0.4521,22.8686,90.276,0.0,0.0935623755238047,0.0,0.1617521242403414,2
4343,1830.94,81.9684,-0.0725198,-0.00301773,-0.451961,22.9325,90.298,0.0,0.09240138414812858,0.0,0.15281330330250853,2
4344,1831.43,81.337,-0.0471331,-0.00361902,-0.451729,22.9934,90.32,0.0,0.09144384900439206,0.0,0.14210339664936975,2
4345,1831.91,80.7404,-0.0182316,-0.00418693,-0.451421,23.0529,90.342,0.0,0.09056830769379928,0.0,0.13284398068114292,2
4346,1832.39,80.1743,0.00743713,-0.00471431,-0.45105,23.11,90.364,0.0,0.08977715099070621,0.0,0.12504119173122938,2
4347,1832.87,79.6331,0.0308545,-0.0051778,-0.450548,23.1638,90.386,0.0,0.08907213733501768,0.0,0.11861210118698241,2
4348,1833.34,79.1147,0.0522954,-0.00556976,-0.449982,23.2122,90.408,0.0,0.08844878980774018,0.0,0.1133836445026289,2
4349,1833.81,78.614,0.0747282,-0.00591022,-0.44937,23.2568,90.43,0.0,0.08798634414589296,0.0,0.1091768390687946,2
4350,1834.28,78.1269,0.095451,-0.00622064,-0.448729,23.2991,90.452,0.0,0.08777199337814433,0.0,0.10582510572707257,2
4351,1834.74,77.6523,0.114029,-0.00650818,-0.448042,23.3402,90.474,0.0,0.08769762968595499,0.0,0.10317833239332029,2
4352,1835.2,77.1886,0.128999,-0.0067671,-0.447253,23.3807,90.496,0.0,0.08771178571070108,0.0,0.10107322901585455,2
4353,1835.66,76.7332,0.143057,-0.00700075,-0.446431,23.4195,90.518,0.0,0.08780826038950233,0.0,0.09947324395327684,2
4354,1836.12,76.2842,0.156473,-0.00722248,-0.445578,23.4578,90.54,0.0,0.08797170164182386,0.0,0.09814397309679854,2
4355,1836.57,75.8503,0.169785,-0.00744278,-0.444705,23.4963,90.562,0.0,0.0881647556376888,0.0,0.09317618878433638,2
4356,1837.02,75.4397,0.183105,-0.00766784,-0.443814,23.5357,90.584,0.0,0.08838483042408371,0.0,0.08583682655301864,2
4357,1837.47,75.0587,0.199228,-0.00792009,-0.442908,23.5779,90.606,0.0,0.08868047404981595,0.0,0.07714983433414019,2
4358,1837.92,75.0599,0.229184,-0.00793106,-0.441942,23.5984,90.628,0.0,0.08902159868061663,0.14,0.0,2
4359,1838.37,75.1254,0.273381,-0.00755006,-0.440936,23.5824,90.65,0.0,0.08933857113672189,0.14,0.0,2
4360,1838.81,74.8578,0.299813,-0.00718719,-0.439923,23.5683,90.672,0.0,0.08962754838524989,0.0,0.07768450573820146,2
4361,1839.26,74.8558,0.315858,-0.00688297,-0.438924,23.5595,90.694,0.0,0.09000350501850163,0.14,0.0,2
4362,1839.71,74.9217,0.341478,-0.00633318,-0.437923,23.5276,90.716,0.0,0.09046453592168904,0.14,0.0,2
4363,1840.15,74.9872,0.364915,-0.00572139,-0.436948,23.4893,90.738,0.0,0.09087902692892219,0.14,0.0,2
4364,1840.6,75.0527,0.379964,-0.0050996,-0.436018,23.4495,90.76,0.0,0.09127833364276589,0.14,0.0,2
4365,1841.05,75.1179,0.392271,-0.00450069,-0.435121,23.4112,90.782,0.0,0.09172099709680244,0.14,0.0,2
4366,1841.5,75.1829,0.398571,-0.00393278,-0.434267,23.375,90.804,0.0,0.09221957183494262,0.14,0.0,2
4367,1841.95,75.2477,0.40443,-0.00340873,-0.433456,23.3422,90.826,0.0,0.09279806140844482,0.14,0.0,2
4368,1842.4,75.3126,0.406371,-0.00291759,-0.432678,23.3119,90.848,0.0,0.09344190301929095,0.14,0.0,2
4369,1842.84,75.3771,0.409658,-0.00245983,-0.431947,23.2839,90.87,0.0,0.09390054193848749,0.14,0.0,2
4370,1843.29,75.4416,0.410057,-0.00202305,-0.431264,23.257,90.892,0.0,0.09413350790373512,0.14,0.0,2
4371,1843.75,75.5059,0.409463,-0.00158388,-0.430624,23.229,90.914,0.0,0.09419318094675139,0.14,0.0,2
4372,1844.2,75.5702,0.408886,-0.00114185,-0.430009,23.2002,90.936,0.0,0.09413927559465572,0.14,0.0,2
4373,1844.65,75.6342,0.408316,-0.000698392,-0.429445,23.1705,90.958,0.0,0.09401881792134006,0.14,0.0,2
4374,1845.1,75.6982,0.407802,-0.000254933,-0.428915,23.1401,90.98,0.0,0.0937602533826887,0.14,0.0,2
4375,1845.55,75.7622,0.404355,0.000211414,-0.428435,23.1067,91.002,0.0,0.09349627062536113,0.14,0.0,2
4376,1846.0,75.826,0.403069,0.000696357,-0.428004,23.0706,91.024,0.0,0.0932980088395915,0.14,0.0,2
4377,1846.46,75.8894,0.401242,0.0011813,-0.427617,23.0338,91.046,0.0,0.09314808571642089,0.14,0.0,2
4378,1846.91,75.9529,0.399783,0.00166481,-0.42728,22.9963,91.068,0.0,0.09302475687229894,0.14,0.0,2
4379,1847.36,76.0163,0.39902,0.00215214,-0.426984,22.9577,91.09,0.0,0.09291661314574662,0.14,0.0,2
4380,1847.82,76.0794,0.398642,0.00264328,-0.426738,22.9177,91.112,0.0,0.09281562019283668,0.14,0.0,2
4381,1848.27,76.1424,0.398306,0.00313633,-0.426543,22.8767,91.134,0.0,0.09271484487211039,0.14,0.0,2
4382,1848.73,76.2052,0.398067,0.0036332,-0.426387,22.8346,91.156,0.0,0.09279575656066544,0.14,0.0,2
4383,1849.18,76.2679,0.397725,0.00413006,-0.426282,22.7916,91.178,0.0,0.0930874499670264,0.14,0.0,2
4384,1849.64,76.3302,0.400177,0.00460499,-0.426219,22.7499,91.2,0.0,0.093537719210356,0.14,0.0,2
4385,1850.09,76.0388,0.384077,0.00485915,-0.426221,22.7269,91.222,0.0,0.09407231575230073,0.0,0.08601736705524406,2
4386,1850.54,75.6146,0.349254,0.00464981,-0.426244,22.7453,91.244,0.0,0.0947946314854162,0.0,0.09368291406413877,2
4387,1850.99,75.1907,0.317297,0.00416678,-0.426266,22.7886,91.266,0.0,0.09569173726585356,0.0,0.09220297589213107,2
4388,1851.44,74.7802,0.294648,0.00351017,-0.426256,22.8484,91.288,0.0,0.09664619561877444,0.0,0.0876645404774834,2
4389,1851.89,74.3916,0.282809,0.00273674,-0.426234,22.9192,91.31,0.0,0.09755258219466956,0.0,0.08131278983018521,2
4390,1852.33,74.3964,0.296904,0.0022003,-0.426132,22.9701,91.332,0.0,0.0982890795295704,0.14,0.0,2
4391,1852.77,74.1062,0.321188,0.00187558,-0.425949,23.0035,91.354,0.0,0.09867011276429453,0.0,0.0883301234391157,2
4392,1853.22,73.7024,0.319667,0.00130719,-0.425725,23.06,91.376,0.0,0.09885309394764905,0.0,0.08936034228322252,2
4393,1853.65,73.3074,0.312423,0.000640567,-0.425447,23.1266,91.398,0.0,0.09900629493707605,0.0,0.08607394137949488,2
4394,1854.09,72.8662,0.303177,-7.65959e-05,-0.425121,23.1991,91.42,0.0,0.09914429849742691,0.0,0.10732876681371824,2
4395,1854.52,72.3764,0.295797,-0.000821892,-0.424736,23.2755,91.442,0.0,0.09927911455037196,0.0,0.12075288243618368,2
4396,1854.95,71.8635,0.293135,-0.00158626,-0.424297,23.355,91.464,0.0,0.09940838380623693,0.0,0.12745512961347535,2
4397,1855.38,71.3437,0.296083,-0.0023945,-0.423782,23.4403,91.486,0.0,0.09950264037675856,0.0,0.1294867701216895,2
4398,1855.81,70.8275,0.296215,-0.00321323,-0.423193,23.5282,91.508,0.0,0.09949820660060106,0.0,0.1283274648271734,2
4399,1856.23,70.322,0.300859,-0.00401909,-0.422549,23.6162,91.53,0.0,0.0994227162720257,0.0,0.12478610403788301,2
4400,1856.65,69.8384,0.308567,-0.00481111,-0.421826,23.7048,91.552,0.0,0.09918537505554254,0.0,0.11774128522263758,2
4401,1857.06,69.3844,0.318532,-0.00558979,-0.421021,23.7939,91.574,0.0,0.09894197955142274,0.0,0.10856337676920393,2
4402,1857.47,68.9666,0.329532,-0.0063513,-0.420139,23.8831,91.596,0.0,0.0985589817542504,0.0,0.09826262788305666,2
4403,1857.88,68.5837,0.337626,-0.00707084,-0.419186,23.97,91.618,0.0,0.09805848338967,0.0,0.08790690796035414,2
4404,1858.29,68.2275,0.344657,-0.0077222,-0.418173,24.0516,91.64,0.0,0.09748065615768015,0.0,0.08063257928063851,2
4405,1858.7,68.2885,0.369961,-0.00807506,-0.417093,24.1064,91.662,0.0,0.09673948195237461,0.18,0.0,2
4406,1859.11,68.0406,0.391599,-0.00819809,-0.415962,24.1403,91.684,0.0,0.09564870789496986,0.0,0.08384427010018888,2
4407,1859.51,67.69,0.391203,-0.00848467,-0.414813,24.1901,91.706,0.0,0.09452021424654028,0.0,0.08088954066075861,2
4408,1859.92,67.7504,0.401141,-0.00857288,-0.413646,24.2214,91.728,0.0,0.09351961291367863,0.18,0.0,2
4409,1860.32,67.5152,0.408288,-0.00848991,-0.412463,24.2366,91.75,0.0,0.09240494117646202,0.0,0.07910970022411618,2
4410,1860.72,67.5762,0.412905,-0.00837356,-0.411284,24.2487,91.772,0.0,0.09134540099415114,0.18,0.0,2
4411,1861.13,67.3437,0.414611,-0.00815946,-0.410103,24.2515,91.794,0.0,0.09019808837895338,0.0,0.07782856900329585,2
4412,1861.53,67.4051,0.414063,-0.00793583,-0.408952,24.2526,91.816,0.0,0.08901913638565828,0.18,0.0,2
4413,1861.93,67.6144,0.422393,-0.00745231,-0.407819,24.2289,91.838,0.0,0.0876275931641424,0.26330894010680506,0.0,2
4414,1862.34,67.3935,0.413754,-0.00698692,-0.406734,24.206,91.86,0.0,0.08599903289639596,0.0,0.08345492732217498,2
4415,1862.74,67.4492,0.407276,-0.00651867,-0.405696,24.1821,91.882,0.0,0.08462689382295333,0.18,0.0,2
4416,1863.14,67.2167,0.39967,-0.00595791,-0.40471,24.1484,91.904,0.0,0.08334993009922785,0.0,0.07847504909821132,2
4417,1863.54,67.2767,0.394459,-0.00538475,-0.403773,24.1128,91.926,0.0,0.08227840753226941,0.18,0.0,2
4418,1863.95,67.489,0.398611,-0.00457699,-0.402892,24.0541,91.948,0.0,0.081417398644184,0.26557575113313503,0.0,2
4419,1864.35,67.2735,0.393476,-0.0038417,-0.40208,24.0012,91.97,0.0,0.08095598167149132,0.0,0.08105986856832104,2
4420,1864.75,67.3294,0.386941,-0.00314504,-0.401334,23.9506,91.992,0.0,0.08049345660772389,0.18,0.0,2
4421,1865.15,67.4224,0.395077,-0.00224573,-0.400647,23.8803,92.014,0.0,0.0799458667011867,0.14,0.0,2
4422,1865.56,67.5042,0.3995,-0.00126487,-0.400031,23.8015,92.036,0.0,0.07937458320779442,0.14,0.0,2
4423,1865.96,67.5859,0.403275,-0.000243489,-0.399487,23.7178,92.058,0.0,0.07896677139552952,0.14,0.0,2
4424,1866.37,67.6673,0.405702,0.000791725,-0.399028,23.6316,92.08,0.0,0.07869253398044505,0.14,0.0,2
4425,1866.77,67.7487,0.407038,0.00183266,-0.398656,23.5435,92.102,0.0,0.07864288149360316,0.14,0.0,2
4426,1867.18,67.8298,0.407777,0.00287789,-0.398363,23.454,92.124,0.0,0.07887891448144752,0.14,0.0,2
4427,1867.58,67.9109,0.408124,0.00392025,-0.39816,23.3633,92.146,0.0,0.07939668677407515,0.14,0.0,2
4428,1867.99,67.9916,0.411227,0.00493782,-0.398041,23.2736,92.168,0.0,0.08011984873560607,0.14,0.0,2
4429,1868.4,68.0721,0.415874,0.00591248,-0.397997,23.1866,92.19,0.0,0.0809580386482946,0.14,0.0,2
4430,1868.8,68.1523,0.421962,0.00682467,-0.398027,23.1042,92.212,0.0,0.08182307835574176,0.14,0.0,2
4431,1869.21,67.8424,0.411904,0.00752371,-0.398128,23.0397,92.234,0.0,0.08269423409828744,0.0,0.10356422800296382,2
4432,1869.61,67.4581,0.391101,0.00785321,-0.39829,23.0072,92.256,0.0,0.08363063160319328,0.0,0.08856550951662766,2
4433,1870.02,67.4724,0.390629,0.00820607,-0.398491,22.9718,92.278,0.0,0.08467928752374786,0.14,0.0,2
4434,1870.42,67.5533,0.408402,0.00877446,-0.398718,22.9169,92.3,0.0,0.08586297981044322,0.14,0.0,2
4435,1870.82,67.6339,0.42484,0.00940007,-0.398965,22.8566,92.322,0.0,0.08720605718521587,0.14,0.0,2
4436,1871.23,67.7141,0.440849,0.0100209,-0.399257,22.7959,92.344,0.0,0.08867851463174203,0.14,0.0,2
4437,1871.63,67.7943,0.454701,0.0106427,-0.399576,22.7348,92.366,0.0,0.09006617488120504,0.14,0.0,2
4438,1872.04,67.8737,0.465069,0.0112492,-0.399942,22.6743,92.388,0.0,0.09133497473587682,0.14,0.0,2
4439,1872.45,67.9524,0.474895,0.0117905,-0.400333,22.6191,92.41,0.0,0.09255179972161975,0.14,0.0,2
4440,1872.85,68.0311,0.480189,0.0122468,-0.400763,22.5707,92.432,0.0,0.09369325852995003,0.14,0.0,2
4441,1873.26,68.1097,0.48395,0.0126306,-0.40123,22.528,92.454,0.0,0.09466702328154639,0.14,0.0,2
4442,1873.67,68.1883,0.487469,0.0129506,-0.40172,22.4904,92.476,0.0,0.09568653588298441,0.14,0.0,2
4443,1874.07,68.2667,0.491283,0.01322,-0.402223,22.4571,92.498,0.0,0.09674437796992814,0.14,0.0,2
4444,1874.48,68.3451,0.492494,0.0134641,-0.402753,22.4255,92.52,0.0,0.09708677021690892,0.14,0.0,2
4445,1874.89,68.4234,0.492859,0.0137059,-0.403302,22.3937,92.542,0.0,0.09696940114705484,0.14,0.0,2
4446,1875.3,68.5015,0.49287,0.0139496,-0.403876,22.3613,92.564,0.0,0.09652826955936225,0.14,0.0,2
4447,1875.71,68.5797,0.489685,0.0142199,-0.404466,22.3263,92.586,0.0,0.09589136132848042,0.14,0.0,2
4448,1876.12,68.6579,0.485411,0.0145318,-0.405092,22.287,92.608,0.0,0.09523793364103385,0.14,0.0,2
4449,1876.53,68.7357,0.483646,0.0148675,-0.405751,22.2449,92.63,0.0,0.09464263820498242,0.14,0.0,2
4450,1876.94,68.8134,0.482409,0.0152189,-0.406441,22.201,92.652,0.0,0.09411050247553558,0.14,0.0,2
4451,1877.35,68.8908,0.482121,0.0155627,-0.407162,22.1572,92.674,0.0,0.09367236096092259,0.14,0.0,2
4452,1877.77,68.9682,0.477761,0.0159361,-0.407924,22.11,92.696,0.0,0.09333776387706466,0.14,0.0,2
4453,1878.18,69.0452,0.475239,0.0163409,-0.408717,22.0595,92.718,0.0,0.09342882057190946,0.14,0.0,2
4454,1878.59,69.1218,0.473012,0.0167596,-0.409554,22.0071,92.74,0.0,0.09349223907477644,0.14,0.0,2
4455,1879.0,69.1982,0.47081,0.0171897,-0.410431,21.9529,92.762,0.0,0.09345437929519895,0.14,0.0,2
4456,1879.42,69.2744,0.468803,0.0176293,-0.411343,21.8973,92.784,0.0,0.09330219384186868,0.14,0.0,2
4457,1879.83,68.984,0.455284,0.0178935,-0.412294,21.8559,92.806,0.0,0.09334111604937284,0.0,0.09388114387298047,2
4458,1880.24,68.4739,0.425737,0.0178305,-0.413272,21.8421,92.828,0.0,0.09340119275755465,0.0,0.14134669960981583,2
4459,1880.65,67.867,0.397693,0.0175869,-0.414267,21.8433,92.85,0.0,0.09390948862524724,0.0,0.1673986494298547,2
4460,1881.05,67.2133,0.375568,0.0171902,-0.415257,21.8579,92.872,0.0,0.09473067373913074,0.0,0.17925251564215608,2
4461,1881.45,66.5483,0.361501,0.0166704,-0.416211,21.8837,92.894,0.0,0.0957215134203112,0.0,0.18131692939618532,2
4462,1881.85,65.8945,0.356094,0.0160615,-0.417111,21.9184,92.916,0.0,0.09676556571553284,0.0,0.17687071671627336,2
4463,1882.24,65.2688,0.358819,0.0153963,-0.417955,21.9592,92.938,0.0,0.09777499513444116,0.0,0.16823904520742652,2
4464,1882.63,64.6794,0.367977,0.0146968,-0.418724,22.0046,92.96,0.0,0.09867931640990772,0.0,0.15717013657080323,2
4465,1883.01,64.1309,0.378039,0.0139982,-0.419415,22.0516,92.982,0.0,0.09943604014806902,0.0,0.14483141054858542,2
4466,1883.39,63.6257,0.392071,0.0132973,-0.420027,22.1005,93.004,0.0,0.0999137066455062,0.0,0.13203312981266754,2
4467,1883.77,63.1643,0.404424,0.0126063,-0.420563,22.1503,93.026,0.0,0.100137033462426,0.0,0.11936479617174264,2
4468,1884.15,62.7441,0.416051,0.0119373,-0.421022,22.1998,93.048,0.0,0.10015693457942978,0.0,0.1072235489373341,2
4469,1884.52,62.359,0.426767,0.0112907,-0.421414,22.2489,93.07,0.0,0.09994816845650165,0.0,0.09717668686942214,2
4470,1884.89,62.0,0.436239,0.0106608,-0.421732,22.2981,93.092,0.0,0.09951239004272021,0.0,0.08996487239022517,2
4471,1885.26,61.6582,0.443397,0.0100552,-0.421989,22.3465,93.114,0.0,0.09889949576296625,0.0,0.08487290666295276,2
4472,1885.63,61.3331,0.448038,0.00947111,-0.422195,22.3942,93.136,0.0,0.09815842661977732,0.0,0.08126441759820607,2
4473,1885.99,61.0172,0.449616,0.00893563,-0.422351,22.4385,93.158,0.0,0.09732888929672637,0.0,0.07889613644399582,2
4474,1886.36,60.7089,0.449573,0.00845688,-0.422462,22.4789,93.18,0.0,0.09646037659029884,0.0,0.07721048140408125,2
4475,1886.72,60.7517,0.466042,0.00823944,-0.422537,22.4967,93.202,0.0,0.09556629018394089,0.14,0.0,2
4476,1887.08,60.4958,0.471047,0.00819748,-0.422583,22.4996,93.224,0.0,0.09443372155593101,0.0,0.08910499423376696,2
4477,1887.44,60.1475,0.460813,0.00801676,-0.422623,22.5149,93.246,0.0,0.09334078118741825,0.0,0.09057889875989471,2
4478,1887.8,59.8062,0.449772,0.00781697,-0.422661,22.532,93.268,0.0,0.09236213660790887,0.0,0.08831367749846646,2
4479,1888.15,59.4666,0.44484,0.00763529,-0.422693,22.5476,93.29,0.0,0.09129389748385862,0.0,0.08801404142952954,2
4480,1888.51,59.1246,0.44315,0.00750035,-0.422713,22.5593,93.312,0.0,0.09006232942374695,0.0,0.08964863319237729,2
4481,1888.86,58.7755,0.438767,0.00739497,-0.422723,22.5685,93.334,0.0,0.08867883410920224,0.0,0.09261207429483939,2
4482,1889.21,58.4183,0.429323,0.00734108,-0.422745,22.5728,93.356,0.0,0.0872340930226917,0.0,0.09574040723330904,2
4483,1889.56,58.063,0.422318,0.00733727,-0.422774,22.5726,93.378,0.0,0.08580057740826058,0.0,0.0945839402665456,2
4484,1889.9,57.7225,0.413897,0.00740021,-0.422803,22.5664,93.4,0.0,0.0843816909764358,0.0,0.09048087152565151,2
4485,1890.25,57.3992,0.409063,0.00752562,-0.422833,22.5554,93.422,0.0,0.08300893702247485,0.0,0.08465207774411053,2
4486,1890.59,57.0982,0.405882,0.00770062,-0.422881,22.5589,93.444,0.0,0.08164025391213593,0.0,0.07774065600860097,2
4487,1890.93,57.1426,0.411742,0.00813645,-0.422945,22.5662,93.466,0.0,0.08028498895763088,0.14,0.0,2
4488,1891.27,57.2346,0.424871,0.00886982,-0.423039,22.5735,93.488,0.0,0.0787316125771706,0.14,0.0,2
4489,1891.61,57.0066,0.41836,0.00958746,-0.423178,22.6208,93.51,0.0,0.07708650548145111,0.0,0.08122226005818553,2
4490,1891.95,57.0454,0.414896,0.0103409,-0.423378,22.7144,93.532,0.0,0.07559152412017904,0.14,0.0,2
4491,1892.29,56.767,0.403431,0.0111648,-0.423639,22.8708,93.554,0.0,0.07400063103962394,0.0,0.10082656817883873,2
4492,1892.63,56.3779,0.386016,0.0118486,-0.423964,23.1801,93.576,0.0,0.07259821169820775,0.0,0.10914819181591759,2
4493,1892.96,55.9852,0.368761,0.0125195,-0.424348,23.8219,93.598,0.0,0.07141051182443435,0.0,0.10864508731855857,2
4494,1893.3,55.6045,0.357693,0.0132086,-0.424794,49.2014,93.62,0.0,0.07039635265322142,0.0,0.10453257405441227,2
4495,1893.63,55.2442,0.352016,0.0139167,-0.425287,48.7114,93.642,0.0,0.06945739171639202,0.0,0.09824367935827666,2
4496,1893.96,54.9097,0.351508,0.0146243,-0.425832,48.2254,93.664,0.0,0.06855410206413465,0.0,0.09073458092767503,2
4497,1894.28,54.6015,0.348806,0.0153615,-0.426416,47.7443,93.686,0.0,0.06765365393029768,0.0,0.08269412765887935,2
4498,1894.61,54.6748,0.35511,0.0162989,-0.427049,47.275,93.708,0.0,0.06678964653031876,0.18,0.0,2
4499,1894.94,54.4602,0.355626,0.0173408,-0.427744,46.8117,93.73,0.0,0.06567634567136812,0.0,0.08011334044346058,2
4500,1895.26,54.5324,0.355472,0.0184485,-0.428508,46.3532,93.752,0.0,0.06487942835014035,0.18,0.0,2
4501,1895.59,54.3236,0.35043,0.0196168,-0.42935,45.8987,93.774,0.0,0.06426405285931706,0.0,0.078364148517066,2
4502,1895.91,54.3944,0.350215,0.0208017,-0.430275,45.4466,93.796,0.0,0.06392453978446205,0.18,0.0,2
4503,1896.24,54.5876,0.355267,0.0221164,-0.431282,45.0,93.818,0.0,0.0636287272438648,0.2622275281615059,0.0,2
4504,1896.56,54.3792,0.349799,0.0233623,-0.432378,44.5507,93.84,0.0,0.0632908220897428,0.0,0.0833469835363508,2
4505,1896.89,54.4475,0.35125,0.0246054,-0.433554,44.103,93.862,0.0,0.06314798945219902,0.18,0.0,2
4506,1897.21,54.2333,0.34893,0.0258304,-0.434813,43.6553,93.884,0.0,0.06303004941107221,0.0,0.07890369769059628,2
4507,1897.53,54.3042,0.348946,0.0270268,-0.436147,43.2082,93.906,0.0,0.06316643713394997,0.18,0.0,2
4508,1897.86,54.4988,0.353764,0.0283419,-0.437564,42.7657,93.928,0.0,0.06335046621831839,0.2638804794780856,0.0,2
4509,1898.18,54.7066,0.359755,0.0296699,-0.43907,42.3225,93.95,0.0,0.06351092575814928,0.2609614502524581,0.0,2
4510,1898.51,54.9221,0.362067,0.0310089,-0.440665,41.8786,93.972,0.0,0.06410520187448718,0.2706940070366346,0.0,2
4511,1898.84,55.1468,0.365855,0.0323464,-0.442358,41.4333,93.994,0.0,0.06505308325537618,0.28,0.0,2
4512,1899.17,55.3734,0.370247,0.0336668,-0.444144,40.9859,94.016,0.0,0.06624689843341562,0.28,0.0,2
4513,1899.5,55.6002,0.378165,0.0349423,-0.446025,40.5353,94.038,0.0,0.06761407841337476,0.28,0.0,2
4514,1899.83,55.8275,0.384645,0.0361735,-0.447987,40.0812,94.06,0.0,0.06908427646887558,0.28,0.0,2
4515,1900.16,56.0553,0.393927,0.0373461,-0.450032,39.6231,94.082,0.0,0.07067095734537521,0.28,0.0,2
4516,1900.5,56.2836,0.401224,0.0384642,-0.452156,39.1616,94.104,0.0,0.07215273503436649,0.28,0.0,2
4517,1900.84,56.5125,0.410821,0.0395219,-0.454356,38.6962,94.126,0.0,0.07393044000612323,0.28,0.0,2
4518,1901.17,56.7738,0.420547,0.040507,-0.456624,38.2263,94.148,0.0,0.07603420006005904,0.32,0.0,2
4519,1901.51,57.0443,0.433436,0.0414001,-0.458961,37.7509,94.17,0.0,0.07852691175493422,0.32,0.0,2
4520,1901.85,57.3154,0.445484,0.0422127,-0.461354,37.2706,94.192,0.0,0.08132380620637085,0.32,0.0,2
4521,1902.19,57.5869,0.463609,0.0429036,-0.463802,36.7838,94.214,0.0,0.08435126390967543,0.32,0.0,2
4522,1902.54,57.8588,0.482648,0.0434605,-0.466281,36.2902,94.236,0.0,0.08750814204535554,0.32,0.0,2
4523,1902.88,58.1311,0.498701,0.0439054,-0.468787,35.7905,94.258,0.0,0.09076704512474451,0.32,0.0,2
4524,1903.23,58.4039,0.513402,0.044253,-0.471313,35.2856,94.28,0.0,0.09415806754341355,0.32,0.0,2
4525,1903.58,58.6768,0.530122,0.0444824,-0.47386,34.7748,94.302,0.0,0.09772799023183858,0.32,0.0,2
4526,1903.93,58.9503,0.544549,0.0445954,-0.476415,34.2584,94.324,0.0,0.10134110903725843,0.32,0.0,2
4527,1904.28,59.2242,0.561437,0.0445792,-0.478972,33.7359,94.346,0.0,0.10476860972566533,0.32,0.0,2
4528,1904.63,59.4986,0.576774,0.0444371,-0.481517,33.2077,94.368,0.0,0.1080624752476778,0.32,0.0,2
4529,1904.99,59.7772,0.597044,0.0442049,-0.484042,32.6753,94.39,0.0,0.11126927026181593,0.32,0.0,2
4530,1905.35,60.0521,0.618235,0.0438821,-0.486537,32.1388,94.412,0.0,0.11440917585746727,0.32,0.0,2
4531,1905.7,60.3264,0.638877,0.0434081,-0.488995,31.5962,94.434,0.0,0.11761351151206526,0.32,0.0,2
4532,1906.06,60.6013,0.653322,0.0427691,-0.491402,31.047,94.456,0.0,0.12084906061757114,0.32,0.0,2
4533,1906.42,60.8777,0.664781,0.0419809,-0.493756,30.4921,94.478,0.0,0.12400020502473656,0.32,0.0,2
4534,1906.79,61.1552,0.675513,0.0410597,-0.496057,29.9326,94.5,0.0,0.1271042445045057,0.32,0.0,2
4535,1907.15,61.4336,0.686677,0.0400159,-0.49827,29.3688,94.522,0.0,0.13025525071225078,0.32,0.0,2
4536,1907.52,61.7126,0.698553,0.0388543,-0.5004,28.8011,94.544,0.0,0.1334158779166471,0.32,0.0,2
4537,1907.88,61.9918,0.713815,0.0375573,-0.502444,28.2294,94.566,0.0,0.13659209197456706,0.32,0.0,2
4538,1908.25,62.2716,0.727573,0.0361277,-0.504378,27.6537,94.588,0.0,0.13968922500130543,0.32,0.0,2
4539,1908.63,62.5518,0.74087,0.0345737,-0.5062,27.0747,94.61,0.0,0.14274884718686712,0.32,0.0,2
4540,1909.0,62.8326,0.754017,0.0328972,-0.50789,26.4926,94.632,0.0,0.1457916645583952,0.32,0.0,2
4541,1909.37,63.114,0.764165,0.0311143,-0.509445,25.9083,94.654,0.0,0.14814108198970377,0.32,0.0,2
4542,1909.75,63.3959,0.77294,0.0292403,-0.510861,25.3226,94.676,0.0,0.15001328995496607,0.32,0.0,2
4543,1910.13,63.6787,0.778099,0.0272953,-0.512129,24.7361,94.698,0.0,0.15147509040940846,0.32,0.0,2
4544,1910.5,63.9664,0.745968,0.0254828,-0.513277,24.1555,94.72,0.0,0.15248109999927603,0.32,0.0,2
4545,1910.89,64.2536,0.714655,0.0240065,-0.514346,23.587,94.742,0.0,0.15320629711296757,0.32,0.0,2
4546,1911.27,64.3782,0.712287,0.0226161,-0.515332,23.0232,94.764,0.0,0.15340977357642527,0.14,0.0,2
4547,1911.65,64.4543,0.738204,0.021023,-0.516183,22.4568,94.786,0.0,0.15352694010788484,0.14,0.0,2
4548,1912.07,64.5316,0.766165,0.00471133,-0.516429,21.8841,94.808,0.0,0.15374366223931113,0.14,0.0,2
4549,1912.5,64.6114,0.779094,-0.0160564,-0.515059,21.3101,94.83,0.0,0.150508417158107,0.14,0.0,2
4550,1912.93,64.6941,0.769891,-0.0367487,-0.512052,20.7422,94.852,0.0,0.1438862993102411,0.14,0.0,2
4551,1913.37,64.7676,0.719183,-0.0571778,-0.507443,20.1851,94.874,0.0,0.1343605881107085,0.14,0.0,2
4552,1913.8,64.8555,0.59244,-0.0776842,-0.501334,19.6303,94.896,0.0,0.12276369946315532,0.14,0.0,2
4553,1914.23,64.9517,0.491959,-0.0974448,-0.493762,19.0978,94.918,0.0,0.10992728486019226,0.14,0.0,2
4554,1914.66,65.0475,0.408231,-0.115986,-0.484772,18.5973,94.94,0.0,0.09637350314716271,0.14,0.0,2
4555,1915.09,64.846,0.34716,-0.133725,-0.474445,18.1173,94.962,0.0,0.08202325587091669,0.0,0.09014279646205818,2
4556,1915.51,64.3825,0.303125,-0.151034,-0.46286,17.6485,94.984,0.0,0.06719415031185379,0.0,0.12605856120890435,2
4557,1915.93,63.854,0.24531,-0.167634,-0.450119,17.1968,95.006,0.0,0.04826231249386838,0.0,0.14208237203050417,2
4558,1916.34,63.3195,0.170861,-0.183329,-0.436317,16.7656,95.028,0.0,0.03018531336216875,0.0,0.1481442001942061,2
4559,1916.75,62.7905,0.0915366,-0.19801,-0.421573,16.3565,95.05,0.0,0.013082445246227183,0.0,0.14828593293182296,2
4560,1917.15,62.2976,0.00391723,-0.211723,-0.405979,15.9676,95.072,0.0,-0.003150744080961925,0.0,0.14431290813694903,2
4561,1917.55,61.8802,-0.0649396,-0.224431,-0.389615,15.5988,95.094,0.0,-0.01857103683395097,0.0,0.13842240558321706,2
4562,1917.94,61.3304,-0.0771847,-0.235885,-0.372522,15.2537,95.116,0.0,-0.03359087339591273,0.0,0.15655912514541426,2
4563,1918.32,60.7507,-0.136115,-0.246893,-0.354816,14.9165,95.138,0.0,-0.04863637265354746,0.0,0.16200144843290742,2
4564,1918.7,60.3248,-0.206181,-0.257255,-0.336571,14.5909,95.16,0.0,-0.06316867635277651,0.0,0.09995119908328494,2
4565,1919.08,60.344,-0.300969,-0.267041,-0.317774,14.2748,95.182,0.0,-0.07712203565802314,0.18,0.0,2
4566,1919.46,60.5813,-0.408785,-0.276499,-0.298349,13.9626,95.204,0.0,-0.09056892710526288,0.28,0.0,2
4567,1919.83,60.8385,-0.513822,-0.285483,-0.278304,13.6565,95.226,0.0,-0.10370023940100864,0.28,0.0,2
4568,1920.21,61.0939,-0.611472,-0.293897,-0.257669,13.358,95.248,0.0,-0.11660525258286894,0.28,0.0,2
4569,1920.58,61.3484,-0.696268,-0.301734,-0.236466,13.0667,95.27,0.0,-0.12929181781372276,0.28,0.0,2
4570,1920.95,61.5625,-0.759758,-0.308884,-0.214724,12.784,95.292,0.0,-0.14184311192563365,0.26693697095321506,0.0,2
4571,1921.33,61.3889,-0.762864,-0.314923,-0.192514,12.5168,95.314,0.0,-0.15442397446279948,0.0,0.08581713112026808,2
4572,1921.69,61.0565,-0.741128,-0.319612,-0.170016,12.2693,95.336,0.0,-0.1675024078580259,0.0,0.08842564386671779,2
4573,1922.06,60.7224,-0.769109,-0.323602,-0.147352,12.0314,95.358,0.0,-0.18066262217406528,0.0,0.08883712908427117,2
4574,1922.42,60.3809,-0.825627,-0.327082,-0.124606,11.8002,95.38,0.0,-0.19314765461540356,0.0,0.09208691339199913,2
4575,1922.77,59.9515,-0.891627,-0.330132,-0.101847,11.575,95.402,0.0,-0.20471633004075665,0.0,0.1261412849471504,2
4576,1923.13,59.4486,-0.96584,-0.332712,-0.0791599,11.3567,95.424,0.0,-0.21543210137397487,0.0,0.14548953040598833,2
4577,1923.47,58.9132,-1.04041,-0.334743,-0.056612,11.1469,95.446,0.0,-0.22537385866968912,0.0,0.1534035815700895,2
4578,1923.82,58.3728,-1.10841,-0.336193,-0.0342396,10.946,95.468,0.0,-0.23461342985835254,0.0,0.1535261066086528,2
4579,1924.16,57.8502,-1.16417,-0.337098,-0.0120728,10.7537,95.49,0.0,-0.24354810463861504,0.0,0.14848476409949912,2
4580,1924.49,57.355,-1.20644,-0.337541,0.00988388,10.5684,95.512,0.0,-0.2512660389979151,0.0,0.14034965148485,2
4581,1924.82,56.8951,-1.22446,-0.337562,0.0316341,10.3895,95.534,0.0,-0.25783112762174903,0.0,0.13039681205156292,2
4582,1925.15,56.4684,-1.23083,-0.337152,0.0531712,10.2172,95.556,0.0,-0.26414772102835676,0.0,0.11961926946688041,2
4583,1925.47,56.0759,-1.242,-0.336357,0.0744946,10.0505,95.578,0.0,-0.27129510112653576,0.0,0.10846002941021382,2
4584,1925.79,55.7191,-1.28705,-0.335357,0.0955791,9.88706,95.6,0.0,-0.27910727399714474,0.0,0.09735562235176222,2
4585,1926.11,55.3948,-1.34712,-0.33416,0.116389,9.7271,95.622,0.0,-0.2867405132969869,0.0,0.08666627298733932,2
4586,1926.42,55.3518,-1.42472,-0.333224,0.136974,9.56364,95.644,0.0,-0.29401995527957137,0.18,0.0,2
4587,1926.74,55.5371,-1.51773,-0.332851,0.157454,9.39146,95.666,0.0,-0.3008734329259998,0.2604235569392666,0.0,2
4588,1927.05,55.3243,-1.57734,-0.332126,0.177816,9.22357,95.688,0.0,-0.3074182257215602,0.0,0.08505592055858266,2
4589,1927.37,55.0273,-1.60994,-0.330501,0.197943,9.06854,95.71,0.0,-0.3141209150320546,0.0,0.077883422701446,2
4590,1927.68,54.9835,-1.64797,-0.328777,0.217824,8.9152,95.732,0.0,-0.3210328178063765,0.18,0.0,2
4591,1927.99,55.1729,-1.70409,-0.327389,0.237591,8.75634,95.754,0.0,-0.3277264187733695,0.27403159956193823,0.0,2
4592,1928.3,55.3775,-1.75072,-0.325984,0.257327,8.5961,95.776,0.0,-0.33406615393731565,0.2639840156670728,0.0,2
4593,1928.61,55.1703,-1.77498,-0.323986,0.276902,8.44345,95.798,0.0,-0.3403187788177403,0.0,0.08206534468694188,2
4594,1928.91,55.1126,-1.79239,-0.321426,0.296216,8.29881,95.82,0.0,-0.3467436684994937,0.18,0.0,2
4595,1929.22,55.2911,-1.82916,-0.31912,0.315408,8.14971,95.842,0.0,-0.35311843663522485,0.265972893981469,0.0,2
4596,1929.53,55.0908,-1.85475,-0.316286,0.334399,8.00743,95.864,0.0,-0.3592064436024726,0.0,0.07934215428775679,2
4597,1929.83,54.4805,-1.81034,-0.312591,0.353023,7.87802,95.886,0.0,-0.36525496069587715,0.0,0.2047763765616354,2
4598,1930.13,53.3768,-1.66643,-0.308824,0.37118,7.75185,95.908,0.0,-0.372044153414853,0.0,0.4085311537903638,2
4599,1930.42,51.9402,-1.48355,-0.305711,0.388839,7.61948,95.93,0.0,-0.38074529396260537,0.0,0.4978733091984111,2
4600,1930.71,50.3958,-1.34137,-0.303127,0.405951,7.48324,95.952,0.0,-0.3915252521933586,0.0,0.48629914883694636,2
4601,1930.98,48.8598,-1.27426,-0.300665,0.422473,7.34919,95.974,0.0,-0.40315548611875496,0.0,0.4600957100391562,2
4602,1931.24,47.2642,-1.19141,-0.298198,0.438357,7.21966,95.996,0.0,-0.4141616186145263,0.0,0.5638533561283213,2
4603,1931.5,45.6348,-1.09846,-0.296311,0.453651,7.08653,96.018,0.0,-0.4250337257088895,0.0,0.5197410257344474,2
4604,1931.74,44.0649,-1.06909,-0.295089,0.468367,6.94885,96.04,0.0,-0.43618863242832734,0.0,0.47018703925048766,2
4605,1931.98,42.5679,-1.09219,-0.294222,0.482475,6.81127,96.062,0.0,-0.4443057290668072,0.0,0.4513378769230769,1
4606,1932.21,41.1722,-1.15951,-0.293369,0.49597,6.67854,96.084,0.0,-0.4514527184829119,0.0,0.39376095384615384,1
4607,1932.43,39.9017,-1.27962,-0.291993,0.508838,6.55783,96.106,0.0,-0.457982486214372,0.0,0.3400801846153844,1
4608,1932.64,38.7682,-1.44786,-0.289619,0.521014,6.45595,96.128,0.0,-0.4634554818629639,0.0,0.2912147999999999,1
4609,1932.85,37.6199,-1.5667,-0.286449,0.532509,6.37024,96.15,0.0,-0.46731892415643816,0.0,0.35,1
4610,1933.05,36.4609,-1.63501,-0.283177,0.543332,6.2919,96.172,0.0,-0.4705729874597522,0.0,0.35,1
4611,1933.24,35.3058,-1.67216,-0.279769,0.553578,6.22052,96.194,0.0,-0.4733997747852129,0.0,0.35,1
4612,1933.43,34.1464,-1.6962,-0.276139,0.563263,6.15719,96.216,0.0,-0.4769815999683623,0.0,0.35,1
4613,1933.62,32.9808,-1.71744,-0.272263,0.572392,6.10235,96.238,0.0,-0.48120863374821987,0.0,0.35,1
4614,1933.79,31.7964,-1.73971,-0.268137,0.580939,6.05661,96.26,0.0,-0.4858831738449008,0.0,0.35,1
4615,1933.96,30.606,-1.77312,-0.26369,0.588863,6.02161,96.282,0.0,-0.4907489216434289,0.0,0.35,1
4616,1934.13,29.4476,-1.80627,-0.259044,0.59621,5.99551,96.304,0.0,-0.4953770329749487,0.0,0.35,1
4617,1934.28,28.3126,-1.82557,-0.254342,0.603011,5.97634,96.326,0.0,-0.4997840652752029,0.0,0.35,1
4618,1934.43,27.1901,-1.81165,-0.249727,0.609305,5.9619,96.348,0.0,-0.5042487923587349,0.0,0.35,1
4619,1934.58,26.0718,-1.78006,-0.245268,0.615157,5.9506,96.37,0.0,-0.5092160468194751,0.0,0.35,1
4620,1934.72,24.9549,-1.73947,-0.240957,0.620577,5.94256,96.392,0.0,-0.5151263269788439,0.0,0.35,1
4621,1934.85,23.8369,-1.69576,-0.23678,0.625594,5.93764,96.414,0.0,-0.5217449094935452,0.0,0.35,1
4622,1934.98,22.7164,-1.65077,-0.232721,0.630211,5.93615,96.436,0.0,-0.5289523824845895,0.0,0.35,1
4623,1935.1,21.5924,-1.60745,-0.228759,0.634469,5.93795,96.458,0.0,-0.5366734389548999,0.0,0.35,1
4624,1935.22,20.4657,-1.565,-0.224874,0.638351,5.94365,96.48,0.0,-0.5448731323807773,0.0,0.35,1
4625,1935.32,19.3378,-1.52343,-0.221053,0.641877,5.95324,96.502,0.0,-0.5535228841412129,0.0,0.35,1
4626,1935.43,18.8588,-1.58915,-0.216865,0.645067,5.97292,96.524,0.0,-0.5626520630404114,0.0,0.12,1
4627,1935.53,18.4688,-1.59372,-0.212594,0.648023,5.9974,96.546,0.0,-0.5686659698423049,0.0,0.12,1
4628,1935.63,18.0916,-1.57883,-0.208376,0.650789,6.0242,96.568,0.0,-0.5730908058030636,0.0,0.12,1
4629,1935.73,17.1119,-1.44958,-0.204596,0.653393,6.04702,96.59,0.0,-0.5766790658689216,0.0,0.35,1
4630,1935.82,16.7581,-1.49122,-0.200689,0.655793,6.07508,96.612,0.0,-0.585331123675447,0.0,0.06999999999999995,1
4631,1935.91,16.7668,-1.54054,-0.197067,0.657987,6.10201,96.634,0.0,-0.5913514504625941,0.12,0.0,1
4632,1936.0,16.8832,-1.56842,-0.193627,0.660091,6.12782,96.656,0.0,-0.5949169032106976,0.14,0.0,1
4633,1936.1,17.0054,-1.58109,-0.190173,0.662115,6.15537,96.678,0.0,-0.59650277539055,0.14,0.0,1
4634,1936.19,17.1226,-1.58737,-0.186736,0.664169,6.18277,96.7,0.0,-0.5967407787753997,0.14,0.0,1
4635,1936.29,17.2391,-1.593,-0.183296,0.666156,6.21165,96.722,0.0,-0.5961058516889144,0.14,0.0,1
4636,1936.38,17.3556,-1.6009,-0.179838,0.668076,6.2423,96.744,0.0,-0.5947997975855118,0.14,0.0,1
4637,1936.48,17.4757,-1.60644,-0.176376,0.669927,6.27452,96.766,0.0,-0.592975378782691,0.14,0.0,1
4638,1936.57,17.5924,-1.61325,-0.172901,0.671713,6.30848,96.788,0.0,-0.5907573695096184,0.14,0.0,1
4639,1936.67,17.7066,-1.61722,-0.16943,0.673436,6.34389,96.81,0.0,-0.5882572344454472,0.14,0.0,1
4640,1936.77,17.824,-1.62329,-0.165947,0.675094,6.38107,96.832,0.0,-0.5855685771902424,0.14,0.0,1
4641,1936.87,17.943,-1.62685,-0.162462,0.676688,6.41988,96.854,0.0,-0.5826938456882328,0.14,0.0,1
4642,1936.97,18.0626,-1.62894,-0.158984,0.678218,6.46017,96.876,0.0,-0.5797024890139992,0.14,0.0,1
4643,1937.06,17.2251,-1.47179,-0.155386,0.679748,6.50341,96.898,0.0,-0.5721553908564501,0.0,0.3,1
4644,1937.16,17.1208,-1.51848,-0.151955,0.681137,6.54635,96.92,0.0,-0.5729346931000101,0.12,0.019999999999999962,1
4645,1937.25,17.2189,-1.54468,-0.14867,0.68246,6.58829,96.942,0.0,-0.5734724045140532,0.14,0.0,1
4646,1937.35,17.3474,-1.5566,-0.145383,0.683709,6.63205,96.964,0.0,-0.573038800056514,0.14,0.0,1
4647,1937.44,17.4709,-1.56051,-0.14211,0.684898,6.67717,96.986,0.0,-0.5717723601062272,0.14,0.0,1
4648,1937.54,17.5904,-1.56061,-0.138862,0.686026,6.72438,97.008,0.0,-0.5698942320155835,0.14,0.0,1
4649,1937.64,17.7107,-1.56189,-0.135631,0.687099,6.77535,97.03,0.0,-0.5675333422624701,0.14,0.0,1
4650,1937.73,17.8307,-1.56662,-0.132403,0.688114,6.83062,97.052,0.0,-0.5647675997743804,0.14,0.0,1
4651,1937.83,17.9498,-1.57198,-0.129157,0.689069,6.891,97.074,0.0,-0.5616658766557618,0.14,0.0,1
4652,1937.93,18.0702,-1.5739,-0.125923,0.68997,6.95612,97.096,0.0,-0.5582686468937067,0.14,0.0,1
4653,1938.03,17.2223,-1.42497,-0.122545,0.690837,7.02922,97.118,0.0,-0.5499741494999746,0.0,0.3,1
4654,1938.12,17.1272,-1.4666,-0.119363,0.691601,7.10378,97.14,0.0,-0.5501968524670712,0.12,0.019999999999999962,1
4655,1938.22,17.2286,-1.48877,-0.116323,0.692302,7.1807,97.162,0.0,-0.5503269790802832,0.14,0.0,1
4656,1938.31,17.361,-1.49982,-0.11328,0.692944,7.26378,97.184,0.0,-0.5495152577041178,0.14,0.0,1
4657,1938.41,17.4869,-1.50092,-0.110264,0.693529,7.3526,97.206,0.0,-0.5478892187993364,0.14,0.0,1
4658,1938.5,17.6075,-1.50219,-0.107268,0.694066,7.44766,97.228,0.0,-0.5467347610377039,0.14,0.0,1
4659,1938.6,17.7286,-1.50328,-0.104289,0.694548,7.54961,97.25,0.0,-0.5447996914160288,0.14,0.0,1
4660,1938.7,17.85,-1.50419,-0.101325,0.694982,7.65898,97.272,0.0,-0.542255458926175,0.14,0.0,1
4661,1938.8,17.9714,-1.50664,-0.0983699,0.695365,7.7766,97.294,0.0,-0.5392642347454082,0.14,0.0,1
4662,1938.9,18.0928,-1.51017,-0.0954164,0.695699,7.90333,97.316,0.0,-0.5359250748256293,0.14,0.0,1
4663,1938.99,17.2551,-1.37187,-0.0922855,0.695983,8.04496,97.338,0.0,-0.5323189075863801,0.0,0.3,1
4664,1939.09,17.1516,-1.42385,-0.0893129,0.696184,8.1909,97.36,0.0,-0.5339661603637023,0.12,0.019999999999999962,1
4665,1939.18,17.2486,-1.44837,-0.0864471,0.696316,8.34451,97.382,0.0,-0.5338001826711151,0.14,0.0,1
4666,1939.28,17.3774,-1.45514,-0.0835984,0.696352,8.51051,97.404,0.0,-0.5320154788697937,0.14,0.0,1
4667,1939.37,17.5042,-1.45444,-0.0807861,0.696362,8.68761,97.426,0.0,-0.5292342334312239,0.14,0.0,1
4668,1939.47,17.6258,-1.45172,-0.0780099,0.696309,8.87764,97.448,0.0,-0.5259426633341113,0.14,0.0,1
4669,1939.57,17.7474,-1.4477,-0.0752662,0.696156,9.08278,97.47,0.0,-0.5223447069921638,0.14,0.0,1
4670,1939.67,17.8688,-1.44702,-0.0725458,0.695958,9.3036,97.492,0.0,-0.5185584768905018,0.14,0.0,1
4671,1939.76,17.9906,-1.44614,-0.0698479,0.695716,9.54174,97.514,0.0,-0.5146125718395647,0.14,0.0,1
4672,1939.86,18.1126,-1.44566,-0.0671704,0.695437,9.79888,97.536,0.0,-0.510589396229109,0.14,0.0,1
4673,1939.96,17.7649,-1.38785,-0.0640476,0.695165,10.1016,97.558,0.0,-0.5064874369604655,0.0,0.12,1
4674,1940.06,17.7914,-1.40627,-0.0612481,0.694813,10.4108,97.58,0.0,-0.504727021154711,0.12,0.0,1
4675,1940.16,17.9099,-1.41369,-0.0586608,0.694413,10.7344,97.602,0.0,-0.502179611884086,0.14,0.0,1
4676,1940.26,18.0348,-1.41405,-0.0561069,0.69397,11.0856,97.624,0.0,-0.49895228095613026,0.14,0.0,1
4677,1940.36,18.1586,-1.41057,-0.0535939,0.693491,11.4666,97.646,0.0,-0.4953353266847542,0.14,0.0,1
4678,1940.46,18.2829,-1.40633,-0.0511187,0.692981,11.8814,97.668,0.0,-0.4915359403304541,0.14,0.0,1
4679,1940.56,18.4037,-1.39974,-0.0487126,0.692439,12.3313,97.69,0.0,-0.4877178063158992,0.14,0.0,1
4680,1940.66,18.5244,-1.39709,-0.0463317,0.691818,12.8264,97.712,0.0,-0.48387425196986156,0.14,0.0,1
4681,1940.76,18.6457,-1.39683,-0.0439609,0.691108,13.3749,97.734,0.0,-0.47991069497021255,0.14,0.0,1
4682,1940.86,18.7685,-1.39636,-0.0416063,0.690361,13.9825,97.756,0.0,-0.47579039091087627,0.14,0.0,1
4683,1940.97,18.8924,-1.39469,-0.0392764,0.68959,14.6569,97.778,0.0,-0.4715406661534289,0.14,0.0,1
4684,1941.07,19.0175,-1.38982,-0.0369886,0.688791,15.4066,97.8,0.0,-0.467174835468326,0.14,0.0,1
4685,1941.18,19.1427,-1.38603,-0.0347398,0.687965,16.245,97.822,0.0,-0.46279645363358124,0.14,0.0,1
4686,1941.28,19.2686,-1.38005,-0.0325406,0.687116,17.1854,97.844,0.0,-0.45836756783068056,0.14,0.0,1
4687,1941.39,19.3943,-1.37571,-0.0303748,0.686171,18.2533,97.866,0.0,-0.4539682709224213,0.14,0.0,1
4688,1941.49,19.5202,-1.37166,-0.0282453,0.685166,19.4716,97.888,0.0,-0.44952934741510014,0.14,0.0,1
4689,1941.6,19.6469,-1.3654,-0.0261663,0.684137,20.8681,97.91,0.0,-0.4450905185097419,0.14,0.0,1
4690,1941.71,19.7676,-1.3772,-0.0240834,0.683092,22.4996,97.932,0.0,-0.44065730073807985,0.14,0.0,1
4691,1941.82,19.8922,-1.37907,-0.0219496,0.681975,24.4484,97.954,0.0,-0.436027633239194,0.14,0.0,1
4692,1941.93,20.274,-1.34903,-0.0199102,0.680831,26.755,97.976,0.0,-0.4313496030598324,0.42,0.0,1
4693,1942.04,20.7134,-1.25484,-0.0183223,0.679715,29.3465,97.998,0.0,-0.4251476387861651,0.42,0.0,1
4694,1942.16,21.1664,-1.09285,-0.0176218,0.678748,31.9699,98.02,0.0,-0.4196865130561267,0.42,0.0,1
4695,1942.28,21.5113,-1.27977,-0.0162523,0.677773,35.6888,98.042,0.0,-0.4157984006552217,0.42,0.0,1
4696,1942.39,21.917,-1.37769,-0.0141395,0.676566,41.2577,98.064,0.0,-0.40890626370382255,0.42,0.0,1
4697,1942.52,22.3349,-1.37319,-0.0122379,0.675249,48.6943,98.086,0.0,-0.4007174967100333,0.42,0.0,1
4698,1942.64,22.7517,-1.34998,-0.0105823,0.673915,59.0075,98.108,0.0,-0.392897201311274,0.42,0.0,1
4699,1942.77,23.1618,-1.36176,-0.00895578,0.672552,74.9617,98.13,0.0,-0.38567547248122913,0.42,0.0,1
4700,1942.9,23.6878,-1.364,-0.0072487,0.671123,103.65,98.152,0.0,-0.37843691911796506,0.55,0.0,1
4701,1943.03,24.2412,-1.33725,-0.00571567,0.669682,200.0,98.174,0.0,-0.37093022682908794,0.55,0.0,1
4702,1943.16,24.7865,-1.32492,-0.00413639,0.668214,200.0,98.196,0.0,-0.36361214935291974,0.55,0.0,1
4703,1943.32,25.3289,-1.37586,0.00203913,0.666608,198.774,98.218,0.0,-0.35630584709517327,0.55,0.0,1
4704,1943.47,25.8808,-1.37732,0.00825184,0.664767,194.82,98.24,0.0,-0.34704158093058673,0.55,0.0,1
4705,1943.63,26.4472,-1.30025,0.0141255,0.662778,190.891,98.262,0.0,-0.3370664637346994,0.55,0.0,1
4706,1943.8,27.0383,-1.16605,0.0192878,0.660735,187.243,98.284,0.0,-0.3276304778484892,0.55,0.0,1
4707,1943.96,27.5304,-1.14594,0.0240557,0.658636,183.686,98.306,0.0,-0.31939306487780517,0.55,0.0,1
4708,1944.13,28.0829,-1.29548,0.0301749,0.656224,178.867,98.328,0.0,-0.31098104098080215,0.55,0.0,1
4709,1944.31,28.6479,-1.24792,0.0359942,0.653513,173.85,98.35,0.0,-0.29979485650560467,0.55,0.0,1
4710,1944.48,29.2354,-1.12709,0.0411126,0.650698,168.927,98.372,0.0,-0.28921105263949387,0.55,0.0,1
4711,1944.66,29.3645,-1.12719,0.0456931,0.647831,163.914,98.394,0.0,-0.2801148828368793,0.55,0.0,1
4712,1944.84,30.3136,-1.00825,0.0528108,0.644737,153.976,98.416,0.0,-0.2722200522706878,0.73,0.0,1
4713,1945.03,31.5341,-1.05903,0.0581095,0.64134,141.308,98.438,0.0,-0.2640297247637152,0.88,0.0,1
4714,1945.23,31.8194,-1.03995,0.0619995,0.637766,132.164,98.46,0.0,-0.2535661525916545,1.0,0.0,1
4715,1945.42,32.0757,-1.04765,0.0676181,0.633959,120.915,98.482,0.0,-0.24388797442207585,0.88,0.0,1
4716,1945.62,33.6105,-0.740322,0.076162,0.630028,107.114,98.504,0.0,-0.23477285427399863,0.88,0.0,1
4717,1945.83,35.1282,-0.57499,0.0831382,0.625892,97.8953,98.526,0.0,-0.2266114531447157,0.88,0.0,1
4718,1946.04,35.1242,-0.589859,0.089081,0.621536,91.1352,98.548,0.0,-0.21808664527810606,0.88,0.0,1
4719,1946.26,36.1211,-0.317366,0.0981252,0.616938,82.524,98.57,0.0,-0.21006768420858174,0.88,0.0,1
4720,1946.49,38.0145,-0.0147334,0.107484,0.612111,75.138,98.592,0.0,-0.20349784649870603,0.8719287899467937,0.0,1
4721,1946.72,38.2087,0.0854285,0.113645,0.607062,70.8576,98.614,0.0,-0.1976209270121445,0.7772588487616913,0.0,1
4722,1946.95,39.319,0.237455,0.123705,0.601645,64.9021,98.636,0.0,-0.19316655667174004,0.88,0.0,1
4723,1947.2,41.0147,0.620896,0.135002,0.595833,59.2841,98.658,0.0,-0.18880476513984917,0.54,0.0,1
4724,1947.45,41.256,0.881239,0.143224,0.589772,55.6895,98.68,0.0,-0.18569161968656842,0.28,0.0,1
4725,1947.7,42.8888,1.11505,0.155262,0.583337,51.1947,98.702,0.0,-0.1844152955637396,0.28,0.0,1
4726,1947.97,43.7452,1.32912,0.167964,0.576333,47.1462,98.724,0.0,-0.18148277553189168,0.28,0.0,1
4727,1948.23,44.4528,1.63526,0.181309,0.568785,43.5006,98.746,0.0,-0.17857659706178056,0.28,0.0,1
4728,1948.5,45.3316,1.83114,0.194847,0.560714,40.3043,98.768,0.0,-0.17601472499878815,0.14,0.0,1
4729,1948.78,45.755,2.18201,0.210522,0.551885,37.1316,98.79,0.0,-0.17189376407458204,0.14,0.0,2
4730,1949.06,46.0896,2.49919,0.227373,0.5426,34.2163,98.812,0.0,-0.16847318945380702,0.14,0.0,2
4731,1949.34,46.7154,2.15581,0.240524,0.532223,32.1609,98.834,0.0,-0.16407502674109756,0.14,0.0,2
4732,1949.62,46.6903,1.39542,0.248507,0.520466,30.9092,98.856,0.0,-0.15228852001797993,0.14,0.0,2
4733,1949.89,46.9061,0.959251,0.254788,0.507597,29.9079,98.878,0.0,-0.1331019638099104,0.14,0.0,2
4734,1950.17,46.9399,0.360324,0.259134,0.493792,29.1479,98.9,0.0,-0.11241668267033766,0.14,0.0,2
4735,1950.45,47.04,0.0593436,0.26237,0.47914,28.5141,98.922,0.0,-0.08935428314931428,0.14,0.0,2
4736,1950.73,47.1943,-0.00530664,0.265957,0.464185,27.854,98.944,0.0,-0.06849842837704165,0.14,0.0,2
4737,1951.01,47.3771,-0.155096,0.268248,0.448814,27.3317,98.966,0.0,-0.05180510326788035,0.14,0.0,2
4738,1951.29,47.4869,-0.237848,0.26969,0.433195,26.896,98.988,0.0,-0.036906242176422785,0.14,0.0,2
4739,1951.57,47.629,-0.21523,0.270701,0.417377,26.5023,99.01,0.0,-0.02418804535514505,0.14,0.0,2
4740,1951.85,47.7456,-0.163294,0.271248,0.401571,26.1552,99.032,0.0,-0.01426666749492259,0.14,0.0,2
4741,1952.13,47.985,-0.10389,0.271545,0.385737,25.8321,99.054,0.0,-0.006610749267597024,0.28,0.0,2
4742,1952.41,48.2231,-0.0770839,0.271324,0.36987,25.5566,99.076,0.0,-0.0005018786218596851,0.28,0.0,2
4743,1952.7,48.4621,-0.0981281,0.271455,0.353906,25.2469,99.098,0.0,0.004873657173354616,0.28,0.0,2
4744,1952.98,48.5544,-0.0762375,0.271534,0.337873,24.9408,99.12,0.0,0.01034493160343243,0.28,0.0,2
4745,1953.27,49.0314,-0.0461238,0.271328,0.321836,24.6601,99.142,0.0,0.015170889640617722,0.32,0.0,2
4746,1953.56,49.3227,0.0177903,0.270762,0.305727,24.4092,99.164,0.0,0.019604400890547706,0.32,0.0,2
4747,1953.85,49.5134,0.00325457,0.270496,0.289613,24.1311,99.186,0.0,0.02307077307901336,0.32,0.0,2
4748,1954.14,49.8472,0.0563847,0.269465,0.273435,23.9173,99.208,0.0,0.026925791371125336,0.32,0.0,2
4749,1954.44,50.0353,0.0897076,0.268496,0.25728,23.6971,99.23,0.0,0.03074171254205574,0.14,0.0,2
4750,1954.73,50.1818,0.10867,0.267459,0.2412,23.4826,99.252,0.0,0.03410444194892202,0.14,0.0,2
4751,1955.03,50.2993,0.138995,0.266162,0.225147,23.2891,99.274,0.0,0.03728056261120795,0.14,0.0,2
4752,1955.33,50.5901,0.175522,0.264778,0.20917,23.1026,99.296,0.0,0.04007343340532698,0.32,0.0,2
4753,1955.63,50.9034,0.17692,0.263566,0.193182,22.8996,99.318,0.0,0.04277859368126752,0.5,0.0,2
4754,1955.93,51.3771,0.168505,0.262013,0.177142,22.7225,99.34,0.0,0.04598134218593372,0.6799999999999999,0.0,2
4755,1956.23,52.17,0.274505,0.26151,0.16099,22.4529,99.362,0.0,0.049580463521666576,0.8599999999999999,0.0,2
4756,1956.55,53.0444,0.158342,0.257415,0.144703,22.4821,99.384,0.0,0.05247967200056111,0.88,0.0,2
4757,1956.86,53.9487,0.127549,0.255906,0.128235,22.2864,99.406,0.0,0.05716815920247918,0.88,0.0,2
4758,1957.18,54.596,0.123363,0.254337,0.111636,22.091,99.428,0.0,0.06199260552143475,0.88,0.0,2
4759,1957.51,55.7669,0.117649,0.251441,0.0948908,22.0035,99.45,0.0,0.06639342620545383,0.88,0.0,2
4760,1957.85,57.0341,0.0497586,0.24899,0.0778998,21.8707,99.472,0.0,0.07036157604976111,0.88,0.0,2
4761,1958.18,57.5429,0.0831956,0.247735,0.0607709,21.63,99.494,0.0,0.07491468485843736,0.88,0.0,2
4762,1958.53,58.7424,0.128199,0.244987,0.0435558,21.5127,99.516,0.0,0.07843385709296972,0.88,0.0,2
4763,1958.88,59.9084,0.0832835,0.24167,0.0261978,21.4395,99.538,0.0,0.0808846461684504,0.88,0.0,2
4764,1959.24,60.7226,0.179834,0.238602,0.00884056,21.3426,99.56,0.0,0.08758185368603286,0.88,0.0,2
4765,1959.6,61.1792,-0.0898617,0.232766,-0.00850983,21.4916,99.582,0.0,0.08747850033828866,0.88,0.0,2
4766,1959.97,62.424,-0.236379,0.227442,-0.0260156,21.5974,99.604,0.0,0.09238921791219423,0.88,0.0,2
4767,1960.35,63.4889,-0.142614,0.223079,-0.043497,21.6175,99.626,0.0,0.09828239580197902,0.88,0.0,2
4768,1960.73,64.466,-0.478585,0.214373,-0.0608575,22.073,99.648,0.0,0.10020814847972805,0.88,0.0,2
4769,1961.12,65.5497,-0.728425,0.207476,-0.0783113,22.3721,99.67,0.0,0.10068903860545433,0.88,0.0,2
4770,1961.51,66.7276,-1.01644,0.199413,-0.0957202,22.8245,99.692,0.0,0.1002484406623669,0.88,0.0,2
4771,1961.91,67.8717,-1.54315,0.189201,-0.113188,23.5762,99.714,0.0,0.09944832670265058,0.88,0.0,2
4772,1962.32,68.7526,-1.62092,0.180691,-0.130528,24.191,99.736,0.0,0.10222932688722741,0.88,0.0,2
4773,1962.74,69.925,-2.16118,0.168736,-0.147597,25.3787,99.758,0.0,0.10249520711525813,0.88,0.0,2
4774,1963.16,71.0107,-2.5333,0.157006,-0.164459,26.7182,99.78,0.0,0.10286076874125184,0.88,0.0,2
4775,1963.59,72.3544,-3.0346,0.145735,-0.181136,28.194,99.802,0.0,0.10266822530513324,0.88,0.0,2
4776,1964.03,73.1786,-3.48201,0.13265,-0.197523,30.3368,99.824,0.0,0.1030293105547837,0.88,0.0,2
4777,1964.47,74.2279,-4.00316,0.116719,-0.213323,33.7763,99.846,0.0,0.1032794146872357,0.88,0.0,2
4778,1964.92,74.9268,-4.85879,0.0973536,-0.228659,39.6781,99.868,0.0,0.10347344977342103,0.18,0.0,2
4779,1965.38,76.2556,-5.43711,0.0783917,-0.243061,48.3288,99.89,0.0,0.10481907091044704,0.18,0.0,2
4780,1965.84,76.8697,-5.48711,0.058643,-0.256257,63.4491,99.912,0.0,0.10568200822803828,0.18,0.0,2
4781,1966.31,77.1428,-4.82219,0.0444657,-0.267777,82.3628,99.934,0.0,0.1032756823584833,0.18,0.0,2
4782,1966.78,77.2478,-4.80265,0.0349299,-0.277288,103.473,99.956,0.0,0.09571019749663712,0.36,0.0,2
4783,1967.26,78.0095,-3.30457,0.0314299,-0.285165,113.738,99.978,0.0,0.08847692820758765,0.54,0.0,2
4784,1967.73,78.3771,-2.8467,0.0289661,-0.29181,122.262,100.0,0.0,0.07223352006294133,0.72,0.0,2
4785,1968.22,79.4906,-2.16551,0.0245931,-0.297426,133.444,100.022,0.0,0.05796434846011087,0.88,0.0,2
4786,1968.71,80.6054,-2.18793,0.0168459,-0.302101,142.772,100.044,0.0,0.043026509051397384,0.88,0.0,2
4787,1969.2,81.7629,-2.26462,0.00829666,-0.306092,150.121,100.066,0.0,0.031338406973005675,0.88,0.0,2
4788,1969.71,83.0156,-2.27275,0.0013625,-0.309458,154.983,100.088,0.0,0.022022599808845654,0.88,0.0,2
4789,1970.22,84.0842,-2.41139,-0.00445015,-0.312173,158.544,100.11,0.0,0.014336284784075337,0.88,0.0,2
4790,1970.73,85.0299,-2.30812,-0.00928432,-0.314248,161.19,100.132,0.0,0.009114065239782474,0.88,0.0,2
4791,1971.26,86.3457,-1.85323,-0.0122398,-0.31586,162.501,100.154,0.0,0.004332485781129401,0.88,0.0,3
4792,1971.78,86.1576,-1.3979,-0.0111736,-0.316514,161.264,100.176,0.0,-0.0018569952658890896,1.0,0.0,3
4793,1972.31,86.1176,-0.673364,-0.00905925,-0.316563,159.363,100.198,0.0,-0.008073792326960096,1.0,0.0,3
4794,1972.84,86.7968,-0.41228,-0.00783617,-0.316336,158.027,100.22,0.0,-0.015760054719071288,1.0,0.0,3
4795,1973.37,87.5726,-0.318383,-0.00684959,-0.316022,156.841,100.242,0.0,-0.02099512033021929,1.0,0.0,3
4796,1973.91,87.9334,-0.285982,-0.00596649,-0.315706,155.715,100.264,0.0,-0.023901420574037237,0.88,0.0,3
4797,1974.45,88.8005,-0.199873,-0.00442487,-0.315423,154.142,100.286,0.0,-0.025482084095935807,0.88,0.0,3
4798,1974.99,89.9191,-0.00223638,-0.00179798,-0.315192,151.812,100.308,0.0,-0.025618879298760364,0.88,0.0,3
4799,1975.55,90.882,0.111983,0.000468906,-0.315017,149.68,100.33,0.0,-0.025795215230406093,0.88,0.0,3
4800,1976.11,92.1932,0.13868,0.00208157,-0.315018,147.973,100.352,0.0,-0.024553758757198986,0.88,0.0,3
4801,1976.68,93.1015,0.0591136,0.00317639,-0.31519,146.617,100.374,0.0,-0.021745852169808233,0.88,0.0,3
4802,1977.25,94.2174,0.0489847,0.00418585,-0.315543,145.309,100.396,0.0,-0.01819398501911402,1.0,0.0,3
4803,1977.83,94.9739,0.0477581,0.00480622,-0.316,144.275,100.418,0.0,-0.015499818499624134,0.6599999999999999,0.0,3
4804,1978.41,95.3077,0.0356773,0.00546807,-0.316566,143.204,100.44,0.0,-0.012949839233522553,0.8399999999999999,0.0,3
4805,1978.99,96.0077,0.0454213,0.00615376,-0.31718,142.108,100.462,0.0,-0.011181411511150454,0.88,0.0,3
4806,1979.58,97.1403,0.131845,0.00751942,-0.317877,140.489,100.484,0.0,-0.010585078715232416,0.88,0.0,3
4807,1980.18,97.9441,0.173636,0.00866717,-0.3186,139.017,100.506,0.0,-0.010334695899297352,0.88,0.0,3
4808,1980.78,98.6665,0.240196,0.00985211,-0.319439,137.497,100.528,0.0,-0.011145909226264308,0.88,0.0,3
4809,1981.39,99.5921,0.251394,0.0111553,-0.320431,135.86,100.55,0.0,-0.01267580164320128,0.88,0.0,3
4810,1982.0,100.764,0.224369,0.0123994,-0.321596,134.243,100.572,0.0,-0.014983195280981638,0.88,0.0,3
4811,1982.62,101.813,0.173812,0.0135638,-0.322948,132.663,100.594,0.0,-0.01766416735452203,0.88,0.0,3
4812,1983.25,102.805,0.122451,0.0146553,-0.324511,131.118,100.616,0.0,-0.02064416335474836,0.8786510317038138,0.0,3
4813,1983.87,103.849,0.175643,0.0164229,-0.326253,128.951,100.638,0.0,-0.02376110412391104,0.981923879609863,0.0,3
4814,1984.51,104.531,0.130657,0.0175006,-0.32821,127.347,100.66,0.0,-0.02684897693639105,0.8437391946180904,0.0,3
4815,1985.16,105.313,0.161253,0.0187413,-0.330372,125.557,100.682,0.0,-0.030101882330950947,0.8448141378691226,0.0,3
4816,1985.8,106.153,0.133173,0.0205352,-0.332769,123.173,100.704,0.0,-0.03374624509393839,0.8419160752072629,0.0,3
4817,1986.45,106.971,0.185043,0.0229194,-0.33541,120.036,100.726,0.0,-0.03695279428886841,0.8365968394198612,0.0,3
4818,1987.11,107.86,0.278882,0.0260417,-0.338335,115.665,100.748,0.0,-0.04002912623985054,0.8327441508334156,0.0,3
4819,1987.77,108.693,0.415501,0.0298774,-0.341577,108.902,100.77,0.0,-0.043041230810486684,0.8257611139752635,0.0,3
4820,1988.44,109.836,0.625007,0.0346977,-0.345122,94.388,100.792,0.0,-0.04571864548069892,0.8218970124306183,0.0,3
4821,1989.11,110.794,0.736259,0.0391075,-0.349164,83.2325,100.814,0.0,-0.04456308242016594,0.9229163775798063,0.0,3
4822,1989.79,111.746,0.747849,0.0429003,-0.353741,75.3443,100.836,0.0,-0.043928485967503414,0.91323334978223,0.0,3
4823,1990.48,112.666,0.724305,0.0468218,-0.358932,68.4834,100.858,0.0,-0.043155952377800136,0.9039816431312118,0.0,3
4824,1991.17,113.53,0.71662,0.0509383,-0.364743,62.3825,100.88,0.0,-0.041865447543099614,0.8965665551762099,0.0,3
4825,1991.86,114.393,0.72963,0.0551326,-0.371173,57.0576,100.902,0.0,-0.04018860611280841,0.8921312974301834,0.0,3
4826,1992.56,114.969,0.815935,0.0589787,-0.378186,52.7457,100.924,0.0,-0.038269316294703294,0.887787932076707,0.0,3
4827,1993.27,115.968,0.774734,0.0627047,-0.385821,49.006,100.946,0.0,-0.036568705612935126,0.7777874231064318,0.0,3
4828,1993.98,116.879,0.691086,0.0654237,-0.394034,46.344,100.968,0.0,-0.03431574739413101,0.8867644342545062,0.0,3
4829,1994.69,117.918,0.623139,0.0676104,-0.402746,44.2024,100.99,0.0,-0.03159136917623955,1.0,0.0,3
4830,1995.41,118.945,0.575937,0.0692584,-0.411875,42.4927,101.012,0.0,-0.028653303319685727,1.0,0.0,3
4831,1996.14,119.906,0.581179,0.0709903,-0.421359,40.7892,101.034,0.0,-0.025733819695234965,1.0,0.0,3
4832,1996.87,120.809,0.572192,0.0733067,-0.431232,38.8285,101.056,0.0,-0.023065371969549824,0.88,0.0,3
4833,1997.61,121.522,0.656835,0.0760381,-0.441508,36.7599,101.078,0.0,-0.020382655415891737,1.0,0.0,3
4834,1998.36,122.412,0.829694,0.0792977,-0.452146,34.5803,101.1,0.0,-0.01808561435272294,0.88,0.0,3
4835,1999.1,123.268,0.848029,0.0817038,-0.463156,32.8896,101.122,0.0,-0.01641366876841866,0.88,0.0,3
4836,1999.86,124.282,0.774835,0.0833031,-0.474627,31.5703,101.144,0.0,-0.014543702228104353,0.88,0.0,3
4837,2000.62,125.25,0.59921,0.0840761,-0.486551,30.5708,101.166,0.0,-0.012175143424869165,0.88,0.0,3
4838,2001.38,125.141,0.45264,0.0847995,-0.498854,29.5843,101.188,0.0,-0.00887948735642855,0.0,0.15956125916883168,4
4839,2002.14,124.14,0.291004,0.0850894,-0.511349,28.7486,101.21,0.0,-0.005138335599590576,0.0,0.31089411498330904,4
4840,2002.9,122.986,0.210206,0.0852296,-0.523893,27.9647,101.232,0.0,-0.0012331544121766346,0.0,0.3309056443943911,3
4841,2003.64,121.789,0.210606,0.0855834,-0.536402,27.1177,101.254,0.0,0.0024936846068963543,0.0,0.35,3
4842,2004.38,120.597,0.250944,0.085942,-0.548814,26.2818,101.276,0.0,0.007750583059493247,0.0,0.35,3
4843,2005.11,119.242,0.226716,0.0855591,-0.561082,25.6813,101.298,0.0,0.011849137683055306,0.0,0.35,3
4844,2005.83,117.866,0.124417,0.0843875,-0.573175,25.3197,101.32,0.0,0.015295570585255661,0.0,0.35,3
4845,2006.54,116.595,0.00583546,0.0826632,-0.585047,25.1276,101.342,0.0,0.018533059717002316,0.0,0.35,3
4846,2007.25,115.406,-0.139377,0.08061,-0.59669,25.0432,101.364,0.0,0.021539270406345533,0.0,0.35,3
4847,2007.95,113.86,-0.139216,0.0790507,-0.60804,24.8175,101.386,0.0,0.02448431711249866,0.0,0.35,3
4848,2008.64,112.663,-0.14474,0.0773932,-0.619045,24.6362,101.408,0.0,0.026595528586912796,0.0,0.35,3
4849,2009.32,111.333,-0.150792,0.0755259,-0.629693,24.5386,101.43,0.0,0.028120544452825486,0.0,0.35,3
4850,2009.99,109.979,-0.162567,0.0735604,-0.639955,24.4949,101.452,0.0,0.02913969217339625,0.0,0.35,3
4851,2010.66,108.531,-0.224512,0.0710275,-0.649879,24.6676,101.474,0.0,0.02978558523384628,0.0,0.35,3
4852,2011.31,107.359,-0.29079,0.0685312,-0.659394,24.8698,101.496,0.0,0.030805170005188683,0.0,0.35,3
4853,2011.96,105.931,-0.262767,0.0660302,-0.668499,25.1205,101.518,0.0,0.03218420138741169,0.0,0.35,3
4854,2012.61,104.652,-0.304712,0.0635011,-0.67722,25.4325,101.54,0.0,0.033179388892854135,0.0,0.35,3
4855,2013.24,103.314,-0.325286,0.0607206,-0.685544,25.9096,101.562,0.0,0.03440934019895292,0.0,0.35,3
4856,2013.87,102.037,-0.340086,0.0581395,-0.693475,26.376,101.584,0.0,0.03662948700233719,0.0,0.35,3
4857,2014.49,100.775,-0.364276,0.0555426,-0.701023,26.928,101.606,0.0,0.039204809053624466,0.0,0.35,3
4858,2015.1,100.111,-0.295544,0.0530416,-0.708081,27.5308,101.628,0.0,0.042145612381481144,0.0,0.06999999999999995,3
4859,2015.71,100.026,-0.281688,0.0494916,-0.714732,28.8317,101.65,0.0,0.04426244505814038,0.25,0.0,3
4860,2016.32,100.22,-0.30949,0.0454394,-0.720957,30.7155,101.672,0.0,0.0462744254560529,0.26477632963353825,0.0,3
4861,2016.93,99.7984,-0.254154,0.041681,-0.726691,32.7953,101.694,0.0,0.04920490605693266,0.0,0.1438312920478681,3
4862,2017.54,99.0864,-0.202241,0.0382277,-0.73185,35.0813,101.716,0.0,0.05072344472899751,0.0,0.1596092294855866,3
4863,2018.14,98.514,-0.173288,0.0348875,-0.73653,37.7676,101.738,0.0,0.05189822718792113,0.0,0.1395077404069805,3
4864,2018.74,98.0818,-0.183508,0.0315034,-0.74073,41.1565,101.76,0.0,0.05303464366871147,0.0,0.10512999674376672,3
4865,2019.34,98.0037,-0.0759804,0.0282862,-0.744419,45.1839,101.782,0.0,0.05459115799176466,0.25,0.0,3
4866,2019.94,98.2199,-0.0528657,0.0254781,-0.747727,49.5131,101.804,0.0,0.05497820436518625,0.3046890074146815,0.0,3
4867,2020.54,98.4879,-0.0194059,0.0221927,-0.750636,56.1864,101.826,0.0,0.05499088252951008,0.3219625369244432,0.0,3
4868,2021.14,98.772,-0.0366002,0.0188605,-0.753182,65.4365,101.848,0.0,0.054411551110825684,0.3366581867931173,0.0,3
4869,2021.75,98.8618,-0.0917618,0.0154692,-0.75536,75.5364,101.87,0.0,0.05361945130576212,0.3505580481345666,0.0,3
4870,2022.35,99.0242,-0.0867645,0.0122144,-0.75714,79.4917,101.892,0.0,0.053513392599887494,0.3742924463193431,0.0,3
4871,2022.96,99.5064,-0.090721,0.00877255,-0.758578,82.4376,101.914,0.0,0.053125269745057935,0.3943751563810287,0.0,3
4872,2023.57,99.6113,-0.111989,0.00573319,-0.759582,84.4873,101.936,0.0,0.05173509305935654,0.39836623491055206,0.0,3
4873,2024.18,100.003,-0.0425484,0.00267571,-0.760177,86.2744,101.958,0.0,0.049944586866960856,0.42113340458811366,0.0,3
4874,2024.79,100.407,-0.0259364,-0.000381772,-0.760392,87.8635,101.98,0.0,0.04672747782572602,0.4294930035381873,0.0,3
4875,2025.41,100.83,-0.0612108,-0.00323612,-0.760243,89.1691,102.002,0.0,0.043179861420727446,0.43718624873536727,0.0,3
4876,2026.02,101.263,-0.0753237,-0.00591594,-0.759746,90.26,102.024,0.0,0.040053183824358476,0.44399956917863065,0.0,3
4877,2026.64,101.689,-0.0622749,-0.00855858,-0.758941,91.2482,102.046,0.0,0.0368042148028294,0.45008050891623047,0.0,3
4878,2027.27,101.974,-0.0608751,-0.0108112,-0.757836,91.9444,102.068,0.0,0.0331091869412426,0.45642471446199395,0.0,3
4879,2027.89,102.446,-0.0904805,-0.0128024,-0.756475,92.4488,102.09,0.0,0.029350536188123,0.46884478299111537,0.0,3
4880,2028.52,102.906,-0.102691,-0.0148404,-0.754886,92.9448,102.112,0.0,0.026018475402281974,0.46551403507324796,0.0,3
4881,2029.15,103.292,-0.113118,-0.0166982,-0.753069,93.3124,102.134,0.0,0.022697679901283036,0.4579186666556679,0.0,3
4882,2029.78,103.561,-0.148223,-0.0184806,-0.751032,93.6146,102.156,0.0,0.019553921904505955,0.45032618665830726,0.0,3
4883,2030.41,103.741,-0.166459,-0.0200322,-0.748775,93.7765,102.178,0.0,0.016834606315413985,0.4457739018603141,0.0,3
4884,2031.05,104.408,-0.130059,-0.021334,-0.746352,93.7946,102.2,0.0,0.014272797009085396,0.4435361654138389,0.0,3
4885,2031.69,104.685,-0.134536,-0.0223935,-0.743764,93.6801,102.222,0.0,0.011191070911534949,0.415325485714517,0.0,3
4886,2032.33,104.848,-0.1512,-0.0233682,-0.741001,93.5152,102.244,0.0,0.008343348047523427,0.4053813691430334,0.0,3
4887,2032.97,105.078,-0.153202,-0.0241812,-0.738106,93.2639,102.266,0.0,0.006028093556156921,0.40019984054870633,0.0,3
4888,2033.61,105.405,-0.14723,-0.024886,-0.735121,92.9539,102.288,0.0,0.003933235932650831,0.3909558788170165,0.0,3
4889,2034.26,105.723,-0.136374,-0.0254338,-0.732048,92.5639,102.31,0.0,0.0019208140485647849,0.37632046790093254,0.0,3
4890,2034.9,106.051,-0.136757,-0.0258482,-0.728885,92.1072,102.332,0.0,-5.875662486781166e-05,0.36172355560470904,0.0,3
4891,2035.55,106.258,-0.120797,-0.0260051,-0.725664,91.5278,102.354,0.0,-0.0018046069491760997,0.3463139022595789,0.0,3
4892,2036.2,106.523,-0.0928366,-0.0259088,-0.722408,90.8295,102.376,0.0,-0.0034427185137013436,0.33671656571728037,0.0,3
4893,2036.86,106.75,-0.0792323,-0.0256646,-0.719147,90.0626,102.398,0.0,-0.005079447716712383,0.3240385899451331,0.0,3
4894,2037.51,106.969,-0.0600856,-0.0253461,-0.715885,89.2617,102.42,0.0,-0.006486418338713563,0.31312332835830065,0.0,3
4895,2038.16,107.166,-0.043392,-0.0249069,-0.712652,88.4061,102.442,0.0,-0.007774172268116283,0.30250372955230975,0.0,3
4896,2038.82,107.334,-0.0336718,-0.0242789,-0.709477,87.4647,102.464,0.0,-0.008893003615426607,0.29290483445975524,0.0,3
4897,2039.47,107.533,-0.027198,-0.0236424,-0.70635,86.5201,102.486,0.0,-0.009740238509631136,0.2846956741894138,0.0,3
4898,2040.13,107.701,-0.000765553,-0.022899,-0.703305,85.5279,102.508,0.0,-0.010356861789421029,0.274890712383955,0.0,3
4899,2040.79,107.855,0.00923378,-0.0221837,-0.700313,84.5495,102.53,0.0,-0.010982071080097005,0.26660094141180635,0.0,3
4900,2041.45,107.494,0.018247,-0.0214523,-0.697415,83.5654,102.552,0.0,-0.011397116297881617,0.0,0.07770406502079051,3
4901,2042.1,107.407,-0.00282852,-0.0209587,-0.694614,82.6904,102.574,0.0,-0.011645027143972784,0.18,0.0,3
4902,2042.76,107.597,-0.0237031,-0.020387,-0.691908,81.7807,102.596,0.0,-0.01147281348717464,0.2814967716571891,0.0,3
4903,2043.42,107.77,-0.0113211,-0.0197008,-0.689281,80.8209,102.618,0.0,-0.010981464587779764,0.2720335464594639,0.0,3
4904,2044.08,107.891,0.00246519,-0.0190733,-0.686734,79.8874,102.64,0.0,-0.010494046884071783,0.2634114953091923,0.0,3
4905,2044.74,107.525,0.00877205,-0.0184696,-0.684258,78.9659,102.662,0.0,-0.010038381007740241,0.0,0.07893635658847295,3
4906,2045.39,107.434,0.00180552,-0.0179551,-0.681856,78.087,102.684,0.0,-0.009534544716229195,0.18,0.0,3
4907,2046.05,107.51,-0.00662654,-0.017485,-0.679528,77.2276,102.706,0.0,-0.008847628994414483,0.28026114856484896,0.0,3
4908,2046.71,107.795,-0.0173119,-0.0171083,-0.677253,76.4082,102.728,0.0,-0.007937999172311007,0.2764704729092847,0.0,3
4909,2047.37,107.956,-0.00693713,-0.0166672,-0.675037,75.5617,102.75,0.0,-0.00672169518661584,0.262227559411056,0.0,3
4910,2048.02,107.572,0.00065822,-0.0162728,-0.672863,74.7361,102.772,0.0,-0.005539586323204152,0.0,0.0813977344981516,3
4911,2048.68,107.438,0.0242411,-0.0158141,-0.670744,73.8876,102.794,0.0,-0.004408987199524272,0.18,0.0,3
4912,2049.34,107.521,0.0248517,-0.0155194,-0.668655,73.1087,102.816,0.0,-0.0034481283185302733,0.2800901491200277,0.0,3
4913,2050.0,107.68,0.0114528,-0.015446,-0.666592,72.421,102.838,0.0,-0.00219654883891958,0.2759425133312219,0.0,3
4914,2050.65,107.917,0.00785157,-0.0154536,-0.664542,71.7654,102.86,0.0,-0.0005629897958475635,0.26799431013172836,0.0,3
4915,2051.31,107.579,0.00211632,-0.0155075,-0.662501,71.1281,102.882,0.0,0.0012107017582776354,0.0,0.07988794176914328,3
4916,2051.97,107.011,0.0200964,-0.0154803,-0.660457,70.4619,102.904,0.0,0.002999775671717793,0.0,0.18670245221067405,3
4917,2052.62,106.461,0.00924067,-0.0156797,-0.658411,69.8896,102.926,0.0,0.004495305110796888,0.0,0.16485570983395748,3
4918,2053.27,106.138,-0.010462,-0.0160106,-0.656333,69.3713,102.948,0.0,0.00826123486953913,0.18,0.0,3
4919,2053.92,106.135,0.00570065,-0.0162213,-0.654246,68.8046,102.97,0.0,0.011203979262421346,0.28,0.0,3
4920,2054.57,106.303,0.0209869,-0.0167049,-0.652079,68.3427,102.992,0.0,0.013395465529034058,0.28,0.0,3
4921,2055.22,106.34,-0.0130781,-0.0177158,-0.649828,68.0782,103.014,0.0,0.015009191731320105,0.28,0.0,3
4922,2055.87,106.425,-0.115769,-0.0192183,-0.647508,67.9907,103.036,0.0,0.016300433882562644,0.28,0.0,3
4923,2056.52,106.667,-0.242181,-0.0205882,-0.645145,67.8419,103.058,0.0,0.017172154118979814,0.46,0.0,3
4924,2057.17,107.185,-0.322598,-0.0215276,-0.642738,67.5236,103.08,0.0,0.017950970725994636,0.64,0.0,3
4925,2057.83,108.084,-0.338501,-0.0220426,-0.640272,67.0415,103.102,0.0,0.01848077674563684,0.8200000000000001,0.0,3
4926,2058.49,109.25,-0.309085,-0.022239,-0.637714,66.4373,103.124,0.0,0.018500541988038244,0.88,0.0,3
4927,2059.16,109.803,-0.240981,-0.0216811,-0.635092,65.5602,103.146,0.0,0.01796834368530695,0.88,0.0,3
4928,2059.83,109.835,-0.0988203,-0.020325,-0.632461,64.4062,103.168,0.0,0.017051361112441044,0.88,0.0,3
4929,2060.51,109.809,0.0581838,-0.0189412,-0.629843,63.2511,103.19,0.0,0.01567933379062179,0.88,0.0,3
4930,2061.18,109.975,0.187149,-0.0179618,-0.62721,62.2448,103.212,0.0,0.013905297357215596,0.88,0.0,3
4931,2061.85,110.401,0.169831,-0.0182765,-0.624556,61.6864,103.234,0.0,0.012114565346058977,0.88,0.0,3
4932,2062.53,111.119,0.0509036,-0.0194705,-0.621889,61.4181,103.256,0.0,0.010925337531254721,0.88,0.0,3
4933,2063.21,111.736,-0.118107,-0.0209954,-0.619198,61.2457,103.278,0.0,0.010587046767412057,0.88,0.0,3
4934,2063.89,112.153,-0.228098,-0.0223039,-0.616465,60.9882,103.3,0.0,0.0111219762498449,0.88,0.0,3
4935,2064.58,112.81,-0.27149,-0.023289,-0.613634,60.6149,103.322,0.0,0.012073082314198806,0.88,0.0,3
4936,2065.27,113.77,-0.319517,-0.0243076,-0.610705,60.2427,103.344,0.0,0.012968027097333272,0.88,0.0,3
4937,2065.96,115.07,-0.430098,-0.0257304,-0.60768,59.9857,103.366,0.0,0.013848187877075691,0.88,0.0,3
4938,2066.67,116.265,-0.570592,-0.0273045,-0.604549,59.7584,103.388,0.0,0.015020352799472517,0.88,0.0,3
4939,2067.38,117.357,-0.721655,-0.0291274,-0.601319,59.5901,103.41,0.0,0.01656389502436431,0.88,0.0,3
4940,2068.1,118.08,-0.978127,-0.0318063,-0.598004,59.6648,103.432,0.0,0.018369257381089223,0.88,0.0,3
4941,2068.83,118.643,-1.34982,-0.0353759,-0.594602,59.9862,103.454,0.0,0.020808591401713677,0.88,0.0,3
4942,2069.55,119.33,-1.7573,-0.0398548,-0.591083,60.5517,103.476,0.0,0.024164395564223146,0.88,0.0,3
4943,2070.29,120.204,-2.29367,-0.0461367,-0.587302,61.6193,103.498,0.0,0.028104106701986136,0.88,0.0,3
4944,2071.02,121.07,-3.00309,-0.0544656,-0.583177,63.2474,103.52,0.0,0.03280305413189853,0.0,0.3,3
4945,2071.76,121.0,-3.79835,-0.0646456,-0.578674,65.37,103.542,0.0,0.038597844055436946,0.0,0.43264023430414783,3
4946,2072.5,121.026,-4.57234,-0.0761884,-0.573596,67.8438,103.564,0.0,0.045174162723666145,0.0,0.4777158143534368,3
4947,2073.24,119.643,-4.60142,-0.084823,-0.567524,69.4588,103.586,0.0,0.051710667979750054,0.0,0.7777158143534368,3
4948,2073.96,117.585,-4.30195,-0.088259,-0.560438,69.5978,103.608,0.0,0.054025747642793255,0.0,1.0,3
4949,2074.67,115.33,-3.79183,-0.0880025,-0.552796,68.7138,103.63,0.0,0.05256624021106687,0.0,1.0,3
4950,2075.37,112.772,-2.96602,-0.0845392,-0.544821,66.9678,103.652,0.0,0.04803976194680427,0.0,0.8,3
4951,2076.05,110.11,-2.07094,-0.0794509,-0.536663,64.8207,103.674,0.0,0.0401147994457115,0.0,0.6000000000000001,3
4952,2076.71,107.306,-1.25045,-0.0744575,-0.5284,62.755,103.696,0.0,0.029776082763451388,0.0,0.4000000000000001,3
4953,2077.36,105.114,-0.641728,-0.0717018,-0.520054,61.3418,103.718,0.0,0.018191093954988462,0.0,0.20000000000000007,3
4954,2078.0,104.615,-0.491619,-0.0729154,-0.511422,61.012,103.74,0.0,0.0065201161832639555,0.18,5.551115123125783e-17,3
4955,2078.64,104.919,-0.432151,-0.0737918,-0.502578,60.591,103.762,0.0,-0.0032323812279979637,0.34,0.0,3
4956,2079.28,105.466,-0.340337,-0.0733908,-0.493588,59.8336,103.784,0.0,-0.010900540783944599,0.52,0.0,3
4957,2079.92,106.206,-0.232956,-0.0721276,-0.484506,58.8541,103.806,0.0,-0.016936669540131906,0.7,0.0,3
4958,2080.57,107.174,-0.142976,-0.0708621,-0.475399,57.8756,103.828,0.0,-0.021666037314247218,0.8799999999999999,0.0,3
4959,2081.23,108.338,-0.0675477,-0.0701521,-0.466264,57.0365,103.85,0.0,-0.02533355435638584,1.0,0.0,3
4960,2081.89,109.28,-0.0814547,-0.0697511,-0.457059,56.2712,103.872,0.0,-0.028252415489191267,1.0,0.0,3
4961,2082.56,109.891,-0.125299,-0.0690907,-0.447875,55.4371,103.894,0.0,-0.03011367125827962,1.0,0.0,3
4962,2083.23,111.113,-0.172261,-0.0682939,-0.438774,54.5655,103.916,0.0,-0.030967588982491585,0.88,0.0,3
4963,2083.91,112.151,-0.165094,-0.0664428,-0.429777,53.4375,103.938,0.0,-0.031022582393058433,0.794473645836341,0.0,3
4964,2084.6,112.896,-0.0925124,-0.0636943,-0.420952,52.1016,103.96,0.0,-0.030571760089274223,0.7739532589363349,0.0,3
4965,2085.29,113.591,0.00343823,-0.0604151,-0.41239,50.6531,103.982,0.0,-0.02980430216607071,0.654914919667373,0.0,3
4966,2085.98,112.944,0.00618398,-0.057895,-0.404175,49.3912,104.004,0.0,-0.028865166259280386,0.0,0.3,3
4967,2086.67,111.137,0.0481021,-0.0554665,-0.396371,48.1695,104.026,0.0,-0.027482228140752026,0.0,0.6,3
4968,2087.34,109.137,0.0802398,-0.0534185,-0.388932,47.0536,104.048,0.0,-0.026158511146394437,0.0,0.62,3
4969,2088.0,107.157,0.0170331,-0.0521463,-0.38188,46.1223,104.07,0.0,-0.02486216319946826,0.0,0.42,3
4970,2088.65,106.277,-0.0651318,-0.0506514,-0.375235,45.1564,104.092,0.0,-0.023119556062142742,0.0,0.21999999999999997,3
4971,2089.3,106.032,-0.00397538,-0.048498,-0.368857,44.0653,104.114,0.0,-0.02087864999035714,0.18,0.019999999999999962,3
4972,2089.94,106.177,0.0256347,-0.0465444,-0.362685,43.024,104.136,0.0,-0.01902693861663593,0.28,0.0,3
4973,2090.59,106.395,0.0726108,-0.0447009,-0.356673,42.0134,104.158,0.0,-0.017281242839620202,0.28,0.0,3
4974,2091.24,106.595,0.00725038,-0.0435193,-0.350867,41.1361,104.18,0.0,-0.01554748607660106,0.28,0.0,3
4975,2091.9,106.768,-0.0199085,-0.0430458,-0.345225,40.3944,104.202,0.0,-0.013213888721276261,0.28,0.0,3
4976,2092.55,106.948,-0.016569,-0.0429252,-0.339624,39.7185,104.224,0.0,-0.011508890327276675,0.28,0.0,3
4977,2093.2,107.131,-0.0405624,-0.0425032,-0.334039,39.0434,104.246,0.0,-0.00987652420962988,0.28,0.0,3
4978,2093.85,107.315,-0.0468167,-0.0379589,-0.32883,38.3459,104.268,0.0,-0.008024497600717237,0.28,0.0,3
4979,2094.5,107.332,-0.0367478,-0.0333789,-0.324203,37.6433,104.29,0.0,-0.005118764682515691,0.28,0.0,3
4980,2095.15,107.488,-0.00544913,-0.0288556,-0.320166,36.9518,104.312,0.0,-0.0014800042694688887,0.28,0.0,3
4981,2095.8,107.725,0.0012359,-0.0246537,-0.316647,36.3171,104.334,0.0,0.0027037974555975583,0.28,0.0,3
4982,2096.45,107.885,0.0161449,-0.0205997,-0.313657,35.7073,104.356,0.0,0.007439846611546161,0.28,0.0,3
4983,2097.1,108.041,0.0326125,-0.0167907,-0.311163,35.1378,104.378,0.0,0.012291727498419114,0.28,0.0,3
4984,2097.75,108.192,0.0467357,-0.0133069,-0.309128,34.62,104.4,0.0,0.01754759288547342,0.28,0.0,3
4985,2098.41,108.342,0.0450305,-0.0101503,-0.307523,34.1528,104.422,0.0,0.0223464238736693,0.28,0.0,3
4986,2099.07,108.493,0.0369284,-0.00731498,-0.306326,33.7335,104.444,0.0,0.02685976264426767,0.28,0.0,3
4987,2099.72,108.646,0.0211352,-0.00478155,-0.305499,33.3581,104.466,0.0,0.031136494840868854,0.28,0.0,3
4988,2100.38,108.799,0.00400059,-0.00252086,-0.305014,33.0209,104.488,0.0,0.03513072142211407,0.28,0.0,3
4989,2101.04,108.951,-0.0112468,-0.000521008,-0.304834,32.72,104.51,0.0,0.03854543136215992,0.28,0.0,3
4990,2101.7,109.256,-0.0343349,0.00125235,-0.304935,32.4494,104.532,0.0,0.04134850032600547,0.46,0.0,3
4991,2102.36,109.769,-0.0670936,0.00278014,-0.305286,32.212,104.554,0.0,0.043680470376946,0.64,0.0,3
4992,2103.03,110.486,-0.137135,0.00411385,-0.305902,31.9987,104.576,0.0,0.04568535682810533,0.8200000000000001,0.0,3
4993,2103.7,111.385,-0.229417,0.00540655,-0.306793,31.7863,104.598,0.0,0.047247098039830904,1.0,0.0,3
4994,2104.38,112.344,-0.319508,0.00659912,-0.30798,31.583,104.62,0.0,0.04845592117804036,0.88,0.0,3
4995,2105.06,113.261,-0.373674,0.00779026,-0.309424,31.3751,104.642,0.0,0.049337272314563564,0.88,0.0,3
4996,2105.75,114.054,-0.428903,0.00884503,-0.311093,31.1824,104.664,0.0,0.04987425580116702,0.88,0.0,3
4997,2106.44,114.843,-0.570138,0.00926274,-0.31301,31.077,104.686,0.0,0.05033898851720212,0.88,0.0,3
4998,2107.14,115.748,-0.734419,0.00913065,-0.315146,31.0462,104.708,0.0,0.05114690586117575,0.88,0.0,3
4999,2107.84,116.686,-0.872235,0.0087201,-0.317441,31.0521,104.73,0.0,0.0525142611471955,0.88,0.0,3
5000,2108.55,117.627,-0.953038,0.00832575,-0.319821,31.0536,104.752,0.0,0.05447987523570124,0.88,0.0,3
5001,2109.26,118.546,-0.960648,0.00813359,-0.322211,31.0254,104.774,0.0,0.056530088276760884,0.88,0.0,3
5002,2109.98,119.439,-0.927906,0.00817507,-0.324579,30.9636,104.796,0.0,0.05832884554774847,0.88,0.0,3
5003,2110.71,120.377,-0.905092,0.00827807,-0.326929,30.893,104.818,0.0,0.059861213664008504,1.0,0.0,3
5004,2111.44,121.313,-0.913981,0.00821942,-0.329294,30.8457,104.84,0.0,0.061256521990926724,0.88,0.0,3
5005,2112.17,121.956,-0.854248,0.00833195,-0.331641,30.7737,104.862,0.0,0.06265523924010971,0.54,0.0,3
5006,2112.91,122.168,-0.723171,0.00887459,-0.333926,30.6405,104.884,0.0,0.06356517373067523,0.28,0.0,3
5007,2113.65,122.273,-0.623405,0.00948304,-0.336139,30.4996,104.906,0.0,0.06375430949962041,0.28,0.0,3
5008,2114.39,122.382,-0.571389,0.0102441,-0.33837,30.3364,104.928,0.0,0.06364592858839019,0.28,0.0,3
5009,2115.13,122.491,-0.522148,0.0110218,-0.340659,30.1698,104.95,0.0,0.06362485114953265,0.28,0.0,3
5010,2115.87,122.602,-0.483069,0.0116345,-0.342996,30.0261,104.972,0.0,0.06368040047556245,0.28,0.0,3
5011,2116.61,122.697,-0.484226,0.0119936,-0.345386,29.9176,104.994,0.0,0.06381155167513686,0.28,0.0,3
5012,2117.35,122.807,-0.566896,0.0117909,-0.347855,29.8873,105.016,0.0,0.06419324432938335,0.28,0.0,3
5013,2118.09,122.924,-0.613543,0.0114538,-0.350366,29.8752,105.038,0.0,0.06513534037267961,0.28,0.0,3
5014,2118.84,123.036,-0.618252,0.0112001,-0.352866,29.8515,105.06,0.0,0.06619874567956632,0.28,0.0,3
5015,2119.58,123.147,-0.58988,0.0110795,-0.355307,29.8099,105.082,0.0,0.06709735152800078,0.28,0.0,3
5016,2120.32,123.257,-0.543991,0.0110723,-0.357706,29.7529,105.104,0.0,0.06769832484684779,0.28,0.0,3
5017,2121.07,123.365,-0.499706,0.0111448,-0.36004,29.6861,105.126,0.0,0.06800763200533153,0.28,0.0,3
5018,2121.81,123.472,-0.465755,0.0112511,-0.362354,29.6145,105.148,0.0,0.06815903134512102,0.28,0.0,3
5019,2122.56,123.578,-0.447467,0.0113437,-0.364648,29.5456,105.17,0.0,0.0683054305599425,0.28,0.0,3
5020,2123.3,123.683,-0.443095,0.0113608,-0.366943,29.4872,105.192,0.0,0.06855284189059216,0.28,0.0,3
5021,2124.05,123.37,-0.467395,0.0111415,-0.369232,29.4627,105.214,0.0,0.06894411472207097,0.0,0.08180357073954415,3
5022,2124.79,122.828,-0.557505,0.0103852,-0.371521,29.5157,105.236,0.0,0.06963004177927413,0.0,0.10420722686352125,3
5023,2125.53,121.744,-0.712855,0.00955265,-0.373825,29.5795,105.258,0.0,0.07090704120127772,0.0,0.40420722686352123,3
5024,2126.26,120.556,-0.800101,0.00873679,-0.376166,29.6404,105.28,0.0,0.07367882914473747,0.0,0.20420722686352122,3
5025,2126.99,119.87,-0.836591,0.00703972,-0.378369,29.834,105.302,0.0,0.07638121242893922,0.0,0.08626151331605095,3
5026,2127.71,119.368,-0.965038,0.00441235,-0.380359,30.1728,105.324,0.0,0.07845370133356289,0.0,0.08706197619976144,3
5027,2128.43,118.833,-1.12874,0.00103539,-0.382108,30.6358,105.346,0.0,0.08051784906400258,0.0,0.09539056606483871,3
5028,2129.14,118.274,-1.23684,-0.0025304,-0.383517,31.1448,105.368,0.0,0.08269323893846911,0.0,0.10267359454097566,3
5029,2129.85,117.696,-1.28455,-0.00602371,-0.3845,31.6625,105.39,0.0,0.08448849039282735,0.0,0.1089947329678673,3
5030,2130.56,116.568,-1.3489,-0.00912315,-0.385065,32.1369,105.412,0.0,0.08559161349350332,0.0,0.40899473296786726,3
5031,2131.26,115.394,-1.31233,-0.0116475,-0.385284,32.5346,105.434,0.0,0.08638125302040367,0.0,0.20899473296786725,3
5032,2131.96,115.112,-1.18936,-0.0143226,-0.385031,32.9733,105.456,0.0,0.08635843283105389,0.18,0.008994732967867236,3
5033,2132.65,114.757,-1.08427,-0.0168985,-0.384262,33.4136,105.478,0.0,0.08505404137455955,0.0,0.09117597034449049,3
5034,2133.34,114.219,-1.03467,-0.0195707,-0.383044,33.8857,105.5,0.0,0.08292034058406182,0.0,0.10485005695707245,3
5035,2134.03,113.655,-1.00401,-0.022158,-0.381427,34.3585,105.522,0.0,0.08051978132678322,0.0,0.1116815811019243,3
5036,2134.71,112.544,-1.05422,-0.0243848,-0.379495,34.7821,105.544,0.0,0.07805591418531482,0.0,0.4116815811019243,3
5037,2135.38,111.383,-1.04695,-0.0261243,-0.37738,35.1301,105.566,0.0,0.07586127853717414,0.0,0.2116815811019243,3
5038,2136.05,110.756,-0.997087,-0.0280688,-0.374997,35.522,105.588,0.0,0.07329151968905781,0.0,0.07955018242406672,3
5039,2136.72,110.298,-0.955059,-0.0300821,-0.372299,35.9356,105.61,0.0,0.06955467366462913,0.0,0.07996094035659294,3
5040,2137.39,110.224,-0.884598,-0.0315412,-0.369302,36.2619,105.632,0.0,0.06543098323768394,0.18,0.0,3
5041,2138.05,110.407,-0.767961,-0.0321143,-0.366034,36.4405,105.654,0.0,0.060915252133652585,0.36,0.0,3
5042,2138.72,109.759,-0.707489,-0.0320724,-0.362622,36.5143,105.676,0.0,0.05557876248114602,0.0,0.3,3
5043,2139.38,108.286,-0.749101,-0.0315316,-0.359283,36.4991,105.698,0.0,0.0501864402059153,0.0,0.6,3
5044,2140.02,106.464,-0.799624,-0.0302766,-0.356204,36.3537,105.72,0.0,0.045771891462589656,0.0,0.62,3
5045,2140.66,104.602,-0.786015,-0.0284737,-0.353415,36.108,105.742,0.0,0.042438828119791216,0.0,0.42,3
5046,2141.29,103.048,-0.658557,-0.0266421,-0.350827,35.8549,105.764,0.0,0.03963129337468624,0.0,0.21999999999999997,3
5047,2141.91,102.726,-0.507446,-0.0255559,-0.348273,35.7302,105.786,0.0,0.03647176269201845,0.18,0.019999999999999962,3
5048,2142.53,102.907,-0.412113,-0.0243619,-0.345703,35.5884,105.808,0.0,0.03316791183602694,0.34,0.0,3
5049,2143.15,103.321,-0.338833,-0.0226744,-0.343207,35.3628,105.83,0.0,0.029401093457722453,0.52,0.0,3
5050,2143.78,103.941,-0.281694,-0.0205043,-0.340854,35.0556,105.852,0.0,0.025525719229425682,0.6918209919889547,0.0,3
5051,2144.41,104.572,-0.23345,-0.0178908,-0.338733,34.6731,105.874,0.0,0.022094182590727977,0.6133739671488675,0.0,3
5052,2145.04,104.053,-0.187157,-0.01485,-0.336902,34.2193,105.896,0.0,0.019174176092665824,0.0,0.3,3
5053,2145.66,102.673,-0.176849,-0.0116056,-0.335449,33.7308,105.918,0.0,0.017335307361533443,0.0,0.6,3
5054,2146.28,100.941,-0.179873,-0.00825054,-0.33443,33.2221,105.94,0.0,0.01678427464809953,0.0,0.62,3
5055,2146.88,99.0606,-0.183953,-0.00486547,-0.333856,32.7064,105.962,0.0,0.017217551224337997,0.0,0.62,3
5056,2147.47,97.1339,-0.177744,-0.00151235,-0.333697,32.1938,105.984,0.0,0.018364776830577124,0.0,0.42,3
5057,2148.05,95.4408,-0.142266,0.00166481,-0.333899,31.7073,106.006,0.0,0.019979758211550635,0.0,0.21999999999999997,3
5058,2148.63,95.0009,-0.0791367,0.00421446,-0.334381,31.3146,106.028,0.0,0.02112616960238132,0.18,0.019999999999999962,3
5059,2149.2,95.1903,-0.0533912,0.00648278,-0.335089,30.9624,106.05,0.0,0.0224450188237447,0.34,0.0,3
5060,2149.78,95.4054,-0.0318327,0.00875729,-0.336032,30.6075,106.072,0.0,0.023858919495920845,0.28,0.0,3
5061,2150.36,95.5973,-0.00919095,0.0110981,-0.337222,30.2408,106.094,0.0,0.02578959823151084,0.28,0.0,3
5062,2150.94,95.7866,0.0110728,0.0134866,-0.338663,29.8655,106.116,0.0,0.02809940332476873,0.28,0.0,3
5063,2151.51,95.974,0.0305793,0.0158359,-0.340363,29.4935,106.138,0.0,0.030713990630140374,0.28,0.0,3
5064,2152.1,96.1595,0.0435397,0.0180652,-0.342316,29.136,106.16,0.0,0.033428906049380584,0.28,0.0,3
5065,2152.68,96.3455,0.0547083,0.0200879,-0.344513,28.8046,106.182,0.0,0.03609225092263377,0.28,0.0,3
5066,2153.26,96.5325,0.061682,0.0218484,-0.346927,28.5063,106.204,0.0,0.03868560645393214,0.28,0.0,3
5067,2153.84,96.7201,0.0620455,0.0233781,-0.349533,28.2369,106.226,0.0,0.04121786373507456,0.28,0.0,3
5068,2154.43,96.9076,0.0632599,0.0247032,-0.352322,27.9919,106.248,0.0,0.043716179774013014,0.28,0.0,3
5069,2155.01,97.0949,0.0611715,0.0258605,-0.355261,27.7669,106.27,0.0,0.04613155351553439,0.28,0.0,3
5070,2155.6,97.2817,0.0585072,0.0268905,-0.358334,27.5566,106.292,0.0,0.0484485495278101,0.28,0.0,3
5071,2156.19,97.4682,0.059214,0.0277869,-0.361533,27.3612,106.314,0.0,0.05065659516991333,0.28,0.0,3
5072,2156.78,97.6543,0.0576854,0.028556,-0.364835,27.1804,106.336,0.0,0.052763989612508166,0.28,0.0,3
5073,2157.37,97.84,0.0556438,0.0292174,-0.368234,27.0115,106.358,0.0,0.05488668340322726,0.28,0.0,3
5074,2157.96,98.0253,0.0533358,0.0297729,-0.371716,26.8547,106.38,0.0,0.05703138645425254,0.28,0.0,3
5075,2158.55,98.2103,0.0506242,0.0302188,-0.375266,26.7105,106.402,0.0,0.0591067096503496,0.28,0.0,3
5076,2159.14,98.395,0.0476475,0.0305502,-0.378879,26.5792,106.424,0.0,0.06112377503853983,0.28,0.0,3
5077,2159.74,98.5795,0.0446074,0.0307614,-0.382535,26.4624,106.446,0.0,0.06308985814411999,0.28,0.0,3
5078,2160.33,98.7637,0.0416778,0.0308492,-0.386218,26.3606,106.468,0.0,0.06500558340087721,0.28,0.0,3
5079,2160.93,98.9476,0.0386441,0.0308105,-0.389917,26.2744,106.49,0.0,0.06684964317376717,0.28,0.0,3
5080,2161.53,99.1311,0.0354019,0.0306455,-0.393613,26.2045,106.512,0.0,0.06862361345526863,0.28,0.0,3
5081,2162.12,99.3145,0.0293081,0.0303809,-0.397296,26.1472,106.534,0.0,0.07032638814256392,0.28,0.0,3
5082,2162.72,99.4975,0.0257994,0.0300185,-0.400958,26.103,106.556,0.0,0.07198125864863064,0.28,0.0,3
5083,2163.32,99.6802,0.0200816,0.0295693,-0.404578,26.0709,106.578,0.0,0.07349922240894667,0.28,0.0,3
5084,2163.92,99.8636,0.00089252,0.0291764,-0.408173,26.0317,106.6,0.0,0.06860702057831095,0.28,0.0,3
5085,2164.53,100.047,-0.0173592,0.0289714,-0.411758,25.9684,106.622,0.0,0.065261185155304,0.28,0.0,3
5086,2165.13,100.231,-0.0259937,0.0289475,-0.41535,25.881,106.644,0.0,0.0630756875310201,0.28,0.0,3
5087,2165.74,100.415,-0.0279814,0.029041,-0.418961,25.7776,106.666,0.0,0.061715186976891524,0.28,0.0,3
5088,2166.34,100.599,-0.0285676,0.0292155,-0.422595,25.6628,106.688,0.0,0.06094958467464735,0.28,0.0,3
5089,2166.95,100.783,-0.0264371,0.0294329,-0.42626,25.5415,106.71,0.0,0.06062680644905364,0.28,0.0,3
5090,2167.55,100.966,-0.0247365,0.0296637,-0.429953,25.4176,106.732,0.0,0.06061667556778444,0.28,0.0,3
5091,2168.16,101.15,-0.0220519,0.0298936,-0.433679,25.2925,106.754,0.0,0.06083720738268565,0.28,0.0,3
5092,2168.77,101.333,-0.0202081,0.0300729,-0.437439,25.1729,106.776,0.0,0.061276359029142885,0.28,0.0,3
5093,2169.38,101.516,-0.0197829,0.030214,-0.441223,25.0575,106.798,0.0,0.06219041070503775,0.28,0.0,3
5094,2169.99,101.699,-0.0203336,0.0303199,-0.445029,24.9455,106.82,0.0,0.06318744214440006,0.28,0.0,3
5095,2170.61,101.881,-0.0218446,0.0303881,-0.448849,24.8376,106.842,0.0,0.0642385692895758,0.28,0.0,3
5096,2171.22,102.065,-0.020015,0.0304305,-0.452689,24.7324,106.864,0.0,0.06534281155335742,0.28,0.0,3
5097,2171.84,102.246,-0.0102759,0.0304505,-0.456534,24.6295,106.886,0.0,0.06654065029663375,0.28,0.0,3
5098,2172.45,102.426,-0.00691975,0.0304038,-0.460376,24.5348,106.908,0.0,0.0677635391094799,0.28,0.0,3
5099,2173.07,102.605,-0.0110834,0.0302665,-0.464212,24.4514,106.93,0.0,0.06917105188771137,0.28,0.0,3
5100,2173.68,101.921,-0.0565197,0.0299637,-0.468036,24.3894,106.952,0.0,0.07077732148543914,0.0,0.3,3
5101,2174.29,100.447,-0.191755,0.0295278,-0.471881,24.3435,106.974,0.0,0.07275072067971297,0.0,0.6,3
5102,2174.89,98.6494,-0.345155,0.0293638,-0.475827,24.2598,106.996,0.0,0.07548222518924663,0.0,0.6020748155182432,3
5103,2175.48,96.7558,-0.45784,0.0294325,-0.479849,24.1436,107.018,0.0,0.07895774214563644,0.0,0.5587416070114016,3
5104,2176.05,94.8525,-0.516842,0.0295593,-0.483926,24.0181,107.04,0.0,0.0828435443743574,0.0,0.5087247606148281,3
5105,2176.62,93.0185,-0.517019,0.0295088,-0.48797,23.9158,107.062,0.0,0.08685830188813745,0.0,0.4558755244510325,3
5106,2177.17,91.3411,-0.462001,0.0289151,-0.491876,23.8866,107.084,0.0,0.09069275447395007,0.0,0.40404485257405187,3
5107,2177.71,89.9015,-0.381385,0.0273473,-0.495538,23.9899,107.106,0.0,0.09378602409528297,0.0,0.3570448756976499,3
5108,2178.25,88.6964,-0.32821,0.024821,-0.498849,24.2301,107.128,0.0,0.09603547292622101,0.0,0.31861326100502924,3
5109,2178.78,87.6321,-0.298106,0.0218417,-0.501776,24.5463,107.15,0.0,0.09763468072680129,0.0,0.2892010832071835,3
5110,2179.3,86.647,-0.259766,0.018747,-0.504312,24.8961,107.172,0.0,0.09878113412552544,0.0,0.26535113907192287,3
5111,2179.82,85.7422,-0.215816,0.0156104,-0.506442,25.2703,107.194,0.0,0.09951355312861465,0.0,0.2446902409417389,3
5112,2180.33,84.9016,-0.174059,0.0125148,-0.508176,25.6578,107.216,0.0,0.09979515883780503,0.0,0.22737684171469233,3
5113,2180.84,84.1396,-0.134594,0.00951928,-0.509525,26.0493,107.238,0.0,0.09935033367389555,0.0,0.21273272654630768,2
5114,2181.34,83.4362,-0.0934216,0.00664204,-0.510519,26.441,107.26,0.0,0.09852871130495008,0.0,0.2015340568048092,2
5115,2181.84,82.7081,-0.0602057,0.00381821,-0.511172,26.841,107.282,0.0,0.09757145790850924,0.0,0.1930189554285409,2
5116,2182.34,81.938,-0.0169959,0.00101155,-0.51149,27.2545,107.304,0.0,0.09655431782943028,0.0,0.18383172951023197,2
5117,2182.83,81.2118,0.0159063,-0.00175983,-0.511475,27.6787,107.326,0.0,0.09543018791087286,0.0,0.17315747178397672,2
5118,2183.31,80.5171,0.0343695,-0.00453884,-0.511163,28.1187,107.348,0.0,0.0940875399874215,0.0,0.16680461822892256,2
5119,2183.79,79.8233,0.0406815,-0.00732166,-0.510562,28.574,107.37,0.0,0.09259956737715519,0.0,0.17064887848101543,2
5120,2184.27,79.1097,0.0391734,-0.0100406,-0.509699,29.0325,107.392,0.0,0.09103669066007375,0.0,0.1804096083259354,2
5121,2184.74,78.3627,0.037061,-0.0126331,-0.508588,29.4837,107.414,0.0,0.08944331122981249,0.0,0.19292551529085847,2
5122,2185.21,77.6006,0.0420501,-0.0151017,-0.507239,29.9264,107.436,0.0,0.08771085672925634,0.0,0.19568779823310387,2
5123,2185.68,76.8666,0.0517322,-0.0174535,-0.50567,30.3601,107.458,0.0,0.08576584151723532,0.0,0.18370442216131705,2
5124,2186.14,76.1985,0.0678243,-0.0196784,-0.503885,30.7831,107.48,0.0,0.08381626448066513,0.0,0.16170832500883464,2
5125,2186.59,75.6199,0.0886327,-0.0217679,-0.501889,31.1923,107.502,0.0,0.08191698569316848,0.0,0.13354490397206029,2
5126,2187.05,75.145,0.111249,-0.0237101,-0.499692,31.5848,107.524,0.0,0.08002424956237011,0.0,0.10183991550495747,2
5127,2187.5,75.1717,0.150573,-0.0252526,-0.497302,31.916,107.546,0.0,0.07812982732065679,0.18,0.0,2
5128,2187.95,75.4054,0.197112,-0.026274,-0.49473,32.1628,107.568,0.0,0.07619277062705102,0.28,0.0,2
5129,2188.4,75.677,0.231514,-0.0269778,-0.492023,32.3585,107.59,0.0,0.07426765569895527,0.28,0.0,2
5130,2188.86,75.9473,0.254583,-0.0274313,-0.489215,32.5129,107.612,0.0,0.07217248409751868,0.28,0.0,2
5131,2189.32,76.2164,0.267437,-0.0277112,-0.48634,32.6387,107.634,0.0,0.07029567019324454,0.28,0.0,2
5132,2189.78,76.4848,0.274971,-0.0279072,-0.483429,32.7504,107.656,0.0,0.06866414350727101,0.28,0.0,2
5133,2190.24,76.7524,0.283403,-0.0281323,-0.480478,32.8682,107.678,0.0,0.06725758983892885,0.28,0.0,2
5134,2190.7,77.0213,0.281992,-0.0283836,-0.47749,32.9911,107.7,0.0,0.06600762189238683,0.28,0.0,2
5135,2191.16,77.2905,0.276075,-0.0286024,-0.474475,33.1091,107.722,0.0,0.06461967242021882,0.28,0.0,2
5136,2191.63,77.5599,0.265455,-0.0287364,-0.471448,33.2122,107.744,0.0,0.06334207865236843,0.28,0.0,2
5137,2192.1,77.829,0.256885,-0.0287812,-0.468411,33.2975,107.766,0.0,0.06223739485335062,0.28,0.0,2
5138,2192.56,78.098,0.248828,-0.0287517,-0.465375,33.3644,107.788,0.0,0.06131582142040563,0.28,0.0,2
5139,2193.03,78.3741,0.252232,-0.0286444,-0.462338,33.4129,107.81,0.0,0.060543775936239434,0.28,0.0,2
5140,2193.51,78.6423,0.25683,-0.0284322,-0.459302,33.4391,107.832,0.0,0.05983833685491602,0.28,0.0,2
5141,2193.98,78.9088,0.255572,-0.0281704,-0.456274,33.4524,107.854,0.0,0.05919913632884118,0.28,0.0,2
5142,2194.46,79.1748,0.250273,-0.0279215,-0.453268,33.4632,107.876,0.0,0.05865068763110398,0.28,0.0,2
5143,2194.93,79.4425,0.238971,-0.0276855,-0.45029,33.4714,107.898,0.0,0.05819825340101431,0.28,0.0,2
5144,2195.41,79.7114,0.22957,-0.0274513,-0.447333,33.4754,107.92,0.0,0.0578630207862436,0.28,0.0,2
5145,2195.89,79.9811,0.222147,-0.0272215,-0.444403,33.4756,107.942,0.0,0.05760799035824846,0.28,0.0,2
5146,2196.38,80.2514,0.213831,-0.0269645,-0.441498,33.467,107.964,0.0,0.057405201083089746,0.28,0.0,2
5147,2196.86,80.5217,0.209536,-0.0266793,-0.43862,33.4494,107.986,0.0,0.0572548227563651,0.28,0.0,2
5148,2197.35,80.7918,0.206907,-0.0263799,-0.435764,33.4257,108.008,0.0,0.0571112862882677,0.28,0.0,2
5149,2197.83,81.0611,0.205004,-0.0260733,-0.432928,33.3969,108.03,0.0,0.05696680870152418,0.28,0.0,2
5150,2198.32,81.3294,0.203475,-0.02576,-0.430124,33.3629,108.052,0.0,0.05682318363049206,0.28,0.0,2
5151,2198.81,81.5966,0.202051,-0.0254429,-0.427338,33.3244,108.074,0.0,0.05668310602501088,0.28,0.0,2
5152,2199.31,81.8628,0.200529,-0.025122,-0.424582,33.2816,108.096,0.0,0.05654899370990796,0.28,0.0,2
5153,2199.8,82.1281,0.195887,-0.0247753,-0.421851,33.231,108.118,0.0,0.056421651999221924,0.28,0.0,2
5154,2200.29,82.3924,0.193294,-0.0244058,-0.419156,33.1732,108.14,0.0,0.0562866801193912,0.28,0.0,2
5155,2200.79,82.6552,0.194586,-0.0240353,-0.416492,33.1115,108.162,0.0,0.05614247067322713,0.28,0.0,2
5156,2201.29,82.917,0.200604,-0.0237678,-0.413846,33.0614,108.184,0.0,0.055973603235332875,0.28,0.0,2
5157,2201.79,83.1778,0.1983,-0.0235236,-0.411215,33.0112,108.206,0.0,0.055745782460837515,0.28,0.0,2
5158,2202.29,83.4369,0.191204,-0.0232194,-0.408609,32.9485,108.228,0.0,0.05548405356915763,0.28,0.0,2
5159,2202.8,83.6944,0.186162,-0.0228494,-0.406042,32.8725,108.25,0.0,0.05524430554720759,0.28,0.0,2
5160,2203.3,83.95,0.180901,-0.0224322,-0.403513,32.7861,108.272,0.0,0.05504196896461698,0.28,0.0,2
5161,2203.81,84.2137,0.181543,-0.0219625,-0.401025,32.6887,108.294,0.0,0.05488005392181022,0.28,0.0,2
5162,2204.32,84.4678,0.19451,-0.0213693,-0.398569,32.5707,108.316,0.0,0.05472725139504809,0.28,0.0,2
5163,2204.83,84.7181,0.199374,-0.0207241,-0.396164,32.4422,108.338,0.0,0.05438751943808041,0.28,0.0,2
5164,2205.34,84.9652,0.196522,-0.0201076,-0.39382,32.3142,108.36,0.0,0.05388633325160692,0.28,0.0,2
5165,2205.85,85.2132,0.183947,-0.019533,-0.391537,32.1883,108.382,0.0,0.0533891200343082,0.28,0.0,2
5166,2206.37,85.263,0.169672,-0.0190628,-0.389331,32.0729,108.404,0.0,0.05297116224136299,0.28,0.0,3
5167,2206.88,85.2175,0.144788,-0.0188354,-0.387183,31.9867,108.426,0.0,0.05264427225960949,0.46,0.0,3
5168,2207.4,85.1946,0.118135,-0.0186971,-0.385083,31.9086,108.448,0.0,0.05240378929766948,0.64,0.0,3
5169,2207.91,85.6995,0.082014,-0.0185335,-0.383035,31.8232,108.47,0.0,0.05215582124840894,0.8200000000000001,0.0,3
5170,2208.43,86.4132,0.0403734,-0.0183905,-0.381036,31.7357,108.492,0.0,0.05182425011558516,0.7711319744196075,0.0,3
5171,2208.95,87.0841,0.0196521,-0.0180991,-0.379086,31.6244,108.514,0.0,0.051399041997878946,0.7046478021177611,0.0,3
5172,2209.48,87.6696,0.0265644,-0.0175551,-0.377161,31.4765,108.536,0.0,0.050854239019618164,0.6370151841603606,0.0,3
5173,2210.01,88.1791,0.0429808,-0.0167955,-0.375284,31.2974,108.558,0.0,0.050125295722145385,0.577484890729417,0.0,3
5174,2210.55,88.632,0.0591245,-0.0159066,-0.373465,31.0985,108.58,0.0,0.04923753469700097,0.5312146959641864,0.0,3
5175,2211.08,89.0444,0.0698341,-0.0149744,-0.371722,30.8908,108.602,0.0,0.04816412710462067,0.4949423639864973,0.0,3
5176,2211.62,89.4266,0.0755181,-0.0140317,-0.370065,30.6785,108.624,0.0,0.04688318905273718,0.46607159276962296,0.0,3
5177,2212.16,89.7841,0.0864168,-0.0131596,-0.368488,30.4716,108.646,0.0,0.04543251952336079,0.4428004338118852,0.0,3
5178,2212.71,90.1145,0.085658,-0.0122789,-0.366998,30.2602,108.668,0.0,0.04377349648306603,0.41485869880224574,0.0,3
5179,2213.25,90.4101,0.0793541,-0.0112699,-0.36561,30.0295,108.69,0.0,0.042102979639952944,0.38246502355626133,0.0,3
5180,2213.8,90.6687,0.0731225,-0.0100921,-0.364349,29.7747,108.712,0.0,0.04047112430929428,0.34754758203317937,0.0,3
5181,2214.35,91.0541,0.0639685,-0.00879509,-0.363226,29.5021,108.734,0.0,0.038880898000637876,0.5275475820331794,0.0,3
5182,2214.9,91.6667,0.0536343,-0.00738842,-0.362265,29.2124,108.756,0.0,0.03733232934536176,0.7075475820331794,0.0,3
5183,2215.45,92.4496,0.0457341,-0.00581342,-0.361472,28.8989,108.778,0.0,0.035806901544705644,0.8875475820331793,0.0,3
5184,2216.01,93.3689,0.0213473,-0.00419647,-0.360873,28.5758,108.8,0.0,0.03452459358981595,1.0,0.0,3
5185,2216.58,94.2835,-0.012235,-0.00257427,-0.360492,28.2469,108.822,0.0,0.03367991170596729,0.88,0.0,3
5186,2217.15,95.1452,-0.0454272,-0.000906293,-0.360342,27.9075,108.844,0.0,0.033269404908019225,0.88,0.0,3
5187,2217.73,95.9998,-0.0777289,0.000757392,-0.360422,27.5633,108.866,0.0,0.033328119633371886,0.8477012163783649,0.0,3
5188,2218.31,96.8115,-0.0997704,0.00238388,-0.360727,27.218,108.888,0.0,0.03400774002880077,0.761294325155791,0.0,3
5189,2218.9,97.5974,-0.112956,0.00398176,-0.361249,26.8706,108.91,0.0,0.0350403100794335,0.7958972388219293,0.0,3
5190,2219.49,98.1673,-0.0993528,0.00557059,-0.361966,26.5194,108.932,0.0,0.036709846796277285,0.4558972388219293,0.0,3
5191,2220.08,97.5441,-0.0813565,0.00722998,-0.362854,26.158,108.954,0.0,0.0388244863896228,0.0,0.3,3
5192,2220.67,96.0807,-0.123201,0.00880926,-0.363931,25.8036,108.976,0.0,0.04134323333845003,0.0,0.6,3
5193,2221.24,94.287,-0.18836,0.0104396,-0.365256,25.4425,108.998,0.0,0.04450349272000491,0.0,0.62,3
5194,2221.8,92.3702,-0.250804,0.0120856,-0.366821,25.079,109.02,0.0,0.04824320757168504,0.0,0.62,3
5195,2222.36,90.3911,-0.303391,0.0137083,-0.36861,24.7178,109.042,0.0,0.052389223269392424,0.0,0.62,3
5196,2222.9,88.4764,-0.347189,0.0153224,-0.370609,24.3574,109.064,0.0,0.05686246555811157,0.0,0.62,3
5197,2223.42,86.6668,-0.360283,0.0169918,-0.372781,23.9924,109.086,0.0,0.061561612304327565,0.0,0.42,3
5198,2223.94,85.1391,-0.299372,0.0186688,-0.37507,23.6285,109.108,0.0,0.06629406242639015,0.0,0.21999999999999997,3
5199,2224.45,84.465,-0.0986634,0.0208775,-0.377373,23.3405,109.13,0.0,0.07069276658625306,0.18,0.019999999999999962,3
5200,2224.96,84.4641,0.0293113,0.0219466,-0.379628,23.1955,109.152,0.0,0.07392811509763077,0.28,0.0,2
5201,2225.46,84.4145,0.0756548,0.0224864,-0.381871,23.1003,109.174,0.0,0.07643191091833403,0.28,0.0,2
5202,2225.97,84.3754,0.080328,0.0228497,-0.384135,23.0209,109.196,0.0,0.07878429639974646,0.28,0.0,2
5203,2226.47,84.582,0.0870322,0.0233247,-0.386435,22.9305,109.218,0.0,0.08127255297695593,0.28,0.0,2
5204,2226.98,84.8335,0.118808,0.0240423,-0.388783,22.8168,109.24,0.0,0.08388687696262116,0.28,0.0,2
5205,2227.49,85.0822,0.157661,0.0248162,-0.391167,22.6973,109.262,0.0,0.08626304855367792,0.28,0.0,2
5206,2228.0,85.1476,0.19805,0.0253751,-0.393582,22.597,109.284,0.0,0.08858627764837088,0.46,0.0,3
5207,2228.51,85.0969,0.212679,0.0253851,-0.395995,22.5468,109.306,0.0,0.09079882005193572,0.64,0.0,3
5208,2229.02,85.069,0.2078,0.0249731,-0.398383,22.5359,109.328,0.0,0.09299344735459195,0.8200000000000001,0.0,3
5209,2229.53,85.6651,0.13508,0.0242116,-0.40076,22.557,109.35,0.0,0.09520815919809288,1.0,0.0,3
5210,2230.05,86.513,0.00160641,0.0229041,-0.403195,22.6276,109.372,0.0,0.09768297322863789,0.88,0.0,3
5211,2230.57,87.3732,-0.154493,0.021876,-0.405707,22.6712,109.394,0.0,0.10056038607265078,0.88,0.0,3
5212,2231.09,88.021,-0.202366,0.0220048,-0.40831,22.6056,109.416,0.0,0.10387436214116351,0.54,0.0,3
5213,2231.62,88.2954,-0.106977,0.0233123,-0.410962,22.4299,109.438,0.0,0.10717043515606754,0.318761108842176,0.0,3
5214,2232.15,88.512,0.0332633,0.0243832,-0.413602,22.2767,109.46,0.0,0.10996810644030422,0.3343241149486238,0.0,3
5215,2232.68,88.7526,0.134007,0.0244815,-0.416168,22.2145,109.482,0.0,0.11211891010826848,0.3524072110180994,0.0,3
5216,2233.21,88.9282,0.0714154,0.0233614,-0.418655,22.2658,109.504,0.0,0.11374765882987657,0.3690091754594681,0.0,3
5217,2233.75,89.2143,-0.17452,0.020405,-0.421172,22.4877,109.526,0.0,0.11562125078362612,0.3886474798634828,0.0,3
5218,2234.28,89.4031,-0.279181,0.0171563,-0.423564,22.7434,109.548,0.0,0.11825669084866834,0.14,0.0,3
5219,2234.82,89.4372,-0.267917,0.0141198,-0.425652,22.9895,109.57,0.0,0.12067094355177643,0.14,0.0,3
5220,2235.35,89.4671,-0.202995,0.0113317,-0.427368,23.223,109.592,0.0,0.1223633177177936,0.14,0.0,3
5221,2235.89,89.4962,-0.115237,0.00879782,-0.428696,23.4431,109.614,0.0,0.12298682396458238,0.14,0.0,3
5222,2236.42,89.5251,-0.0370948,0.00642985,-0.429651,23.6571,109.636,0.0,0.12254509983117476,0.14,0.0,3
5223,2236.96,89.1778,-0.00293634,0.00415343,-0.430286,23.8712,109.658,0.0,0.12137893413730372,0.0,0.11782867303992525,3
5224,2237.49,88.6277,-0.0108607,0.00179642,-0.430655,24.1011,109.68,0.0,0.11997460225001325,0.0,0.14558002752264798,3
5225,2238.02,88.0505,-0.0824007,-0.000466649,-0.430821,24.3282,109.702,0.0,0.11865434690908605,0.0,0.16042231856644115,3
5226,2238.54,87.4153,-0.135557,-0.0025304,-0.430835,24.54,109.724,0.0,0.11773922356132364,0.0,0.17029274500280203,3
5227,2239.06,86.7475,-0.159494,-0.00462801,-0.430675,24.7609,109.746,0.0,0.11705075668786692,0.0,0.17481455850103073,3
5228,2239.58,86.074,-0.163162,-0.00693733,-0.430304,25.0103,109.768,0.0,0.11628694477838214,0.0,0.17585745918605894,3
5229,2240.09,85.4088,-0.157311,-0.00946647,-0.429678,25.2906,109.79,0.0,0.11531564978143131,0.0,0.17497965157480821,3
5230,2240.6,84.6018,-0.241813,-0.012194,-0.428816,25.5999,109.812,0.0,0.11409705691360329,0.0,0.2640788640453883,3
5231,2241.1,83.7016,-0.39752,-0.0154942,-0.427844,25.9769,109.834,0.0,0.11316974783247451,0.0,0.25468716779255757,2
5232,2241.6,82.8521,-0.444823,-0.0188244,-0.426663,26.366,109.856,0.0,0.11276649929476322,0.0,0.24046330978309088,2
5233,2242.09,82.0146,-0.420526,-0.0218895,-0.42518,26.7363,109.878,0.0,0.11243178679430915,0.0,0.22733127843259765,2
5234,2242.58,81.1512,-0.355733,-0.0247591,-0.423363,27.0953,109.9,0.0,0.1115339752569299,0.0,0.21391896678204986,2
5235,2243.07,80.3423,-0.269186,-0.027386,-0.421202,27.437,109.922,0.0,0.1100862038690152,0.0,0.1979369814548066,2
5236,2243.54,79.5871,-0.17823,-0.0297359,-0.41871,27.7563,109.944,0.0,0.10832353768210518,0.0,0.18538160793642242,2
5237,2244.02,78.8722,-0.0988917,-0.0318397,-0.415924,28.0552,109.966,0.0,0.10625699033910807,0.0,0.17638865070860496,2
5238,2244.49,78.1858,-0.0390512,-0.0337465,-0.412885,28.3377,109.988,0.0,0.10398137981808697,0.0,0.16976589835392383,2
5239,2244.95,77.5218,0.000734923,-0.0355027,-0.40964,28.6079,110.01,0.0,0.10163170710376085,0.0,0.16463809308744332,2
5240,2245.41,76.8837,0.0176597,-0.0370491,-0.406233,28.8577,110.032,0.0,0.09931731510510293,0.0,0.16049841093107248,2
5241,2245.87,76.2551,0.0355949,-0.0383728,-0.402696,29.0843,110.054,0.0,0.09714731913381314,0.0,0.15724701089223075,2
5242,2246.33,75.6378,0.0552046,-0.039543,-0.399049,29.2953,110.076,0.0,0.0951073779430188,0.0,0.15420415880117241,2
5243,2246.78,75.0324,0.0763982,-0.0406058,-0.395302,29.4958,110.098,0.0,0.0931739175365694,0.0,0.15138768918119838,2
5244,2247.23,74.4385,0.0969319,-0.0415795,-0.391467,29.6874,110.12,0.0,0.09130015000215248,0.0,0.14877689017771062,2
5245,2247.67,73.8579,0.115735,-0.0424588,-0.387553,29.8695,110.142,0.0,0.08945804194427939,0.0,0.1463262494581376,2
5246,2248.11,73.2956,0.117777,-0.0432952,-0.383575,30.0702,110.164,0.0,0.0876516598778008,0.0,0.14406791783433776,2
5247,2248.55,72.7347,0.113539,-0.0441106,-0.379558,30.3093,110.186,0.0,0.08594818094127227,0.0,0.14212662530794298,2
5248,2248.98,72.184,0.120765,-0.0447829,-0.375501,30.5752,110.208,0.0,0.0843495580188294,0.0,0.1399341744340368,2
5249,2249.41,71.6432,0.137155,-0.045306,-0.371407,30.8705,110.23,0.0,0.08277372222461027,0.0,0.1378218581083295,2
5250,2249.84,71.1118,0.153462,-0.0456823,-0.367281,31.1998,110.252,0.0,0.08117825589627632,0.0,0.13577505351617647,2
5251,2250.26,70.5901,0.170998,-0.0459312,-0.363135,31.5723,110.274,0.0,0.07958969129000927,0.0,0.13377612547229434,2
5252,2250.69,70.0777,0.182695,-0.0460642,-0.358983,31.9987,110.296,0.0,0.07802459738787393,0.0,0.13183546126663587,2
5253,2251.1,69.5746,0.192582,-0.0461062,-0.354839,32.4975,110.318,0.0,0.07650540119677374,0.0,0.12993995314725845,2
5254,2251.52,69.0806,0.195757,-0.0460618,-0.350716,33.0909,110.34,0.0,0.07517519376435335,0.0,0.12809133153037833,2
5255,2251.93,68.5954,0.198691,-0.0459455,-0.346623,33.818,110.362,0.0,0.07388983579781136,0.0,0.12628479510154925,2
5256,2252.34,68.1163,0.200915,-0.0457709,-0.342564,34.7504,110.384,0.0,0.07264491087022262,0.0,0.12451336636948494,2
5257,2252.75,67.6413,0.203726,-0.0455402,-0.338547,36.043,110.406,0.0,0.07142888463955761,0.0,0.12269793985619323,2
5258,2253.15,67.1864,0.206039,-0.0452645,-0.334572,38.273,110.428,0.0,0.07024053017323113,0.0,0.11796981890609168,2
5259,2253.56,66.7544,0.207548,-0.0449236,-0.330644,87.1366,110.45,0.0,0.06908346796253549,0.0,0.11076490852247645,2
5260,2253.96,66.3517,0.208689,-0.0445135,-0.326768,85.8547,110.472,0.0,0.06794998309551256,0.0,0.10197086893861987,2
5261,2254.35,66.407,0.221967,-0.0438617,-0.322934,84.6557,110.494,0.0,0.06684534774302534,0.18,0.0,2
5262,2254.75,66.645,0.237256,-0.042919,-0.319136,83.5382,110.516,0.0,0.0656242662463631,0.28,0.0,2
5263,2255.16,66.9122,0.241574,-0.0417894,-0.315396,82.4731,110.538,0.0,0.0643228612063649,0.28,0.0,2
5264,2255.56,67.1819,0.246482,-0.0404885,-0.311737,81.4543,110.56,0.0,0.06302212320278003,0.28,0.0,2
5265,2255.96,67.4471,0.250488,-0.0390456,-0.308171,80.4731,110.582,0.0,0.06174544857381646,0.28,0.0,2
5266,2256.37,67.711,0.249459,-0.0375417,-0.304713,79.5109,110.604,0.0,0.06051653479482315,0.28,0.0,2
5267,2256.78,67.9745,0.240433,-0.0360144,-0.301375,78.5594,110.626,0.0,0.059357949130139046,0.28,0.0,2
5268,2257.19,68.2398,0.23031,-0.0344823,-0.298163,77.6144,110.648,0.0,0.05830136013276185,0.28,0.0,2
5269,2257.6,68.5066,0.219873,-0.0329407,-0.295082,76.6767,110.67,0.0,0.05709024972701418,0.28,0.0,2
5270,2258.01,68.7745,0.210166,-0.0313681,-0.292131,75.7505,110.692,0.0,0.056146084177574315,0.28,0.0,2
5271,2258.43,69.0429,0.201413,-0.0297483,-0.289317,74.8385,110.714,0.0,0.055402825135799624,0.28,0.0,2
5272,2258.84,69.3117,0.196499,-0.0280936,-0.286638,73.9378,110.736,0.0,0.05481540785905842,0.28,0.0,2
5273,2259.26,69.5807,0.189822,-0.0263961,-0.284102,73.0494,110.758,0.0,0.0543360530003292,0.28,0.0,2
5274,2259.68,69.8501,0.185733,-0.0246652,-0.281706,72.1712,110.78,0.0,0.05395955495072093,0.28,0.0,2
5275,2260.1,70.2906,0.18211,-0.0229991,-0.279453,71.2845,110.802,0.0,0.05365913200894414,0.46,0.0,2
5276,2260.53,70.9538,0.151928,-0.0215433,-0.277338,70.3609,110.824,0.0,0.05326758701258614,0.64,0.0,2
5277,2260.96,71.8223,0.0872844,-0.020284,-0.27538,69.4022,110.846,0.0,0.05301550390751703,0.8200000000000001,0.0,2
5278,2261.4,72.8086,-0.00559442,-0.0192545,-0.273601,68.4027,110.868,0.0,0.053018189452566714,0.7895666278616739,0.0,2
5279,2261.84,73.8499,-0.1124,-0.0183638,-0.272005,67.377,110.89,0.0,0.0532918554980705,0.8662267783360379,0.0,2
5280,2262.29,74.9298,-0.237406,-0.0176514,-0.270604,66.3122,110.912,0.0,0.053805268966447946,0.88,0.0,2
5281,2262.74,76.0194,-0.379666,-0.0171664,-0.269397,65.2014,110.934,0.0,0.05455493023101517,0.88,0.0,2
5282,2263.21,77.2589,-0.516322,-0.0169366,-0.268379,64.04,110.956,0.0,0.05552143093975383,0.88,0.0,2
5283,2263.68,78.5133,-0.625902,-0.0167955,-0.267499,62.8544,110.978,0.0,0.056555238180271736,0.88,0.0,2
5284,2264.15,79.7053,-0.720015,-0.0167335,-0.266727,61.6468,111.0,0.0,0.05748411406860169,0.88,0.0,2
5285,2264.64,80.8167,-0.828873,-0.0169261,-0.266048,60.3927,111.022,0.0,0.058223367001261,0.88,0.0,2
5286,2265.13,81.8854,-0.979704,-0.017598,-0.265469,59.0615,111.044,0.0,0.05880557344321358,0.88,0.0,2
5287,2265.63,82.9402,-1.18521,-0.0188745,-0.264995,57.6386,111.066,0.0,0.059420040388736675,0.88,0.0,2
5288,2266.13,83.9978,-1.44007,-0.0208295,-0.264619,56.1185,111.088,0.0,0.060244985319199446,0.8698558117231444,0.0,2
5289,2266.64,85.0642,-1.73892,-0.0235055,-0.264323,54.5012,111.11,0.0,0.06136849915483859,0.8515616705206649,0.0,2
5290,2267.16,86.0561,-1.9386,-0.0265926,-0.264032,52.8371,111.132,0.0,0.0628168393969704,0.8319154659428741,0.0,3
5291,2267.68,86.2365,-1.49701,-0.0276111,-0.263315,51.4729,111.154,0.0,0.06393056439805134,0.9350792616228645,0.0,3
5292,2268.2,86.2009,-1.01541,-0.0276206,-0.261917,50.2549,111.176,0.0,0.06196395904347156,0.9565305445284613,0.0,3
5293,2268.72,86.7975,-0.791946,-0.027315,-0.260098,49.083,111.198,0.0,0.057721764880529804,0.9774953312604941,0.0,3
5294,2269.24,87.6276,-0.732404,-0.026944,-0.258156,47.919,111.22,0.0,0.053111465407595176,0.8336450977075595,0.0,3
5295,2269.78,88.4047,-0.656801,-0.0258897,-0.256172,46.8432,111.242,0.0,0.049048397045894976,0.7886122495494471,0.0,3
5296,2270.31,89.1877,-0.575828,-0.023999,-0.254222,45.8715,111.264,0.0,0.045429802550269155,0.8590826388756005,0.0,3
5297,2270.85,90.0534,-0.401834,-0.0211118,-0.252342,45.0174,111.286,0.0,0.04225691230230214,0.8064756320597453,0.0,3
5298,2271.4,90.7395,-0.242987,-0.0173028,-0.250604,44.2682,111.308,0.0,0.039155372951473776,0.7457464383082686,0.0,3
5299,2271.95,91.348,-0.153474,-0.0133298,-0.249139,43.5313,111.33,0.0,0.03658625949654676,0.6908333367714283,0.0,3
5300,2272.5,91.9068,-0.122745,-0.00950891,-0.248032,42.7706,111.352,0.0,0.03496741186722331,0.6373956653177194,0.0,3
5301,2273.06,92.4267,-0.124761,-0.00586349,-0.247327,41.9856,111.374,0.0,0.03445628705672211,0.5846155207271834,0.0,3
5302,2273.62,92.9034,-0.133989,-0.00235492,-0.247031,41.1825,111.396,0.0,0.03508208778523471,0.5322578508383762,0.0,3
5303,2274.18,93.3285,-0.138091,0.00104588,-0.247136,40.3661,111.418,0.0,0.03650378919666529,0.4807228642371689,0.0,3
5304,2274.74,93.697,-0.137703,0.00439328,-0.247629,39.5436,111.44,0.0,0.03837583785411182,0.43058035442025244,0.0,3
5305,2275.31,94.0089,-0.134927,0.00773972,-0.248503,38.7218,111.462,0.0,0.0405935565606028,0.38236532695939607,0.0,3
5306,2275.88,94.2657,-0.123598,0.011111,-0.249757,37.9042,111.484,0.0,0.04308071120069431,0.33615446608914384,0.0,3
5307,2276.45,94.4717,-0.102349,0.0136382,-0.251375,37.0763,111.506,0.0,0.04572918222879519,0.2920709718277492,0.0,3
5308,2277.03,94.2355,-0.0915399,0.00504368,-0.252586,36.2225,111.528,0.0,0.04830968317563281,0.0,0.08460147668970891,3
5309,2277.62,93.7958,-0.10904,-0.00399715,-0.252788,35.3313,111.55,0.0,0.04867454203967595,0.0,0.100711211075389,3
5310,2278.19,93.3356,-0.174778,-0.0133351,-0.251988,34.4203,111.572,0.0,0.0474188274015029,0.0,0.10969282898872243,3
5311,2278.77,92.6076,-0.251329,-0.0227869,-0.250226,33.5092,111.594,0.0,0.04512346219184478,0.0,0.2200299972403768,3
5312,2279.34,91.7773,-0.290413,-0.0320061,-0.247495,32.6299,111.616,0.0,0.042304729211349985,0.0,0.217773573480708,3
5313,2279.9,90.9104,-0.301112,-0.0409015,-0.243808,31.7887,111.638,0.0,0.03862876522266279,0.0,0.2394995407117051,3
5314,2280.46,89.9863,-0.299813,-0.0493696,-0.239203,30.9925,111.66,0.0,0.03423314779191638,0.0,0.2582535950238599,3
5315,2281.02,89.0414,-0.287801,-0.0573576,-0.233742,30.2436,111.682,0.0,0.029270212285945143,0.0,0.2610381001672643,3
5316,2281.56,88.16,-0.281034,-0.0648845,-0.227483,29.5381,111.704,0.0,0.023850653759855234,0.0,0.25255064306112235,3
5317,2282.1,87.4022,-0.290652,-0.0717128,-0.220514,28.8931,111.726,0.0,0.018145389808607162,0.0,0.23858549426342698,3
5318,2282.64,86.6713,-0.285896,-0.077791,-0.212924,28.3101,111.748,0.0,0.012367760535565176,0.0,0.22334826307175767,3
5319,2283.17,85.842,-0.262429,-0.0833753,-0.204776,27.7667,111.77,0.0,0.006537265897980328,0.0,0.20491571936231878,3
5320,2283.7,84.9988,-0.23555,-0.088765,-0.196109,27.2387,111.792,0.0,0.0005724074356148225,0.0,0.181953490049232,3
5321,2284.22,84.3789,-0.228371,-0.0939658,-0.186955,26.7255,111.814,0.0,-0.005545088411161132,0.0,0.15787954826160006,2
5322,2284.73,83.9642,-0.26989,-0.0989207,-0.177354,26.2308,111.836,0.0,-0.011723070354230335,0.0,0.1419154879973147,2
5323,2285.25,83.5359,-0.311005,-0.103589,-0.167361,25.7573,111.858,0.0,-0.01768572339013159,0.0,0.1334407354314799,2
5324,2285.76,82.8486,-0.299586,-0.107688,-0.157016,25.324,111.88,0.0,-0.02348936812786504,0.0,0.12415580241145491,2
5325,2286.26,82.3141,-0.271543,-0.111178,-0.146336,24.9321,111.902,0.0,-0.029360114278410586,0.0,0.10447307117912775,2
5326,2286.76,81.856,-0.255876,-0.11421,-0.135365,24.57,111.924,0.0,-0.035355472755259174,0.0,0.08964496078142158,2
5327,2287.26,81.4481,-0.256691,-0.116866,-0.124165,24.2321,111.946,0.0,-0.0413675197786337,0.0,0.07697677884676488,2
5328,2287.76,81.4273,-0.278861,-0.119338,-0.112761,23.905,111.968,0.0,-0.04729268451733323,0.18,0.0,2
5329,2288.26,81.6594,-0.29457,-0.121761,-0.10112,23.5791,111.99,0.0,-0.053083182377235666,0.27062312322572657,0.0,2
5330,2288.76,81.9317,-0.292782,-0.124231,-0.0892014,23.2474,112.012,0.0,-0.05885149307618574,0.28,0.0,2
5331,2289.26,82.2052,-0.294745,-0.126679,-0.0769928,22.9144,112.034,0.0,-0.06467609502938598,0.28,0.0,2
5332,2289.76,82.4787,-0.312312,-0.128865,-0.0645187,22.5953,112.056,0.0,-0.07036508809758907,0.28,0.0,2
5333,2290.26,82.9394,-0.33212,-0.130502,-0.0518234,22.3082,112.078,0.0,-0.07588254931703763,0.46,0.0,2
5334,2290.77,83.6383,-0.315971,-0.131421,-0.0389008,22.0626,112.1,0.0,-0.08120122423050327,0.64,0.0,2
5335,2291.28,84.1467,-0.139476,-0.13097,-0.0257339,21.8976,112.122,0.0,-0.08649154482088138,0.8200000000000001,0.0,2
5336,2291.79,84.8522,0.164753,-0.129097,-0.0122757,21.8155,112.144,0.0,-0.09299264708970013,0.88,0.0,2
5337,2292.3,85.7666,0.55471,-0.125808,0.0014801,21.817,112.166,0.0,-0.10021012642374308,0.88,0.0,2
5338,2292.83,86.7954,0.970017,-0.121114,0.0154846,21.9045,112.188,0.0,-0.11014841572939366,0.88,0.0,3
5339,2293.36,87.3985,0.949708,-0.116972,0.0293991,21.9602,112.21,0.0,-0.11908193719242677,0.88,0.0,3
5340,2293.88,87.3708,0.572946,-0.114782,0.0426788,21.8993,112.232,0.0,-0.13841658170856375,1.0,0.0,3
5341,2294.41,87.9015,0.341079,-0.112392,0.0553635,21.86,112.254,0.0,-0.14937003920538297,1.0,0.0,3
5342,2294.95,88.7463,0.399473,-0.108862,0.0677704,21.9002,112.276,0.0,-0.15561795993342592,0.88,0.0,3
5343,2295.49,89.5925,0.521135,-0.105048,0.0800201,21.9632,112.298,0.0,-0.16021783053988062,0.88,0.0,3
5344,2296.03,90.4443,0.651771,-0.101035,0.0921097,22.0441,112.32,0.0,-0.16405657461312398,0.88,0.0,3
5345,2296.58,91.3034,0.784982,-0.0966204,0.104008,22.1581,112.342,0.0,-0.16761187322659932,0.88,0.0,3
5346,2297.14,92.1693,0.934636,-0.0915321,0.115657,22.3269,112.364,0.0,-0.17123098227042177,0.88,0.0,3
5347,2297.7,92.9145,1.1977,-0.0853494,0.12701,22.5851,112.386,0.0,-0.17529082584523425,0.88,0.0,3
5348,2298.26,93.6498,1.69929,-0.0770372,0.138126,23.0152,112.408,0.0,-0.17997799514996607,0.88,0.0,3
5349,2298.83,94.4902,2.32649,-0.0667418,0.148962,23.623,112.43,0.0,-0.1859493718682566,0.88,0.0,3
5350,2299.4,95.3691,3.03464,-0.0550283,0.159431,24.3838,112.452,0.0,-0.18080152673293193,0.88,0.0,3
5351,2299.98,96.2647,3.73763,-0.0425499,0.169421,25.2613,112.474,0.0,-0.17949939993664565,0.88,0.0,3
5352,2300.57,97.1497,4.38431,-0.0297983,0.178801,26.2247,112.496,0.0,-0.18083548899536012,0.88,0.0,3
5353,2301.16,98.005,4.96752,-0.0170692,0.187445,27.2537,112.518,0.0,-0.18374561871117306,0.88,0.0,3
5354,2301.75,98.7336,5.39964,-0.00476438,0.195236,28.3135,112.54,0.0,-0.18745290391733568,0.54,0.0,3
5355,2302.35,99.0794,5.44199,0.00563591,0.201921,29.3135,112.562,0.0,-0.19088832185559806,0.2,0.0,3
5356,2302.95,99.1879,5.15794,0.0135748,0.207297,30.194,112.584,0.0,-0.19233536050205446,0.2841020088953867,0.0,3
5357,2303.55,99.3081,4.74373,0.0202357,0.211343,31.0592,112.606,0.0,-0.19102837468390976,0.28230060840626114,0.0,3
5358,2304.15,99.4285,4.27782,0.0262691,0.21407,31.9832,112.628,0.0,-0.18716646594754655,0.26879411932773456,0.0,3
5359,2304.76,99.22,3.76654,0.0320184,0.215483,33.0208,112.65,0.0,-0.20680138285034028,0.0,0.08705788168636822,3
5360,2305.35,98.7339,3.31933,0.0383012,0.215599,34.3268,112.672,0.0,-0.2123206389942371,0.0,0.09433256385934695,3
5361,2305.95,98.2268,2.98332,0.0456497,0.214453,36.0682,112.694,0.0,-0.20905716711020905,0.0,0.09127337961393832,3
5362,2306.54,97.5109,2.80567,0.0539023,0.212091,38.3425,112.716,0.0,-0.20096196954972056,0.0,0.21329441075903388,3
5363,2307.13,96.6033,2.72668,0.062504,0.208643,41.1822,112.738,0.0,-0.1913536648164153,0.0,0.2352736715128703,3
5364,2307.71,95.6373,2.65534,0.0713498,0.20416,44.7449,112.76,0.0,-0.18184211245911594,0.0,0.23946236531655857,3
5365,2308.28,94.6703,2.56044,0.0812866,0.198557,49.6744,112.782,0.0,-0.17236881444115576,0.0,0.23298635032423057,3
5366,2308.85,93.783,2.57872,0.0918857,0.191817,98.9941,112.804,0.0,-0.16224987718919467,0.0,0.21994314178462013,3
5367,2309.42,92.9517,2.60614,0.102154,0.184006,95.202,112.826,0.0,-0.15279968073202108,0.0,0.20551810510343124,3
5368,2309.98,92.1781,2.58222,0.111538,0.175174,91.5575,112.848,0.0,-0.14388982942407197,0.0,0.19022862535139223,3
5369,2310.53,91.4586,2.46953,0.119665,0.165372,88.1456,112.87,0.0,-0.13485944080541154,0.0,0.17511287270416231,3
5370,2311.08,90.7834,2.08846,0.125619,0.154555,85.1723,112.892,0.0,-0.12492059100254516,0.0,0.16074845741883884,3
5371,2311.63,90.1763,1.61798,0.129242,0.14276,82.6859,112.914,0.0,-0.11160171123838286,0.0,0.1473635655392836,3
5372,2312.17,89.6212,1.21839,0.131302,0.130209,80.5312,112.936,0.0,-0.09550049685798764,0.0,0.13648714141270255,3
5373,2312.71,89.1051,0.938443,0.132362,0.117169,78.5927,112.958,0.0,-0.07880554206404387,0.0,0.12773812859220612,3
5374,2313.24,88.6204,0.740526,0.132541,0.103854,76.8486,112.98,0.0,-0.06358068629212058,0.0,0.1208377716920671,3
5375,2313.78,88.1616,0.589106,0.131829,0.0904327,75.3041,113.002,0.0,-0.05054231617633863,0.0,0.11548866242443158,3
5376,2314.31,87.7015,0.44662,0.130281,0.077034,73.9494,113.024,0.0,-0.03974045091771966,0.0,0.11168821880598265,3
5377,2314.84,87.2782,0.333377,0.128229,0.0637299,72.7116,113.046,0.0,-0.030759934543744483,0.0,0.10618843105272682,3
5378,2315.36,87.2361,0.243069,0.125309,0.0506073,71.6681,113.068,0.0,-0.023471858768395852,0.18,0.0,3
5379,2315.89,87.474,0.160086,0.121589,0.0377045,70.7959,113.09,0.0,-0.01772027689347772,0.36,0.0,3
5380,2316.42,87.8151,0.105985,0.117344,0.0250961,70.0313,113.112,0.0,-0.0132041897486659,0.4336012272062489,0.0,3
5381,2316.96,88.203,0.0683381,0.112727,0.0128525,69.3391,113.134,0.0,-0.009986022016897784,0.470693402423307,0.0,3
5382,2317.49,88.6587,0.0296079,0.107883,0.00100861,68.6863,113.156,0.0,-0.007791525950573877,0.5024461950417168,0.0,3
5383,2318.03,89.1061,0.00581731,0.102799,-0.0103958,68.0753,113.178,0.0,-0.006224462909943434,0.5286818046175823,0.0,3
5384,2318.58,89.569,-0.00581842,0.0976116,-0.0213226,67.4765,113.2,0.0,-0.005272690367415642,0.553790964431718,0.0,3
5385,2319.13,90.0541,-0.011395,0.0923988,-0.0317474,66.873,113.222,0.0,-0.004874551344086222,0.5771925880975131,0.0,3
5386,2319.68,90.572,-0.0112819,0.0871951,-0.0416611,66.2575,113.244,0.0,-0.004911683474387921,0.5986779414858758,0.0,3
5387,2320.23,91.124,-0.00729045,0.0819942,-0.0510529,65.6307,113.266,0.0,-0.005299603678759656,0.6179903412233811,0.0,3
5388,2320.79,91.445,-0.00957575,0.0767924,-0.0599136,64.9952,113.288,0.0,-0.00597473468422702,0.28,0.0,3
5389,2321.35,91.6419,-0.0192983,0.071644,-0.0682281,64.3442,113.31,0.0,-0.006849684545057247,0.28,0.0,3
5390,2321.91,91.8356,-0.0249307,0.0665509,-0.0759949,63.6783,113.332,0.0,-0.007919588596451458,0.28,0.0,3
5391,2322.47,92.0256,-0.0282443,0.0614845,-0.0832138,63.0037,113.354,0.0,-0.009268784082518829,0.28,0.0,3
5392,2323.04,92.2126,-0.0336649,0.0564644,-0.089885,62.3164,113.376,0.0,-0.010855102887800564,0.28,0.0,3
5393,2323.6,92.3987,-0.0378867,0.0515034,-0.0960144,61.6145,113.398,0.0,-0.01259048647241889,0.28,0.0,3
5394,2324.17,92.6037,-0.0543183,0.0465209,-0.101611,60.9133,113.42,0.0,-0.014461850546247981,0.28,0.0,3
5395,2324.74,92.7832,-0.069939,0.0415084,-0.10667,60.2151,113.442,0.0,-0.016335516858230467,0.28,0.0,3
5396,2325.31,92.9553,-0.0785329,0.0365893,-0.111189,59.4964,113.464,0.0,-0.018300165237965328,0.28,0.0,3
5397,2325.88,93.1268,-0.0789004,0.0318348,-0.11517,58.7443,113.486,0.0,-0.02042100765199813,0.28,0.0,3
5398,2326.45,93.302,-0.0693062,0.0272457,-0.118619,57.9594,113.508,0.0,-0.02110717845306225,0.28,0.0,3
5399,2327.03,93.482,-0.0559077,0.0227835,-0.121544,57.1494,113.53,0.0,-0.02218065359111559,0.28,0.0,3
5400,2327.6,93.6645,-0.0596381,0.0185086,-0.123965,56.304,113.552,0.0,-0.023577258128621336,0.28,0.0,3
5401,2328.18,93.8475,-0.0547765,0.0144407,-0.125911,55.4201,113.574,0.0,-0.025140994148436045,0.28,0.0,3
5402,2328.76,94.0271,-0.0529754,0.0104377,-0.127397,54.524,113.596,0.0,-0.026837635390207407,0.28,0.0,3
5403,2329.33,94.2039,-0.0535029,0.012118,-0.128742,53.6207,113.618,0.0,-0.02861462246336635,0.28,0.0,3
5404,2329.91,94.3788,-0.047771,0.0139338,-0.130297,52.7218,113.64,0.0,-0.02943452288734775,0.28,0.0,3
5405,2330.49,94.5711,-0.0615773,0.0156614,-0.132062,51.8407,113.662,0.0,-0.02955910445802556,0.28,0.0,3
5406,2331.06,94.7424,-0.0848989,0.017163,-0.134045,51.0004,113.684,0.0,-0.02908887736165245,0.28,0.0,3
5407,2331.64,94.9093,-0.0938849,0.0185987,-0.136221,50.173,113.706,0.0,-0.028164144012498345,0.28,0.0,3
5408,2332.22,95.073,-0.0859467,0.0200722,-0.138567,49.3412,113.728,0.0,-0.026980002690516976,0.28,0.0,3
5409,2332.81,95.2394,-0.0673294,0.0216076,-0.141075,48.5013,113.75,0.0,-0.02572217344426711,0.28,0.0,3
5410,2333.39,95.4092,-0.0436153,0.0231578,-0.143741,47.6616,113.772,0.0,-0.0244786060271087,0.28,0.0,3
5411,2333.97,95.5815,-0.0239395,0.0246827,-0.146564,46.8287,113.794,0.0,-0.02326371007465239,0.28,0.0,3
5412,2334.56,95.7549,-0.00959862,0.026159,-0.14955,46.0061,113.816,0.0,-0.02204468772099493,0.28,0.0,3
5413,2335.14,95.9283,-0.000414649,0.027569,-0.152695,45.1966,113.838,0.0,-0.02079468374046492,0.28,0.0,3
5414,2335.73,96.1012,0.0082363,0.0288779,-0.155994,44.405,113.86,0.0,-0.0194977395357162,0.28,0.0,3
5415,2336.32,96.2761,0.010377,0.030071,-0.159442,43.6333,113.882,0.0,-0.018172326997569408,0.28,0.0,3
5416,2336.9,96.4481,0.00987105,0.0311686,-0.16303,42.8777,113.904,0.0,-0.01680463176905883,0.28,0.0,3
5417,2337.49,96.6194,0.0131121,0.0321738,-0.166747,42.1374,113.926,0.0,-0.015401677152741673,0.28,0.0,3
5418,2338.08,96.7903,0.0153187,0.0331017,-0.17058,41.4098,113.948,0.0,-0.01400185854477543,0.28,0.0,3
5419,2338.68,96.9612,0.0183454,0.0339734,-0.174525,40.6914,113.97,0.0,-0.012606164667110252,0.28,0.0,3
5420,2339.27,97.1323,0.0253352,0.0347664,-0.17857,39.9854,113.992,0.0,-0.011183036086053947,0.28,0.0,3
5421,2339.86,97.3034,0.0298646,0.0354783,-0.182704,39.2916,114.014,0.0,-0.009769525949517124,0.28,0.0,3
5422,2340.46,97.4746,0.0368085,0.0360972,-0.186922,38.6114,114.036,0.0,-0.008360087818832388,0.28,0.0,3
5423,2341.05,97.6456,0.0406849,0.0366279,-0.191207,37.9437,114.058,0.0,-0.006977789881692684,0.28,0.0,3
5424,2341.65,97.8173,0.0438812,0.0370886,-0.195555,37.2856,114.08,0.0,-0.005612517625528623,0.28,0.0,3
5425,2342.25,97.9881,0.049762,0.0374524,-0.199955,36.6403,114.102,0.0,-0.00414128037581202,0.28,0.0,3
5426,2342.85,98.1584,0.0529936,0.0377285,-0.204396,36.0063,114.124,0.0,-0.002587458340358609,0.28,0.0,3
5427,2343.45,98.3285,0.0590937,0.0379121,-0.208867,35.3837,114.146,0.0,-0.0009712628066494047,0.28,0.0,3
5428,2344.05,98.4986,0.0657274,0.0379841,-0.213354,34.7746,114.168,0.0,0.0006619451239179277,0.28,0.0,3
5429,2344.65,98.6687,0.0691369,0.0379631,-0.217846,34.1761,114.19,0.0,0.0022862437286488586,0.28,0.0,3
5430,2345.25,98.8387,0.0749574,0.0378434,-0.222333,33.5887,114.212,0.0,0.00405037206947785,0.28,0.0,3
5431,2345.86,99.0088,0.0808983,0.0376064,-0.226802,33.0139,114.234,0.0,0.005977580878756509,0.28,0.0,3
5432,2346.46,99.1789,0.0864302,0.037245,-0.231234,32.4523,114.256,0.0,0.008015248179871147,0.28,0.0,3
5433,2347.07,99.348,0.0913569,0.0367576,-0.235616,31.9034,114.278,0.0,0.010109280737906921,0.28,0.0,3
5434,2347.68,99.5178,0.0955621,0.0361473,-0.239934,31.3665,114.3,0.0,0.012232533679575622,0.28,0.0,3
5435,2348.29,99.688,0.0995659,0.0354106,-0.244173,30.8414,114.322,0.0,0.014382771929246514,0.28,0.0,3
5436,2348.9,99.8578,0.106111,0.0345198,-0.248315,30.3308,114.344,0.0,0.01655841351561597,0.28,0.0,3
5437,2349.51,100.027,0.121065,0.0333683,-0.252328,29.8456,114.366,0.0,0.023344451197049282,0.28,0.0,3
5438,2350.12,100.196,0.132631,0.0318901,-0.256173,29.3919,114.388,0.0,0.02895108443125688,0.28,0.0,3
5439,2350.73,100.365,0.13934,0.0300934,-0.259815,28.9679,114.41,0.0,0.03361742444573314,0.28,0.0,3
5440,2351.34,100.534,0.138498,0.0280272,-0.263227,28.5675,114.432,0.0,0.037421128449293455,0.28,0.0,3
5441,2351.96,100.703,0.136321,0.0257308,-0.266376,28.1861,114.454,0.0,0.04041090298107443,0.28,0.0,3
5442,2352.57,100.87,0.133397,0.0232121,-0.269241,27.8224,114.476,0.0,0.04274540586763081,0.28,0.0,3
5443,2353.19,101.036,0.118594,0.020477,-0.271799,27.4752,114.498,0.0,0.04450710851434104,0.28,0.0,3
5444,2353.81,101.207,0.105216,0.0176074,-0.274034,27.1361,114.52,0.0,0.04585870459380488,0.28,0.0,3
5445,2354.43,101.377,0.0968179,0.0146643,-0.275926,26.7991,114.542,0.0,0.0468533391872977,0.28,0.0,3
5446,2355.05,101.546,0.0927472,0.0116646,-0.27746,26.4627,114.564,0.0,0.04752994423768667,0.28,0.0,3
5447,2355.67,101.716,0.0872451,0.00864905,-0.27863,26.1229,114.586,0.0,0.04786559058191685,0.28,0.0,3
5448,2356.29,101.885,0.0852767,0.0056383,-0.279432,25.7779,114.608,0.0,0.04789729562850496,0.28,0.0,3
5449,2356.91,102.053,0.0848561,0.00525587,-0.279924,25.4298,114.63,0.0,0.04765282828024793,0.28,0.0,3
5450,2357.53,102.222,0.0839805,0.00902527,-0.280731,25.0797,114.652,0.0,0.047916254401783376,0.28,0.0,3
5451,2358.14,102.389,0.0868877,0.0127208,-0.282004,24.7324,114.674,0.0,0.049711387918328784,0.28,0.0,3
5452,2358.76,102.556,0.0870143,0.0162551,-0.283731,24.3953,114.696,0.0,0.052931095480101324,0.28,0.0,3
5453,2359.37,102.723,0.0924425,0.0195963,-0.285892,24.0708,114.718,0.0,0.05714273831423519,0.28,0.0,3
5454,2359.99,102.889,0.101539,0.0226986,-0.288452,23.7629,114.74,0.0,0.06193471155178176,0.28,0.0,3
5455,2360.61,103.053,0.110105,0.0255296,-0.29138,23.474,114.762,0.0,0.06696013320828492,0.28,0.0,3
5456,2361.23,103.213,0.11649,0.0280768,-0.294646,23.2049,114.784,0.0,0.07185293992142153,0.2764670145068662,0.0,3
5457,2361.85,102.883,0.102096,0.0302049,-0.298212,22.9667,114.806,0.0,0.07644396640760787,0.0,0.10854010518754255,3
5458,2362.47,101.797,0.00387592,0.0317637,-0.302049,22.771,114.828,0.0,0.0808346894773662,0.0,0.4085401051875425,3
5459,2363.07,100.675,-0.0638172,0.0329716,-0.306139,22.5998,114.85,0.0,0.0854671493716917,0.0,0.2085401051875425,3
5460,2363.68,100.041,-0.0947619,0.0331408,-0.31033,22.5105,114.872,0.0,0.08994040533071554,0.0,0.10761457687894613,3
5461,2364.28,99.5199,-0.153078,0.0325419,-0.314531,22.4828,114.894,0.0,0.09378812189770526,0.0,0.11072009911271644,3
5462,2364.87,99.0011,-0.206431,0.0316088,-0.318687,22.4829,114.916,0.0,0.09678775914123265,0.0,0.10980122599387698,3
5463,2365.46,98.5098,-0.24502,0.0305316,-0.322757,22.4963,114.938,0.0,0.09892621407771754,0.0,0.09904613872813318,3
5464,2366.05,98.0677,-0.266329,0.0294248,-0.326715,22.5144,114.96,0.0,0.10034761977949583,0.0,0.08170648563019639,3
5465,2366.64,98.0329,-0.236577,0.0287172,-0.330542,22.5021,114.982,0.0,0.10112859155792348,0.18,0.0,3
5466,2367.23,98.1598,-0.165991,0.0286676,-0.334256,22.4379,115.004,0.0,0.10109944524284051,0.28,0.0,3
5467,2367.82,98.3217,-0.0928677,0.0290057,-0.337904,22.3429,115.026,0.0,0.10050965797147302,0.28,0.0,3
5468,2368.41,98.4832,-0.0297379,0.029606,-0.341527,22.2268,115.048,0.0,0.09983440150234171,0.28,0.0,3
5469,2369.0,98.6445,0.0203018,0.0303561,-0.345172,22.098,115.07,0.0,0.0993171996806561,0.28,0.0,3
5470,2369.59,98.8053,0.0585036,0.0311333,-0.348863,21.9662,115.092,0.0,0.09911318674503,0.28,0.0,3
5471,2370.18,98.966,0.0835361,0.0318419,-0.352611,21.8389,115.114,0.0,0.09919545285892087,0.28,0.0,3
5472,2370.78,99.1269,0.0994443,0.032438,-0.356421,21.7196,115.136,0.0,0.09970966277080885,0.28,0.0,3
5473,2371.37,99.2875,0.11128,0.03289,-0.360286,21.6106,115.158,0.0,0.1006986521261904,0.28,0.0,3
5474,2371.97,99.4482,0.114132,0.0332147,-0.364197,21.511,115.18,0.0,0.10201531200351474,0.28,0.0,3
5475,2372.56,99.6083,0.114986,0.0334474,-0.368146,21.4178,115.202,0.0,0.10354034572688448,0.28,0.0,3
5476,2373.16,99.7682,0.111885,0.0336186,-0.372128,21.3287,115.224,0.0,0.10513823732910696,0.28,0.0,3
5477,2373.76,99.9274,0.110368,0.0337302,-0.376138,21.2435,115.246,0.0,0.1068758307446387,0.28,0.0,3
5478,2374.35,100.087,0.116313,0.0337936,-0.380164,21.1618,115.268,0.0,0.1086429236472761,0.28,0.0,3
5479,2374.95,100.245,0.119188,0.0338179,-0.384193,21.0828,115.29,0.0,0.1103368679076161,0.28,0.0,3
5480,2375.55,100.402,0.119336,0.0337602,-0.388228,21.0101,115.312,0.0,0.11196586368290182,0.28,0.0,3
5481,2376.15,100.561,0.0900554,0.0338041,-0.392287,20.9284,115.334,0.0,0.1041938806178439,0.28,0.0,3
5482,2376.76,100.721,0.0666772,0.0341069,-0.396402,20.8247,115.356,0.0,0.09886165880487977,0.28,0.0,3
5483,2377.36,100.882,0.0529793,0.03466,-0.400601,20.6993,115.378,0.0,0.09534502355765814,0.28,0.0,3
5484,2377.96,101.043,0.050744,0.0354077,-0.404893,20.5564,115.4,0.0,0.09316413666018702,0.28,0.0,3
5485,2378.56,101.203,0.0550795,0.0362775,-0.40929,20.4017,115.422,0.0,0.09194673210427243,0.28,0.0,3
5486,2379.17,101.364,0.0629159,0.0372159,-0.413799,20.2394,115.444,0.0,0.09142771300628122,0.28,0.0,3
5487,2379.78,101.525,0.0706622,0.0381767,-0.41842,20.0732,115.466,0.0,0.09142051892305414,0.28,0.0,3
5488,2380.38,101.685,0.0790814,0.0391361,-0.423163,19.9048,115.488,0.0,0.09179904769166272,0.28,0.0,3
5489,2380.99,101.845,0.0832442,0.040095,-0.428021,19.734,115.51,0.0,0.09246226657688801,0.28,0.0,3
5490,2381.6,102.004,0.0878624,0.041042,-0.433002,19.5618,115.532,0.0,0.09336099539052664,0.28,0.0,3
5491,2382.21,102.164,0.0961396,0.0419719,-0.4381,19.3885,115.554,0.0,0.09443078385285669,0.28,0.0,3
5492,2382.81,102.322,0.105419,0.0428473,-0.443307,19.217,115.576,0.0,0.09560905756830293,0.28,0.0,3
5493,2383.42,101.614,0.0568592,0.0435693,-0.448622,19.055,115.598,0.0,0.0968562281989414,0.0,0.3,3
5494,2384.02,100.388,-0.0480167,0.0439779,-0.454059,18.914,115.62,0.0,0.09851013556063076,0.0,0.36450507039754637,3
5495,2384.62,99.0919,-0.145179,0.0439894,-0.459583,18.801,115.642,0.0,0.10076431484783396,0.0,0.33478369506788125,3
5496,2385.2,97.887,-0.224279,0.0433032,-0.465108,18.7402,115.664,0.0,0.1033739955334973,0.0,0.30217743119202384,3
5497,2385.78,96.8039,-0.292966,0.0418975,-0.47054,18.7358,115.686,0.0,0.1060284081108733,0.0,0.27288039334912473,3
5498,2386.35,95.8197,-0.34674,0.0400025,-0.475798,18.7727,115.708,0.0,0.10852338359253452,0.0,0.24831543233714315,3
5499,2386.92,94.9096,-0.378531,0.037851,-0.480824,18.835,115.73,0.0,0.11072261698034712,0.0,0.22764964899649806,3
5500,2387.48,94.0658,-0.388562,0.035577,-0.485577,18.9136,115.752,0.0,0.11252913007323756,0.0,0.21002695570355018,3
5501,2388.04,93.277,-0.383517,0.0332925,-0.490031,19.0006,115.774,0.0,0.11388859775842347,0.0,0.19525997138004014,3
5502,2388.59,92.5327,-0.363608,0.0310666,-0.494183,19.0908,115.796,0.0,0.1148193613492838,0.0,0.18295172888947667,3
5503,2389.14,91.8244,-0.334665,0.0289261,-0.498027,19.182,115.818,0.0,0.11534981842482346,0.0,0.17258551467826833,3
5504,2389.68,91.1473,-0.294496,0.0268409,-0.501567,19.2765,115.84,0.0,0.11553612304684216,0.0,0.16384001144827812,3
5505,2390.22,90.4992,-0.251254,0.0248153,-0.504807,19.3738,115.862,0.0,0.1154033136617424,0.0,0.15642097141649897,3
5506,2390.76,89.8755,-0.207408,0.0228111,-0.50775,19.4771,115.884,0.0,0.11501481154305032,0.0,0.15026250516177206,3
5507,2391.29,89.2716,-0.169027,0.0208074,-0.510402,19.5879,115.906,0.0,0.11442330053704688,0.0,0.14519413669104006,3
5508,2391.82,88.6849,-0.131602,0.0187985,-0.512776,19.7066,115.928,0.0,0.11367234748088716,0.0,0.1411141428410381,3
5509,2392.34,88.1121,-0.0990641,0.0168073,-0.514874,19.8312,115.95,0.0,0.11279066973832544,0.0,0.1379125731693602,3
5510,2392.87,87.5521,-0.0684896,0.0148689,-0.516713,19.9583,115.972,0.0,0.11182682057433388,0.0,0.13532465320529552,3
5511,2393.38,87.0023,-0.0387843,0.013005,-0.518298,20.0859,115.994,0.0,0.11080764814826302,0.0,0.13342204223049675,3
5512,2393.9,86.4595,-0.00989095,0.0112254,-0.519647,20.2126,116.016,0.0,0.10975785851621399,0.0,0.13185575111194717,3
5513,2394.41,85.9226,0.0180786,0.00953549,-0.520772,20.3373,116.038,0.0,0.10869318418641993,0.0,0.130638835853144,3
5514,2394.92,85.3913,0.0451353,0.00793427,-0.521678,20.4601,116.06,0.0,0.10762810049262034,0.0,0.12960983185545688,3
5515,2395.42,84.8657,0.0712002,0.00642174,-0.522388,20.5803,116.082,0.0,0.10677729818685655,0.0,0.12897615552339003,3
5516,2395.93,84.3713,0.0980341,0.00500887,-0.522906,20.6965,116.104,0.0,0.10610917498515061,0.0,0.1286109613838223,2
5517,2396.43,83.8948,0.129604,0.00370472,-0.523245,20.8075,116.126,0.0,0.10558233076328487,0.0,0.12965627610379798,2
5518,2396.92,83.3599,0.15339,0.00245732,-0.523415,20.9178,116.148,0.0,0.10514252786263464,0.0,0.1314676562898017,2
5519,2397.42,82.7561,0.165847,0.00113123,-0.523433,21.0393,116.17,0.0,0.1050936138430343,0.0,0.1308685414081683,2
5520,2397.91,82.1647,0.175703,-0.000260178,-0.523299,21.1709,116.192,0.0,0.10510450606153679,0.0,0.12748270545030713,2
5521,2398.39,81.5877,0.186003,-0.00169021,-0.523012,21.3101,116.214,0.0,0.1051492403031821,0.0,0.12437734243114452,2
5522,2398.87,81.0217,0.198015,-0.00313217,-0.522569,21.4548,116.236,0.0,0.10507149068856873,0.0,0.12170347137758597,2
5523,2399.35,80.4681,0.21229,-0.00456793,-0.521968,21.6031,116.258,0.0,0.10479763803982214,0.0,0.11945898097693249,2
5524,2399.83,79.6514,0.201866,-0.00588686,-0.521228,21.7442,116.28,0.0,0.10435573007314534,0.0,0.24269655706565466,2
5525,2400.3,78.6748,0.1923,-0.00706083,-0.52039,21.8743,116.302,0.0,0.1039897020922351,0.0,0.26339393885398665,2
5526,2400.76,77.6652,0.189424,-0.00823623,-0.519455,22.0071,116.324,0.0,0.10373751688796554,0.0,0.26921416481152194,2
5527,2401.22,76.6578,0.1932,-0.00946266,-0.518414,22.1476,116.346,0.0,0.10354412947856967,0.0,0.2669484769612106,2
5528,2401.67,75.6734,0.201914,-0.0107105,-0.517262,22.2932,116.368,0.0,0.10335069551305326,0.0,0.2595909651572135,2
5529,2402.12,74.7244,0.220681,-0.0119484,-0.515988,22.441,116.39,0.0,0.10312272146105665,0.0,0.24965159163069034,2
5530,2402.56,73.8311,0.245276,-0.0131419,-0.51459,22.5877,116.412,0.0,0.10244249049854529,0.0,0.2319499673085604,2
5531,2403.0,73.0121,0.276068,-0.0142606,-0.513066,22.7303,116.434,0.0,0.10130524983937915,0.0,0.20883553614776673,2
5532,2403.43,72.4262,0.320021,-0.0153306,-0.511412,22.8713,116.456,0.0,0.0997668424306235,0.0,0.11968004069889396,2
5533,2403.86,72.3963,0.38018,-0.016032,-0.509615,22.9791,116.478,0.0,0.0977644771837374,0.14,0.0,2
5534,2404.29,72.4602,0.44762,-0.0161069,-0.507698,23.0276,116.5,0.0,0.09511616245662832,0.14,0.0,2
5535,2404.72,72.5242,0.49845,-0.0157812,-0.50572,23.0377,116.522,0.0,0.09168756844626058,0.14,0.0,2
5536,2405.15,72.5884,0.527834,-0.0151637,-0.503734,23.0192,116.544,0.0,0.08814303708050755,0.14,0.0,2
5537,2405.58,72.6523,0.54325,-0.0143512,-0.501784,22.9808,116.566,0.0,0.08477826791349449,0.14,0.0,2
5538,2406.01,72.8604,0.547035,-0.0134071,-0.499898,22.9284,116.588,0.0,0.08168457540081668,0.28,0.0,2
5539,2406.45,73.114,0.543736,-0.0123418,-0.498096,22.8628,116.61,0.0,0.07880605428264802,0.28,0.0,2
5540,2406.88,73.3679,0.536741,-0.0111468,-0.4964,22.7826,116.632,0.0,0.07610845767248955,0.28,0.0,2
5541,2407.32,73.622,0.53039,-0.00983888,-0.494821,22.6898,116.654,0.0,0.07359730424744053,0.28,0.0,2
5542,2407.76,73.8764,0.520254,-0.00840837,-0.493373,22.583,116.676,0.0,0.07123743859863274,0.28,0.0,2
5543,2408.2,74.1309,0.511519,-0.00686008,-0.492067,22.4629,116.698,0.0,0.06913922482011947,0.28,0.0,2
5544,2408.64,74.3856,0.502762,-0.00520641,-0.490913,22.3305,116.72,0.0,0.06746375709325465,0.28,0.0,2
5545,2409.09,74.6403,0.496853,-0.00347311,-0.48992,22.1882,116.742,0.0,0.06611449135609948,0.28,0.0,2
5546,2409.53,74.8951,0.491692,-0.00167782,-0.489095,22.038,116.764,0.0,0.06500068513747506,0.28,0.0,2
5547,2409.98,75.15,0.486755,0.000175174,-0.488438,21.88,116.786,0.0,0.06407651118975236,0.28,0.0,2
5548,2410.42,75.4051,0.481361,0.00208729,-0.487965,21.714,116.808,0.0,0.06333945004963454,0.28,0.0,2
5549,2410.87,75.6601,0.479229,0.00403851,-0.487674,21.5421,116.83,0.0,0.0628174397523648,0.28,0.0,2
5550,2411.32,75.9152,0.478352,0.0060026,-0.487567,21.3667,116.852,0.0,0.06258912124831773,0.28,0.0,2
5551,2411.78,76.1704,0.478045,0.00797146,-0.487643,21.1884,116.874,0.0,0.06257465400072029,0.28,0.0,2
5552,2412.23,76.4257,0.477949,0.00994223,-0.48791,21.0075,116.896,0.0,0.06271913692644089,0.28,0.0,2
5553,2412.69,76.6812,0.477853,0.0119149,-0.488361,20.824,116.918,0.0,0.06298699101927319,0.28,0.0,2
5554,2413.14,76.9353,0.477271,0.013889,-0.489,20.638,116.94,0.0,0.06333318521317503,0.28,0.0,2
5555,2413.6,77.1911,0.478765,0.0158398,-0.48983,20.4514,116.962,0.0,0.0637536399692349,0.28,0.0,2
5556,2414.06,77.447,0.478696,0.0177786,-0.490848,20.2633,116.984,0.0,0.06428859262722365,0.28,0.0,2
5557,2414.52,77.7027,0.481548,0.0196993,-0.492052,20.0743,117.006,0.0,0.06492297615834225,0.28,0.0,2
5558,2414.99,77.9583,0.485307,0.0215852,-0.493437,19.8858,117.028,0.0,0.06562167878051621,0.28,0.0,2
5559,2415.45,78.2138,0.486315,0.0234563,-0.495009,19.6959,117.05,0.0,0.06635572989919093,0.28,0.0,2
5560,2415.92,78.469,0.489516,0.0253064,-0.496762,19.5052,117.072,0.0,0.06710604436271438,0.28,0.0,2
5561,2416.39,78.724,0.493104,0.0271174,-0.498694,19.3152,117.094,0.0,0.06787312252716389,0.28,0.0,2
5562,2416.85,78.9789,0.496508,0.0288841,-0.500801,19.1263,117.116,0.0,0.06896169608350669,0.28,0.0,2
5563,2417.32,79.2337,0.49971,0.0306074,-0.503087,18.937,117.138,0.0,0.06999950407866179,0.28,0.0,2
5564,2417.8,79.4884,0.502626,0.0322835,-0.505539,18.7426,117.16,0.0,0.07100552834201546,0.28,0.0,2
5565,2418.27,79.7432,0.504234,0.033919,-0.50816,18.5421,117.182,0.0,0.07201766134194088,0.28,0.0,2
5566,2418.74,79.9978,0.505812,0.0355236,-0.510948,18.3348,117.204,0.0,0.07305969489387883,0.28,0.0,2
5567,2419.22,80.2523,0.508091,0.0370838,-0.513899,18.122,117.226,0.0,0.07413491060801272,0.28,0.0,2
5568,2419.7,80.507,0.510899,0.0385911,-0.517012,17.9043,117.248,0.0,0.07523554121908474,0.28,0.0,2
5569,2420.18,80.7617,0.513909,0.0400402,-0.520274,17.6825,117.27,0.0,0.07635498161894794,0.28,0.0,2
5570,2420.66,81.0156,0.516866,0.0414326,-0.523688,17.4562,117.292,0.0,0.07747759336733677,0.28,0.0,2
5571,2421.14,81.2656,0.520124,0.0427381,-0.527243,17.2275,117.314,0.0,0.07858492103947295,0.28,0.0,2
5572,2421.62,81.5183,0.51978,0.0439569,-0.53094,16.9962,117.336,0.0,0.079676502827945,0.28,0.0,2
5573,2422.1,81.7695,0.52079,0.0451285,-0.534767,16.76,117.358,0.0,0.08076959841054715,0.28,0.0,2
5574,2422.59,82.0194,0.522903,0.0462605,-0.538722,16.5184,117.38,0.0,0.08185733833158332,0.28,0.0,2
5575,2423.08,82.2682,0.525682,0.0473515,-0.542799,16.2717,117.402,0.0,0.08293600931297988,0.28,0.0,2
5576,2423.57,82.5156,0.528694,0.0484015,-0.546999,16.0199,117.424,0.0,0.08400816756863126,0.28,0.0,2
5577,2424.06,82.7618,0.531428,0.0494057,-0.551309,15.7633,117.446,0.0,0.08507326583964411,0.28,0.0,2
5578,2424.55,83.0068,0.533639,0.0503623,-0.55573,15.5022,117.468,0.0,0.0861326852113039,0.28,0.0,2
5579,2425.04,83.2506,0.535202,0.0512673,-0.560262,15.2365,117.49,0.0,0.08718828512982911,0.28,0.0,2
5580,2425.53,83.4932,0.536018,0.0521199,-0.564891,14.9665,117.512,0.0,0.08824109206481719,0.28,0.0,2
5581,2426.03,83.7351,0.534891,0.0529243,-0.569624,14.6918,117.534,0.0,0.08929338628514916,0.28,0.0,2
5582,2426.52,83.9758,0.53239,0.0537135,-0.574466,14.4107,117.556,0.0,0.09035237410353059,0.28,0.0,2
5583,2427.02,84.2155,0.531607,0.054465,-0.57939,14.1247,117.578,0.0,0.09142122294231275,0.28,0.0,2
5584,2427.52,84.4543,0.532263,0.0551569,-0.584412,13.8344,117.6,0.0,0.09248304134462033,0.28,0.0,2
5585,2428.02,84.0562,0.520725,0.0555608,-0.589494,13.5506,117.622,0.0,0.0948326661742107,0.0,0.137715411541528,2
5586,2428.51,83.1076,0.457482,0.0554425,-0.594591,13.2854,117.644,0.0,0.09705523863897825,0.0,0.2934036310017781,2
5587,2429.0,81.9599,0.382174,0.0550062,-0.599676,13.0323,117.666,0.0,0.09990170634808965,0.0,0.31359322109981275,2
5588,2429.48,80.7749,0.314431,0.0541255,-0.60471,12.797,117.688,0.0,0.10347801370057053,0.0,0.3125233095743191,2
5589,2429.95,79.623,0.271959,0.0528161,-0.609625,12.5795,117.71,0.0,0.10729916154352781,0.0,0.2996814075841746,2
5590,2430.42,78.5381,0.253397,0.0511405,-0.614355,12.3778,117.732,0.0,0.11076756360418899,0.0,0.2802561774562804,2
5591,2430.88,77.5329,0.254448,0.0492188,-0.618858,12.1875,117.754,0.0,0.11368737357164002,0.0,0.25743700255908064,2
5592,2431.33,76.6112,0.271003,0.047166,-0.623106,12.0039,117.776,0.0,0.11598888295768625,0.0,0.23314535271413206,2
5593,2431.78,75.7736,0.299305,0.0450489,-0.627077,11.8249,117.798,0.0,0.11767667597706222,0.0,0.2086164680627401,2
5594,2432.23,74.5426,0.255619,0.0431511,-0.630803,11.6391,117.82,0.0,0.1187966890164912,0.0,0.46670462839946664,2
5595,2432.66,72.9676,0.159317,0.0419328,-0.634402,11.4281,117.842,0.0,0.12066247662807589,0.0,0.62,2
5596,2433.09,71.2471,0.0607396,0.0413725,-0.637958,11.193,117.864,0.0,0.12412560048172193,0.0,0.62,2
5597,2433.5,69.4582,-0.0117946,0.0413467,-0.641501,10.9392,117.886,0.0,0.1289745041072835,0.0,0.62,2
5598,2433.9,67.6537,-0.0445668,0.0417635,-0.645032,10.6714,117.908,0.0,0.13485283037338808,0.0,0.5226296009466451,2
5599,2434.3,65.8736,-0.0251615,0.0425374,-0.648523,10.3942,117.93,0.0,0.1409327266807373,0.0,0.47772265056560426,2
5600,2434.68,64.1527,0.0428669,0.0435607,-0.651941,10.1128,117.952,0.0,0.14666236439818228,0.0,0.4278749067375514,2
5601,2435.05,62.5356,0.148672,0.0446026,-0.655241,9.83647,117.974,0.0,0.15166084816211783,0.0,0.37583585219746224,2
5602,2435.4,61.0455,0.288335,0.0493275,-0.658462,9.57985,117.996,0.0,0.15571120828986126,0.0,0.3243932476700716,2
5603,2435.73,59.7566,0.484128,0.0559575,-0.661892,9.36801,118.018,0.0,0.15959253399918544,0.0,0.27525440669079243,2
5604,2436.06,58.833,0.683479,0.0606815,-0.665407,9.22253,118.04,0.0,0.16304759551843978,0.0,0.23189257985423323,2
5605,2436.38,57.7941,0.742646,0.0645868,-0.669004,9.10633,118.062,0.0,0.16544662986029046,0.0,0.35,2
5606,2436.69,56.6463,0.758848,0.0685083,-0.672752,8.98993,118.084,0.0,0.16873461930265768,0.0,0.35,2
5607,2437.0,55.4735,0.775907,0.0723845,-0.676654,8.87495,118.106,0.0,0.1732592513866437,0.0,0.35,2
5608,2437.3,54.2789,0.807168,0.0760624,-0.68068,8.76666,118.128,0.0,0.17864932323071397,0.0,0.35,2
5609,2437.6,53.0788,0.84989,0.0793869,-0.684778,8.67094,118.15,0.0,0.18445889791066483,0.0,0.35,2
5610,2437.88,51.89,0.898543,0.0822813,-0.688903,8.5909,118.172,0.0,0.19036791640819606,0.0,0.35,2
5611,2438.16,50.7144,0.94412,0.0847656,-0.693024,8.52632,118.194,0.0,0.1961291357940726,0.0,0.35,2
5612,2438.44,49.5483,0.981382,0.0869242,-0.697116,8.47499,118.216,0.0,0.20141163417161845,0.0,0.35,2
5613,2438.7,48.3889,1.01212,0.088833,-0.701166,8.43447,118.238,0.0,0.2064007787045326,0.0,0.35,2
5614,2438.96,47.2338,1.03849,0.0905334,-0.705162,8.40367,118.26,0.0,0.2112629569325293,0.0,0.35,2
5615,2439.22,46.0973,1.05688,0.0920836,-0.709096,8.38073,118.282,0.0,0.2160663285447474,0.0,0.35,2
5616,2439.47,44.9636,1.06504,0.0935251,-0.712973,8.36398,118.304,0.0,0.22090708940277848,0.0,0.35,2
5617,2439.71,43.8254,1.07315,0.0948831,-0.716785,8.35263,118.326,0.0,0.225926225306105,0.0,0.35,1
5618,2439.94,42.6787,1.08544,0.0961196,-0.720523,8.34806,118.348,0.0,0.23111082614672931,0.0,0.35,1
5619,2440.17,41.5089,1.10325,0.0971677,-0.724167,8.35283,118.37,0.0,0.2363987084848598,0.0,0.35,1
5620,2440.39,40.3268,1.12765,0.0979482,-0.727693,8.37042,118.392,0.0,0.2417181471164545,0.0,0.35,1
5621,2440.62,39.1555,1.1522,0.0959317,-0.73103,8.40104,118.414,0.0,0.24699523342657043,0.0,0.35,1
5622,2440.84,37.9951,1.17125,0.0929663,-0.734069,8.44282,118.436,0.0,0.25147827515044274,0.0,0.35,1
5623,2441.06,36.8438,1.18455,0.0899531,-0.736816,8.49415,118.458,0.0,0.2552447597408528,0.0,0.35,1
5624,2441.26,35.6998,1.19267,0.0869247,-0.739289,8.55358,118.48,0.0,0.2585860152323954,0.0,0.35,1
5625,2441.47,34.5618,1.19441,0.0839111,-0.741504,8.61981,118.502,0.0,0.26174550427374865,0.0,0.35,1
5626,2441.66,33.4276,1.19153,0.0809304,-0.743478,8.69194,118.524,0.0,0.2648691414696164,0.0,0.35,1
5627,2441.85,32.3037,1.18163,0.0779769,-0.745219,8.77,118.546,0.0,0.2680995593422018,0.0,0.35,1
5628,2442.03,31.6649,1.23072,0.0748312,-0.746741,8.86305,118.568,0.0,0.2715215503630773,0.0,0.14999999999999997,1
5629,2442.21,31.2598,1.25274,0.0715038,-0.748043,8.97107,118.59,0.0,0.2734634837689044,0.0,0.12,1
5630,2442.39,30.8685,1.25769,0.0682213,-0.74917,9.08399,118.612,0.0,0.2742474823870646,0.0,0.12,1
5631,2442.57,30.4782,1.25268,0.0650031,-0.750147,9.2003,118.634,0.0,0.27442534328328794,0.0,0.12,1
5632,2442.74,30.088,1.24358,0.0618393,-0.750978,9.32035,118.656,0.0,0.27431240129071305,0.0,0.12,1
5633,2442.92,29.6981,1.23293,0.0587179,-0.751676,9.44433,118.678,0.0,0.2740661881217414,0.0,0.12,1
5634,2443.09,29.3083,1.22174,0.0556318,-0.752248,9.57234,118.7,0.0,0.2737272935891962,0.0,0.12,1
5635,2443.25,28.9195,1.20747,0.0525929,-0.752699,9.70376,118.722,0.0,0.2733452518138562,0.0,0.12,1
5636,2443.42,29.0357,1.22762,0.0498893,-0.753033,9.82453,118.744,0.0,0.2729891108132451,0.14,0.0,1
5637,2443.59,29.1644,1.23787,0.0474669,-0.753265,9.93624,118.766,0.0,0.27125334668241075,0.14,0.0,1
5638,2443.76,29.2942,1.2356,0.0451104,-0.753417,10.0483,118.788,0.0,0.26876795474649007,0.14,0.0,1
5639,2443.92,29.4243,1.22676,0.0428206,-0.753502,10.1604,118.81,0.0,0.26589876300678367,0.14,0.0,1
5640,2444.09,29.5541,1.21687,0.0405919,-0.753523,10.2726,118.832,0.0,0.26284073822203335,0.14,0.0,1
5641,2444.26,29.6845,1.20539,0.0384228,-0.753485,10.3846,118.854,0.0,0.25963849802057964,0.14,0.0,1
5642,2444.44,29.8149,1.19154,0.0363304,-0.753392,10.4955,118.876,0.0,0.25634663597508,0.14,0.0,1
5643,2444.61,29.9456,1.1829,0.0342805,-0.753242,10.6069,118.898,0.0,0.2530075979192282,0.14,0.0,1
5644,2444.78,30.0767,1.17686,0.0322596,-0.753028,10.7197,118.92,0.0,0.24958427776434694,0.14,0.0,1
5645,2444.95,30.209,1.16816,0.0302846,-0.752758,10.8327,118.942,0.0,0.24608518129188223,0.14,0.0,1
5646,2445.13,30.3418,1.16035,0.0283548,-0.752431,10.9459,118.964,0.0,0.2425674115451796,0.14,0.0,1
5647,2445.3,30.4754,1.14919,0.0264861,-0.75205,11.0583,118.986,0.0,0.23901313056092757,0.14,0.0,1
5648,2445.48,30.6095,1.13643,0.0246879,-0.75162,11.169,119.008,0.0,0.23549353468021578,0.14,0.0,1
5649,2445.66,30.7439,1.12573,0.0229475,-0.751141,11.2787,119.03,0.0,0.23201447000922243,0.14,0.0,1
5650,2445.83,30.8787,1.11557,0.0212604,-0.750616,11.3876,119.052,0.0,0.22854316931790059,0.14,0.0,1
5651,2446.01,31.0142,1.10265,0.0196425,-0.750044,11.4945,119.074,0.0,0.22509143821839322,0.14,0.0,1
5652,2446.19,31.15,1.09167,0.0180828,-0.749429,11.6,119.096,0.0,0.22168657735618014,0.14,0.0,1
5653,2446.37,31.2864,1.07848,0.0165932,-0.748774,11.7031,119.118,0.0,0.2182980669783373,0.14,0.0,1
5654,2446.55,31.4231,1.06745,0.0151626,-0.748078,11.8045,119.14,0.0,0.21496061452336573,0.14,0.0,1
5655,2446.73,31.5602,1.05717,0.0137855,-0.747347,11.9042,119.162,0.0,0.21167977041008895,0.14,0.0,1
5656,2446.91,31.698,1.04425,0.012478,-0.746579,12.0013,119.184,0.0,0.20844043183901773,0.14,0.0,1
5657,2447.1,31.8341,1.03549,0.0112092,-0.745777,12.0973,119.206,0.0,0.20525334509012305,0.14,0.0,1
5658,2447.28,31.9738,1.02449,0.00998801,-0.74494,12.1919,119.228,0.0,0.20203377397904762,0.14,0.0,1
5659,2447.46,32.1131,1.01298,0.00884074,-0.744072,12.2832,119.25,0.0,0.19883829672296316,0.14,0.0,1
5660,2447.65,32.2522,1.00155,0.00776022,-0.743176,12.3714,119.272,0.0,0.19574587455002115,0.14,0.0,1
5661,2447.84,32.3911,0.990187,0.00674551,-0.742253,12.4566,119.294,0.0,0.19272668314937846,0.14,0.0,1
5662,2448.02,32.5299,0.978981,0.00579518,-0.741309,12.5386,119.316,0.0,0.18976450747290668,0.14,0.0,1
5663,2448.21,32.6685,0.967917,0.0049054,-0.740342,12.6177,119.338,0.0,0.1868572489659438,0.14,0.0,1
5664,2448.4,32.8071,0.956932,0.0040757,-0.739355,12.6937,119.36,0.0,0.18399553974087768,0.14,0.0,1
5665,2448.59,32.9456,0.945988,0.00330466,-0.73835,12.7666,119.382,0.0,0.18117579360457456,0.14,0.0,1
5666,2448.78,33.0842,0.934926,0.00259274,-0.737328,12.8364,119.404,0.0,0.17839748697996996,0.14,0.0,1
5667,2448.97,33.2227,0.926612,0.00192517,-0.736289,12.9039,119.426,0.0,0.17566315169152005,0.14,0.0,1
5668,2449.16,33.3615,0.916189,0.00131481,-0.735237,12.9681,119.448,0.0,0.17293621910133564,0.14,0.0,1
5669,2449.35,33.5004,0.904944,0.000767406,-0.734176,13.0287,119.47,0.0,0.17025613679184895,0.14,0.0,1
5670,2449.55,33.6394,0.894862,0.000273403,-0.733106,13.086,119.492,0.0,0.16763604822306527,0.14,0.0,1
5671,2449.74,33.7788,0.883217,-0.000154797,-0.732032,13.1394,119.514,0.0,0.16508812411636448,0.14,0.0,1
5672,2449.94,33.9184,0.874753,-0.000536267,-0.73095,13.1899,119.536,0.0,0.16264088435614016,0.14,0.0,1
5673,2450.13,34.0586,0.864905,-0.000865285,-0.729867,13.2371,119.558,0.0,0.16022674520572874,0.14,0.0,1
5674,2450.33,34.1992,0.857323,-0.00115091,-0.72878,13.2815,119.58,0.0,0.1578791914511632,0.14,0.0,1
5675,2450.53,34.3402,0.850247,-0.00139696,-0.72769,13.3236,119.602,0.0,0.15555732775305173,0.14,0.0,1
5676,2450.72,34.4818,0.840077,-0.00158531,-0.726604,13.3617,119.624,0.0,0.1532529714700666,0.14,0.0,1
5677,2450.92,34.6237,0.831603,-0.00172359,-0.725519,13.3965,119.646,0.0,0.15101551887873585,0.14,0.0,1
5678,2451.12,34.7659,0.82359,-0.00181705,-0.724438,13.4284,119.668,0.0,0.14881814436409302,0.14,0.0,1
5679,2451.32,34.9085,0.815681,-0.00186521,-0.723367,13.457,119.69,0.0,0.14665418313017076,0.14,0.0,1
5680,2451.53,35.0514,0.807734,-0.00186807,-0.722301,13.4826,119.712,0.0,0.1445257571771303,0.14,0.0,1
5681,2451.73,35.1949,0.796732,-0.00180847,-0.721247,13.5039,119.734,0.0,0.1424335436166284,0.14,0.0,1
5682,2451.93,35.3387,0.787644,-0.00169593,-0.72021,13.5212,119.756,0.0,0.14042105873215632,0.14,0.0,1
5683,2452.14,35.4827,0.779216,-0.00153762,-0.719189,13.5352,119.778,0.0,0.13845927085208232,0.14,0.0,1
5684,2452.34,35.6253,0.774852,-0.00135738,-0.718186,13.5474,119.8,0.0,0.13653958907673697,0.14,0.0,1
5685,2452.55,35.7708,0.767567,-0.00114614,-0.717196,13.5573,119.822,0.0,0.13460994920674496,0.14,0.0,1
5686,2452.75,35.9162,0.759226,-0.000878159,-0.716228,13.5629,119.844,0.0,0.13273658649977718,0.14,0.0,1
5687,2452.96,36.0614,0.75065,-0.00055534,-0.715282,13.5646,119.866,0.0,0.1309162534468101,0.14,0.0,1
5688,2453.17,36.2067,0.741977,-0.000179593,-0.714361,13.5623,119.888,0.0,0.1291440583820617,0.14,0.0,1
5689,2453.38,36.3519,0.73331,0.00024813,-0.71347,13.5559,119.91,0.0,0.12742211477092988,0.14,0.0,1
5690,2453.59,36.4968,0.727719,0.000709709,-0.712606,13.5469,119.932,0.0,0.12575271242929412,0.14,0.0,1
5691,2453.8,36.6419,0.720207,0.0012142,-0.711773,13.5344,119.954,0.0,0.12409550552286874,0.14,0.0,1
5692,2454.01,36.7869,0.711983,0.00176781,-0.710973,13.5182,119.976,0.0,0.12248837511159115,0.14,0.0,1
5693,2454.22,36.9319,0.70649,0.00235384,-0.710207,13.4991,119.998,0.0,0.12094435642430804,0.14,0.0,1
5694,2454.44,37.0771,0.698852,0.00298231,-0.709476,13.4767,120.02,0.0,0.11942564997553089,0.14,0.0,1
5695,2454.65,37.2223,0.693407,0.00364512,-0.708783,13.4513,120.042,0.0,0.11796718954298432,0.14,0.0,1
5696,2454.87,37.3677,0.68802,0.00433892,-0.708128,13.4233,120.064,0.0,0.11653774703794126,0.14,0.0,1
5697,2455.08,37.5132,0.680349,0.00507897,-0.707513,13.3916,120.086,0.0,0.11514306983306077,0.14,0.0,1
5698,2455.3,37.6588,0.675015,0.00585287,-0.706944,13.3569,120.108,0.0,0.11382012908696121,0.14,0.0,1
5699,2455.52,37.8045,0.67068,0.00665158,-0.706416,13.3198,120.13,0.0,0.11253460273287515,0.14,0.0,1
5700,2455.74,37.9505,0.663587,0.00749319,-0.705933,13.2792,120.152,0.0,0.11126078693636851,0.14,0.0,1
5701,2455.96,38.0965,0.658389,0.00836819,-0.705499,13.2357,120.174,0.0,0.1100504555384389,0.14,0.0,1
5702,2456.18,38.2426,0.653767,0.0092718,-0.705115,13.1895,120.196,0.0,0.10887690903429237,0.14,0.0,1
5703,2456.4,38.3888,0.649288,0.0102035,-0.70478,13.1408,120.218,0.0,0.10773794790095666,0.14,0.0,1
5704,2456.62,38.5351,0.644808,0.0111639,-0.704496,13.0893,120.24,0.0,0.10663750140511422,0.14,0.0,1
5705,2456.84,38.6815,0.640281,0.0121533,-0.704265,13.0352,120.262,0.0,0.10558064097395921,0.14,0.0,1
5706,2457.07,38.828,0.635706,0.0131723,-0.704092,12.9782,120.284,0.0,0.10457181463134534,0.14,0.0,1
5707,2457.29,38.9746,0.631094,0.0142199,-0.703977,12.9185,120.306,0.0,0.10361192634884717,0.14,0.0,1
5708,2457.52,39.2625,0.625869,0.0152451,-0.703919,12.8591,120.328,0.0,0.10270212367209428,0.28,0.0,1
5709,2457.75,39.5851,0.619915,0.0162603,-0.70392,12.7993,120.35,0.0,0.1017300678741516,0.28,0.0,1
5710,2457.98,39.9083,0.615012,0.0173184,-0.703989,12.7357,120.372,0.0,0.10070523887394506,0.28,0.0,1
5711,2458.21,40.4191,0.607975,0.0183293,-0.704122,12.6737,120.394,0.0,0.09963348691098417,0.46,0.0,1
5712,2458.44,41.1486,0.589643,0.0192124,-0.704332,12.6176,120.416,0.0,0.09834666862081312,0.64,0.0,1
5713,2458.68,42.0679,0.555009,0.0198981,-0.704631,12.5711,120.438,0.0,0.09692019343518057,0.8200000000000001,0.0,1
5714,2458.93,43.1019,0.495293,0.0203344,-0.705047,12.5363,120.46,0.0,0.09550490579881066,0.88,0.0,1
5715,2459.18,44.1875,0.409422,0.0205218,-0.705598,12.5128,120.482,0.0,0.09433587519675085,0.88,0.0,1
5716,2459.44,45.2973,0.304442,0.0204064,-0.706299,12.5033,120.504,0.0,0.09361862777863139,0.88,0.0,1
5717,2459.7,46.3996,0.198036,0.0199935,-0.707153,12.5073,120.526,0.0,0.0933991613625904,0.34,0.0,2
5718,2459.97,47.0044,0.305172,0.0205008,-0.708029,12.4578,120.548,0.0,0.09350733313896985,0.34,0.0,2
5719,2460.25,47.0338,0.449904,0.0220424,-0.70878,12.3521,120.57,0.0,0.09177620434006534,0.34,0.0,2
5720,2460.52,47.274,0.513222,0.0235936,-0.709506,12.247,120.592,0.0,0.08898480568277158,0.34,0.0,2
5721,2460.79,47.5368,0.539219,0.0252845,-0.710285,12.1337,120.614,0.0,0.0863974567420095,0.34,0.0,2
5722,2461.07,47.8013,0.547549,0.0270721,-0.711153,12.0137,120.636,0.0,0.08445235644236081,0.34,0.0,2
5723,2461.34,48.0665,0.549331,0.0289299,-0.71213,11.8882,120.658,0.0,0.08319523518586724,0.34,0.0,2
5724,2461.62,48.3322,0.550188,0.0308258,-0.713227,11.7588,120.68,0.0,0.08251653854652372,0.34,0.0,2
5725,2461.9,48.599,0.546914,0.0327632,-0.714449,11.6254,120.702,0.0,0.08226255944789415,0.34,0.0,2
5726,2462.18,48.8666,0.544911,0.034732,-0.7158,11.4884,120.724,0.0,0.08237131560080474,0.34,0.0,2
5727,2462.46,49.1348,0.546289,0.0367009,-0.717278,11.3494,120.746,0.0,0.08273288562582547,0.34,0.0,2
5728,2462.75,49.4041,0.545955,0.0386731,-0.718889,11.2084,120.768,0.0,0.083238743123954,0.34,0.0,2
5729,2463.03,49.6742,0.548119,0.0406353,-0.72063,11.0659,120.79,0.0,0.08387554666313485,0.34,0.0,2
5730,2463.32,49.9454,0.551374,0.0425751,-0.722501,10.9226,120.812,0.0,0.0845852785983187,0.34,0.0,2
5731,2463.61,50.2179,0.552243,0.0445072,-0.7245,10.7777,120.834,0.0,0.08533979113790484,0.34,0.0,2
5732,2463.9,50.4915,0.555289,0.0464246,-0.726629,10.6316,120.856,0.0,0.08616716856555617,0.34,0.0,2
5733,2464.19,50.7662,0.559152,0.0483181,-0.728888,10.4846,120.878,0.0,0.08702867613686655,0.34,0.0,2
5734,2464.48,51.042,0.563299,0.0501863,-0.731275,10.3367,120.9,0.0,0.08791291273748404,0.34,0.0,2
5735,2464.78,51.3189,0.567484,0.0520303,-0.733789,10.188,120.922,0.0,0.08881825202012932,0.34,0.0,2
5736,2465.08,51.5969,0.571628,0.0538494,-0.736433,10.0383,120.944,0.0,0.08974401122273445,0.34,0.0,2
5737,2465.37,51.8757,0.577824,0.0556332,-0.739203,9.88813,120.966,0.0,0.09069162774542269,0.34,0.0,2
5738,2465.67,51.1898,0.551354,0.057296,-0.742078,9.74183,120.988,0.0,0.09165627701629223,0.0,0.3,2
5739,2465.96,50.121,0.518086,0.0588147,-0.745028,9.60103,121.01,0.0,0.09349927509827545,0.0,0.35,2
5740,2466.25,48.9793,0.502514,0.0602686,-0.748016,9.46275,121.032,0.0,0.09620760299952183,0.0,0.35,2
5741,2466.52,47.8241,0.503285,0.0616299,-0.751015,9.32882,121.054,0.0,0.09934652867229199,0.0,0.35,2
5742,2466.79,46.6716,0.51421,0.0628259,-0.753988,9.20327,121.076,0.0,0.10260343781029627,0.0,0.35,2
5743,2467.06,45.53,0.525079,0.0638391,-0.756924,9.08681,121.098,0.0,0.10580851856466894,0.0,0.35,2
5744,2467.32,44.3977,0.53446,0.0647013,-0.759811,8.97831,121.12,0.0,0.10895838809755451,0.0,0.35,2
5745,2467.57,43.2748,0.542826,0.0654456,-0.76264,8.87629,121.142,0.0,0.1120742475096356,0.0,0.35,1
5746,2467.81,42.1573,0.55014,0.0660984,-0.765408,8.77966,121.164,0.0,0.11517118294360162,0.0,0.35,1
5747,2468.05,41.0241,0.557324,0.0666673,-0.768108,8.6882,121.186,0.0,0.1182686853424139,0.0,0.35,1
5748,2468.28,39.8846,0.56447,0.0671565,-0.770732,8.6019,121.208,0.0,0.12138189926839325,0.0,0.35,1
5749,2468.51,38.75,0.572111,0.0675504,-0.773277,8.52143,121.23,0.0,0.12451617025350231,0.0,0.35,1
5750,2468.73,37.6178,0.577472,0.0678498,-0.775732,8.44699,121.252,0.0,0.1276554811936493,0.0,0.35,1
5751,2468.94,36.4869,0.5823,0.0680644,-0.778098,8.37819,121.274,0.0,0.13082551034308107,0.0,0.35,1
5752,2469.15,35.8087,0.628933,0.0682151,-0.780372,8.31414,121.296,0.0,0.13402792606218833,0.0,0.14999999999999997,1
5753,2469.35,35.4064,0.65407,0.0680424,-0.782554,8.2657,121.318,0.0,0.13637339628884182,0.0,0.12,1
5754,2469.55,35.0201,0.664884,0.0678036,-0.784673,8.22138,121.34,0.0,0.13808870003788692,0.0,0.12,1
5755,2469.75,34.6356,0.671385,0.0675432,-0.786741,8.179,121.362,0.0,0.1395175013242184,0.0,0.12,1
5756,2469.95,34.2523,0.672941,0.06727,-0.788761,8.13815,121.384,0.0,0.14079192225512974,0.0,0.12,1
5757,2470.14,33.8698,0.672754,0.0669801,-0.790737,8.09889,121.406,0.0,0.14201185755771714,0.0,0.12,1
5758,2470.34,33.4866,0.672067,0.0666653,-0.79267,8.06157,121.428,0.0,0.14320828520830303,0.0,0.12,1
5759,2470.53,33.1021,0.673227,0.0663163,-0.794558,8.02665,121.45,0.0,0.14438250100316358,0.0,0.12,1
5760,2470.71,32.7198,0.676178,0.0659129,-0.796398,7.995,121.472,0.0,0.14550821092861582,0.0,0.12,1
5761,2470.9,31.7626,0.642786,0.0655181,-0.798186,7.96416,121.494,0.0,0.1465628493577235,0.0,0.35,1
5762,2471.08,30.6521,0.618105,0.0652148,-0.799913,7.93093,121.516,0.0,0.14856926671495227,0.0,0.35,1
5763,2471.25,29.5262,0.605127,0.0649406,-0.801561,7.89836,121.538,0.0,0.15131612273082395,0.0,0.35,1
5764,2471.41,28.3971,0.59902,0.0646273,-0.803119,7.86978,121.56,0.0,0.15448454626831595,0.0,0.35,1
5765,2471.57,27.2717,0.596272,0.0642387,-0.804579,7.84666,121.582,0.0,0.15789329781489814,0.0,0.35,1
5766,2471.73,26.6766,0.625484,0.0637194,-0.805939,7.83173,121.604,0.0,0.16144523158618918,0.0,0.14999999999999997,1
5767,2471.88,26.2848,0.637803,0.0630304,-0.80722,7.82594,121.626,0.0,0.1640695992732113,0.0,0.12,1
5768,2472.03,25.9047,0.640507,0.0623242,-0.808441,7.82247,121.648,0.0,0.16599211817834303,0.0,0.12,1
5769,2472.18,25.5254,0.640206,0.0616056,-0.80961,7.82098,121.67,0.0,0.16753993262656572,0.0,0.12,1
5770,2472.32,25.1458,0.636277,0.0608842,-0.810727,7.82101,121.692,0.0,0.16886508484054794,0.0,0.12,1
5771,2472.46,24.7657,0.631603,0.0601575,-0.811806,7.82233,121.714,0.0,0.17008531206258512,0.0,0.12,1
5772,2472.6,24.385,0.626912,0.0594212,-0.812831,7.82554,121.736,0.0,0.17124496093006625,0.0,0.12,1
5773,2472.74,24.0041,0.622531,0.0586721,-0.813812,7.83057,121.758,0.0,0.17235976490389116,0.0,0.12,1
5774,2472.88,23.6235,0.618084,0.057912,-0.814748,7.83742,121.78,0.0,0.1734362099514099,0.0,0.12,1
5775,2473.01,23.243,0.613371,0.0571448,-0.815648,7.84562,121.802,0.0,0.17448251951118934,0.0,0.12,1
5776,2473.14,22.8623,0.610819,0.0563576,-0.816501,7.85606,121.824,0.0,0.17551464704141295,0.0,0.12,1
5777,2473.27,22.482,0.606974,0.0555674,-0.81731,7.86797,121.846,0.0,0.17650677705142037,0.0,0.12,1
5778,2473.4,22.1024,0.599018,0.0547883,-0.818079,7.88069,121.868,0.0,0.17748736710240498,0.0,0.12,1
5779,2473.53,21.7228,0.595058,0.0539958,-0.818806,7.89522,121.89,0.0,0.1785173190465298,0.0,0.12,1
5780,2473.65,21.3435,0.589162,0.053198,-0.819498,7.9111,121.912,0.0,0.17953618382619818,0.0,0.12,1
5781,2473.77,20.9642,0.582896,0.0523984,-0.820149,7.92841,121.934,0.0,0.1805744377720816,0.0,0.12,1
5782,2473.89,19.9761,0.542827,0.0516493,-0.820766,7.94453,121.956,0.0,0.18163269950777133,0.0,0.35,1
5783,2474.0,19.4737,0.551137,0.0509655,-0.821333,7.95919,121.978,0.0,0.1840962942953931,0.0,0.12,1
5784,2474.11,19.0887,0.550125,0.0501592,-0.821854,7.98092,122.0,0.0,0.18618489014966388,0.0,0.12,1
5785,2474.22,18.7121,0.546571,0.0493476,-0.822333,8.00428,122.022,0.0,0.18792021540503137,0.0,0.12,1
5786,2474.32,18.3356,0.539864,0.0485408,-0.82278,8.0285,122.044,0.0,0.18943789383503848,0.0,0.12,1
5787,2474.43,18.5569,0.55525,0.0478489,-0.823196,8.04842,122.066,0.0,0.1908585921298224,0.25,0.0,1
5788,2474.54,19.0355,0.565054,0.0471618,-0.823604,8.06851,122.088,0.0,0.19094486603970878,0.5,0.0,1
5789,2474.65,19.7551,0.57102,0.0463673,-0.824023,8.09342,122.11,0.0,0.18977976862923607,0.75,0.0,1
5790,2474.76,20.6585,0.567829,0.0454585,-0.824466,8.12322,122.132,0.0,0.18742762703213076,1.0,0.0,1
5791,2474.88,21.6103,0.570891,0.0444838,-0.824942,8.15583,122.154,0.0,0.18412568246149918,0.88,0.0,1
5792,2475.01,22.5589,0.57643,0.0435716,-0.825433,8.18763,122.176,0.0,0.18008561162442105,1.0,0.0,1
5793,2475.14,23.4922,0.5822,0.0426585,-0.825946,8.22203,122.198,0.0,0.1756026090943994,0.88,0.0,1
5794,2475.28,24.4139,0.580979,0.0417907,-0.826476,8.25731,122.22,0.0,0.17089994323459268,1.0,0.0,1
5795,2475.42,25.3403,0.573775,0.0408894,-0.827036,8.29743,122.242,0.0,0.1662142541281481,0.88,0.0,1
5796,2475.57,26.2319,0.576661,0.0400626,-0.827617,8.33759,122.264,0.0,0.16164851888204346,0.88,0.0,1
5797,2475.72,27.1502,0.568446,0.0392587,-0.82822,8.38084,122.286,0.0,0.15714512695754626,1.0,0.0,1
5798,2475.88,28.0892,0.557298,0.0384356,-0.828854,8.42994,122.308,0.0,0.1528372494756744,0.88,0.0,1
5799,2476.04,28.9959,0.560723,0.037739,-0.829509,8.47748,122.33,0.0,0.14870817751356352,0.88,0.0,1
5800,2476.21,29.9209,0.555866,0.0371367,-0.83018,8.52569,122.352,0.0,0.14462913418282988,1.0,0.0,1
5801,2476.39,30.8586,0.545259,0.0365631,-0.830887,8.57831,122.374,0.0,0.14072674982291045,0.88,0.0,1
5802,2476.57,31.7554,0.546285,0.036142,-0.831618,8.62877,122.396,0.0,0.13705771484279974,0.8539511078697885,0.0,1
5803,2476.75,32.6625,0.541958,0.0358278,-0.832376,8.67983,122.418,0.0,0.13357559707641686,0.9297603976662474,0.0,1
5804,2476.94,33.5727,0.531451,0.0355489,-0.833173,8.73664,122.44,0.0,0.13033908828266944,0.7648728863196981,0.0,1
5805,2477.14,34.4578,0.528849,0.035412,-0.834004,8.7925,122.462,0.0,0.12738526532125305,0.8396994781501828,0.0,1
5806,2477.33,35.3901,0.51287,0.0352699,-0.834885,8.85816,122.484,0.0,0.1246143758846944,0.88,0.0,1
5807,2477.54,36.3659,0.493497,0.0349409,-0.835822,8.94897,122.506,0.0,0.12927185522580428,0.88,0.0,1
5808,2477.75,37.3711,0.473336,0.034218,-0.836798,9.08651,122.528,0.0,0.1385844488278198,0.88,0.0,1
5809,2477.97,38.3974,0.438691,0.0329134,-0.837805,9.29588,122.55,0.0,0.15063254074186372,0.88,0.0,1
5810,2478.19,39.4359,0.385512,0.0308816,-0.838832,9.60714,122.572,0.0,0.16427542945587467,0.6896700867045743,0.0,1
5811,2478.42,40.4951,0.327041,0.0280434,-0.839853,10.0582,122.594,0.0,0.1787820571247431,0.6249759424272939,0.0,1
5812,2478.65,41.6355,0.278526,0.0244028,-0.84082,10.6992,122.616,0.0,0.19291933522954502,0.5628221585476515,0.0,1
5813,2478.89,42.7456,0.282276,0.0202462,-0.841655,11.5724,122.638,0.0,0.2039835355352249,0.49918263415430897,0.0,1
5814,2479.14,43.6421,0.474882,0.0165378,-0.842192,12.6195,122.66,0.0,0.21088515105309696,0.43891157659110236,0.0,1
5815,2479.39,44.2889,0.724512,0.014084,-0.842271,13.7203,122.682,0.0,0.21229082067330712,0.510655015145594,0.0,1
5816,2479.65,44.9248,0.86502,0.0117804,-0.842007,15.1037,122.704,0.0,0.20952245175009354,0.47569929691044405,0.0,1
5817,2479.91,45.5238,0.93688,0.00954121,-0.841507,16.8913,122.726,0.0,0.2051541225095545,0.44216597377552014,0.0,1
5818,2480.17,45.6648,0.992427,0.00741881,-0.840816,19.2299,122.748,0.0,0.20044695116181444,0.34,0.0,2
5819,2480.43,45.6488,1.01517,0.00509804,-0.839952,22.5606,122.77,0.0,0.19790939307242872,0.34,0.0,2
5820,2480.69,45.6767,1.01545,0.00275439,-0.838953,27.4431,122.792,0.0,0.1953393965601944,0.34,0.0,2
5821,2480.95,45.9342,0.997086,0.00087088,-0.837839,34.523,122.814,0.0,0.1890431377438786,0.34,0.0,2
5822,2481.21,46.1839,0.968077,-0.000297372,-0.836671,44.9229,122.836,0.0,0.17865645607485145,0.34,0.0,2
5823,2481.48,46.435,0.922604,-0.00102121,-0.835497,62.3573,122.858,0.0,0.16592973528839794,0.34,0.0,2
5824,2481.74,46.6886,0.860697,-0.00130016,-0.834355,96.8712,122.88,0.0,0.14994358970238372,0.34,0.0,2
5825,2482.01,46.9445,0.784932,-0.00108368,-0.833301,192.319,122.902,0.0,0.13216084419069066,0.34,0.0,2
5826,2482.28,47.2023,0.703447,-0.000356023,-0.832368,200.0,122.924,0.0,0.11472963939450478,0.34,0.0,2
5827,2482.57,47.4616,0.62353,-0.00271827,-0.831506,200.0,122.946,0.0,0.10006361928440688,0.34,0.0,2
5828,2482.86,47.7222,0.55231,-0.00562936,-0.83056,200.0,122.968,0.0,0.08788026402110943,0.34,0.0,2
5829,2483.15,47.9842,0.487039,-0.00819618,-0.829535,200.0,122.99,0.0,0.07740664867343112,0.34,0.0,2
5830,2483.44,48.2476,0.433458,-0.0104864,-0.828435,200.0,123.012,0.0,0.06932959010987508,0.34,0.0,2
5831,2483.74,48.5048,0.390093,-0.0125702,-0.82726,200.0,123.034,0.0,0.06315611550358044,0.34,0.0,2
5832,2484.04,48.7682,0.349792,-0.014561,-0.826009,200.0,123.056,0.0,0.05842643032339667,0.34,0.0,2
5833,2484.34,49.0424,0.322953,-0.016434,-0.824679,200.0,123.078,0.0,0.05478852025540787,0.34,0.0,2
5834,2484.64,49.3138,0.303481,-0.0181821,-0.823263,200.0,123.1,0.0,0.05183012781677574,0.34,0.0,2
5835,2484.94,49.5857,0.287076,-0.0198186,-0.82176,200.0,123.122,0.0,0.0493236819339365,0.34,0.0,2
5836,2485.24,49.8577,0.274967,-0.0213712,-0.82017,200.0,123.144,0.0,0.04714309522390329,0.34,0.0,2
5837,2485.55,50.1299,0.264357,-0.0228594,-0.818494,200.0,123.166,0.0,0.04516766697828273,0.34,0.0,2
5838,2485.85,50.4026,0.253932,-0.0242904,-0.816734,200.0,123.188,0.0,0.042642781677286634,0.34,0.0,2
5839,2486.16,50.676,0.239992,-0.025647,-0.814893,200.0,123.21,0.0,0.04045051990095499,0.34,0.0,2
5840,2486.47,50.9503,0.230615,-0.0269573,-0.812979,200.0,123.232,0.0,0.038565140222659666,0.34,0.0,2
5841,2486.79,51.2262,0.219757,-0.0282224,-0.810984,200.0,123.254,0.0,0.036848768454882594,0.34,0.0,2
5842,2487.1,51.5037,0.207907,-0.0294293,-0.808917,200.0,123.276,0.0,0.035282845337520075,0.34,0.0,2
5843,2487.42,51.7849,0.188906,-0.0305408,-0.806785,200.0,123.298,0.0,0.03383876817194712,0.34,0.0,2
5844,2487.73,52.0671,0.173554,-0.0315555,-0.804597,200.0,123.32,0.0,0.03259316646856303,0.34,0.0,2
5845,2488.05,52.3514,0.164742,-0.0325316,-0.802348,200.0,123.342,0.0,0.031453716895893075,0.34,0.0,2
5846,2488.37,52.6395,0.162938,-0.0335186,-0.800032,200.0,123.364,0.0,0.03031779584947531,0.34,0.0,2
5847,2488.69,52.9309,0.162455,-0.0345209,-0.797641,200.0,123.386,0.0,0.029063806896786344,0.34,0.0,2
5848,2489.02,53.4086,0.1587,-0.0355399,-0.795172,200.0,123.408,0.0,0.027617843423887754,0.5900000000000001,0.0,2
5849,2489.35,54.1112,0.14564,-0.0365704,-0.792621,200.0,123.43,0.0,0.026036639712724612,0.8400000000000001,0.0,2
5850,2489.68,54.9933,0.125262,-0.0376056,-0.789987,200.0,123.452,0.0,0.024420804763782132,1.0,0.0,2
5851,2490.02,55.9364,0.106256,-0.0386398,-0.787264,200.0,123.474,0.0,0.022829261949500558,0.88,0.0,2
5852,2490.36,56.3914,0.0836002,-0.0395377,-0.784468,200.0,123.496,0.0,0.021229564261443058,0.88,0.0,2
5853,2490.71,57.0698,0.0356355,-0.0407026,-0.78162,200.0,123.518,0.0,0.019827102221303763,0.88,0.0,2
5854,2491.06,57.9375,-0.0151983,-0.0419505,-0.778708,200.0,123.54,0.0,0.01874206372047857,0.88,0.0,2
5855,2491.42,58.9239,-0.0659508,-0.043259,-0.775722,200.0,123.562,0.0,0.017839454811341655,0.88,0.0,2
5856,2491.78,60.0149,-0.116384,-0.044627,-0.772646,198.673,123.584,0.0,0.016998291939976623,0.88,0.0,2
5857,2492.15,61.1774,-0.166383,-0.0460528,-0.769466,192.181,123.606,0.0,0.016127382261365533,0.88,0.0,2
5858,2492.53,62.3721,-0.216523,-0.0475405,-0.766174,185.825,123.628,0.0,0.015208529645408985,0.88,0.0,2
5859,2492.91,63.5652,-0.267991,-0.0491002,-0.762757,179.578,123.65,0.0,0.014242646228399639,0.88,0.0,2
5860,2493.31,64.7319,-0.322662,-0.0507463,-0.759211,173.408,123.672,0.0,0.013246095957886554,0.88,0.0,2
5861,2493.7,65.8698,-0.390564,-0.0524796,-0.755535,167.336,123.694,0.0,0.012252398716487336,0.88,0.0,2
5862,2494.11,66.9724,-0.468003,-0.0542405,-0.751736,161.558,123.716,0.0,0.011404259425868545,0.88,0.0,2
5863,2494.52,68.0355,-0.541329,-0.0560644,-0.747813,155.957,123.738,0.0,0.010769168225978263,0.88,0.0,2
5864,2494.94,69.093,-0.614522,-0.0580681,-0.743748,150.231,123.76,0.0,0.0102041147935206,0.88,0.0,2
5865,2495.37,70.1752,-0.696674,-0.0603555,-0.73952,144.194,123.782,0.0,0.009628056130657474,0.88,0.0,2
5866,2495.8,71.2811,-0.798079,-0.0629609,-0.735123,137.885,123.804,0.0,0.008877834723963456,0.88,0.0,2
5867,2496.24,72.4111,-0.918521,-0.0658777,-0.730533,131.439,123.826,0.0,0.008347443405238616,0.88,0.0,2
5868,2496.68,73.1695,-1.05098,-0.0689557,-0.725754,125.234,123.848,0.0,0.008100645549382113,0.88,0.0,2
5869,2497.13,73.9197,-1.22347,-0.0726126,-0.720803,118.596,123.87,0.0,0.008174678670100704,0.88,0.0,2
5870,2497.59,74.8653,-1.43179,-0.0768951,-0.715656,111.668,123.892,0.0,0.008782171987804451,0.88,0.0,2
5871,2498.05,75.9262,-1.67181,-0.0817912,-0.710273,104.668,123.914,0.0,0.009978326860362537,0.88,0.0,2
5872,2498.51,77.0909,-1.94385,-0.0873697,-0.70461,97.6758,123.936,0.0,0.01168534589315377,0.88,0.0,2
5873,2498.99,77.9824,-2.26065,-0.0935453,-0.698641,90.925,123.958,0.0,0.01383983748315162,0.0,0.3,2
5874,2499.46,78.5961,-2.51133,-0.0994881,-0.692369,85.1943,123.98,0.0,0.016717123934329472,0.0,0.5644386315855973,2
5875,2499.94,78.1849,-2.16696,-0.102033,-0.685569,82.7427,124.002,0.0,0.019371151248781165,0.0,0.5880409655108612,2
5876,2500.42,76.776,-1.69871,-0.100394,-0.678302,83.7267,124.024,0.0,0.015599086208305791,0.0,0.5722244920908969,2
5877,2500.88,75.2957,-1.26019,-0.097391,-0.670891,85.9184,124.046,0.0,0.007287554513961705,0.0,0.29222449209089685,2
5878,2501.33,74.2491,-0.869803,-0.0943568,-0.663414,88.2758,124.068,0.0,-0.0032442084282930106,0.25,0.012224492090896821,2
5879,2501.78,73.9394,-0.540645,-0.0924357,-0.655821,89.6938,124.09,0.0,-0.014625321955481465,0.5,0.0,2
5880,2502.24,74.737,-0.421032,-0.091307,-0.648052,90.3734,124.112,0.0,-0.02932183050204347,0.75,0.0,2
5881,2502.69,75.7253,-0.357825,-0.0896061,-0.640204,91.6456,124.134,0.0,-0.04060154169022094,0.88,0.0,2
5882,2503.16,76.6734,-0.258285,-0.0871032,-0.632347,93.8205,124.156,0.0,-0.04891764817420187,0.88,0.0,2
5883,2503.63,77.6927,-0.127526,-0.08404,-0.624497,96.7641,124.178,0.0,-0.05513335835399527,0.88,0.0,2
5884,2504.11,78.7682,0.0305829,-0.0804904,-0.616671,100.535,124.2,0.0,-0.05989482829081273,0.88,0.0,2
5885,2504.59,79.8824,0.207162,-0.0764826,-0.608889,105.283,124.222,0.0,-0.06365541705349867,0.88,0.0,2
5886,2505.08,81.0156,0.397284,-0.0719302,-0.601194,111.398,124.244,0.0,-0.0666878278699137,0.88,0.0,2
5887,2505.58,82.1554,0.607333,-0.066645,-0.593633,119.65,124.266,0.0,-0.06913175887655457,0.88,0.0,2
5888,2506.08,83.2971,0.85571,-0.0604366,-0.586273,131.314,124.288,0.0,-0.07107995572914064,0.88,0.0,2
5889,2506.59,84.4362,1.15684,-0.0531905,-0.57917,148.515,124.31,0.0,-0.07266946498232622,0.88,0.0,2
5890,2507.11,85.5702,1.52076,-0.0448549,-0.572378,175.333,124.332,0.0,-0.07406239165779578,0.88,0.0,2
5891,2507.64,86.6748,1.88588,-0.0355499,-0.565983,200.0,124.354,0.0,-0.07542542678679748,0.88,0.0,3
5892,2508.17,87.3178,1.78418,-0.0271648,-0.560321,200.0,124.376,0.0,-0.07650045491461877,0.88,0.0,3
5893,2508.7,87.3161,1.32998,-0.0213206,-0.555838,200.0,124.398,0.0,-0.07453027652626666,1.0,0.0,3
5894,2509.24,87.8627,1.02392,-0.0162948,-0.552411,200.0,124.42,0.0,-0.0687669369694589,1.0,0.0,3
5895,2509.78,88.733,0.937498,-0.0110067,-0.549726,200.0,124.442,0.0,-0.061495779326902596,0.88,0.0,3
5896,2510.32,89.6271,0.893672,-0.00591737,-0.547663,200.0,124.464,0.0,-0.05450433482322016,0.88,0.0,3
5897,2510.87,90.5349,0.848706,-0.00136358,-0.546186,200.0,124.486,0.0,-0.048012001524354114,0.88,0.0,3
5898,2511.43,91.4481,0.786484,0.00253218,-0.545239,200.0,124.508,0.0,-0.04197724327316865,0.88,0.0,3
5899,2511.99,92.3618,0.713148,0.00578993,-0.544781,200.0,124.53,0.0,-0.03630083934987331,0.88,0.0,3
5900,2512.56,93.2728,0.629661,0.00852793,-0.544763,200.0,124.552,0.0,-0.030947682515347366,0.88,0.0,3
5901,2513.13,94.1898,0.549428,0.0110781,-0.54516,200.0,124.574,0.0,-0.02587227204516907,0.88,0.0,3
5902,2513.71,95.1191,0.49984,0.0133583,-0.545926,169.965,124.596,0.0,-0.02104181377166406,0.88,0.0,3
5903,2514.3,96.0561,0.457581,0.0152742,-0.547008,148.292,124.618,0.0,-0.01663312123857438,0.88,0.0,3
5904,2514.89,96.9988,0.418384,0.0168235,-0.548361,134.235,124.64,0.0,-0.01263788197698318,0.88,0.0,3
5905,2515.48,97.9648,0.378551,0.018017,-0.549947,124.904,124.662,0.0,-0.009041117979808472,0.88,0.0,3
5906,2516.08,99.0135,0.304994,0.0187699,-0.551746,119.415,124.684,0.0,-0.005807400695498072,0.88,0.0,3
5907,2516.69,100.03,0.233525,0.0191213,-0.55373,116.701,124.706,0.0,-0.002660186530171126,1.0,0.0,3
5908,2517.31,101.0,0.182334,0.0192639,-0.555839,115.29,124.728,0.0,0.0003144562424098581,0.88,0.0,3
5909,2517.93,101.901,0.145664,0.0192344,-0.558032,114.897,124.75,0.0,0.0029779119568736226,0.88,0.0,3
5910,2518.55,102.804,0.115838,0.0190574,-0.56027,115.377,124.772,0.0,0.005323467858074236,0.88,0.0,3
5911,2519.18,103.716,0.0910668,0.0187165,-0.562536,116.873,124.794,0.0,0.007392359946041517,0.88,0.0,3
5912,2519.82,104.665,0.0645302,0.0181472,-0.564795,119.917,124.816,0.0,0.009190024949534695,0.88,0.0,3
5913,2520.46,105.616,0.0348678,0.0173795,-0.567024,124.572,124.838,0.0,0.010751287839401737,0.88,0.0,3
5914,2521.11,106.558,0.00237495,0.0164759,-0.569205,130.741,124.86,0.0,0.01212055370426787,0.88,0.0,3
5915,2521.77,107.501,-0.0275256,0.0154983,-0.57132,138.304,124.882,0.0,0.013335936937129075,0.88,0.0,3
5916,2522.43,108.59,-0.0217804,0.0146219,-0.573346,145.9,124.904,0.0,0.014400878715325641,0.88,0.0,3
5917,2523.09,109.596,-0.00752247,0.0138509,-0.575266,153.329,124.926,0.0,0.015075087252638087,1.0,0.0,3
5918,2523.77,110.591,-0.00923401,0.0130355,-0.577091,162.219,124.948,0.0,0.015443823191726682,1.0,0.0,3
5919,2524.45,111.552,-0.0275019,0.0120818,-0.578825,174.306,124.97,0.0,0.01569059394562268,1.0,0.0,3
5920,2525.13,112.469,-0.0615505,0.0109574,-0.580465,191.443,124.992,0.0,0.01583718738836764,0.88,0.0,3
5921,2525.82,113.361,-0.0872522,0.00950592,-0.581981,200.0,125.014,0.0,0.015965930402728264,0.88,0.0,3
5922,2526.52,114.293,-0.137252,0.00775784,-0.583334,200.0,125.036,0.0,0.015933398135496712,0.88,0.0,3
5923,2527.22,115.225,-0.183795,0.00596827,-0.584509,200.0,125.058,0.0,0.015842804527073148,0.88,0.0,3
5924,2527.93,116.137,-0.214688,0.00427121,-0.585489,200.0,125.08,0.0,0.0156694290821894,0.88,0.0,3
5925,2528.64,117.234,-0.172075,0.00295227,-0.586252,200.0,125.102,0.0,0.015355264892740177,0.88,0.0,3
5926,2529.36,118.244,-0.0867794,0.00222939,-0.586777,200.0,125.124,0.0,0.014564990375762633,1.0,0.0,3
5927,2530.08,119.226,-0.0457876,0.00164526,-0.587138,200.0,125.146,0.0,0.013320695582356398,1.0,0.0,3
5928,2530.82,120.151,-0.0406386,0.00100964,-0.587385,200.0,125.168,0.0,0.012085157081826782,1.0,0.0,3
5929,2531.55,120.999,-0.0558444,0.000273879,-0.587547,200.0,125.19,0.0,0.011084422294366802,0.88,0.0,3
5930,2532.3,121.822,-0.0788606,-0.000655953,-0.58761,200.0,125.212,0.0,0.01035486657589198,0.88,0.0,3
5931,2533.04,122.693,-0.11783,-0.00173551,-0.587561,200.0,125.234,0.0,0.00981186800148717,0.88,0.0,3
5932,2533.8,123.59,-0.157622,-0.00282032,-0.587398,200.0,125.256,0.0,0.009463165220716038,0.88,0.0,3
5933,2534.55,124.546,-0.176665,-0.00383169,-0.587108,200.0,125.278,0.0,0.00925364321594139,0.88,0.0,3
5934,2535.32,125.655,-0.141096,-0.00458318,-0.58666,200.0,125.3,0.0,0.009023247946407756,1.0,0.0,3
5935,2536.09,125.865,-0.0928077,-0.00507957,-0.586059,200.0,125.322,0.0,0.008484994927002016,1.0,0.0,4
5936,2536.86,125.754,-0.0622568,-0.0055402,-0.585336,200.0,125.344,0.0,0.007714557874165046,1.0,0.0,4
5937,2537.63,125.654,-0.0560905,-0.0060547,-0.58452,200.0,125.366,0.0,0.006900206817259674,1.0,0.0,4
5938,2538.39,126.124,-0.0653958,-0.0065859,-0.583625,200.0,125.388,0.0,0.006194423903912372,1.0,0.0,4
5939,2539.17,126.901,-0.080846,-0.00714857,-0.582658,200.0,125.41,0.0,0.005659479131548936,1.0,0.0,4
5940,2539.95,127.673,-0.0949183,-0.00768787,-0.581618,200.0,125.432,0.0,0.005282095728486845,0.88,0.0,4
5941,2540.73,128.443,-0.097787,-0.00816518,-0.580498,200.0,125.454,0.0,0.005018429493485733,1.0,0.0,4
5942,2541.52,129.251,-0.0970359,-0.00861103,-0.579299,200.0,125.476,0.0,0.00477863844590493,1.0,0.0,4
5943,2542.31,130.063,-0.0939073,-0.00903494,-0.57802,200.0,125.498,0.0,0.004552946519092837,1.0,0.0,4
5944,2543.11,130.872,-0.0915507,-0.00941497,-0.576664,200.0,125.52,0.0,0.0043677994007152365,1.0,0.0,4
5945,2543.91,131.675,-0.0848649,-0.00975401,-0.575235,200.0,125.542,0.0,0.00422933451188426,1.0,0.0,4
5946,2544.72,132.474,-0.0779596,-0.0100792,-0.573735,200.0,125.564,0.0,0.00410639527426759,1.0,0.0,4
5947,2545.53,133.27,-0.0725863,-0.0104035,-0.572165,200.0,125.586,0.0,0.00414675471624782,1.0,0.0,4
5948,2546.34,134.064,-0.0690858,-0.010731,-0.570526,200.0,125.608,0.0,0.004312937944373524,1.0,0.0,4
5949,2547.17,134.857,-0.0649784,-0.011093,-0.568817,200.0,125.63,0.0,0.00457883192369213,1.0,0.0,4
5950,2547.99,135.649,-0.0665435,-0.0114926,-0.567034,200.0,125.652,0.0,0.0050700406392007805,1.0,0.0,4
5951,2548.82,136.44,-0.0677529,-0.0119384,-0.565171,200.0,125.674,0.0,0.005774405503870119,1.0,0.0,4
5952,2549.66,137.23,-0.0715725,-0.0124553,-0.56322,200.0,125.696,0.0,0.006611616454239425,1.0,0.0,4
5953,2550.5,138.019,-0.0785585,-0.0130523,-0.561171,200.0,125.718,0.0,0.007579504447065377,1.0,0.0,4
5954,2551.35,138.806,-0.0884078,-0.0137342,-0.559013,200.0,125.74,0.0,0.008655920853706643,1.0,0.0,4
5955,2552.2,139.592,-0.100723,-0.0145028,-0.556734,200.0,125.762,0.0,0.00980853493442978,1.0,0.0,4
5956,2553.05,140.376,-0.115144,-0.0153602,-0.554319,200.0,125.784,0.0,0.010900014939854357,1.0,0.0,4
5957,2553.92,141.158,-0.131341,-0.0163077,-0.551754,200.0,125.806,0.0,0.011870146478025588,1.0,0.0,4
5958,2554.78,141.939,-0.149043,-0.0173467,-0.549021,200.0,125.828,0.0,0.012752358390037122,1.0,0.0,4
5959,2555.65,142.718,-0.170098,-0.0184463,-0.546117,200.0,125.85,0.0,0.013438828691321476,1.0,0.0,4
5960,2556.52,143.495,-0.187339,-0.0196021,-0.543019,200.0,125.872,0.0,0.013904897900712115,1.0,0.0,4
5961,2557.4,144.271,-0.206339,-0.0208052,-0.539718,200.0,125.894,0.0,0.01417806564059229,1.0,0.0,4
5962,2558.29,145.046,-0.223404,-0.0220278,-0.536205,200.0,125.916,0.0,0.014268406514587207,1.0,0.0,4
5963,2559.18,145.819,-0.237573,-0.023258,-0.532472,200.0,125.938,0.0,0.014174106696413374,1.0,0.0,4
5964,2560.07,146.591,-0.248993,-0.0244926,-0.528513,200.0,125.96,0.0,0.01392818474652294,1.0,0.0,4
5965,2560.97,147.361,-0.258147,-0.025729,-0.524322,200.0,125.982,0.0,0.013554493922723756,1.0,0.0,4
5966,2561.87,148.129,-0.267555,-0.0269349,-0.519897,200.0,126.004,0.0,0.013072479510173061,1.0,0.0,4
5967,2562.78,148.896,-0.270511,-0.028106,-0.51524,200.0,126.026,0.0,0.012519223809172163,1.0,0.0,4
5968,2563.69,149.662,-0.27329,-0.0292319,-0.51035,200.0,126.048,0.0,0.011884777802807622,1.0,0.0,4
5969,2564.61,150.426,-0.272438,-0.0302847,-0.505234,200.0,126.07,0.0,0.011201315491435314,1.0,0.0,4
5970,2565.53,151.188,-0.267301,-0.0312532,-0.4999,200.0,126.092,0.0,0.010472522370743568,1.0,0.0,4
5971,2566.46,151.949,-0.25635,-0.0321649,-0.494352,200.0,126.114,0.0,0.009701397939121031,1.0,0.0,4
5972,2567.39,152.708,-0.247605,-0.0330237,-0.488598,200.0,126.136,0.0,0.008870918914548075,1.0,0.0,4
5973,2568.32,153.466,-0.237608,-0.0338061,-0.482646,200.0,126.158,0.0,0.008020019173156083,1.0,0.0,4
5974,2569.26,154.223,-0.225347,-0.0345033,-0.47651,200.0,126.18,0.0,0.0071594215530983545,1.0,0.0,4
5975,2570.21,154.978,-0.21093,-0.0351122,-0.470204,200.0,126.202,0.0,0.006293473562636352,1.0,0.0,4
5976,2571.15,155.731,-0.194729,-0.0356315,-0.463738,200.0,126.224,0.0,0.005427783420276568,1.0,0.0,4
5977,2572.11,156.483,-0.175169,-0.036094,-0.457123,200.0,126.246,0.0,0.004568203922020249,1.0,0.0,4
5978,2573.07,157.233,-0.159977,-0.0365041,-0.450371,198.703,126.268,0.0,0.00370137319389923,1.0,0.0,4
5979,2574.03,157.982,-0.145025,-0.0368384,-0.443496,195.967,126.29,0.0,0.002867769864815513,1.0,0.0,4
5980,2575.0,158.729,-0.128867,-0.0370877,-0.436511,193.708,126.312,0.0,0.0020752492040572537,1.0,0.0,4
5981,2575.97,159.475,-0.111196,-0.037248,-0.429432,191.925,126.334,0.0,0.001323490227353268,1.0,0.0,4
5982,2576.95,160.219,-0.0902341,-0.0373514,-0.422267,190.434,126.356,0.0,0.0006117159843204044,1.0,0.0,4
5983,2577.93,160.961,-0.0737818,-0.0374015,-0.41503,189.212,126.378,0.0,-8.030029948132413e-05,1.0,0.0,4
5984,2578.91,161.702,-0.0574999,-0.0373743,-0.407737,188.373,126.4,0.0,-0.0007159791551707484,1.0,0.0,4
5985,2579.9,162.441,-0.0380484,-0.0372947,-0.400397,187.791,126.422,0.0,-0.001291269229965459,1.0,0.0,4
5986,2580.9,163.178,-0.022808,-0.0371626,-0.393023,187.466,126.444,0.0,-0.0018312616908488998,1.0,0.0,4
5987,2581.89,163.914,-0.0054291,-0.0369876,-0.385627,187.352,126.466,0.0,-0.0023038055934310924,1.0,0.0,4
5988,2582.9,164.648,0.00782879,-0.0367635,-0.378223,187.487,126.488,0.0,-0.0028028098839017607,1.0,0.0,4
5989,2583.91,165.382,0.0237031,-0.0364969,-0.370807,187.839,126.51,0.0,-0.003339373867608397,1.0,0.0,4
5990,2584.92,165.59,0.0337247,-0.0361841,-0.363416,188.441,126.532,0.0,-0.003938345806123791,1.0,0.0,5
5991,2585.93,165.402,0.0448918,-0.0357812,-0.356086,189.537,126.554,0.0,-0.004540450618095434,1.0,0.0,5
5992,2586.94,165.212,0.0636513,-0.0352967,-0.348835,191.11,126.576,0.0,-0.005129043396896484,1.0,0.0,5
5993,2587.95,165.55,0.0818271,-0.0347398,-0.341667,193.141,126.598,0.0,-0.005694367145794766,1.0,0.0,5
5994,2588.96,166.182,0.103968,-0.034138,-0.334564,195.504,126.62,0.0,-0.006214920266787928,1.0,0.0,5
5995,2589.98,166.824,0.119065,-0.0335,-0.327538,198.177,126.642,0.0,-0.0067110825099879505,1.0,0.0,5
5996,2591.0,167.462,0.13311,-0.0328463,-0.320601,200.0,126.664,0.0,-0.006992395569764987,1.0,0.0,5
5997,2592.02,168.095,0.14207,-0.0322078,-0.313758,200.0,126.686,0.0,-0.007097456083620661,1.0,0.0,5
5998,2593.05,168.723,0.14683,-0.0315865,-0.307009,200.0,126.708,0.0,-0.0070295199972072,1.0,0.0,5
5999,2594.08,169.347,0.14959,-0.0309733,-0.30036,200.0,126.73,0.0,-0.006607086968961639,1.0,0.0,5
6000,2595.12,169.969,0.153948,-0.030392,-0.293809,200.0,126.752,0.0,-0.005913950096889075,1.0,0.0,5
6001,2596.16,170.59,0.154857,-0.0298741,-0.287343,200.0,126.774,0.0,-0.005018316317632351,1.0,0.0,5
6002,2597.21,171.212,0.150785,-0.0294359,-0.280959,200.0,126.796,0.0,-0.003858565660874219,1.0,0.0,5
6003,2598.25,171.833,0.143454,-0.0291217,-0.274636,200.0,126.818,0.0,-0.0024850397755006217,1.0,0.0,5
6004,2599.31,172.454,0.125408,-0.028941,-0.268365,200.0,126.84,0.0,-0.0009946430403694469,1.0,0.0,5
6005,2600.36,173.073,0.104374,-0.0289076,-0.26212,200.0,126.862,0.0,0.0005694223666356964,1.0,0.0,5
6006,2601.42,173.691,0.0749198,-0.0290158,-0.255876,200.0,126.884,0.0,0.0021746887703077795,1.0,0.0,5
6007,2602.48,174.307,0.0453051,-0.0292724,-0.249611,200.0,126.906,0.0,0.003751225222566516,1.0,0.0,5
6008,2603.55,174.921,0.00977188,-0.0296682,-0.243294,200.0,126.928,0.0,0.005171656661528861,1.0,0.0,5
6009,2604.62,175.533,-0.0257368,-0.0301731,-0.236904,200.0,126.95,0.0,0.006497542033116736,1.0,0.0,5
6010,2605.69,176.144,-0.0578475,-0.0308121,-0.230413,199.696,126.972,0.0,0.007643760096586623,1.0,0.0,5
6011,2606.77,176.753,-0.0946852,-0.031585,-0.223788,193.761,126.994,0.0,0.008561746932925243,1.0,0.0,5
6012,2607.85,177.36,-0.132863,-0.032429,-0.217011,187.675,127.016,0.0,0.009320487104127622,1.0,0.0,5
6013,2608.94,177.967,-0.16279,-0.0333312,-0.210068,181.555,127.038,0.0,0.009915630150363697,1.0,0.0,5
6014,2610.03,178.571,-0.191642,-0.0342768,-0.20293,175.507,127.06,0.0,0.010320916280461693,1.0,0.0,5
6015,2611.12,179.175,-0.213375,-0.0352715,-0.195588,169.519,127.082,0.0,0.010573313509949214,1.0,0.0,5
6016,2612.22,179.777,-0.235962,-0.0363086,-0.188026,163.637,127.104,0.0,0.010648939695428392,1.0,0.0,5
6017,2613.32,180.377,-0.254752,-0.0373581,-0.180232,157.999,127.126,0.0,0.010592856730237068,1.0,0.0,5
6018,2614.42,180.976,-0.270544,-0.0383719,-0.172203,152.78,127.148,0.0,0.010412996446838142,1.0,0.0,5
6019,2615.53,181.574,-0.275598,-0.0393413,-0.163939,147.967,127.17,0.0,0.01013275089366599,1.0,0.0,5
6020,2616.64,182.17,-0.276658,-0.0402935,-0.155434,143.416,127.192,0.0,0.00972016889891495,1.0,0.0,5
6021,2617.75,182.764,-0.278115,-0.0412014,-0.146698,139.197,127.214,0.0,0.009189348442856213,1.0,0.0,5
6022,2618.87,183.357,-0.272574,-0.0420659,-0.137729,135.272,127.236,0.0,0.008586539640222877,1.0,0.0,5
6023,2619.99,183.949,-0.267803,-0.0428775,-0.128534,131.64,127.258,0.0,0.007895312138465603,1.0,0.0,5
6024,2621.12,184.54,-0.258906,-0.0436056,-0.119129,128.365,127.28,0.0,0.0071579332797948375,1.0,0.0,5
6025,2622.25,185.129,-0.245152,-0.0442398,-0.109519,125.439,127.302,0.0,0.006380755276253763,1.0,0.0,5
6026,2623.38,185.718,-0.225754,-0.0448154,-0.0997266,122.736,127.324,0.0,0.005566114297436129,1.0,0.0,5
6027,2624.51,186.306,-0.210225,-0.0453346,-0.0897507,120.231,127.346,0.0,0.004700996803861655,1.0,0.0,5
6028,2625.65,186.892,-0.193372,-0.0457709,-0.079613,117.978,127.368,0.0,0.0038383314202605355,1.0,0.0,5
6029,2626.8,187.478,-0.173826,-0.0461138,-0.0693319,115.986,127.39,0.0,0.0029890522516750847,1.0,0.0,5
6030,2627.94,188.063,-0.151683,-0.0463603,-0.0589256,114.247,127.412,0.0,0.002155338402034053,1.0,0.0,5
6031,2629.09,188.646,-0.12744,-0.0465091,-0.0484065,112.75,127.434,0.0,0.0013398033038202965,1.0,0.0,5
6032,2630.25,189.229,-0.100195,-0.0465992,-0.0377958,111.394,127.456,0.0,0.0005485889488637396,1.0,0.0,5
6033,2631.4,189.811,-0.0790479,-0.046635,-0.0271088,110.162,127.478,0.0,-0.0002299974642811191,1.0,0.0,5
6034,2632.56,190.391,-0.058,-0.0465878,-0.0163608,109.12,127.5,0.0,-0.0009457214406958286,1.0,0.0,5
6035,2633.73,190.971,-0.0351728,-0.0464476,-0.00557613,108.287,127.522,0.0,-0.001594366783033875,1.0,0.0,5
6036,2634.9,191.55,-0.00897749,-0.0462497,0.00523291,107.581,127.544,0.0,-0.0021818411781941087,1.0,0.0,5
6037,2636.07,192.127,0.0115192,-0.0459965,0.0160414,106.998,127.566,0.0,-0.002732527784131504,1.0,0.0,5
6038,2637.24,192.703,0.0337355,-0.0456994,0.0268504,106.51,127.588,0.0,-0.0032040129021577084,1.0,0.0,5
6039,2638.42,192.041,0.0552353,-0.0453194,0.0376137,106.215,127.61,0.0,-0.0036188749257617036,0.0,0.3,5
6040,2639.59,191.092,0.0921509,-0.0447953,0.0482549,106.268,127.632,0.0,-0.003965588204366287,0.0,0.09999999999999998,5
6041,2640.75,190.708,0.127183,-0.0442155,0.058774,106.471,127.654,0.0,-0.0043244349278087815,0.18,0.0,5
6042,2641.92,190.614,0.139178,-0.0436586,0.0691803,106.636,127.676,0.0,-0.004661674973119051,0.36,0.0,5
6043,2643.08,190.696,0.147059,-0.0431083,0.0794675,106.803,127.698,0.0,-0.004835458979296967,0.54,0.0,5
6044,2644.24,190.949,0.151389,-0.0425742,0.0896448,106.946,127.72,0.0,-0.004867316995608919,0.72,0.0,5
6045,2645.41,191.374,0.153424,-0.0420588,0.0997184,107.058,127.742,0.0,-0.00478151286064973,0.8999999999999999,0.0,5
6046,2646.58,191.92,0.153715,-0.0415629,0.1097,107.134,127.764,0.0,-0.004603001682907978,1.0,0.0,5
6047,2647.76,192.499,0.153133,-0.0411275,0.119603,107.063,127.786,0.0,-0.004360431470894012,1.0,0.0,5
6048,2648.93,191.843,0.146965,-0.0407246,0.129408,106.917,127.808,0.0,-0.004106603928108781,0.0,0.3,5
6049,2650.1,190.888,0.15334,-0.0402406,0.139061,107.003,127.83,0.0,-0.0038054267453214306,0.0,0.09999999999999998,5
6050,2651.26,190.5,0.165698,-0.0396975,0.148573,107.268,127.852,0.0,-0.0035668797881903487,0.18,0.0,5
6051,2652.42,190.407,0.166439,-0.039254,0.157967,107.282,127.874,0.0,-0.0034289461602243602,0.36,0.0,5
6052,2653.59,190.49,0.152463,-0.0388969,0.167256,107.072,127.896,0.0,-0.0033185266728385423,0.54,0.0,5
6053,2654.75,190.743,0.136929,-0.0385774,0.176457,106.766,127.918,0.0,-0.0032405038005513865,0.72,0.0,5
6054,2655.92,191.168,0.123972,-0.0382755,0.185584,106.415,127.94,0.0,-0.0032104903482361767,0.8999999999999999,0.0,5
6055,2657.09,191.715,0.113879,-0.0379861,0.194654,106.031,127.962,0.0,-0.003250445481117442,1.0,0.0,5
6056,2658.26,191.059,0.108983,-0.0376795,0.203647,105.7,127.984,0.0,-0.003375304724939976,0.0,0.3,5
6057,2659.42,189.279,0.120607,-0.0372813,0.2125,105.64,128.006,0.0,-0.0035192285457197837,0.0,0.6,5
6058,2660.46,187.274,0.142387,-0.0368717,0.220404,105.741,128.026,0.0,-0.003647944936812503,0.0,0.62,5
6059,2661.5,185.143,0.166051,-0.0364297,0.228155,105.96,128.046,0.0,-0.003781552928033478,0.0,0.62,5
6060,2662.52,182.97,0.189591,-0.03595,0.235754,106.316,128.066,0.0,-0.003919096006507169,0.0,0.62,5
6061,2663.53,180.804,0.212235,-0.0354326,0.243191,106.818,128.086,0.0,-0.0040453655090983715,0.0,0.62,5
6062,2664.52,178.668,0.232809,-0.0348876,0.250463,107.443,128.106,0.0,-0.004146124787231285,0.0,0.62,5
6063,2665.51,176.786,0.245461,-0.0343178,0.257561,108.192,128.126,0.0,-0.00420604662277366,0.0,0.42,5
6064,2666.49,175.542,0.251409,-0.0336908,0.264494,109.176,128.146,0.0,-0.0041839291135095736,0.0,0.21999999999999997,5
6065,2667.46,175.063,0.251836,-0.0330628,0.271275,110.223,128.166,0.0,-0.004016362954541738,0.18,0.019999999999999962,5
6066,2668.43,174.985,0.233851,-0.0325578,0.277928,110.91,128.186,0.0,-0.0036977410576871815,0.34,0.0,5
6067,2669.4,175.082,0.207074,-0.0321997,0.284467,111.128,128.206,0.0,-0.00318541797842218,0.52,0.0,5
6068,2670.38,175.333,0.172392,-0.0319536,0.290921,110.973,128.226,0.0,-0.0025122868768714893,0.7,0.0,5
6069,2671.35,175.732,0.142277,-0.0317891,0.297311,110.542,128.246,0.0,-0.0016834558668541784,0.8799999999999999,0.0,5
6070,2672.33,176.246,0.115466,-0.0317004,0.303658,109.85,128.266,0.0,-0.0007970880931558668,1.0,0.0,5
6071,2673.31,176.797,0.0910393,-0.0316804,0.309981,108.921,128.286,0.0,8.289011532892118e-05,1.0,0.0,5
6072,2674.29,177.344,0.0681336,-0.0317295,0.316298,107.757,128.306,0.0,0.0009182235278726713,1.0,0.0,5
6073,2675.28,177.892,0.0460496,-0.0318506,0.322634,106.353,128.326,0.0,0.0016933974113340368,1.0,0.0,5
6074,2676.27,178.441,0.0219648,-0.0320199,0.328987,104.798,128.346,0.0,0.0023931721905486435,1.0,0.0,5
6075,2677.26,178.991,0.00295716,-0.0322378,0.335377,103.099,128.366,0.0,0.0030388651972335064,1.0,0.0,5
6076,2678.26,179.54,-0.0158581,-0.0325297,0.341816,101.185,128.386,0.0,0.003598857124887767,1.0,0.0,5
6077,2679.25,180.088,-0.038195,-0.0328735,0.348313,99.1384,128.406,0.0,0.004075520575232715,1.0,0.0,5
6078,2680.26,180.635,-0.0560855,-0.0332673,0.35488,96.9778,128.426,0.0,0.004501662939374579,1.0,0.0,5
6079,2681.26,181.181,-0.0759451,-0.0337008,0.361533,94.7438,128.446,0.0,0.004848996041696856,1.0,0.0,5
6080,2682.27,181.725,-0.0929419,-0.0341457,0.368274,92.5225,128.466,0.0,0.005141684629041975,1.0,0.0,5
6081,2683.28,182.267,-0.105969,-0.0345901,0.375107,90.3464,128.486,0.0,0.005372987963545428,1.0,0.0,5
6082,2684.29,182.808,-0.113649,-0.0350636,0.382043,88.1376,128.506,0.0,0.005533852957286388,1.0,0.0,5
6083,2685.31,183.346,-0.124941,-0.0355709,0.389089,85.8903,128.526,0.0,0.005600240885275667,1.0,0.0,5
6084,2686.33,183.884,-0.135695,-0.0360897,0.396249,83.664,128.546,0.0,0.005613417590301428,1.0,0.0,5
6085,2687.35,184.421,-0.144621,-0.0366128,0.403525,81.4754,128.566,0.0,0.0055806541926732645,1.0,0.0,5
6086,2688.38,184.957,-0.151635,-0.0371369,0.410922,79.33,128.586,0.0,0.005500257633081973,1.0,0.0,5
6087,2689.41,185.492,-0.158779,-0.037628,0.418438,77.296,128.606,0.0,0.005371690520543952,1.0,0.0,5
6088,2690.44,186.027,-0.158178,-0.038081,0.42607,75.3746,128.626,0.0,0.005217199381404928,1.0,0.0,5
6089,2691.47,186.561,-0.155195,-0.0385192,0.433819,73.5116,128.646,0.0,0.005001639248362743,1.0,0.0,5
6090,2692.51,187.094,-0.152055,-0.0389517,0.441683,71.686,128.666,0.0,0.004721807324133432,1.0,0.0,5
6091,2693.55,187.626,-0.151247,-0.0393503,0.449663,69.9459,128.686,0.0,0.004393482228815456,1.0,0.0,5
6092,2694.59,188.158,-0.144598,-0.0397108,0.457744,68.2936,128.706,0.0,0.004045778096159345,1.0,0.0,5
6093,2695.64,188.688,-0.137247,-0.0400575,0.465937,66.6798,128.726,0.0,0.0035996995506578137,1.0,0.0,5
6094,2696.69,189.218,-0.1328,-0.040367,0.474226,65.142,128.746,0.0,0.0030814105636199464,1.0,0.0,5
6095,2697.74,189.747,-0.124996,-0.0406049,0.482603,63.7287,128.766,0.0,0.0024533420942173603,1.0,0.0,5
6096,2698.79,190.275,-0.110574,-0.0407909,0.491062,62.4012,128.786,0.0,0.0016510285117962396,1.0,0.0,5
6097,2699.85,189.738,-0.0933324,-0.0408915,0.499576,61.2063,128.806,0.0,0.0006956791320626948,0.0,0.3,5
6098,2700.9,188.143,-0.0666775,-0.0408505,0.508069,60.228,128.826,0.0,-0.0004880612817375939,0.0,0.6,5
6099,2701.94,186.144,-0.0357089,-0.0406745,0.516485,59.4535,128.846,0.0,-0.0018073880357076554,0.0,0.62,5
6100,2702.96,184.02,0.0041902,-0.0403722,0.524801,58.8682,128.866,0.0,-0.0031768110393647045,0.0,0.62,5
6101,2703.98,181.858,0.0466264,-0.039934,0.532992,58.4881,128.886,0.0,-0.00458641049130406,0.0,0.62,5
6102,2704.98,179.705,0.0969146,-0.0393494,0.541032,58.3346,128.906,0.0,-0.006034154608839217,0.0,0.62,5
6103,2705.97,177.582,0.149033,-0.0386074,0.548912,58.4344,128.926,0.0,-0.007508514186267846,0.0,0.62,5
6104,2706.95,175.488,0.206939,-0.0377238,0.556602,58.7829,128.946,0.0,-0.008975636915554173,0.0,0.62,5
6105,2707.92,173.413,0.263352,-0.0367425,0.564088,59.3332,128.966,0.0,-0.010463539259179207,0.0,0.62,5
6106,2708.88,171.358,0.312883,-0.0356754,0.571351,60.0892,128.986,0.0,-0.01189427537788352,0.0,0.62,5
6107,2709.82,169.321,0.360101,-0.0345467,0.578379,61.0341,129.006,0.0,-0.013161963432816521,0.0,0.62,5
6108,2710.76,167.297,0.400534,-0.0333989,0.585162,62.115,129.026,0.0,-0.014287112015686328,0.0,0.62,5
6109,2711.68,165.281,0.432354,-0.0322579,0.591699,63.298,129.046,0.0,-0.015269266813553482,0.0,0.62,5
6110,2712.59,163.421,0.444804,-0.031102,0.597983,64.6393,129.066,0.0,-0.01609288956890486,0.0,0.42,5
6111,2713.49,162.114,0.435115,-0.0297378,0.603979,66.5953,129.086,0.0,-0.01660051868919405,0.0,0.21999999999999997,4
6112,2714.39,161.632,0.441329,-0.028066,0.60967,69.547,129.106,0.0,-0.016635794091059253,0.18,0.019999999999999962,4
6113,2715.29,161.438,0.464328,-0.0263141,0.615066,73.1507,129.126,0.0,-0.01636996563506149,0.34,0.0,4
6114,2716.18,160.669,0.480513,-0.0246499,0.620177,77.0512,129.146,0.0,-0.01598134275072194,0.0,0.3,4
6115,2717.07,159.179,0.50512,-0.0231875,0.624986,80.8728,129.166,0.0,-0.015425888537577724,0.0,0.6,4
6116,2717.95,157.359,0.516927,-0.0220221,0.629536,84.1187,129.186,0.0,-0.014838241633637464,0.0,0.62,4
6117,2718.82,155.406,0.514344,-0.0210641,0.633858,86.9179,129.206,0.0,-0.014222078891402251,0.0,0.62,4
6118,2719.67,153.37,0.501863,-0.0202096,0.637968,89.5753,129.226,0.0,-0.013545286833703409,0.0,0.62,4
6119,2720.52,151.287,0.488542,-0.0193914,0.641874,92.3474,129.246,0.0,-0.012786775201535965,0.0,0.62,4
6120,2721.35,149.189,0.475587,-0.0185865,0.645582,95.3486,129.266,0.0,-0.011973044086205215,0.0,0.62,4
6121,2722.18,147.103,0.462602,-0.0177982,0.649101,98.582,129.286,0.0,-0.01112439353447722,0.0,0.62,4
6122,2722.99,145.042,0.448257,-0.0170444,0.652437,101.963,129.306,0.0,-0.010252237966574575,0.0,0.62,4
6123,2723.79,143.007,0.430808,-0.0163506,0.655598,105.323,129.326,0.0,-0.009361283053755375,0.0,0.62,4
6124,2724.57,141.129,0.400712,-0.0157178,0.658595,108.609,129.346,0.0,-0.008450281625969709,0.0,0.42,4
6125,2725.35,139.761,0.354969,-0.0150345,0.661417,112.606,129.366,0.0,-0.007456037622795195,0.0,0.21999999999999997,4
6126,2726.13,139.349,0.317026,-0.0142706,0.664063,117.706,129.386,0.0,-0.006286598329581563,0.18,0.019999999999999962,4
6127,2726.9,139.38,0.276555,-0.0136603,0.666556,122.053,129.406,0.0,-0.005022921992230423,0.34,0.0,4
6128,2727.68,139.598,0.231806,-0.0132383,0.668921,125.05,129.426,0.0,-0.0037159619427368814,0.52,0.0,4
6129,2728.45,139.037,0.191839,-0.0129846,0.671185,126.621,129.446,0.0,-0.002399380330144106,0.0,0.3,4
6130,2729.22,137.687,0.16236,-0.012842,0.673367,127.177,129.466,0.0,-0.001156162581342754,0.0,0.6,4
6131,2729.98,136.022,0.139642,-0.0127829,0.675482,126.938,129.486,0.0,-7.511452562317892e-05,0.0,0.62,4
6132,2730.73,134.204,0.120529,-0.0127676,0.677542,126.283,129.506,0.0,0.000816260804874957,0.0,0.62,4
6133,2731.47,132.279,0.104442,-0.0127767,0.679552,125.407,129.526,0.0,0.0015326079555627254,0.0,0.62,4
6134,2732.2,130.287,0.0898184,-0.0127967,0.681524,124.44,129.546,0.0,0.0020952520422237737,0.0,0.62,4
6135,2732.92,128.266,0.0781708,-0.0128263,0.683455,123.4,129.566,0.0,0.002534471282890592,0.0,0.62,4
6136,2733.62,126.249,0.0670376,-0.0128663,0.68535,122.28,129.586,0.0,0.0028632765350112147,0.0,0.62,4
6137,2734.32,124.259,0.0568949,-0.0129111,0.687209,121.136,129.606,0.0,0.0031076349840899083,0.0,0.62,4
6138,2735.0,122.419,0.0479523,-0.0129607,0.689037,119.967,129.626,0.0,0.003285243973357579,0.0,0.42,3
6139,2735.68,120.993,0.0387802,-0.0130513,0.690837,118.445,129.646,0.0,0.003408195583326431,0.0,0.21999999999999997,3
6140,2736.35,120.491,0.0289263,-0.0132092,0.692637,116.348,129.666,0.0,0.0034871848329577093,0.18,0.019999999999999962,3
6141,2737.02,120.553,0.0191636,-0.0134438,0.694444,113.646,129.686,0.0,0.003529619426010713,0.34,0.0,3
6142,2737.69,120.916,0.00722376,-0.0137103,0.696278,110.768,129.706,0.0,0.003533444365849716,0.5900000000000001,0.0,3
6143,2738.36,121.547,-0.00390951,-0.0139807,0.698142,107.959,129.726,0.0,0.003522769739805951,0.8400000000000001,0.0,3
6144,2739.04,122.359,-0.0141184,-0.0142491,0.700043,105.258,129.746,0.0,0.0035015459662770974,0.9535928256148472,0.0,3
6145,2739.72,123.097,-0.0228045,-0.0144871,0.70198,102.861,129.766,0.0,0.0034721483380716475,0.7066003785624845,0.0,3
6146,2740.4,122.667,-0.0215554,-0.0146397,0.703942,101.118,129.786,0.0,0.0034376187869195364,0.0,0.3,3
6147,2741.08,121.331,-0.0157393,-0.0146969,0.705914,100.054,129.806,0.0,0.003351842237026365,0.0,0.6,3
6148,2741.75,119.646,-0.00902421,-0.0147026,0.707867,99.3509,129.826,0.0,0.003219274844986941,0.0,0.62,3
6149,2742.41,117.92,0.000911974,-0.014674,0.709798,98.8864,129.846,0.0,0.0030576852365825488,0.0,0.33999999999999997,3
6150,2743.06,116.779,0.0188662,-0.0146511,0.711721,98.3848,129.866,0.0,0.0028618131330617014,0.0,0.05999999999999994,3
6151,2743.71,116.679,0.0244223,-0.0147446,0.713643,97.1093,129.886,0.0,0.002590169659486701,0.25,0.0,3
6152,2744.36,116.94,0.013377,-0.0148967,0.715596,95.4622,129.906,0.0,0.002323493181354207,0.5,0.0,3
6153,2745.01,117.468,0.00493221,-0.0150469,0.717549,93.8603,129.926,0.0,0.0021588787750025794,0.7328423261951541,0.0,3
6154,2745.66,117.038,0.00109005,-0.0151599,0.719533,92.5065,129.946,0.0,0.0020510278656662405,0.0,0.3,3
6155,2746.31,115.702,0.00245648,-0.0151942,0.721495,91.6518,129.966,0.0,0.001958167770158566,0.0,0.6,3
6156,2746.95,114.295,0.00744396,-0.0151718,0.723442,91.1455,129.986,0.0,0.001858399956377061,0.0,0.31999999999999995,3
6157,2747.58,113.372,0.0183009,-0.0151294,0.725364,90.7658,130.006,0.0,0.0017240974359231192,0.0,0.039999999999999925,3
6158,2748.21,113.297,0.0228041,-0.0151556,0.727287,89.9745,130.026,0.0,0.0015050245620786742,0.25,0.0,3
6159,2748.84,113.569,0.0147301,-0.0152276,0.729209,88.9178,130.046,0.0,0.0012270600662411286,0.5,0.0,3
6160,2749.47,114.056,0.00880769,-0.0152977,0.731159,87.873,130.066,0.0,0.0009797739363653448,0.6635957135828333,0.0,3
6161,2750.1,113.605,0.00634153,-0.0153387,0.733112,87.0015,130.086,0.0,0.0007429394713357224,0.0,0.3,3
6162,2750.73,112.265,0.00735968,-0.015302,0.735041,86.58,130.106,0.0,0.0004831531538436863,0.0,0.6,3
6163,2751.35,110.817,0.0131857,-0.0152095,0.736942,86.4816,130.126,0.0,0.00011325244787658022,0.0,0.31999999999999995,3
6164,2751.96,109.958,0.0222988,-0.0150808,0.738815,86.5986,130.146,0.0,-0.000399274696597798,0.0,0.039999999999999925,3
6165,2752.57,109.91,0.0231745,-0.0149553,0.740677,86.7024,130.166,0.0,-0.0009987277553480168,0.25,0.0,3
6166,2753.18,110.192,0.0173949,-0.0148342,0.742517,86.79,130.186,0.0,-0.0015699179860948907,0.5,0.0,3
6167,2753.8,110.722,0.0156424,-0.0146983,0.744348,86.9695,130.206,0.0,-0.002071089693154601,0.7219669417053978,0.0,3
6168,2754.41,111.35,0.0126634,-0.0145362,0.746176,87.3107,130.226,0.0,-0.002616155733232888,0.6967064574417512,0.0,3
6169,2755.03,111.947,0.0122283,-0.0143588,0.747976,87.7623,130.246,0.0,-0.0032110823979289087,0.6674345260694209,0.0,3
6170,2755.66,111.499,0.0116911,-0.0141442,0.749761,88.4625,130.266,0.0,-0.0038532624631666063,0.0,0.3,3
6171,2756.27,111.1,0.0111915,-0.0138763,0.75151,89.5407,130.286,0.0,-0.004546056524251876,0.25,0.019999999999999962,3
6172,2756.89,111.347,0.0111918,-0.0135821,0.753221,90.8503,130.306,0.0,-0.005259328624392056,0.5,0.0,3
6173,2757.51,111.84,0.0120615,-0.0132363,0.754896,92.59,130.326,0.0,-0.006028905456411229,0.6774490304200852,0.0,3
6174,2758.13,112.405,0.01495,-0.0128239,0.756535,94.929,130.346,0.0,-0.006832027597098483,0.6533091409399416,0.0,3
6175,2758.76,111.949,0.0200401,-0.0123418,0.758128,97.9915,130.366,0.0,-0.007644813620492656,0.0,0.3,3
6176,2759.38,110.592,0.0394995,-0.0118015,0.759657,101.829,130.386,0.0,-0.008488631268112687,0.0,0.6,3
6177,2759.99,109.112,0.0567064,-0.0112436,0.761121,106.231,130.406,0.0,-0.009485076130395658,0.0,0.31999999999999995,3
6178,2760.59,108.317,0.0558369,-0.0105174,0.762504,112.908,130.426,0.0,-0.010536257671799911,0.0,0.039999999999999925,3
6179,2761.19,108.273,0.062023,-0.00964719,0.763791,122.274,130.446,0.0,-0.011408827391095208,0.25,0.0,3
6180,2761.79,108.559,0.061031,-0.00879318,0.764975,124.061,130.466,0.0,-0.012115788657169512,0.5,0.0,3
6181,2762.4,109.109,0.0636759,-0.00790722,0.766059,124.759,130.486,0.0,-0.012643480048296702,0.75,0.0,3
6182,2763.0,109.804,0.0728986,-0.00700266,0.767047,125.178,130.506,0.0,-0.013038360697818094,0.7824339296822876,0.0,3
6183,2763.62,110.5,0.0774987,-0.00614149,0.767941,125.394,130.526,0.0,-0.01324354372102848,0.7449867212371515,0.0,3
6184,2764.23,111.147,0.0748989,-0.00535375,0.768741,125.451,130.546,0.0,-0.01328966963723573,0.7161589217969277,0.0,3
6185,2764.85,111.76,0.0690029,-0.00461895,0.769442,125.406,130.566,0.0,-0.013188437311127805,0.7055350598246547,0.0,3
6186,2765.47,112.361,0.0642714,-0.0038932,0.770049,125.311,130.586,0.0,-0.01297363619479581,0.708444722216123,0.0,3
6187,2766.1,112.969,0.0632781,-0.00313598,0.770565,125.201,130.606,0.0,-0.012670358676952098,0.7206553387972334,0.0,3
6188,2766.73,113.597,0.0692389,-0.00235159,0.770989,125.075,130.626,0.0,-0.012245582580390494,0.7386513752960069,0.0,3
6189,2767.36,114.25,0.0756569,-0.00154764,0.771322,124.93,130.646,0.0,-0.011768415586172582,0.7604892550741347,0.0,3
6190,2768.0,114.931,0.0855442,-0.000743214,0.771563,124.757,130.666,0.0,-0.011247126950095663,0.7849805909219859,0.0,3
6191,2768.64,115.639,0.0930157,5.31038e-05,0.771712,124.554,130.686,0.0,-0.010720381208425464,0.8106668280608047,0.0,3
6192,2769.29,116.375,0.1025,0.000828441,0.77177,124.318,130.706,0.0,-0.010161098385088616,0.8371690162672243,0.0,3
6193,2769.93,117.196,0.112039,0.00159138,0.771736,124.056,130.726,0.0,-0.009578666606314576,1.0,0.0,3
6194,2770.59,118.059,0.125768,0.00235051,0.771617,123.772,130.746,0.0,-0.008978675777303704,0.88,0.0,3
6195,2771.25,118.881,0.132629,0.0030443,0.771412,123.441,130.766,0.0,-0.008391617536223651,0.88,0.0,3
6196,2771.91,119.735,0.133722,0.00368327,0.771119,123.071,130.786,0.0,-0.0077848376729764334,1.0,0.0,3
6197,2772.58,120.598,0.136448,0.00428789,0.770741,122.672,130.806,0.0,-0.0071361768158819975,0.88,0.0,3
6198,2773.25,121.408,0.133889,0.00481909,0.770283,122.231,130.826,0.0,-0.006476532026095026,0.88,0.0,3
6199,2773.93,122.251,0.128108,0.00530165,0.769749,121.759,130.846,0.0,-0.005794420452540187,1.0,0.0,3
6200,2774.61,123.106,0.126128,0.00575703,0.769139,121.267,130.866,0.0,-0.005086508797257265,0.88,0.0,3
6201,2775.3,123.912,0.121075,0.00614851,0.768461,120.74,130.886,0.0,-0.004390906744155367,0.88,0.0,3
6202,2775.99,124.753,0.113197,0.0064947,0.767719,120.189,130.906,0.0,-0.0037005876360501964,1.0,0.0,3
6203,2776.68,125.607,0.108764,0.00680798,0.76692,119.617,130.926,0.0,-0.0030057844429125765,0.88,0.0,3
6204,2777.38,125.946,0.0952558,0.00703829,0.766065,119.007,130.946,0.0,-0.002320989558088385,0.88,0.0,4
6205,2778.08,125.843,0.0751946,0.00719708,0.765165,118.368,130.966,0.0,-0.0016354759685081527,0.842819791198213,0.0,4
6206,2778.78,125.747,0.0617909,0.00731724,0.764228,117.715,130.986,0.0,-0.0009384027788106888,0.7865627572787046,0.0,4
6207,2779.48,126.045,0.0523007,0.00738018,0.76326,117.039,131.006,0.0,-0.00029241958106634666,0.7484546545524181,0.0,4
6208,2780.18,125.573,0.0424721,0.00741976,0.762283,116.354,131.026,0.0,0.0002823307651020386,0.0,0.3,4
6209,2780.87,124.191,0.0399695,0.00745552,0.761307,115.673,131.046,0.0,0.0007831062170033081,0.0,0.6,4
6210,2781.56,122.736,0.0367677,0.00747364,0.76033,114.994,131.066,0.0,0.0011190178994441846,0.0,0.31999999999999995,3
6211,2782.24,122.072,0.0307456,0.00745314,0.759353,114.306,131.086,0.0,0.0013470710179981989,0.0,0.039999999999999925,3
6212,2782.91,121.936,0.0254588,0.00736922,0.758376,113.596,131.106,0.0,0.0015456271716062881,0.25,0.0,3
6213,2783.59,122.129,0.0158673,0.00723761,0.7574,112.869,131.126,0.0,0.0017274954743139665,0.5,0.0,3
6214,2784.27,122.651,0.00696538,0.0070936,0.756426,112.136,131.146,0.0,0.001922544236116141,0.75,0.0,3
6215,2784.96,123.375,-0.000925278,0.00694531,0.75548,111.397,131.166,0.0,0.002127662264306941,0.8850628126824005,0.0,3
6216,2785.64,124.179,-0.00740926,0.00679749,0.754534,110.654,131.186,0.0,0.0023386128570205503,0.8851458240676187,0.0,3
6217,2786.34,125.041,-0.0103868,0.00663346,0.753588,109.902,131.206,0.0,0.0025492829358800193,1.0,0.0,3
6218,2787.03,125.406,-0.0129866,0.00645369,0.752663,109.139,131.226,0.0,0.0027407250989233763,0.88,0.0,4
6219,2787.73,125.3,-0.0139567,0.00627011,0.751759,108.376,131.246,0.0,0.0028815789668222122,1.0,0.0,4
6220,2788.42,125.205,-0.0158139,0.00606983,0.75088,107.607,131.266,0.0,0.0029655377562268796,1.0,0.0,4
6221,2789.12,125.622,-0.0195302,0.00585573,0.750026,106.832,131.286,0.0,0.003005168821104331,1.0,0.0,4
6222,2789.82,126.34,-0.0260138,0.0056197,0.749198,106.046,131.306,0.0,0.003024059219922799,1.0,0.0,4
6223,2790.52,127.086,-0.0323011,0.00537413,0.748389,105.253,131.326,0.0,0.0029403696419573358,1.0,0.0,4
6224,2791.23,127.834,-0.0369125,0.00513047,0.747604,104.456,131.346,0.0,0.0027722905472119357,1.0,0.0,4
6225,2791.95,128.578,-0.0395609,0.00489395,0.746844,103.658,131.366,0.0,0.002534067406744062,1.0,0.0,4
6226,2792.66,129.316,-0.0429562,0.00469034,0.746112,102.868,131.386,0.0,0.002097948743480431,1.0,0.0,4
6227,2793.38,130.048,-0.0439629,0.00454634,0.745397,102.096,131.406,0.0,0.001442672587517093,1.0,0.0,4
6228,2794.11,130.775,-0.0398384,0.00444668,0.744695,101.336,131.426,0.0,0.0006301249064901925,1.0,0.0,4
6229,2794.84,131.499,-0.0368809,0.00438946,0.744009,100.588,131.446,0.0,-0.00034028518820472574,1.0,0.0,4
6230,2795.57,132.191,-0.0327766,0.0043928,0.743337,99.8566,131.466,0.0,-0.0014537308612380898,0.9353880682122628,0.0,4
6231,2796.3,131.795,-0.0263176,0.00450819,0.742665,99.1638,131.486,0.0,-0.002655862735267087,0.0,0.3,4
6232,2797.03,130.413,-0.00883293,0.00475138,0.741963,98.5212,131.506,0.0,-0.003769007323456173,0.0,0.6,4
6233,2797.75,128.683,0.0132866,0.0050618,0.741261,97.9091,131.526,0.0,-0.004764956201926427,0.0,0.62,4
6234,2798.46,126.816,0.0363204,0.00542086,0.740556,97.3215,131.546,0.0,-0.005728581167706156,0.0,0.62,4
6235,2799.16,124.875,0.0589107,0.00582569,0.739824,96.7577,131.566,0.0,-0.006628737197390662,0.0,0.62,4
6236,2799.85,122.922,0.0808128,0.00625914,0.739076,96.2115,131.586,0.0,-0.007448308589643746,0.0,0.62,3
6237,2800.52,121.005,0.09571,0.00668782,0.738301,95.672,131.606,0.0,-0.008189561497932872,0.0,0.62,3
6238,2801.19,119.115,0.104194,0.00710171,0.737495,95.1359,131.626,0.0,-0.008822867423160427,0.0,0.62,3
6239,2801.85,117.19,0.113653,0.00753134,0.736658,94.6134,131.646,0.0,-0.00934776227365837,0.0,0.62,3
6240,2802.49,115.272,0.124774,0.00799769,0.735791,94.1106,131.666,0.0,-0.009784822331679828,0.0,0.62,3
6241,2803.13,113.377,0.137673,0.00848549,0.734894,93.6226,131.686,0.0,-0.010147874751412354,0.0,0.62,3
6242,2803.75,111.509,0.149517,0.00896662,0.733969,93.1405,131.706,0.0,-0.010470082305770158,0.0,0.62,3
6243,2804.36,109.662,0.157901,0.00942582,0.733014,92.6599,131.726,0.0,-0.010748281949105692,0.0,0.62,3
6244,2804.97,107.83,0.163448,0.00985163,0.732034,92.1778,131.746,0.0,-0.010974932246728415,0.0,0.62,3
6245,2805.56,106.11,0.1606,0.0102445,0.731024,91.6944,131.766,0.0,-0.011158711032858525,0.0,0.33999999999999997,3
6246,2806.15,104.751,0.141793,0.0106508,0.729974,91.2223,131.786,0.0,-0.011270999538314282,0.0,0.05999999999999994,3
6247,2806.73,104.313,0.100845,0.0112235,0.728842,90.801,131.806,0.0,-0.011290835897852965,0.25,0.0,3
6248,2807.31,104.613,0.0808394,0.0119511,0.7276,90.4201,131.826,0.0,-0.011216199799351378,0.5,0.0,3
6249,2807.89,105.18,0.0743282,0.0126926,0.72625,90.0371,131.846,0.0,-0.011307244537544567,0.75,0.0,3
6250,2808.48,105.867,0.0688279,0.0134293,0.724802,89.646,131.866,0.0,-0.011585986525153583,0.7431810024397818,0.0,3
6251,2809.07,106.497,0.0607457,0.0141141,0.723251,89.2344,131.886,0.0,-0.011939128638379301,0.6651048345613133,0.0,3
6252,2809.66,106.064,0.0519729,0.0147354,0.721609,88.8028,131.906,0.0,-0.012328027362302589,0.0,0.3,3
6253,2810.24,104.81,0.0592727,0.0153438,0.719912,88.371,131.926,0.0,-0.012591336885810187,0.0,0.6,3
6254,2810.82,103.243,0.0769005,0.0159175,0.718185,87.9363,131.946,0.0,-0.012776744447227432,0.0,0.62,3
6255,2811.39,101.642,0.0901382,0.0164749,0.716445,87.5042,131.966,0.0,-0.012942015473090058,0.0,0.33999999999999997,3
6256,2811.95,100.433,0.0804487,0.0171396,0.714663,87.1045,131.986,0.0,-0.013057341054925073,0.0,0.05999999999999994,3
6257,2812.51,100.366,0.066901,0.0180652,0.712786,86.7683,132.006,0.0,-0.013001691511672303,0.25,0.0,3
6258,2813.06,100.515,0.0593642,0.0189988,0.71079,86.4297,132.026,0.0,-0.012627181135320503,0.28,0.0,3
6259,2813.62,100.673,0.0517781,0.0198433,0.708684,86.0661,132.046,0.0,-0.011983857628469636,0.27390726316599784,0.0,3
6260,2814.18,100.46,0.0447243,0.0206038,0.706481,85.6804,132.066,0.0,-0.011172102522315847,0.0,0.07816733113439948,3
6261,2814.74,100.423,0.0398364,0.021289,0.704195,85.2766,132.086,0.0,-0.010280523995568999,0.25,0.0,3
6262,2815.3,100.736,0.0334996,0.0218517,0.70183,84.8425,132.106,0.0,-0.00935758826530856,0.5,0.0,3
6263,2815.86,101.239,0.031183,0.02235,0.699388,84.3905,132.126,0.0,-0.008424183262181792,0.6479501761198639,0.0,3
6264,2816.42,101.789,0.0283338,0.0228178,0.696876,83.9275,132.146,0.0,-0.007526432247926236,0.6240537861524507,0.0,3
6265,2816.99,102.31,0.0272488,0.0232479,0.694297,83.4525,132.166,0.0,-0.006654796531018463,0.5984218660115849,0.0,3
6266,2817.56,101.848,0.0281756,0.0236403,0.691673,82.9677,132.186,0.0,-0.005820947103804638,0.0,0.3,3
6267,2818.12,101.156,0.0320269,0.0240366,0.689018,82.4873,132.206,0.0,-0.0050469899604567905,0.0,0.09999999999999998,3
6268,2818.68,101.029,0.0345821,0.0243971,0.686341,82.0006,132.226,0.0,-0.004355487371861673,0.18,0.0,3
6269,2819.24,101.21,0.0295099,0.0246879,0.683622,81.4985,132.246,0.0,-0.0037080992032029647,0.36,0.0,3
6270,2819.81,101.585,0.0274115,0.0249307,0.68086,80.9844,132.266,0.0,-0.003051014793629453,0.54,0.0,3
6271,2820.37,102.085,0.0265932,0.0251171,0.678061,80.4559,132.286,0.0,-0.0024617668845376777,0.6157739636601006,0.0,3
6272,2820.94,101.617,0.0236023,0.0252792,0.675226,79.9218,132.306,0.0,-0.0019748564253392396,0.0,0.3,3
6273,2821.5,100.945,0.0232539,0.0254676,0.672388,79.3968,132.326,0.0,-0.0015479769366792337,0.0,0.09999999999999998,3
6274,2822.06,100.827,0.025147,0.025624,0.66955,78.8672,132.346,0.0,-0.0011686968380698645,0.18,0.0,3
6275,2822.62,100.183,0.0227505,0.0257356,0.666711,78.33,132.366,0.0,-0.0008590904206244726,0.0,0.3,3
6276,2823.17,98.8524,0.0246252,0.0258633,0.663885,77.8018,132.386,0.0,-0.0005748127357465368,0.0,0.6,3
6277,2823.72,97.357,0.0289119,0.0259845,0.661093,77.2802,132.406,0.0,-0.00030933786924338823,0.0,0.39999999999999997,3
6278,2824.25,96.1808,0.0316895,0.0261022,0.658331,76.7653,132.426,0.0,-5.6887794130395814e-05,0.0,0.19999999999999996,3
6279,2824.79,95.9602,0.0302066,0.0261862,0.655584,76.2475,132.446,0.0,0.00020005664317559075,0.18,0.0,3
6280,2825.32,96.1417,0.0238956,0.02622,0.652816,75.72,132.466,0.0,0.00045407476252276493,0.36,0.0,3
6281,2825.85,96.5149,0.0207902,0.0262091,0.650038,75.1824,132.486,0.0,0.0007006063563792285,0.54,0.0,3
6282,2826.39,97.0684,0.0158738,0.0261666,0.64724,74.6366,132.506,0.0,0.0009349645397988502,0.7053446699803984,0.0,3
6283,2826.93,97.69,0.011374,0.0261142,0.644432,74.0854,132.526,0.0,0.001259791273646164,0.6886663178420668,0.0,3
6284,2827.48,98.2945,0.0102051,0.0260403,0.641594,73.5273,132.546,0.0,0.0016389092025218023,0.679091429125649,0.0,3
6285,2828.02,98.8881,0.0078099,0.0259463,0.638755,72.9622,132.566,0.0,0.0020244997941561574,0.6784476535114193,0.0,3
6286,2828.58,99.4817,0.00540135,0.0258447,0.635917,72.3924,132.586,0.0,0.0024053111743129064,0.6842465336158958,0.0,3
6287,2829.13,100.085,0.00560729,0.0257179,0.633063,71.8151,132.606,0.0,0.003190352752885434,0.6942062072167628,0.0,3
6288,2829.69,100.704,0.00604502,0.0255401,0.630204,71.2254,132.626,0.0,0.004241667956970397,0.7067019724968268,0.0,3
6289,2830.25,101.342,0.00559493,0.0253007,0.627366,70.6214,132.646,0.0,0.005475127145932839,0.7209607614618909,0.0,3
6290,2830.81,101.997,0.00649809,0.0249726,0.624527,69.9986,132.666,0.0,0.006828093554154481,0.736302805098151,0.0,3
6291,2831.38,102.669,0.00331374,0.024552,0.621716,69.3561,132.686,0.0,0.00835836044003709,0.7519356051785884,0.0,3
6292,2831.95,103.357,0.000565076,0.0240318,0.618933,68.693,132.706,0.0,0.010007457072318756,0.767692912449673,0.0,3
6293,2832.53,104.061,-0.00388816,0.0233914,0.616196,68.0056,132.726,0.0,0.011721754605754916,0.7834683691310892,0.0,3
6294,2833.11,104.851,-0.0162402,0.0226356,0.61351,67.2946,132.746,0.0,0.013476944796627557,0.9634683691310892,0.0,3
6295,2833.7,105.701,-0.0326891,0.0217416,0.610879,66.5558,132.766,0.0,0.015203878108170657,0.88,0.0,3
6296,2834.29,106.534,-0.0490855,0.0207164,0.608322,65.7906,132.786,0.0,0.01650099648144597,0.88,0.0,3
6297,2834.88,107.357,-0.0696678,0.0196101,0.60585,65.0075,132.806,0.0,0.01747329806348246,0.88,0.0,3
6298,2835.48,108.173,-0.0868447,0.0184504,0.603475,64.2113,132.826,0.0,0.01820898345796322,0.88,0.0,3
6299,2836.08,108.985,-0.104761,0.0172469,0.601205,63.4036,132.846,0.0,0.018274816042965134,0.88,0.0,3
6300,2836.69,109.793,-0.121782,0.0160143,0.59905,62.587,132.866,0.0,0.017729751680759485,0.88,0.0,3
6301,2837.3,110.566,-0.13679,0.0147898,0.597011,61.768,132.886,0.0,0.01670320736122799,0.7987085958254306,0.0,3
6302,2837.92,110.212,-0.134181,0.0137421,0.595104,60.9779,132.906,0.0,0.014974281603831583,0.0,0.3,3
6303,2838.52,108.872,-0.145013,0.0128614,0.593324,60.2225,132.926,0.0,0.012588234847964688,0.0,0.6,3
6304,2839.12,107.214,-0.167311,0.0121147,0.591649,59.4993,132.946,0.0,0.010309432988019833,0.0,0.62,3
6305,2839.71,105.428,-0.185795,0.0114896,0.590056,58.8071,132.966,0.0,0.008169902063242952,0.0,0.62,3
6306,2840.29,103.569,-0.198474,0.0109641,0.588536,58.1426,132.986,0.0,0.006171110239172944,0.0,0.62,3
6307,2840.86,101.675,-0.204655,0.0105306,0.587083,57.5045,133.006,0.0,0.004317222080754669,0.0,0.62,3
6308,2841.42,99.7756,-0.203387,0.0101835,0.585694,56.8918,133.026,0.0,0.002586038640804979,0.0,0.62,3
6309,2841.97,97.9553,-0.193227,0.00991743,0.58437,56.303,133.046,0.0,0.0009401859451889259,0.0,0.42,3
6310,2842.51,96.4326,-0.171414,0.00972193,0.583109,55.735,133.066,0.0,-0.0006991608321947297,0.0,0.21999999999999997,3
6311,2843.04,95.9695,-0.14492,0.00963324,0.581904,55.1897,133.086,0.0,-0.002516346248698898,0.18,0.019999999999999962,3
6312,2843.04,95.9695,-0.14492,0.00963324,0.581904,55.1897,133.086,0.0,-0.004962515953579499,0.28,0.0,3
